"pitch_type","game_date","release_speed","release_pos_x","release_pos_z","player_name","batter","pitcher","events","description","spin_dir","spin_rate_deprecated","break_angle_deprecated","break_length_deprecated","zone","des","game_type","stand","p_throws","home_team","away_team","type","hit_location","bb_type","balls","strikes","game_year","pfx_x","pfx_z","plate_x","plate_z","on_3b","on_2b","on_1b","outs_when_up","inning","inning_topbot","hc_x","hc_y","tfs_deprecated","tfs_zulu_deprecated","umpire","sv_id","vx0","vy0","vz0","ax","ay","az","sz_top","sz_bot","hit_distance_sc","launch_speed","launch_angle","effective_speed","release_spin_rate","release_extension","game_pk","fielder_2","fielder_3","fielder_4","fielder_5","fielder_6","fielder_7","fielder_8","fielder_9","release_pos_y","estimated_ba_using_speedangle","estimated_woba_using_speedangle","woba_value","woba_denom","babip_value","iso_value","launch_speed_angle","at_bat_number","pitch_number","pitch_name","home_score","away_score","bat_score","fld_score","post_away_score","post_home_score","post_bat_score","post_fld_score","if_fielding_alignment","of_fielding_alignment","spin_axis","delta_home_win_exp","delta_run_exp","bat_speed","swing_length","miss_distance","estimated_slg_using_speedangle","delta_pitcher_run_exp","hyper_speed","home_score_diff","bat_score_diff","home_win_exp","bat_win_exp","age_pit_legacy","age_bat_legacy","age_pit","age_bat","n_thruorder_pitcher","n_priorpa_thisgame_player_at_bat","pitcher_days_since_prev_game","batter_days_since_prev_game","pitcher_days_until_next_game","batter_days_until_next_game","api_break_z_with_gravity","api_break_x_arm","api_break_x_batter_in","arm_angle","attack_angle","attack_direction","swing_path_tilt","intercept_ball_minus_batter_pos_x_inches","intercept_ball_minus_batter_pos_y_inches"
"FF","2026-07-25","91.9","2.68","6.04","Guzman, Denzer",694203,592662,"field_out","hit_into_play",,,,,14,"Denzer Guzman grounds out to first baseman Rafael Devers.","R","R","L","SF","LAA","X",3,"ground_ball",2,1,2026,"0.76","1.27",0.860344502734676,2.3087063981653397,,,666176,2,6,"Top",143.7,171.45,,,,,-6.208148473821813,-133.72214216848985,-6.223662511553653,10.388376364752743,25.766774193964185,-15.786648188227499,3.250721785,1.640551181,7,"71.5",-17,"92.2",2304,"6.2",823197,691740,646240,650333,669477,642715,671218,687551,808982,"54.27",0.06,0.055,"0",1,0,0,2,52,4,"4-Seam Fastball",9,0,0,9,0,9,0,9,"Infield shade","Standard",144,"0.001","-0.318","68.1","7.1",,0.061,"0.318","88.0",9,-9,0.997,0.0030000000000000027,34,22,35,22,3,2,,,,,"1.41","0.76","-0.76",,-19.61568981860942,31.38386187349732,33.25305930745118,41.813684884764115,4.686957780937236
"SI","2026-07-25","92.6","2.67","6.01","Guzman, Denzer",694203,592662,,"foul",,,,,14,,"R","R","L","SF","LAA","S",,,2,0,2026,"1.33","1.03",0.9308911501560857,2.359234852726284,,,666176,2,6,"Top",,,,,,,-7.333722987490504,-134.6653835660141,-5.602917380543057,17.760691497015547,27.79369696497046,-18.575944798159558,3.250721785,1.640551181,210,"71.7",42,"92.8",2307,"6.3",823197,691740,646240,650333,669477,642715,671218,687551,808982,"54.18",,,,,,,,52,3,"Sinker",9,0,0,9,0,9,0,9,"Infield shade","Standard",142,"0","-0.052","72.7","7.6",,,"0.052","88.0",9,-9,0.997,0.0030000000000000027,34,22,35,22,3,2,,,,,"1.62","1.33","-1.33",,-11.318361816299081,14.577065046458355,32.19437408227261,42.84061831469313,17.69138076494402
"SL","2026-07-25","82.4","2.79","6.14","Guzman, Denzer",694203,592662,,"ball",,,,,14,,"R","R","L","SF","LAA","B",,,1,0,2026,"0.25","0.23",1.326228026842351,1.2631985651414372,,,666176,2,6,"Top",,,,,,,-3.757003223591642,-120.04849948257554,-4.878259985710103,3.0617618872347987,19.491068155539477,-29.253037863217934,3.250721785,1.640551181,,,,"82.7",2165,"6.1",823197,691740,646240,650333,669477,642715,671218,687551,808982,"54.45",,,,,,,,52,2,"Slider",9,0,0,9,0,9,0,9,"Infield shade","Standard",135,"0","0.05",,,,,"-0.05",,9,-9,0.997,0.0030000000000000027,34,22,35,22,3,2,,,,,"3.07","0.25","-0.25",,,,,,
"SI","2026-07-25","91.6","2.94","5.87","Guzman, Denzer",694203,592662,,"ball",,,,,12,,"R","R","L","SF","LAA","B",,,0,0,2026,"1.23","0.8",1.085616856526967,2.907125082691808,,,666176,2,6,"Top",,,,,,,-7.322227399577476,-133.32589985430175,-3.215303957101112,16.252367014574666,27.117421782814308,-22.074272416691468,3.250721785,1.640551181,,,,"91.7",2190,"6.2",823197,691740,646240,650333,669477,642715,671218,687551,808982,"54.29",,,,,,,,52,1,"Sinker",9,0,0,9,0,9,0,9,"Infield shade","Standard",138,"0","0.041",,,,,"-0.041",,9,-9,0.997,0.0030000000000000027,34,22,35,22,3,2,,,,,"1.9","1.23","-1.23",,,,,,
"SI","2026-07-25","92.6","2.76","6.04","Guzman, Denzer",694203,592662,"field_out","hit_into_play",,,,,12,"Denzer Guzman lines out to right fielder Jung Hoo Lee.","R","R","L","SF","LAA","X",9,"line_drive",0,0,2026,"1.1","1.03",0.9492627184846829,2.8229107575487773,,,,2,4,"Top",208.31,102.7,,,,,-7.0037334916177505,-134.70833111677442,-4.550294111970419,14.88860747094976,25.963756022135605,-18.792507245157122,3.250721785,1.640551181,313,"94.9",19,"92.9",2211,"6.3",823197,691740,646240,650333,669477,642715,671218,687551,808982,"54.25",0.354,0.401,"0",1,0,0,4,32,1,"Sinker",5,0,0,5,0,5,0,5,"Infield shade","Standard",141,"0.004","-0.259","72.3","7.7",,0.588,"0.259","94.9",5,-5,0.942,0.05800000000000005,34,22,35,22,2,1,,,,,"1.6","1.1","-1.1",,-4.602352774102136,11.194586360312673,27.42891997998593,45.14605136420926,17.334462247317568
"CH","2026-07-25","85.4","2.85","6.24","Guzman, Denzer",694203,592662,"field_out","hit_into_play",,,,,12,"Denzer Guzman lines out to left fielder Heliot Ramos.","R","R","L","SF","LAA","X",7,"line_drive",1,1,2026,"0.64","1.07",0.9255839289739269,2.821219583208931,,,666176,1,2,"Top",71.88,111.4,,,,,-5.7816483737745745,-124.34981493243687,-3.840280583497166,7.651108511545355,21.15447012231694,-20.49114950784188,3.250721785,1.640551181,257,"76.8",25,"86",1720,"6.3",823197,691740,646240,650333,669477,642715,671218,687551,808982,"54.2",0.7,0.646,"0",1,0,0,4,11,3,"Changeup",0,0,0,0,0,0,0,0,"Infield shade","Standard",153,"0.029","-0.249","69.5","8.5",,0.777,"0.249","88.0",0,0,0.499,0.501,34,22,35,22,1,0,,,,,"2.02","0.64","-0.64",,7.854080194116581,-19.9084076925515,21.909327447625458,45.65899592318689,36.54465408196644
"FF","2026-07-25","92","2.63","6.39","Guzman, Denzer",694203,592662,,"ball",,,,,12,,"R","R","L","SF","LAA","B",,,0,1,2026,"0.75","1.41",1.6083637289820243,4.836932177358088,,,666176,1,2,"Top",,,,,,,-4.17597625473555,-134.0488583853021,-1.1058146653858225,9.940589098679498,26.6303655078752,-15.033345095557184,3.250721785,1.640551181,,,,"91.8",2277,"5.9",823197,691740,646240,650333,669477,642715,671218,687551,808982,"54.58",,,,,,,,11,2,"4-Seam Fastball",0,0,0,0,0,0,0,0,"Infield shade","Standard",149,"-0.003","0.029",,,,,"-0.029",,0,0,0.502,0.498,34,22,35,22,1,0,,,,,"1.26","0.75","-0.75",,,,,,
"SI","2026-07-25","93.1","2.66","6.07","Guzman, Denzer",694203,592662,,"foul",,,,,9,,"R","R","L","SF","LAA","S",,,0,0,2026,"1.16","1",0.5943755968403988,1.7234536116438228,,,666176,1,2,"Top",,,,,,,-7.80484360925145,-135.28027842599153,-7.414509808035067,15.885927568792278,26.048599036755295,-18.51736908188686,3.250721785,1.640551181,192,"70.7",25,"93.5",2256,"6.3",823197,691740,646240,650333,669477,642715,671218,687551,808982,"54.16",,,,,,,,11,1,"Sinker",0,0,0,0,0,0,0,0,"Infield shade","Standard",143,"0.005","-0.041","70.9","8.1",,,"0.041","88.0",0,0,0.497,0.503,34,22,35,22,1,0,,,,,"1.61","1.16","-1.16",,-2.740444576835096,2.465855909876153,39.81605784422514,41.707672419132585,23.014992993191598
"SI","2026-07-25","94.2","-1.51","6.25","Guzman, Denzer",694203,676775,"field_out","hit_into_play",,,,,2,"Denzer Guzman grounds out, shortstop Willy Adames to first baseman Casey Schmitt.","R","R","R","SF","LAA","X",6,"ground_ball",1,0,2026,"-0.84","0.81",0.22955623910538347,3.0599866336281822,,,,0,9,"Top",116.48,155.22,,,,,6.327544928043579,-137.04707768465346,-4.232335936540417,-11.917629082201596,28.506543007282122,-21.183758984275045,3.250721785,1.640551181,11,"101",-16,"94.1",2287,"6.1",823197,691740,669477,683679,683766,642715,671218,687551,687529,"54.37",0.174,0.175,"0",1,0,0,2,73,2,"Sinker",9,1,1,9,1,9,1,9,"Standard","Standard",219,"0","-0.308","70.9","7.6",,0.184,"0.308","101.0",8,-8,0.999,0.0010000000000000009,28,22,28,22,1,3,,,,,"1.74","0.84","0.84",,2.7604227280984555,-2.0777232209580982,26.887951441292433,36.10176734677708,27.567413495029353
"FF","2026-07-25","95.1","-1.49","6.26","Guzman, Denzer",694203,676775,,"ball",,,,,12,,"R","R","R","SF","LAA","B",,,0,0,2026,"-0.61","0.94",1.1497587356413255,3.2041368287393346,,,,0,9,"Top",,,,,,,8.192034479328461,-138.30548201110426,-4.311616607040741,-9.577798057585827,28.666203805680908,-19.351353930773417,3.250721785,1.640551181,,,,"95.2",2385,"6.2",823197,691740,669477,683679,683766,642715,671218,687551,687529,"54.27",,,,,,,,73,1,"4-Seam Fastball",9,1,1,9,1,9,1,9,"Standard","Standard",216,"0","0.044",,,,,"-0.044",,8,-8,0.999,0.0010000000000000009,28,22,28,22,1,3,,,,,"1.57","0.61","0.61",,,,,,
"SI","2026-07-24","91.3","-1.81","4.93","Guzman, Denzer",694203,657277,"single","hit_into_play",,,,,5,"Denzer Guzman singles on a ground ball to left fielder Heliot Ramos. Jo Adell to 2nd.","R","R","R","SF","LAA","X",7,"ground_ball",2,0,2026,"-1.27","0.09",0.21911058308457565,2.209690556838041,,,666176,0,5,"Top",86.44,110.64,,,,,7.9620960547823625,-132.94622731738608,-1.068219624093004,-16.680147036949045,24.67062673654779,-31.05708651778491,3.250721785,1.640551181,11,"100.2",-11,"93.4",1851,"7.2",823196,691740,646240,650333,669477,642715,671218,687551,808982,"53.33",0.264,0.238,"0.9",1,1,0,2,35,3,"Sinker",5,1,1,5,1,5,1,5,"Standard","Standard",240,"-0.036","0.35","77.8","8.2",,0.299,"-0.35","100.2",4,-4,0.849,0.15100000000000002,29,22,30,22,2,1,6,4,,,"2.61","1.27","1.27","25.2",6.053916183388662,-6.017741067458499,33.20873756601223,37.172570621373126,30.283351591493183
"SI","2026-07-24","92.9","-1.51","5.01","Guzman, Denzer",694203,657277,,"ball",,,,,14,,"R","R","R","SF","LAA","B",,,1,0,2026,"-1.34","0.09",1.2144326691937084,2.120576966714747,,,666176,0,5,"Top",,,,,,,9.989174142769741,-135.1399901956209,-1.7319532787212113,-18.429828727695313,23.381764986936847,-30.944863261644528,3.250721785,1.640551181,,,,"94.7",1909,"6.9",823196,691740,646240,650333,669477,642715,671218,687551,808982,"53.6",,,,,,,,35,2,"Sinker",5,1,1,5,1,5,1,5,"Standard","Standard",237,"-0.011","0.079",,,,,"-0.079",,4,-4,0.86,0.14,29,22,30,22,2,1,6,4,,,"2.51","1.34","1.34","24.0",,,,,
"SI","2026-07-24","92.7","-1.67","4.93","Guzman, Denzer",694203,657277,,"ball",,,,,14,,"R","R","R","SF","LAA","B",,,0,0,2026,"-1.31","-0.16",1.0045980935797942,1.542702085036812,,,666176,0,5,"Top",,,,,,,9.835334110422915,-134.67903707011288,-2.2957573060694303,-18.0873079150372,28.71305681526611,-33.83010239133057,3.250721785,1.640551181,,,,"94.4",1928,"7.3",823196,691740,646240,650333,669477,642715,671218,687551,808982,"53.15",,,,,,,,35,1,"Sinker",5,1,1,5,1,5,1,5,"Standard","Standard",241,"-0.005","0.039",,,,,"-0.039",,4,-4,0.865,0.135,29,22,30,22,2,1,6,4,,,"2.82","1.31","1.31","21.8",,,,,
"SI","2026-07-24","93.2","-1.5","4.98","Guzman, Denzer",694203,657277,"field_out","hit_into_play",,,,,2,"Denzer Guzman grounds out, shortstop Willy Adames to first baseman Rafael Devers.","R","R","R","SF","LAA","X",6,"ground_ball",3,2,2026,"-1.38","0.13",0.13102506534841396,3.0734790803668703,,,,2,2,"Top",109.75,163.34,,,,,7.31681330984793,-135.63985744174914,0.7339145688722408,-18.660198828016036,28.727615487683924,-30.947408568176957,3.250721785,1.640551181,6,"79.3",-29,"94.6",2039,"7",823196,691740,646240,650333,669477,642715,671218,687551,808982,"53.5",0.05,0.045,"0",1,0,0,2,13,6,"Sinker",2,1,1,2,1,2,1,2,"Infield shade","Standard",238,"0.013","-0.307","74.1","7.5",,0.051,"0.307","88.0",1,-1,0.643,0.357,29,22,30,22,1,0,6,4,,,"2.49","1.38","1.38","24.1",-2.498791512735371,5.1449794341428765,29.523883966494544,35.03277945648352,21.108961544359648
"FF","2026-07-24","91.5","-1.32","5.12","Guzman, Denzer",694203,657277,,"ball",,,,,12,,"R","R","R","SF","LAA","B",,,2,2,2026,"-0.66","0.78",0.4874158328646788,3.9590981153651175,,,,2,2,"Top",,,,,,,6.031045844988695,-133.23318157280707,1.3521341803161104,-9.074626335953091,26.00613964230584,-23.310728634262553,3.250721785,1.640551181,,,,"93.2",1889,"7",823196,691740,646240,650333,669477,642715,671218,687551,808982,"53.45",,,,,,,,13,5,"4-Seam Fastball",2,1,1,2,1,2,1,2,"Infield shade","Standard",241,"-0.004","0.086",,,,,"-0.086",,1,-1,0.647,0.353,29,22,30,22,1,0,6,4,,,"1.92","0.66","0.66","23.6",,,,,
"SI","2026-07-24","92.2","-1.51","5.02","Guzman, Denzer",694203,657277,,"called_strike",,,,,3,,"R","R","R","SF","LAA","S",,,2,1,2026,"-1.3","-0.01",0.5494641010899799,2.843926996262374,,,,2,2,"Top",,,,,,,8.134188001570017,-134.1786224286204,0.4873567565897605,-17.370766314633496,26.8281736919536,-32.64683603961033,3.250721785,1.640551181,,,,"93.8",1990,"7",823196,691740,646240,650333,669477,642715,671218,687551,808982,"53.47",,,,,,,,13,4,"Sinker",2,1,1,2,1,2,1,2,"Infield shade","Standard",240,"0.003","-0.082",,,,,"0.082",,1,-1,0.644,0.356,29,22,30,22,1,0,6,4,,,"2.68","1.3","1.3","21.3",,,,,
"SI","2026-07-24","92.8","-1.73","4.92","Guzman, Denzer",694203,657277,,"ball",,,,,13,,"R","R","R","SF","LAA","B",,,1,1,2026,"-1.38","-0.02",-1.250191576066088,1.626618534883261,,,,2,2,"Top",,,,,,,4.361076055316135,-135.16614299269264,-2.4395981497984836,-17.90891381446975,28.81417461435319,-32.098952101264324,3.250721785,1.640551181,,,,"94.3",1951,"7.1",823196,691740,646240,650333,669477,642715,671218,687551,808982,"53.41",,,,,,,,13,3,"Sinker",2,1,1,2,1,2,1,2,"Infield shade","Standard",243,"-0.002","0.057",,,,,"-0.057",,1,-1,0.646,0.354,29,22,30,22,1,0,6,4,,,"2.66","1.38","1.38","20.6",,,,,
"SI","2026-07-24","92.3","-1.59","5.05","Guzman, Denzer",694203,657277,,"foul",,,,,2,,"R","R","R","SF","LAA","S",,,1,0,2026,"-1.43","0.43",-0.15346952090546395,3.0693478009365345,,,,2,2,"Top",,,,,,,6.86145381511902,-134.34185074016588,-0.025638264511718578,-18.796223650782434,26.582977312513172,-27.18120614513146,3.250721785,1.640551181,12,"101.2",-13,"93.9",1912,"7",823196,691740,646240,650333,669477,642715,671218,687551,808982,"53.46",,,,,,,,13,2,"Sinker",2,1,1,2,1,2,1,2,"Infield shade","Standard",244,"0.002","-0.054","58.9","5.8",,,"0.054","101.2",1,-1,0.644,0.356,29,22,30,22,1,0,6,4,,,"2.23","1.43","1.43","24.4",-24.106896522964114,48.91482746449256,27.13507727814513,32.72724739935987,0.42129173736035375
"SI","2026-07-24","91.6","-1.56","4.97","Guzman, Denzer",694203,657277,,"ball",,,,,7,,"R","R","R","SF","LAA","B",,,0,0,2026,"-1.67","-0.02",-0.8059398360067789,1.8012110422754475,,,,2,2,"Top",,,,,,,5.625786401552865,-133.27815332745186,-1.8761143051488522,-21.12640977322891,29.31640636012638,-32.26426707538971,3.250721785,1.640551181,,,,"92.7",1963,"7",823196,691740,646240,650333,669477,642715,671218,687551,808982,"53.51",,,,,,,,13,1,"Sinker",2,1,1,2,1,2,1,2,"Infield shade","Standard",244,"-0.001","0.041",,,,,"-0.041",,1,-1,0.645,0.355,29,22,30,22,1,0,6,4,,,"2.75","1.67","1.67","22.4",,,,,
"SL","2026-07-24","84.4","1.57","6.55","Guzman, Denzer",694203,669062,"walk","ball",,,,,14,"Denzer Guzman walks.","R","R","L","SF","LAA","B",,,3,2,2026,"-0.44","-0.05",1.3865963059720134,2.413329278659532,,,,0,9,"Top",,,,,,,0.4615797143069216,-123.0038317089872,-2.9637041157400033,-4.550535726494128,23.588179197981386,-32.367945968556995,3.250721785,1.640551181,,,,"85.1",2476,"6.6",823196,691740,646240,650333,669477,642715,671218,687529,808982,"53.93",,0.698079,"0.7",1,0,0,,67,9,"Slider",6,6,6,6,6,6,6,6,"Strategic","Standard",318,"-0.069","0.373",,,,,"-0.373",,0,0,0.488,0.512,28,22,28,22,1,3,2,4,,,"3.24","-0.44","0.44","39.2",,,,,
"SI","2026-07-24","95.4","1.29","6.55","Guzman, Denzer",694203,669062,,"foul",,,,,12,,"R","R","L","SF","LAA","S",,,3,2,2026,"1.53","0.81",0.02828937024272027,3.48697487653868,,,,0,9,"Top",,,,,,,-6.836265491270179,-138.78940946680393,-4.115146721625906,21.357872580976625,30.07542239081936,-21.007162802083208,3.250721785,1.640551181,244,"80.7",34,"96.1",2162,"6.6",823196,691740,646240,650333,669477,642715,671218,687529,808982,"53.85",,,,,,,,67,8,"Sinker",6,6,6,6,6,6,6,6,"Strategic","Standard",135,"0","0","63.3","6.2",,,"0","88.0",0,0,0.488,0.512,28,22,28,22,1,3,2,4,,,"1.69","1.53","-1.53","38.4",-18.7125888960991,32.43862032425816,28.80191193251881,34.78132705356403,10.542968907460164
"SI","2026-07-24","96.6","1.42","6.6","Guzman, Denzer",694203,669062,,"foul",,,,,14,,"R","R","L","SF","LAA","S",,,3,2,2026,"1.54","0.65",0.9868815603310352,2.306214641580855,,,,0,9,"Top",,,,,,,-4.7531834876660195,-140.3898253887745,-7.141924505262388,21.366332549953984,33.79437549748842,-22.13120350909955,3.250721785,1.640551181,191,"73.9",21,"97.1",2233,"6.8",823196,691740,646240,650333,669477,642715,671218,687529,808982,"53.72",,,,,,,,67,7,"Sinker",6,6,6,6,6,6,6,6,"Strategic","Standard",135,"0","0","72.8","7.6",,,"0","88.0",0,0,0.488,0.512,28,22,28,22,1,3,2,4,,,"1.81","1.54","-1.54","43.2",-8.549032016307448,12.098671087699904,34.656075274648266,46.29228498585283,17.198153095850483
"SL","2026-07-24","85.4","1.55","6.44","Guzman, Denzer",694203,669062,,"foul",,,,,13,,"R","R","L","SF","LAA","S",,,3,2,2026,"-0.13","0.28",-1.124270299241236,2.2415387190808134,,,,0,9,"Top",,,,,,,-6.005306104292257,-124.12460514456797,-3.836622246586504,0.1311548901407855,29.130885078748246,-28.63441305288998,3.250721785,1.640551181,216,"81.3",19,"85.3",2506,"6.7",823196,691740,646240,650333,669477,642715,671218,687529,808982,"53.79",,,,,,,,67,6,"Slider",6,6,6,6,6,6,6,6,"Strategic","Standard",339,"0","0","73.5","8.8",,,"0","88.0",0,0,0.488,0.512,28,22,28,22,1,3,2,4,,,"2.9","-0.13","0.13","37.8",26.93346099671402,-43.83472499456911,35.25210132779024,23.375749076874555,53.080173689356
"SL","2026-07-24","85.5","1.43","6.55","Guzman, Denzer",694203,669062,,"ball",,,,,13,,"R","R","L","SF","LAA","B",,,2,2,2026,"-0.77","-0.43",-1.7996384506489944,0.6104210041787099,,,,0,9,"Top",,,,,,,-5.961577193473798,-124.27663472664743,-6.4655811393888705,-6.489747453915078,28.489225625473864,-35.30927670390104,3.250721785,1.640551181,,,,"85.5",2683,"6.7",823196,691740,646240,650333,669477,642715,671218,687529,808982,"53.85",,,,,,,,67,5,"Slider",6,6,6,6,6,6,6,6,"Infield shade","Standard",330,"-0.021","0.115",,,,,"-0.115",,0,0,0.509,0.491,28,22,28,22,1,3,2,4,,,"3.59","-0.77","0.77","39.2",,,,,
"SL","2026-07-24","86.2","1.55","6.51","Guzman, Denzer",694203,669062,,"ball",,,,,13,,"R","R","L","SF","LAA","B",,,1,2,2026,"-0.16","0.06",-0.0926812812499369,0.9278642770268664,,,,0,9,"Top",,,,,,,-3.5459682153861007,-125.3112346059625,-6.82317440551007,-0.8628826702879631,28.0936304117464,-30.238788376491804,3.250721785,1.640551181,,,,"86.2",2565,"6.6",823196,691740,646240,650333,669477,642715,671218,687529,808982,"53.94",,,,,,,,67,4,"Slider",6,6,6,6,6,6,6,6,"Infield shade","Standard",78,"-0.008","0.046",,,,,"-0.046",,0,0,0.517,0.483,28,22,28,22,1,3,2,4,,,"3.04","-0.16","0.16","37.5",,,,,
"ST","2026-07-24","86.2","-1.41","6.11","Guzman, Denzer",694203,681916,"strikeout","swinging_strike",,,,,14,"Denzer Guzman strikes out swinging.","R","R","R","SF","LAA","S",2,,1,2,2026,"0.88","0.43",1.3787464206585371,1.2171424874141756,,,,0,7,"Top",,,,,,,4.784777498432358,-125.4842754516402,-6.109633800002498,8.373819467972716,24.213784720602597,-26.650912698047428,3.250721785,1.640551181,,,,"87.5",2537,"7",823196,691740,646240,650333,669477,642715,671218,687551,808982,"53.54",,0,"0",1,0,0,,51,4,"Sweeper",5,4,4,5,4,5,4,5,"Strategic","Standard",61,"0.031","-0.188","65.0","8.9","5.298403536",,"0.188",,1,-1,0.705,0.29500000000000004,26,22,26,22,1,2,3,4,,,"2.63","-0.88","-0.88","50.1",15.718401037359264,-17.285723988499196,36.523886817805774,49.46689134806386,36.727645450776464
"SI","2026-07-24","96.4","1.38","6.43","Guzman, Denzer",694203,669062,,"called_strike",,,,,8,,"R","R","L","SF","LAA","S",,,1,1,2026,"1.41","0.55",-0.21084060906700008,1.6084729812881033,,,,0,9,"Top",,,,,,,-7.476456445519047,-140.05874403865928,-8.323545913046942,20.20259296214835,28.804043841389348,-23.281736819688536,3.250721785,1.640551181,,,,"97.3",2397,"6.7",823196,691740,646240,650333,669477,642715,671218,687529,808982,"53.82",,,,,,,,67,3,"Sinker",6,6,6,6,6,6,6,6,"Strategic","Standard",135,"0.014","-0.062",,,,,"0.062",,0,0,0.503,0.497,28,22,28,22,1,3,2,4,,,"1.89","1.41","-1.41","34.7",,,,,
"ST","2026-07-24","85.9","-1.62","6.05","Guzman, Denzer",694203,681916,,"swinging_strike",,,,,9,,"R","R","R","SF","LAA","S",,,1,1,2026,"0.7","0.6",0.8104281086120454,1.6313363033974793,,,,0,7,"Top",,,,,,,4.294348515721156,-125.11785937604927,-5.290710956700464,6.5428777465382115,23.938174968464825,-25.040423251153754,3.250721785,1.640551181,,,,"87",2532,"6.8",823196,691740,646240,650333,669477,642715,671218,687551,808982,"53.68",,,,,,,,51,3,"Sweeper",5,4,4,5,4,5,4,5,"Infield shade","Standard",69,"0.011","-0.062","70.3","9.1","5.041624224",,"0.062",,1,-1,0.694,0.30600000000000005,26,22,26,22,1,2,3,4,,,"2.47","-0.7","-0.7","52.3",24.20091383388412,-31.34399570633871,31.823862043238773,42.90505076325992,44.35713928659832
"SI","2026-07-24","96.9","1.43","6.54","Guzman, Denzer",694203,669062,,"ball",,,,,12,,"R","R","L","SF","LAA","B",,,0,1,2026,"1.47","0.57",1.1865762295605107,3.6019582171364455,,,,0,9,"Top",,,,,,,-4.085249086722522,-141.02637582330553,-3.4398753083354605,20.56910117898287,33.173413464991704,-24.02240143208587,3.250721785,1.640551181,,,,"97.4",2371,"6.7",823196,691740,646240,650333,669477,642715,671218,687529,808982,"53.83",,,,,,,,67,2,"Sinker",6,6,6,6,6,6,6,6,"Infield shade","Standard",136,"-0.006","0.029",,,,,"-0.029",,0,0,0.509,0.491,28,22,28,22,1,3,2,4,,,"1.87","1.47","-1.47","37.2",,,,,
"CU","2026-07-24","80.3","-1.16","6.24","Guzman, Denzer",694203,681916,,"foul",,,,,5,,"R","R","R","SF","LAA","S",,,1,0,2026,"0.95","-1.01",0.029761858191559076,2.287687702921433,,,,0,7,"Top",,,,,,,0.7813478472247231,-116.95794592723976,0.15343943939125904,8.512263181404029,23.069676273869405,-41.6583837000729,3.250721785,1.640551181,76,"88.9",4,"80.8",2467,"6.7",823196,691740,646240,650333,669477,642715,671218,687551,808982,"53.8",,,,,,,,51,2,"Curveball",5,4,4,5,4,5,4,5,"Infield shade","Standard",17,"0.009","-0.058","75.7","8.6",,,"0.058","88.9",1,-1,0.685,0.31499999999999995,26,22,26,22,1,2,3,4,,,"4.55","-0.95","-0.95","61.2",14.431370632940094,-30.582792203627406,28.158041493509412,34.004368294091165,45.32614097218162
"FF","2026-07-24","94.4","-1.23","6.34","Guzman, Denzer",694203,681916,,"ball",,,,,12,,"R","R","R","SF","LAA","B",,,0,0,2026,"-0.03","1.53",0.0020589376500351753,4.061392089720556,,,,0,7,"Top",,,,,,,3.2673221374379593,-137.45065087652858,-3.580884124074808,-1.1277140189318065,29.102496763682023,-12.13081451508353,3.250721785,1.640551181,,,,"95.3",2368,"6.7",823196,691740,646240,650333,669477,642715,671218,687551,808982,"53.83",,,,,,,,51,1,"4-Seam Fastball",5,4,4,5,4,5,4,5,"Infield shade","Standard",201,"-0.007","0.044",,,,,"-0.044",,1,-1,0.692,0.30800000000000005,26,22,26,22,1,2,3,4,,,"1.01","0.03","0.03","59.7",,,,,
"SI","2026-07-24","96.7","1.46","6.58","Guzman, Denzer",694203,669062,,"called_strike",,,,,3,,"R","R","L","SF","LAA","S",,,0,0,2026,"1.44","0.63",0.37002180890374525,3.3010697530571838,,,,0,9,"Top",,,,,,,-6.259419965923945,-140.75018464878602,-4.514781489189887,20.4985396949827,30.86873645946707,-22.932911721976378,3.250721785,1.640551181,,,,"97.9",2341,"6.9",823196,691740,646240,650333,669477,642715,671218,687529,808982,"53.64",,,,,,,,67,1,"Sinker",6,6,6,6,6,6,6,6,"Infield shade","Standard",134,"0.009","-0.043",,,,,"0.043",,0,0,0.5,0.5,28,22,28,22,1,3,2,4,,,"1.8","1.44","-1.44","43.3",,,,,
"SL","2026-07-20","88","-2","5.55","Guzman, Denzer",694203,681517,"field_out","hit_into_play",,,,,2,"Denzer Guzman grounds out sharply, third baseman Blaze Jordan to first baseman Alec Burleson.","R","R","R","LAA","STL","X",5,"ground_ball",1,0,2026,"0.42","0.33",0.009961619462148352,2.78162284007388,,,,2,5,"Bot",99.29,165.4,,,,,3.975008603032738,-128.19789774011676,-1.1526175981442,3.8785655106313706,25.720550095258133,-28.47868371315476,3.250721785,1.640551181,34,"103.3",-3,"89.5",2241,"7.1",824006,699625,676475,802139,691458,691026,663457,701675,691023,"53.44",0.441,0.403,"0",1,0,0,2,36,2,"Slider",1,2,1,2,2,1,1,2,"Standard","Standard",154,"-0.019","-0.3","76.2","8.4",,0.482,"0.3","103.3",-1,-1,0.359,0.359,29,22,29,22,2,1,10,2,,4,"2.6","-0.42","-0.42","39.5",10.484666207089019,-20.498791856132332,24.440217150885278,36.27522947756402,38.82332704736453
"CU","2026-07-20","85.6","-1.8","5.59","Guzman, Denzer",694203,681517,,"ball",,,,,14,,"R","R","R","LAA","STL","B",,,0,0,2026,"0.43","-1.06",0.6116138446453229,-1.2024912937163874,,,,2,5,"Bot",,,,,,,4.790021788457221,-124.34570229203746,-7.237336228181123,3.3412933076250027,28.104635663952166,-41.65456214727233,3.250721785,1.640551181,,,,"86.3",2300,"7.1",824006,699625,676475,802139,691458,691026,663457,701675,691023,"53.36",,,,,,,,36,1,"Curveball",1,2,1,2,2,1,1,2,"Standard","Standard",43,"0.002","0.041",,,,,"-0.041",,-1,-1,0.357,0.357,29,22,29,22,2,1,10,2,,4,"4.21","-0.43","-0.43","46.5",,,,,
"SI","2026-07-20","94.9","-1.57","5.59","Guzman, Denzer",694203,681517,"field_out","hit_into_play",,,,,5,"Denzer Guzman grounds out softly, shortstop Masyn Winn to first baseman Alec Burleson.","R","R","R","LAA","STL","X",6,"ground_ball",2,2,2026,"-1.19","0.87",-0.08060557186970185,2.310348741773587,,,,0,3,"Bot",119.74,166.42,,,,,6.669878142013461,-137.88696815524983,-4.679141656391185,-16.65614633640476,33.546871843616834,-20.272157546672315,3.250721785,1.640551181,7,"50.8",-16,"96.1",2133,"7.3",824006,699625,676475,802139,691458,691026,663457,701675,691023,"53.24",0.101,0.091,"0",1,0,0,1,21,9,"Sinker",1,2,1,2,2,1,1,2,"Standard","Standard",209,"-0.024","-0.234","75.7","7.6",,0.102,"0.234","88.0",-1,-1,0.433,0.433,29,22,29,22,1,0,10,2,,4,"1.69","1.19","1.19","48.6",-10.167215930650094,6.354387807798853,37.41441813310989,31.199867239280415,20.62393647880887
"FF","2026-07-20","94.6","-1.7","5.68","Guzman, Denzer",694203,681517,,"foul",,,,,11,,"R","R","R","LAA","STL","S",,,2,2,2026,"-0.35","1.32",-0.6478783686273231,3.8026432919098214,,,,0,3,"Bot",,,,,,,3.583545032480563,-137.6919705621073,-2.0726529953233035,-5.307648265506367,31.49868020999085,-15.129798527545343,3.250721785,1.640551181,,,,"96.1",2238,"7.2",824006,699625,676475,802139,691458,691026,663457,701675,691023,"53.3",,,,,,,,21,8,"4-Seam Fastball",1,2,1,2,2,1,1,2,"Standard","Standard",201,"0","0","64.4","6.1",,,"0",,-1,-1,0.433,0.433,29,22,29,22,1,0,10,2,,4,"1.23","0.35","0.35","46.5",-5.1815097696607975,17.53972217264807,22.33716451605543,26.5807752207184,14.147108283221296
"ST","2026-07-20","86.3","-1.97","5.6","Guzman, Denzer",694203,681517,,"foul",,,,,6,,"R","R","R","LAA","STL","S",,,2,2,2026,"1.4","0.38",0.44975271514786175,2.7100294426378433,,,,0,3,"Bot",,,,,,,2.8149278409374605,-125.75698004831735,-1.2675201768146294,14.297142242393587,25.904946108402832,-28.085693241063073,3.250721785,1.640551181,191,"69.5",46,"87.4",2638,"7",824006,699625,676475,802139,691458,691026,663457,701675,691023,"53.55",,,,,,,,21,7,"Sweeper",1,2,1,2,2,1,1,2,"Standard","Standard",72,"0","0","74.0","7.5",,,"0","88.0",-1,-1,0.433,0.433,29,22,29,22,1,0,10,2,,4,"2.67","-1.4","-1.4","42.1",-0.6103020430089755,-5.648983923423161,30.58845219648915,39.82807164483886,27.180014723841325
"SI","2026-07-20","95","-1.71","5.62","Guzman, Denzer",694203,681517,,"foul",,,,,2,,"R","R","R","LAA","STL","S",,,2,2,2026,"-1.38","0.75",0.014507074572890133,3.102635022867235,,,,0,3,"Bot",,,,,,,7.737239783070478,-138.1047977741281,-2.468579401324919,-19.392417831721925,32.05270118350973,-22.256081656983678,3.250721785,1.640551181,,,,"96.4",2190,"7.3",824006,699625,676475,802139,691458,691026,663457,701675,691023,"53.24",,,,,,,,21,6,"Sinker",1,2,1,2,2,1,1,2,"Standard","Standard",204,"0","0","72.0","7.5",,,"0",,-1,-1,0.433,0.433,29,22,29,22,1,0,10,2,,4,"1.79","1.38","1.38","46.7",5.662857660055761,3.8702164176965157,26.557004251334515,33.68781080112379,22.481022305199083
"CH","2026-07-20","90.3","-1.8","5.48","Guzman, Denzer",694203,681517,,"foul",,,,,8,,"R","R","R","LAA","STL","S",,,2,2,2026,"-1.09","0.05",-0.1931793486518365,1.6323353574075696,,,,0,3,"Bot",,,,,,,6.421892954442162,-131.14363118454307,-3.4101046429167,-13.976166459315683,32.673417964688866,-30.99492244778123,3.250721785,1.640551181,26,"78.2",-2,"91",1403,"7.2",824006,699625,676475,802139,691458,691026,663457,701675,691023,"53.25",,,,,,,,21,5,"Changeup",1,2,1,2,2,1,1,2,"Standard","Standard",229,"0","0","74.2","8.5",,,"0","88.0",-1,-1,0.433,0.433,29,22,29,22,1,0,10,2,,4,"2.8","1.09","1.09","43.5",16.03642874820284,-17.74398192352613,36.85963746498755,31.824052062690278,38.081204330386164
"CU","2026-07-20","85.2","-1.76","5.64","Guzman, Denzer",694203,681517,,"ball",,,,,14,,"R","R","R","LAA","STL","B",,,1,2,2026,"0.53","-0.84",1.1197944320037445,0.23287278440461723,,,,0,3,"Bot",,,,,,,5.678147089398453,-123.8820692931467,-4.385654178521992,4.221434752120338,27.115742849778368,-39.974277713458605,3.250721785,1.640551181,,,,"86.2",2257,"7.2",824006,699625,676475,802139,691458,691026,663457,701675,691023,"53.32",,,,,,,,21,4,"Curveball",1,2,1,2,2,1,1,2,"Standard","Standard",45,"0.004","0.046",,,,,"-0.046",,-1,-1,0.429,0.429,29,22,29,22,1,0,10,2,,4,"4","-0.53","-0.53","50.4",,,,,
"FF","2026-07-20","95.4","-1.8","5.68","Guzman, Denzer",694203,681517,,"foul",,,,,2,,"R","R","R","LAA","STL","S",,,1,1,2026,"-0.31","1.24",0.2725146285463645,2.8682237123624796,,,,0,3,"Bot",,,,,,,6.180257125732653,-138.77523434966665,-4.494756588925362,-5.36888208332325,30.81648936391384,-15.294995702518024,3.250721785,1.640551181,227,"83.1",53,"97",2150,"7.2",824006,699625,676475,802139,691458,691026,663457,701675,691023,"53.29",,,,,,,,21,3,"4-Seam Fastball",1,2,1,2,2,1,1,2,"Standard","Standard",206,"-0.007","-0.062","74.7","7.4",,,"0.062","88.0",-1,-1,0.436,0.436,29,22,29,22,1,0,10,2,,4,"1.26","0.31","0.31","42.7",2.451449332508673,1.7834850777594111,31.947407096313924,38.3576226015052,23.439776575288
"SL","2026-07-20","89.4","-1.81","5.58","Guzman, Denzer",694203,681517,,"ball",,,,,14,,"R","R","R","LAA","STL","B",,,0,1,2026,"0.49","0.29",1.1154530363949795,1.5989283620758772,,,,0,3,"Bot",,,,,,,6.149978621061187,-130.06148578638482,-4.266769834643451,4.384627542531164,26.198824254563608,-28.21711073235559,3.250721785,1.640551181,,,,"90.8",2329,"7.1",824006,699625,676475,802139,691458,691026,663457,701675,691023,"53.44",,,,,,,,21,2,"Slider",1,2,1,2,2,1,1,2,"Standard","Standard",147,"0.003","0.029",,,,,"-0.029",,-1,-1,0.433,0.433,29,22,29,22,1,0,10,2,,4,"2.56","-0.49","-0.49","42.6",,,,,
"SI","2026-07-20","95.6","-1.72","5.66","Guzman, Denzer",694203,681517,,"foul",,,,,4,,"R","R","R","LAA","STL","S",,,0,0,2026,"-1.22","0.62",-0.6281299270751639,2.1805584093832575,,,,0,3,"Bot",,,,,,,5.748937598619659,-139.0420983140351,-4.766524614150179,-17.106279936647567,33.68471162205319,-23.29118679515104,3.250721785,1.640551181,,,,"97",2232,"7.3",824006,699625,676475,802139,691458,691026,663457,701675,691023,"53.22",,,,,,,,21,1,"Sinker",1,2,1,2,2,1,1,2,"Standard","Standard",212,"-0.004","-0.043","77.9","7.2",,,"0.043",,-1,-1,0.437,0.437,29,22,29,22,1,0,10,2,,4,"1.9","1.22","1.22","43.0",-5.96109104401204,10.825601612882702,38.50339084415848,28.726093777228527,22.230852365732638
"ST","2026-07-20","86.4","-2.63","5.46","Guzman, Denzer",694203,666277,"strikeout","called_strike",,,,,9,"Denzer Guzman called out on strikes.","R","R","R","LAA","STL","S",2,,0,2,2026,"0.49","0.21",0.34810363960253377,1.7836844392364823,,,666176,0,8,"Bot",,,,,,,6.014520302961362,-125.74050433877551,-2.7515486005135505,3.9199240137279534,26.60632305349017,-29.537481582604943,3.250721785,1.640551181,,,,"86.6",2925,"6.5",824006,699625,676475,802139,691458,691026,663457,701675,691023,"53.99",,0,"0",1,0,0,,54,3,"Sweeper",1,2,1,2,2,1,1,2,"Standard","Standard",18,"-0.054","-0.16",,,,,"0.16",,-1,-1,0.37,0.37,27,22,27,22,1,2,1,2,2,4,"2.85","-0.49","-0.49","32.7",,,,,
"SL","2026-07-20","87.6","-2.58","5.65","Guzman, Denzer",694203,666277,,"swinging_strike",,,,,9,,"R","R","R","LAA","STL","S",,,0,1,2026,"-0.05","0.41",0.3217770895163187,1.9532896610027595,,,666176,0,8,"Bot",,,,,,,7.0336421635739,-127.47926743264587,-3.496530984510242,-1.832381216910375,24.011494857834027,-27.22605849136766,3.250721785,1.640551181,,,,"88.2",2570,"6.5",824006,699625,676475,802139,691458,691026,663457,701675,691023,"54",,,,,,,,54,2,"Slider",1,2,1,2,2,1,1,2,"Standard","Standard",231,"-0.023","-0.051","71.2","9.0","7.704363012",,"0.051",,-1,-1,0.393,0.393,27,22,27,22,1,2,1,2,2,4,"2.54","0.05","0.05","33.2",23.662754825962665,-42.46666107032839,31.496668186212815,37.179972132057,52.88583331589119
"FF","2026-07-20","96.5","-2.59","5.56","Guzman, Denzer",694203,666277,,"called_strike",,,,,8,,"R","R","R","LAA","STL","S",,,0,0,2026,"-0.83","1.42",-0.022978349824199884,1.9627037608250015,,,666176,0,8,"Bot",,,,,,,8.658863251692505,-140.1201618444749,-7.0510295317489815,-12.896566709380584,32.08878356075155,-12.053056474029916,3.250721785,1.640551181,,,,"96.5",2286,"6.4",824006,699625,676475,802139,691458,691026,663457,701675,691023,"54.09",,,,,,,,54,1,"4-Seam Fastball",1,2,1,2,2,1,1,2,"Standard","Standard",225,"-0.013","-0.043",,,,,"0.043",,-1,-1,0.406,0.406,27,22,27,22,1,2,1,2,2,4,"1.04","0.83","0.83","32.5",,,,,
"FF","2026-07-18","96.9","1.79","6.28","Guzman, Denzer",694203,669373,"strikeout","swinging_strike",,,,,3,"Denzer Guzman strikes out swinging.","R","R","L","LAA","DET","S",2,,1,2,2026,"0.69","1.43",0.418866077424065,3.2761719282888038,,,,1,5,"Bot",,,,,,,-5.252399065855871,-141.01043923280858,-5.605780403765355,10.474188833750667,33.25895938845619,-12.004736418067404,3.250721785,1.640551181,,,,"97.1",2413,"6.5",824008,693307,679529,656716,690993,805808,682985,681546,663837,"54",,0,"0",1,0,0,,43,4,"4-Seam Fastball",0,7,0,7,7,0,0,7,"Standard","Standard",152,"-0.002","-0.183","74.0","6.8","1.014661656",,"0.183",,-7,-7,0.019,0.019,29,22,30,22,2,1,6,1,6,2,"1","0.69","-0.69","49.1",-8.080274091007002,22.516464719038133,26.1557546354513,38.570098982044044,14.086436172454889
"SI","2026-07-18","96.4","1.87","6.18","Guzman, Denzer",694203,669373,,"called_strike",,,,,7,,"R","R","L","LAA","DET","S",,,1,1,2026,"1.43","0.92",-0.44352990617722177,2.0310066171801857,,,,1,5,"Bot",,,,,,,-9.366070530308663,-139.87878868343492,-7.339893979170921,20.826632169118998,31.199013137509525,-18.566165061464265,3.250721785,1.640551181,,,,"96.6",2211,"6.5",824008,693307,679529,656716,690993,805808,682985,681546,663837,"53.98",,,,,,,,43,3,"Sinker",0,7,0,7,7,0,0,7,"Standard","Standard",146,"-0.001","-0.074",,,,,"0.074",,-7,-7,0.02,0.02,29,22,30,22,2,1,6,1,6,2,"1.54","1.43","-1.43","46.8",,,,,
"CH","2026-07-18","86.9","2.37","6.03","Guzman, Denzer",694203,669373,,"swinging_strike",,,,,14,,"R","R","L","LAA","DET","S",,,1,0,2026,"1.33","0.41",1.1777771989790586,1.31465290971071,,,,1,5,"Bot",,,,,,,-5.580349345982697,-126.30781013245951,-5.671204797273912,15.372154687235938,25.888728114552478,-26.868289424480356,3.250721785,1.640551181,,,,"86.8",1848,"6.3",824008,693307,679529,656716,690993,805808,682985,681546,663837,"54.2",,,,,,,,43,2,"Changeup",0,7,0,7,7,0,0,7,"Standard","Standard",131,"-0.001","-0.05","69.0","9.2","8.695367976",,"0.05",,-7,-7,0.021,0.021,29,22,30,22,2,1,6,1,6,2,"2.62","1.33","-1.33","41.8",21.977157417136002,-25.338150000431824,35.17554694728593,48.82985880815444,44.89452451299466
"FF","2026-07-18","95.8","1.73","6.28","Guzman, Denzer",694203,669373,,"ball",,,,,12,,"R","R","L","LAA","DET","B",,,0,0,2026,"0.52","1.54",1.1216948175993156,2.8281954365381514,,,,1,5,"Bot",,,,,,,-2.7927731359303776,-139.33573805256574,-6.851385313656039,7.413898687910674,32.004052988018536,-10.728033678386682,3.250721785,1.640551181,,,,"96.2",2381,"6.6",824008,693307,679529,656716,690993,805808,682985,681546,663837,"53.91",,,,,,,,43,1,"4-Seam Fastball",0,7,0,7,7,0,0,7,"Standard","Standard",152,"0.001","0.043",,,,,"-0.043",,-7,-7,0.02,0.02,29,22,30,22,2,1,6,1,6,2,"0.95","0.52","-0.52","51.1",,,,,
"SI","2026-07-18","95.8","-2.72","5.5","Guzman, Denzer",694203,669724,"field_out","hit_into_play",,,,,5,"Denzer Guzman grounds out, shortstop Kevin McGonigle to first baseman Spencer Torkelson.","R","R","R","LAA","DET","X",6,"ground_ball",0,1,2026,"-1.21","0.35",-0.2585243524445131,2.4364455946875507,,,666176,2,9,"Bot",120.06,146.88,,,,,9.169340949759764,-139.1840664050006,-3.0648853912512384,-17.769043165351746,31.52291005055591,-27.15511241567573,3.250721785,1.640551181,7,"88.5",-18,"95.6",2135,"6.3",824008,693307,679529,656716,690993,805808,663837,681546,701162,"54.24",0.092,0.089,"0",1,0,0,2,75,2,"Sinker",0,7,0,7,7,0,0,7,"Standard","Standard",236,"-0.001","-0.237","57.7","7.0",,0.102,"0.237","88.5",-7,-7,0.001,0.001,28,22,28,22,1,3,38,1,1,2,"2.15","1.21","1.21","31.3",24.971820178386746,38.81101054775678,30.750191124037944,31.131236502563503,16.299053243789274
"SL","2026-07-18","89.4","2.07","6.01","Guzman, Denzer",694203,669373,"force_out","hit_into_play",,,,,5,"Denzer Guzman grounds into a force out, fielded by shortstop Kevin McGonigle. Nolan Schanuel out at 2nd.","R","R","L","LAA","DET","X",6,"ground_ball",0,0,2026,"-0.32","0.34",-0.09733876909159025,2.656263963701586,,,694384,2,2,"Bot",120.09,143.55,,,,,-4.572396941573493,-130.2095927297137,-2.778069000885707,-2.7212779524154174,27.00956583871766,-27.96138627645037,3.250721785,1.640551181,6,"88.2",-23,"89.5",2011,"6.3",824008,693307,679529,656716,690993,805808,682985,681546,663837,"54.24",0.073,0.073,"0",1,0,0,2,21,1,"Slider",0,6,0,6,6,0,0,6,"Standard","Standard",165,"-0.01","-0.278","77.9","7.2",,0.088,"0.278","88.2",-6,-6,0.071,0.071,29,22,30,22,1,0,6,1,6,2,"2.51","-0.32","0.32","45.3",1.0078799555067683,15.113218317489538,29.803824304206344,34.35962566653404,22.578858046686815
"SI","2026-07-18","96","-2.74","5.55","Guzman, Denzer",694203,669724,,"foul",,,,,4,,"R","R","R","LAA","DET","S",,,0,0,2026,"-1.37","0.37",-0.5311272415460233,2.5813454613694176,,,666176,2,9,"Bot",,,,,,,8.887000866874926,-139.63300065670046,-2.9163583102077926,-19.894927533188447,29.863722582862643,-26.900828422763414,3.250721785,1.640551181,3,"87.5",-44,"95.8",1864,"6.1",824008,693307,679529,656716,690993,805808,663837,681546,701162,"54.39",,,,,,,,75,1,"Sinker",0,7,0,7,7,0,0,7,"Standard","Standard",238,"0","-0.042","75.7","7.9",,,"0.042","88.0",-7,-7,0.001,0.001,28,22,28,22,1,3,38,1,1,2,"2.1","1.37","1.37","33.8",10.526201523360317,-6.534899109377635,31.841730561419666,28.916498966285268,25.271504062170795
"FC","2026-07-18","85.4","-0.51","6.39","Guzman, Denzer",694203,621097,"single","hit_into_play",,,,,5,"Denzer Guzman singles on a sharp line drive to left fielder Matt Vierling.","R","R","R","LAA","DET","X",7,"line_drive",0,0,2026,"0.25","0.39",-0.27544783439283926,2.138665293414864,,,,0,8,"Bot",84.11,118.46,,,,,0.04239551563142881,-124.44258031388966,-4.386798093933752,2.6047138256862,21.57340638680383,-27.546698544975317,3.250721785,1.640551181,163,"101.7",8,"86.5",1976,"6.6",824008,693307,679529,656716,690993,805808,663837,681546,701162,"53.86",0.654,0.608,"0.9",1,1,0,4,62,1,"Cutter",0,7,0,7,7,0,0,7,"Standard","Standard",171,"0.005","0.457","77.2","7.8",,0.737,"-0.457","101.7",-7,-7,0.005,0.005,32,22,33,22,1,2,8,1,2,2,"2.7","-0.25","-0.25","62.0",3.8731273815238514,-4.244981102858545,36.81088621038735,32.26400973446799,29.231742393601397
"FS","2026-07-17","89.2","-1.79","5.53","Guzman, Denzer",694203,675512,"strikeout","called_strike",,,,,9,"Denzer Guzman called out on strikes.","R","R","R","LAA","DET","S",2,,2,2,2026,"-0.77","0.14",0.7191315424671514,1.8770762531137781,,,687093,0,4,"Bot",,,,,,,7.8451501716372745,-129.76437947799013,-3.1177688052546477,-10.284393157717464,25.601002709726426,-30.125493971371323,3.250721785,1.640551181,,,,"90.7",1120,"7.1",824009,693307,679529,701678,805808,656716,682985,663837,701162,"53.39",,0,"0",1,0,0,,32,5,"Split-Finger",1,0,1,0,0,1,1,0,"Infield shade","Standard",226,"-0.026","-0.222",,,,,"0.222",,1,1,0.713,0.713,25,22,26,22,2,1,9,5,6,1,"2.71","0.77","0.77","37.8",,,,,
"SL","2026-07-17","89.3","-1.81","5.69","Guzman, Denzer",694203,675512,,"foul",,,,,4,,"R","R","R","LAA","DET","S",,,2,1,2026,"0.28","0.11",-0.313229627571965,2.2830890349199917,,,687093,0,4,"Bot",,,,,,,3.0672045564050183,-130.01619175460868,-2.3832122850702313,2.470894031273544,28.213115436417365,-30.688226457302395,3.250721785,1.640551181,4,"73.7",-31,"89.9",2386,"6.7",824009,693307,679529,701678,805808,656716,682985,663837,701162,"53.8",,,,,,,,32,4,"Slider",1,0,1,0,0,1,1,0,"Standard","Standard",138,"-0.01","-0.07","76.9","8.7",,,"0.07","88.0",1,1,0.723,0.723,25,22,26,22,2,1,9,5,6,1,"2.76","-0.28","-0.28","36.3",20.357373643755395,-31.16044211682738,28.151795729006086,30.873751850334568,45.239362714534934
"SI","2026-07-17","94.8","-1.64","5.63","Guzman, Denzer",694203,675512,,"ball",,,,,13,,"R","R","R","LAA","DET","B",,,1,1,2026,"-1.15","0.53",-1.2014333957643315,1.6108271199920148,,,687093,0,4,"Bot",,,,,,,3.763137642072456,-137.89753098011852,-5.812435261579244,-15.449671071860681,31.817044333550815,-24.30656266283693,3.250721785,1.640551181,,,,"95.2",2035,"6.6",824009,693307,679529,701678,805808,656716,682985,663837,701162,"53.88",,,,,,,,32,3,"Sinker",1,0,1,0,0,1,1,0,"Standard","Standard",218,"0.007","0.056",,,,,"-0.056",,1,1,0.716,0.716,25,22,26,22,2,1,9,5,6,1,"2.02","1.15","1.15","35.6",,,,,
"FC","2026-07-17","92.7","-1.74","5.66","Guzman, Denzer",694203,675512,,"called_strike",,,,,7,,"R","R","R","LAA","DET","S",,,1,0,2026,"0.02","0.93",-0.48773836285317224,2.0637695153412077,,,687093,0,4,"Bot",,,,,,,3.135965317753549,-135.02733322423705,-5.329184267470296,-0.42712476478370837,27.805601694534435,-19.82091114836296,3.250721785,1.640551181,,,,"93.5",2229,"6.6",824009,693307,679529,701678,805808,656716,682985,663837,701162,"53.92",,,,,,,,32,2,"Cutter",1,0,1,0,0,1,1,0,"Standard","Standard",198,"-0.007","-0.057",,,,,"0.057",,1,1,0.723,0.723,25,22,26,22,2,1,9,5,6,1,"1.7","-0.02","-0.02","36.9",,,,,
"SL","2026-07-17","88.1","-1.88","5.71","Guzman, Denzer",694203,675512,,"ball",,,,,9,,"R","R","R","LAA","DET","B",,,0,0,2026,"0.42","0.11",0.5919742241610864,1.5330762804200866,,,687093,0,4,"Bot",,,,,,,5.082740816967462,-128.27512057361415,-4.066584791236216,3.5208330781005897,27.224392958898576,-30.27323857957507,3.250721785,1.640551181,,,,"88.7",2362,"6.7",824009,693307,679529,701678,805808,656716,682985,663837,701162,"53.8",,,,,,,,32,1,"Slider",1,0,1,0,0,1,1,0,"Standard","Standard",131,"0.005","0.039",,,,,"-0.039",,1,1,0.718,0.718,25,22,26,22,2,1,9,5,6,1,"2.83","-0.42","-0.42","38.0",,,,,
"SI","2026-07-17","96.5","-2.05","5.95","Guzman, Denzer",694203,672456,"field_out","hit_into_play",,,,,6,"Denzer Guzman grounds out, shortstop Zach McKinstry to first baseman Spencer Torkelson.","R","R","R","LAA","DET","X",6,"ground_ball",2,1,2026,"-1.29","1.05",0.5203099279513999,2.172034252142337,685133,642350,,2,9,"Bot",113.36,147.77,,,,,9.800368032522528,-140.1380385113442,-6.689881871374782,-19.276605126696115,31.9345329740769,-16.995009959917457,3.250721785,1.640551181,4,"92.6",-27,"97.1",2496,"6.8",824009,668670,679529,701678,805808,656716,682985,681546,663837,"53.75",0.127,0.128,"0",1,0,0,2,70,4,"Sinker",1,2,1,2,2,1,1,2,"Standard","Standard",206,"-0.246","-0.253","73.6","8.1",,0.14,"0.253","92.6",-1,-1,0.246,0.246,25,22,26,22,2,3,5,5,5,1,"1.41","1.29","1.29","42.6",-3.720792709255166,9.240581341265827,32.78030260984082,41.578502130541395,16.7097483417565
"SL","2026-07-17","89.9","-2.42","5.75","Guzman, Denzer",694203,672456,,"swinging_strike",,,,,14,,"R","R","R","LAA","DET","S",,,2,0,2026,"0.04","0.39",0.8743940970859746,0.8962164604276164,685133,642350,,2,9,"Bot",,,,,,,8.022063063175606,-130.62435752097787,-6.705135278422024,-1.09920221123199,25.34908489862505,-26.543746348881395,3.250721785,1.640551181,,,,"90.7",2671,"6.7",824009,668670,679529,701678,805808,656716,682985,681546,663837,"53.79",,,,,,,,70,3,"Slider",1,2,1,2,2,1,1,2,"Standard","Standard",135,"-0.008","-0.042","65.4","8.7","4.650196764",,"0.042",,-1,-1,0.254,0.254,25,22,26,22,2,3,5,5,5,1,"2.42","-0.04","-0.04","40.8",9.312114564261499,-9.92877698558687,35.62199796008831,48.59293059669115,29.4403402445055
"SI","2026-07-17","96.1","-2.18","5.77","Guzman, Denzer",694203,672456,,"ball",,,,,13,,"R","R","R","LAA","DET","B",,,1,0,2026,"-1.29","1.12",-0.27547836717054164,1.4191297606245323,685133,642350,,2,9,"Bot",,,,,,,8.021925311516338,-139.42892455237583,-8.275642798213132,-18.668679085089423,33.25131198770737,-15.838480025961369,3.250721785,1.640551181,,,,"96.6",2417,"6.9",824009,668670,679529,701678,805808,656716,682985,681546,663837,"53.6",,,,,,,,70,2,"Sinker",1,2,1,2,2,1,1,2,"Standard","Standard",204,"0.008","0.004",,,,,"-0.004",,-1,-1,0.246,0.246,25,22,26,22,2,3,5,5,5,1,"1.38","1.29","1.29","42.6",,,,,
"SI","2026-07-17","97.1","-2.12","5.83","Guzman, Denzer",694203,672456,,"ball",,,,,14,,"R","R","R","LAA","DET","B",,,0,0,2026,"-1.31","1.16",1.2723362009560721,1.7203032725415957,685133,642350,,2,9,"Bot",,,,,,,12.113696727764768,-140.6130690182398,-7.916373633637218,-20.195979166342998,34.116462007459816,-14.977147824015237,3.250721785,1.640551181,,,,"97.5",2489,"6.9",824009,668670,679529,701678,805808,656716,682985,681546,663837,"53.55",,,,,,,,70,1,"Sinker",1,2,1,2,2,1,1,2,"Standard","Standard",204,"0.004","0.033",,,,,"-0.033",,-1,-1,0.242,0.242,25,22,26,22,2,3,5,5,5,1,"1.29","1.31","1.31","43.5",,,,,
"FS","2026-07-17","91.8","-1.46","5.62","Guzman, Denzer",694203,675512,"strikeout","swinging_strike",,,,,13,"Denzer Guzman strikes out swinging.","R","R","R","LAA","DET","S",2,,1,2,2026,"-0.79","-0.12",-0.9770961000102324,1.8702056064960817,,,687093,0,2,"Bot",,,,,,,2.9776155820020396,-133.72999610928858,-3.1716659288997135,-10.076503863863786,29.165555771722456,-33.186875859757734,3.250721785,1.640551181,,,,"93",1244,"7",824009,693307,679529,701678,805808,656716,682985,663837,701162,"53.55",,0,"0",1,0,0,,15,5,"Split-Finger",1,0,1,0,0,1,1,0,"Infield shade","Standard",233,"-0.02","-0.177","77.6","8.2","2.240378844",,"0.177",,1,1,0.678,0.678,25,22,26,22,1,0,9,5,6,1,"2.83","0.79","0.79","35.7",13.778688222428759,-21.78792421882399,35.93835689935885,24.098971499569434,36.633809407418376
"FS","2026-07-17","92.1","-1.53","5.52","Guzman, Denzer",694203,675512,,"blocked_ball",,,,,14,,"R","R","R","LAA","DET","B",,,0,2,2026,"-0.81","0.09",0.8857614962431895,0.06209837071632318,,,687093,0,2,"Bot",,,,,,,7.940237388688141,-133.7462629116679,-8.035427132033703,-11.339428771582526,27.45441340985186,-29.560026555102063,3.250721785,1.640551181,,,,"93.4",1128,"7.1",824009,693307,679529,701678,805808,656716,682985,663837,701162,"53.45",,,,,,,,15,4,"Split-Finger",1,0,1,0,0,1,1,0,"Infield shade","Standard",238,"0.003","0.017",,,,,"-0.017",,1,1,0.675,0.675,25,22,26,22,1,0,9,5,6,1,"2.6","0.81","0.81","36.4",,,,,
"FF","2026-07-17","98","-1.42","5.7","Guzman, Denzer",694203,675512,,"foul",,,,,2,,"R","R","R","LAA","DET","S",,,0,2,2026,"-0.6","0.99",-0.19150054714027798,2.8539992379313937,,,687093,0,2,"Bot",,,,,,,4.727278898369177,-142.62548064459884,-4.381960730983913,-9.293960447418181,32.8132658450535,-17.842516316292414,3.250721785,1.640551181,4,"69.1",-37,"98.8",2231,"6.8",824009,693307,679529,701678,805808,656716,682985,663837,701162,"53.74",,,,,,,,15,3,"4-Seam Fastball",1,0,1,0,0,1,1,0,"Infield shade","Standard",223,"0","0","74.1","7.9",,,"0","88.0",1,1,0.675,0.675,25,22,26,22,1,0,9,5,6,1,"1.38","0.6","0.6","35.1",5.98001847055633,-9.776915054685894,29.16000336081473,31.576563074674006,28.64773014841081
"SL","2026-07-17","88.7","-1.67","5.72","Guzman, Denzer",694203,675512,,"foul",,,,,1,,"R","R","R","LAA","DET","S",,,0,1,2026,"0.61","-0.04",-0.43245515330316997,2.8495224917499007,,,687093,0,2,"Bot",,,,,,,1.6916713840322035,-129.18113870373872,-0.7043514468768322,6.542538846417192,26.565977415988907,-32.637175296896544,3.250721785,1.640551181,178,"85",10,"89.4",2484,"6.6",824009,693307,679529,701678,805808,656716,682985,663837,701162,"53.86",,,,,,,,15,2,"Slider",1,0,1,0,0,1,1,0,"Standard","Standard",115,"-0.008","-0.051","55.5","5.7",,,"0.051","88.0",1,1,0.683,0.683,25,22,26,22,1,0,9,5,6,1,"2.92","-0.61","-0.61","39.5",-20.78488836377843,33.98093849688194,30.242399487634835,31.069826447791296,7.675098165317284
"FF","2026-07-17","97.6","-1.89","5.56","Guzman, Denzer",694203,675512,,"called_strike",,,,,8,,"R","R","R","LAA","DET","S",,,0,0,2026,"-0.72","1.35",0.004029337996470761,2.096687084035678,,,687093,0,2,"Bot",,,,,,,6.788312663436934,-141.79024967406738,-6.741172624730583,-11.408734381451175,35.923537084081495,-12.658570709425716,3.250721785,1.640551181,,,,"98",2274,"6.9",824009,693307,679529,701678,805808,656716,682985,663837,701162,"53.65",,,,,,,,15,1,"4-Seam Fastball",1,0,1,0,0,1,1,0,"Standard","Standard",213,"-0.004","-0.043",,,,,"0.043",,1,1,0.687,0.687,25,22,26,22,1,0,9,5,6,1,"1.08","0.72","0.72","36.0",,,,,
"SL","2026-07-17","87.8","-2.39","5.88","Guzman, Denzer",694203,672456,"strikeout","swinging_strike",,,,,14,"Denzer Guzman strikes out swinging.","R","R","R","LAA","DET","S",2,,1,2,2026,"0.56","-0.1",1.3360067582852504,1.6204957168860012,,,,1,7,"Bot",,,,,,,7.750546614940501,-127.70155753092726,-3.7270369573406743,4.459662021801176,27.207672825590127,-32.69949228348463,3.250721785,1.640551181,,,,"88",2684,"6.5",824009,693307,679529,701678,805808,656716,682985,663837,701162,"54",,0,"0",1,0,0,,51,4,"Slider",1,0,1,0,0,1,1,0,"Infield shade","Standard",90,"-0.01","-0.183","71.6","8.7","8.400476412",,"0.183",,1,1,0.765,0.765,25,22,26,22,1,2,5,5,5,1,"3.07","-0.56","-0.56","36.9",12.880750637256368,-24.17585090922654,26.748641202758247,48.02849697997884,44.599071342113554
"KC","2026-07-17","82.2","-1.97","6.03","Guzman, Denzer",694203,672456,,"ball",,,,,14,,"R","R","R","LAA","DET","B",,,0,2,2026,"0.54","-0.9",1.513902437715091,0.4614229419237561,,,,1,7,"Bot",,,,,,,6.721502108167131,-119.430462713738,-3.9281568293770985,3.6761279443080244,25.24539421771493,-40.1015520773063,3.250721785,1.640551181,,,,"81.7",3052,"6.3",824009,693307,679529,701678,805808,656716,682985,663837,701162,"54.24",,,,,,,,51,3,"Knuckle Curve",1,0,1,0,0,1,1,0,"Standard","Standard",39,"0.001","0.018",,,,,"-0.018",,1,1,0.764,0.764,25,22,26,22,1,2,5,5,5,1,"4.31","-0.54","-0.54","43.7",,,,,
"SI","2026-07-17","94.8","-2.22","5.86","Guzman, Denzer",694203,672456,,"called_strike",,,,,3,,"R","R","R","LAA","DET","S",,,0,1,2026,"-1.34","0.76",0.6788047340804364,3.010002145473284,,,,1,7,"Bot",,,,,,,10.533607073700724,-137.6883552425023,-3.2817660523171304,-19.440100135772777,31.884892425324193,-21.983953009405443,3.250721785,1.640551181,,,,"94.7",2376,"6.4",824009,693307,679529,701678,805808,656716,682985,663837,701162,"54.06",,,,,,,,51,2,"Sinker",1,0,1,0,0,1,1,0,"Standard","Standard",214,"-0.004","-0.057",,,,,"0.057",,1,1,0.768,0.768,25,22,26,22,1,2,5,5,5,1,"1.8","1.34","1.34","39.3",,,,,
"FF","2026-07-17","94.2","-2.08","5.86","Guzman, Denzer",694203,672456,,"swinging_strike",,,,,2,,"R","R","R","LAA","DET","S",,,0,0,2026,"-0.41","1.54",0.1631137736330857,2.812458820570453,,,,1,7,"Bot",,,,,,,6.6925584570808985,-136.94858599425183,-5.467200364835749,-6.679152220924292,32.166305383278726,-11.758610820082472,3.250721785,1.640551181,,,,"94.3",2368,"6.5",824009,693307,679529,701678,805808,656716,682985,663837,701162,"53.97",,,,,,,,51,1,"4-Seam Fastball",1,0,1,0,0,1,1,0,"Standard","Standard",261,"-0.002","-0.042","74.8","7.9","0.208711776",,"0.042",,1,1,0.77,0.77,25,22,26,22,1,2,5,5,5,1,"1.04","0.41","0.41","43.1",7.113879910569555,-4.808234513959038,33.849505714624485,37.6752410747538,22.923770419316995
"FC","2026-07-12","89.7","-1.27","6.09","Guzman, Denzer",694203,671737,"home_run","hit_into_play",,,,,2,"Denzer Guzman homers (4) on a fly ball to left field.","R","R","R","MIN","LAA","X",,"fly_ball",0,0,2026,"0.31","0.41",-0.1906121548334661,2.8322208972362026,,,,2,7,"Top",41.84,81.35,,,,,1.9749900978542996,-130.71738867882885,-2.803022571568646,3.1459362412199323,25.753681850139266,-27.095960436835608,3.250721785,1.640551181,357,"98.5",37,"90.4",2195,"6.5",823681,680777,668904,665019,686797,668952,663616,807712,702176,"54",0.163,0.297,"2",1,0,3,3,50,1,"Cutter",3,1,1,3,2,3,2,3,"Standard","Standard",142,"-0.105","2.595","74.5","8.4",,0.577,"-2.595","98.5",2,-2,0.873,0.127,25,22,25,22,3,2,5,1,6,5,"2.4","-0.31","-0.31","57.3",11.473571787416784,-21.37354545794674,24.39099300836782,35.472772927674555,37.47435331329042
"FC","2026-07-12","90.2","-1.16","6.15","Guzman, Denzer",694203,671737,"field_out","hit_into_play",,,,,3,"Denzer Guzman flies out to right fielder Alan Roden.","R","R","R","MIN","LAA","X",9,"fly_ball",1,2,2026,"0.32","0.07",0.33051805642417553,2.9426855931128104,,,,0,5,"Top",166.73,73.82,,,,,2.979479269741436,-131.5082863047662,-2.072244918789136,3.2566906282719765,23.03183169271592,-31.20394422649444,3.250721785,1.640551181,327,"91.9",36,"91",2345,"6.3",823681,680777,668904,665019,686797,668952,663616,807712,702176,"54.22",0.029,0.051,"0",1,0,0,3,34,4,"Cutter",3,1,1,3,1,3,1,3,"Standard","Standard",112,"0.02","-0.188","73.2","7.9",,0.096,"0.188","91.9",2,-2,0.76,0.24,25,22,25,22,2,1,5,1,6,5,"2.69","-0.32","-0.32","56.9",6.451720711302992,4.868711738276104,26.257433722311646,39.82739031264883,26.41524473981927
"FF","2026-07-12","97.5","-1.22","6.15","Guzman, Denzer",694203,671737,,"foul",,,,,4,,"R","R","R","MIN","LAA","S",,,1,1,2026,"-0.47","1.62",-0.30039980429192437,2.366835473713547,,,,0,5,"Top",,,,,,,3.56435649526399,-141.77210908499873,-8.255975307189725,-7.153096840812993,30.764213275269995,-8.600256042121837,3.250721785,1.640551181,134,"80.8",77,"98",2427,"6.5",823681,680777,668904,665019,686797,668952,663616,807712,702176,"54",,,,,,,,34,3,"4-Seam Fastball",3,1,1,3,1,3,1,3,"Standard","Standard",201,"0.008","-0.062","79.0","8.1",,,"0.062","88.0",2,-2,0.752,0.248,25,22,25,22,2,1,5,1,6,5,"0.77","0.47","0.47","54.4",5.539592326758455,-13.6678508717922,33.184047650402164,32.71185339145086,34.71409048672741
"FC","2026-07-12","88","-1.39","6.02","Guzman, Denzer",694203,671737,,"ball",,,,,14,,"R","R","R","MIN","LAA","B",,,0,1,2026,"0.44","0.5",0.4092083143095945,0.5073909237896865,,,,0,5,"Top",,,,,,,3.3968711885410015,-128.09622114824728,-8.110817052993111,4.247450626058011,24.49546957629407,-25.291994792309435,3.250721785,1.640551181,,,,"88.6",2203,"6.5",823681,680777,668904,665019,686797,668952,663616,807712,702176,"54.04",,,,,,,,34,2,"Cutter",3,1,1,3,1,3,1,3,"Standard","Standard",177,"-0.003","0.029",,,,,"-0.029",,2,-2,0.755,0.245,25,22,25,22,2,1,5,1,6,5,"2.43","-0.44","-0.44","54.2",,,,,
"FF","2026-07-12","96.2","-1.12","6.18","Guzman, Denzer",694203,671737,,"foul",,,,,2,,"R","R","R","MIN","LAA","S",,,0,0,2026,"-0.39","1.47",-0.01719976844263793,3.0203534170888053,,,,0,5,"Top",,,,,,,3.8031097824805498,-140.06736979103093,-6.003600600256449,-5.957470124367747,31.547086801725165,-11.666906616851945,3.250721785,1.640551181,182,"77.2",67,"96.5",2317,"6.4",823681,680777,668904,665019,686797,668952,663616,807712,702176,"54.07",,,,,,,,34,1,"4-Seam Fastball",3,1,1,3,1,3,1,3,"Standard","Standard",200,"0.004","-0.043","79.5","8.4",,,"0.043","88.0",2,-2,0.751,0.249,25,22,25,22,2,1,5,1,6,5,"0.99","0.39","0.39","56.8",19.219900955915865,-17.005215723059838,27.559378312627498,36.82775020745146,32.02112470435668
"FF","2026-07-12","98.8","-1.39","6.36","Guzman, Denzer",694203,702193,"single","hit_into_play",,,,,4,"Denzer Guzman singles on a sharp line drive to center fielder Luke Keaschall. Wade Meckler to 2nd.","R","R","R","MIN","LAA","X",8,"line_drive",0,0,2026,"-0.37","1.18",-0.6337603448880053,2.2234550888315097,,,685133,2,9,"Top",143,70.83,,,,,2.911037304878557,-143.89680875512167,-8.490903876492974,-5.800628424685553,28.786809902315223,-14.063609444667188,3.250721785,1.640551181,283,"101.9",13,"99.6",2146,"6.4",823681,680777,668904,665019,686797,668952,668885,807712,702176,"54.14",0.903,0.892,"0.9",1,1,0,4,67,1,"4-Seam Fastball",4,2,2,4,2,4,2,4,"Standard","Standard",200,"-0.042","0.339","76.7","7.6",,1.169,"-0.339","101.9",2,-2,0.964,0.03600000000000003,24,22,25,22,1,3,2,1,5,5,"1.12","0.37","0.37","53.1",0.38306246356459944,5.435249972501934,35.928089243186456,31.28547044734188,23.359872709980067
"FC","2026-07-12","91.2","-1.35","6.01","Guzman, Denzer",694203,671737,"strikeout","swinging_strike",,,,,14,"Denzer Guzman strikes out swinging.","R","R","R","MIN","LAA","S",2,,0,2,2026,"0.73","0.43",0.5367577362110189,1.5083157875977429,,,672724,2,2,"Top",,,,,,,3.0883400471919438,-132.7316719472014,-6.161061208809341,8.057391246498257,26.928563613854024,-26.067795982180957,3.250721785,1.640551181,,,,"91.7",2237,"6.5",823681,680777,668904,665019,686797,668952,663616,807712,702176,"54.03",,0,"0",1,0,0,,11,4,"Cutter",0,1,1,0,1,0,1,0,"Standard","Standard",165,"0.013","-0.177","60.9","9.0","2.852524536",,"0.177",,-1,1,0.43,0.5700000000000001,25,22,25,22,1,0,5,1,6,5,"2.3","-0.73","-0.73","52.3",21.035855841312937,-32.162445808823804,33.32118848864916,40.54582941737178,47.52786609120137
"FF","2026-07-12","97.6","-1.23","6.23","Guzman, Denzer",694203,671737,,"foul",,,,,1,,"R","R","R","MIN","LAA","S",,,0,2,2026,"-0.5","1.59",-0.278925774532227,2.8058058378253374,,,672724,2,2,"Top",,,,,,,3.6956000734321237,-141.9415547271701,-7.201243975979939,-7.619496906601757,33.118044815509734,-9.230420001301027,3.250721785,1.640551181,232,"74.7",27,"97.6",2427,"6.3",823681,680777,668904,665019,686797,668952,663616,807712,702176,"54.16",,,,,,,,11,3,"4-Seam Fastball",0,1,1,0,1,0,1,0,"Standard","Standard",197,"0","0","77.5","7.9",,,"0","88.0",-1,1,0.43,0.5700000000000001,25,22,25,22,1,0,5,1,6,5,"0.81","0.5","0.5","60.0",6.155109156334031,-10.099936956405072,30.25801737721461,32.18695703241367,32.58083925402364
"FF","2026-07-12","97.5","-1.24","6.08","Guzman, Denzer",694203,671737,,"swinging_strike",,,,,4,,"R","R","R","MIN","LAA","S",,,0,1,2026,"-0.53","1.59",-0.7447573998727326,2.5500846968098854,,,672724,2,2,"Top",,,,,,,2.5568733778733437,-141.92609463706742,-7.523728369414244,-7.738157856589873,31.280225981467847,-9.219608144474071,3.250721785,1.640551181,,,,"98",2411,"6.5",823681,680777,668904,665019,686797,668952,663616,807712,702176,"54.03",,,,,,,,11,2,"4-Seam Fastball",0,1,1,0,1,0,1,0,"Standard","Standard",203,"0.005","-0.061","75.3","7.8","0.6649626",,"0.061",,-1,1,0.425,0.575,25,22,25,22,1,0,5,1,6,5,"0.8","0.53","0.53","52.3",8.466039553686787,-4.09130032115048,38.644206723510514,25.699923403931038,27.075018297511694
"FF","2026-07-12","96.1","-1.19","5.92","Guzman, Denzer",694203,671737,,"foul",,,,,5,,"R","R","R","MIN","LAA","S",,,0,0,2026,"-0.49","1.54",0.05311518900711315,2.7404874215803177,,,672724,2,2,"Top",,,,,,,4.387138935809742,-139.85681968453883,-6.238951748061487,-7.37273154010257,30.33004050238899,-10.712975403409455,3.250721785,1.640551181,,,,"96.8",2269,"6.6",823681,680777,668904,665019,686797,668952,663616,807712,702176,"53.93",,,,,,,,11,1,"4-Seam Fastball",0,1,1,0,1,0,1,0,"Standard","Standard",199,"0.003","-0.042","73.5","7.7",,,"0.042",,-1,1,0.422,0.5780000000000001,25,22,25,22,1,0,5,1,6,5,"0.92","0.49","0.49","53.6",5.474802081913808,8.08701316377448,31.68771999056095,35.7493997905197,23.605781263859313
"FF","2026-07-11","93.4","-2.48","4.67","Guzman, Denzer",694203,657746,"strikeout","called_strike",,,,,6,"Denzer Guzman called out on strikes.","R","R","R","MIN","LAA","S",2,,3,2,2026,"-0.83","1.01",0.5776179492572807,2.375667566856391,,,,2,6,"Top",,,,,,,9.773195147808195,-135.8450503106827,-2.3475303566420753,-12.204031103206093,26.085967591661305,-19.20721504874551,3.250721785,1.640551181,,,,"95.3",2347,"7.1",823682,605170,668904,665019,686797,656484,663616,807712,702176,"53.37",,0,"0",1,0,0,,45,7,"4-Seam Fastball",3,2,2,3,2,3,2,3,"Standard","Standard",228,"0.02","-0.307",,,,,"0.307",,1,-1,0.72,0.28,30,22,30,22,3,2,6,2,9,1,"1.57","0.83","0.83","22.5",,,,,
"SL","2026-07-11","87","-2.45","4.64","Guzman, Denzer",694203,657746,,"ball",,,,,14,,"R","R","R","MIN","LAA","B",,,2,2,2026,"0.28","0.04",1.5208433613031855,1.8625853988033705,,,,2,6,"Top",,,,,,,8.94728414429499,-126.55004030927114,-0.4672929672181584,1.6201680051389606,20.806423379685,-31.84299365904319,3.250721785,1.640551181,,,,"89",2420,"7.1",823682,605170,668904,665019,686797,656484,663616,807712,702176,"53.36",,,,,,,,45,6,"Slider",3,2,2,3,2,3,2,3,"Standard","Standard",143,"-0.006","0.086",,,,,"-0.086",,1,-1,0.726,0.274,30,22,30,22,3,2,6,2,9,1,"2.93","-0.28","-0.28","21.8",,,,,
"ST","2026-07-11","82.1","-2.6","4.71","Guzman, Denzer",694203,657746,,"foul",,,,,6,,"R","R","R","MIN","LAA","S",,,2,2,2026,"1.02","0.13",0.646177778838824,2.678583175668598,,,,2,6,"Top",,,,,,,5.281630896607565,-119.5780705806433,1.8170943270390107,8.909306893780194,20.779063120610502,-31.431899548789616,3.250721785,1.640551181,161,"64.3",59,"83",2661,"6.6",823682,605170,668904,665019,686797,656484,663616,807712,702176,"53.86",,,,,,,,45,5,"Sweeper",3,2,2,3,2,3,2,3,"Standard","Standard",68,"0","0","71.4","8.0",,,"0","88.0",1,-1,0.726,0.274,30,22,30,22,3,2,6,2,9,1,"3.22","-1.02","-1.02","19.9",-0.3194570858237974,-9.783374562947467,26.256750709466818,41.691493989585766,32.27550638510108
"FF","2026-07-11","93.2","-2.36","4.66","Guzman, Denzer",694203,657746,,"ball",,,,,12,,"R","R","R","MIN","LAA","B",,,1,2,2026,"-0.97","1.1",0.7589042026979893,3.5587041968514717,,,,2,6,"Top",,,,,,,10.256462100257792,-135.47803165001812,0.611799490278471,-14.107239801844086,27.24726402474512,-18.93990777310899,3.250721785,1.640551181,,,,"95",2295,"7.2",823682,605170,668904,665019,686797,656484,663616,807712,702176,"53.29",,,,,,,,45,4,"4-Seam Fastball",3,2,2,3,2,3,2,3,"Standard","Standard",232,"-0.002","0.044",,,,,"-0.044",,1,-1,0.728,0.272,30,22,30,22,3,2,6,2,9,1,"1.52","0.97","0.97","28.9",,,,,
"ST","2026-07-11","81.5","-2.56","4.68","Guzman, Denzer",694203,657746,,"ball",,,,,14,,"R","R","R","MIN","LAA","B",,,0,2,2026,"1.11","0.09",1.1802861279467791,2.4173624657509367,,,,2,6,"Top",,,,,,,6.174965308545264,-118.55203511959797,1.5097991905186765,9.36558551110434,21.50147000210252,-31.76703129540674,3.250721785,1.640551181,,,,"82.4",2575,"6.8",823682,605170,668904,665019,686797,656484,663616,807712,702176,"53.73",,,,,,,,45,3,"Sweeper",3,2,2,3,2,3,2,3,"Standard","Standard",63,"-0.002","0.025",,,,,"-0.025",,1,-1,0.73,0.27,30,22,30,22,3,2,6,2,9,1,"3.32","-1.11","-1.11","21.6",,,,,
"FF","2026-07-11","93.3","-2.54","4.7","Guzman, Denzer",694203,657746,,"foul",,,,,2,,"R","R","R","MIN","LAA","S",,,0,1,2026,"-1.14","0.94",0.13385884575142581,3.0319834893043867,,,,2,6,"Top",,,,,,,9.510410039387896,-135.58000489376744,-0.4929454875353646,-15.999603407987957,27.09366511964938,-20.655381011955278,3.250721785,1.640551181,203,"70.8",40,"95.4",2348,"7.4",823682,605170,668904,665019,686797,656484,663616,807712,702176,"53.09",,,,,,,,45,2,"4-Seam Fastball",3,2,2,3,2,3,2,3,"Standard","Standard",230,"0.004","-0.063","73.2","6.9",,,"0.063","88.0",1,-1,0.726,0.274,30,22,30,22,3,2,6,2,9,1,"1.67","1.14","1.14","25.0",-13.336632130705775,21.75366128005762,31.125328274986597,37.52439315387626,13.441198468182417
"FF","2026-07-11","92.7","-2.51","4.73","Guzman, Denzer",694203,657746,,"foul",,,,,1,,"R","R","R","MIN","LAA","S",,,0,0,2026,"-1.11","1.01",-0.3943003704414081,3.0404649096836316,,,,2,6,"Top",,,,,,,7.956148040389844,-134.96256897750735,-0.6806821047087156,-15.254873911067364,26.255732056237765,-19.753731225100047,3.250721785,1.640551181,194,"68.3",46,"94.9",2363,"7.3",823682,605170,668904,665019,686797,656484,663616,807712,702176,"53.18",,,,,,,,45,1,"4-Seam Fastball",3,2,2,3,2,3,2,3,"Standard","Standard",235,"0.003","-0.044","75.5","7.1",,,"0.044","88.0",1,-1,0.723,0.277,30,22,30,22,3,2,6,2,9,1,"1.61","1.11","1.11","22.0",-5.596050534607174,7.8027598328765775,29.46960040940438,32.89863309509465,24.08100116996527
"FF","2026-07-11","93.7","-2.62","4.6","Guzman, Denzer",694203,657746,"strikeout","foul_tip",,,,,4,"Denzer Guzman strikes out on a foul tip.","R","R","R","MIN","LAA","S",2,,3,2,2026,"-1.19","0.92",-0.735355969885044,2.6481048366044178,,685133,,0,4,"Top",,,,,,,7.610225095113457,-136.34852489162023,-1.2523283094100166,-16.4467506205493,29.26586699887577,-20.58247807791487,3.250721785,1.640551181,,,,"95.6",2322,"7.3",823682,605170,668904,665019,686797,656484,663616,807712,702176,"53.19",,0,"0",1,0,0,,30,8,"4-Seam Fastball",3,2,2,3,2,3,2,3,"Standard","Standard",230,"0.059","-0.422","79.0","7.6",,,"0.422",,1,-1,0.54,0.45999999999999996,30,22,30,22,2,1,6,2,9,1,"1.67","1.19","1.19","25.4",-1.3380683875531247,0.6893219238185413,38.807879575056624,26.52454284991327,23.174989745678822
"FF","2026-07-11","93.8","-2.58","4.71","Guzman, Denzer",694203,657746,,"foul",,,,,2,,"R","R","R","MIN","LAA","S",,,3,2,2026,"-1.24","0.96",-0.09176536279169434,3.247021217436899,,685133,,0,4,"Top",,,,,,,9.292399491362021,-136.26802152592495,-0.02794066483652835,-17.507123640214324,30.869033722589847,-20.444665581068907,3.250721785,1.640551181,,,,"95.3",2367,"7.3",823682,605170,668904,665019,686797,656484,663616,807712,702176,"53.21",,,,,,,,30,7,"4-Seam Fastball",3,2,2,3,2,3,2,3,"Standard","Standard",231,"0","0","76.5","8.0",,,"0",,1,-1,0.54,0.45999999999999996,30,22,30,22,2,1,6,2,9,1,"1.64","1.24","1.24","28.7",4.853066450111151,-6.426092054169905,26.017169189295075,34.12997739251852,27.636069697691596
"ST","2026-07-11","82.2","-2.7","4.59","Guzman, Denzer",694203,657746,,"ball",,,,,14,,"R","R","R","MIN","LAA","B",,,2,2,2026,"1.08","0.12",1.9028110076129274,1.743262025470012,,685133,,0,4,"Top",,,,,,,8.219402827948416,-119.48319365190963,0.1394919512846211,8.58648685037822,25.112491162104632,-31.34080065820597,3.250721785,1.640551181,,,,"82.6",2687,"6.8",823682,605170,668904,665019,686797,656484,663616,807712,702176,"53.66",,,,,,,,30,6,"Sweeper",3,2,2,3,2,3,2,3,"Standard","Standard",55,"-0.014","0.145",,,,,"-0.145",,1,-1,0.554,0.44599999999999995,30,22,30,22,2,1,6,2,9,1,"3.29","-1.08","-1.08","18.3",,,,,
"FF","2026-07-11","93.6","-2.63","4.76","Guzman, Denzer",694203,657746,,"foul",,,,,2,,"R","R","R","MIN","LAA","S",,,2,2,2026,"-1.21","1.05",-0.07891440139124195,3.1548401420823664,,685133,,0,4,"Top",,,,,,,9.408503941501621,-136.16578086820357,-0.6464513376621149,-17.062984473378723,27.17508660146079,-19.111447633025577,3.250721785,1.640551181,219,"75.2",25,"95.7",2363,"7.3",823682,605170,668904,665019,686797,656484,663616,807712,702176,"53.18",,,,,,,,30,5,"4-Seam Fastball",3,2,2,3,2,3,2,3,"Standard","Standard",233,"0","0","75.7","7.9",,,"0","88.0",1,-1,0.554,0.44599999999999995,30,22,30,22,2,1,6,2,9,1,"1.54","1.21","1.21","23.2",7.235595781951405,-4.315540893052768,28.042914577721625,34.302014926772884,27.58007559521113
"KC","2026-07-11","78.8","-2.57","4.94","Guzman, Denzer",694203,657746,,"blocked_ball",,,,,14,,"R","R","R","MIN","LAA","B",,,1,2,2026,"0.73","-0.67",1.694990088566939,0.03508237302828032,,685133,,0,4,"Top",,,,,,,7.838293026668095,-114.57367938132015,-2.359445373743193,5.099427865629046,19.978157480368232,-37.84861049168625,3.250721785,1.640551181,,,,"79.8",2703,"6.9",823682,605170,668904,665019,686797,656484,663616,807712,702176,"53.62",,,,,,,,30,4,"Knuckle Curve",3,2,2,3,2,3,2,3,"Standard","Standard",50,"-0.008","0.011",,,,,"-0.011",,1,-1,0.562,0.43799999999999994,30,22,30,22,2,1,6,2,9,1,"4.33","-0.73","-0.73","32.1",,,,,
"ST","2026-07-11","82.1","-2.72","4.57","Guzman, Denzer",694203,657746,,"ball",,,,,14,,"R","R","R","MIN","LAA","B",,,0,2,2026,"0.7","0.12",1.5711869472431275,1.0597941541622897,,685133,,0,4,"Top",,,,,,,8.292537372765063,-119.41527981029851,-1.4427136294008012,5.253728730069767,21.627426696213945,-30.96938528057409,3.250721785,1.640551181,,,,"83.2",2707,"6.9",823682,605170,668904,665019,686797,656484,663616,807712,702176,"53.6",,,,,,,,30,3,"Sweeper",3,2,2,3,2,3,2,3,"Standard","Standard",60,"-0.005","0.023",,,,,"-0.023",,1,-1,0.567,0.43300000000000005,30,22,30,22,2,1,6,2,9,1,"3.25","-0.7","-0.7","16.1",,,,,
"ST","2026-07-11","80.9","-2.77","4.64","Guzman, Denzer",694203,657746,,"swinging_strike",,,,,14,,"R","R","R","MIN","LAA","S",,,0,1,2026,"0.57","0.28",0.851854066812301,2.433474752926385,,685133,,0,4,"Top",,,,,,,6.966272556910493,-117.80593711074319,1.2889734534426378,4.2210109447585165,19.293229923943354,-29.946052335946547,3.250721785,1.640551181,,,,"82.6",2656,"7.1",823682,605170,668904,665019,686797,656484,663616,807712,702176,"53.44",,,,,,,,30,2,"Sweeper",3,2,2,3,2,3,2,3,"Strategic","Standard",68,"0.013","-0.064","64.8","8.1","0.88375308",,"0.064",,1,-1,0.554,0.44599999999999995,30,22,30,22,2,1,6,2,9,1,"3.16","-0.57","-0.57","20.4",1.0366598326176455,-11.664786008000934,27.160918577324146,46.01825355821056,32.30133097906087
"FF","2026-07-11","91.7","-2.67","4.79","Guzman, Denzer",694203,657746,,"foul_bunt",,,,,11,,"R","R","R","MIN","LAA","S",,,0,0,2026,"-1.14","1.15",-1.0066052295306256,3.563154730271995,,685133,,0,4,"Top",,,,,,,6.756970851316085,-133.44055015058865,0.3747326731756082,-15.083111052212304,27.49300655204897,-18.71949172651291,3.250721785,1.640551181,,,,"93.1",2245,"7",823682,605170,668904,665019,686797,656484,663616,807712,702176,"53.49",,,,,,,,30,1,"4-Seam Fastball",3,2,2,3,2,3,2,3,"Standard","Standard",230,"0.008","-0.034","9.5","0.4",,,"0.034","88.0",1,-1,0.546,0.45399999999999996,30,22,30,22,2,1,6,2,9,1,"1.55","1.14","1.14","22.0",-31.18290200015301,-171.29140478679955,84.4767843428635,23.374968575706127,24.316772965283874
"ST","2026-07-11","81.3","-2.85","4.78","Guzman, Denzer",694203,657746,"strikeout","swinging_strike",,,,,2,"Denzer Guzman strikes out swinging.","R","R","R","MIN","LAA","S",2,,2,2,2026,"1.12","0.35",0.19857423522342477,3.0850476229319566,,685133,,1,2,"Top",,,,,,,4.621109260726332,-118.34444542953243,2.2683346235699187,9.763950030914557,20.57435205369078,-29.462285532209723,3.250721785,1.640551181,,,,"82.5",2771,"6.9",823682,605170,668904,665019,686797,656484,663616,807712,702176,"53.63",,0,"0",1,0,0,,11,5,"Sweeper",0,0,0,0,0,0,0,0,"Standard","Standard",71,"0.031","-0.234","71.8","8.0","0.1",,"0.234",,0,0,0.486,0.514,30,22,30,22,1,0,6,2,9,1,"3.07","-1.12","-1.12","21.7",7.531914978399497,-13.88910792457611,25.69404007613908,37.6919230145846,33.36598415269188
"FF","2026-07-11","93.9","-2.83","4.67","Guzman, Denzer",694203,657746,,"foul",,,,,5,,"R","R","R","MIN","LAA","S",,,2,1,2026,"-0.92","0.91",-0.19453267543906083,2.566323282563166,,685133,,1,2,"Top",,,,,,,8.903619385620214,-136.63374567246137,-1.6458202346370847,-13.350930511525597,27.866372265966636,-20.583807950015213,3.250721785,1.640551181,,,,"95.4",2278,"7",823682,605170,668904,665019,686797,656484,663616,807712,702176,"53.49",,,,,,,,11,4,"4-Seam Fastball",0,0,0,0,0,0,0,0,"Standard","Standard",230,"0.008","-0.076","74.0","8.2",,,"0.076",,0,0,0.478,0.522,30,22,30,22,1,0,6,2,9,1,"1.66","0.92","0.92","22.8",4.697670121796139,-7.528253427761455,33.06965468612348,33.70835912251886,28.018286491457864
"ST","2026-07-11","81.1","-2.88","4.71","Guzman, Denzer",694203,657746,,"ball",,,,,14,,"R","R","R","MIN","LAA","B",,,1,1,2026,"0.86","0.06",0.7004290723731768,1.1543520263066718,,,685133,1,2,"Top",,,,,,,6.2737905006315415,-118.07911921264254,-1.2388239869513538,6.87759803405826,21.89040042994648,-31.618839563669138,3.250721785,1.640551181,,,,"81.7",2721,"6.6",823682,605170,668904,665019,686797,656484,663616,807712,702176,"53.88",,,,,,,,11,3,"Sweeper",0,0,0,0,0,0,0,0,"Standard","Standard",63,"-0.021","0.063",,,,,"-0.063",,0,0,0.499,0.501,30,22,30,22,1,0,6,2,9,1,"3.4","-0.86","-0.86","20.0",,,,,
"FF","2026-07-11","92.1","-2.68","4.7","Guzman, Denzer",694203,657746,,"ball",,,,,14,,"R","R","R","MIN","LAA","B",,,0,1,2026,"-0.96","1.22",0.9820372534907322,1.9367502409376787,,,685133,1,2,"Top",,,,,,,11.422824018513868,-133.60160230348527,-3.666096292129241,-14.002685628847635,29.54321622129671,-16.931173021004646,3.250721785,1.640551181,,,,"92.9",2339,"7",823682,605170,668904,665019,686797,656484,663616,807712,702176,"53.48",,,,,,,,11,2,"4-Seam Fastball",0,0,0,0,0,0,0,0,"Standard","Standard",229,"-0.003","0.029",,,,,"-0.029",,0,0,0.502,0.498,30,22,30,22,1,0,6,2,9,1,"1.49","0.96","0.96","22.6",,,,,
"ST","2026-07-11","80.9","-2.95","4.78","Guzman, Denzer",694203,657746,,"called_strike",,,,,7,,"R","R","R","MIN","LAA","S",,,0,0,2026,"0.99","0.17",-0.48622909062100694,2.017472746703695,,,685133,1,2,"Top",,,,,,,3.5207909396123047,-117.83944378276682,0.3396222611522981,8.597081139012076,22.190875247888673,-30.883840004865302,3.250721785,1.640551181,,,,"81.3",2644,"6.5",823682,605170,668904,665019,686797,656484,663616,807712,702176,"54.02",,,,,,,,11,1,"Sweeper",0,0,0,0,0,0,0,0,"Standard","Standard",70,"0.005","-0.041",,,,,"0.041",,0,0,0.497,0.503,30,22,30,22,1,0,6,2,9,1,"3.3","-0.99","-0.99","20.3",,,,,
"SL","2026-07-11","90.4","-1.6","5.22","Guzman, Denzer",694203,808970,"single","hit_into_play",,,,,5,"Denzer Guzman singles on a ground ball to shortstop Ryan Kreidler, deflected by third baseman Brooks Lee. Wade Meckler to 2nd.","R","R","R","MIN","LAA","X",5,"ground_ball",3,2,2026,"0.12","0.29",0.007672942841512272,2.6207060146593313,,,685133,2,8,"Top",105.53,166.38,,,,,3.718184218829618,-131.76737166017992,-1.0609057109245035,0.7026983099538002,24.489516349241033,-28.740389434798086,3.250721785,1.640551181,22,"97.4",-6,"91.1",2361,"6.3",823682,605170,668904,665019,686797,668952,668885,807712,702176,"54.16",0.264,0.247,"0.9",1,1,0,2,65,7,"Slider",5,3,3,5,3,5,3,5,"Standard","Standard",186,"-0.032","0.28","77.5","8.2",,0.295,"-0.28","97.4",2,-2,0.897,0.10299999999999998,27,22,28,22,1,3,2,2,8,1,"2.46","-0.12","-0.12","39.3",4.40148911121267,-10.646764538279806,28.050084651398983,34.39884839354781,31.188686650040722
"SL","2026-07-11","91","-1.56","5.24","Guzman, Denzer",694203,808970,,"foul",,,,,4,,"R","R","R","MIN","LAA","S",,,3,2,2026,"0.18","0.59",-0.37155913976958843,2.6123852726341203,,,685133,2,8,"Top",,,,,,,2.5605010115066063,-132.7202747162346,-1.9518949986445722,1.7329208979224102,21.624297489106315,-24.933154941820444,3.250721785,1.640551181,119,"74.3",73,"91.9",2180,"6.2",823682,605170,668904,665019,686797,668952,668885,807712,702176,"54.29",,,,,,,,65,6,"Slider",5,3,3,5,3,5,3,5,"Standard","Standard",200,"0","0","75.3","7.6",,,"0","88.0",2,-2,0.897,0.10299999999999998,27,22,28,22,1,3,2,2,8,1,"2.1","-0.18","-0.18","43.7",1.0011853382636917,-5.298953033345664,33.55263098065668,30.76216031026514,28.89254071280168
"CU","2026-07-11","81.7","-1.26","5.38","Guzman, Denzer",694203,808970,,"blocked_ball",,,,,14,,"R","R","R","MIN","LAA","B",,,2,2,2026,"0.45","-1.31",2.2958844352556897,0.2705993376209852,,,685133,2,8,"Top",,,,,,,7.015513881102894,-118.78180540504451,-2.054188731605329,2.822002125348101,23.594562102200026,-44.356219418280794,3.250721785,1.640551181,,,,"81.5",2775,"6.3",823682,605170,668904,665019,686797,668952,668885,807712,702176,"54.21",,,,,,,,65,5,"Curveball",5,3,3,5,3,5,3,5,"Standard","Standard",28,"-0.011","0.088",,,,,"-0.088",,2,-2,0.908,0.09199999999999997,27,22,28,22,1,3,2,2,8,1,"4.74","-0.45","-0.45","43.1",,,,,
"SL","2026-07-11","91.5","-1.43","5.24","Guzman, Denzer",694203,808970,,"ball",,,,,14,,"R","R","R","MIN","LAA","B",,,1,2,2026,"0","0.48",1.9754310587159636,0.8498069188426927,,,685133,2,8,"Top",,,,,,,8.454371612609501,-133.0771096157338,-6.0440519917985,-1.6521173327458127,26.331062180004352,-25.38871454548614,3.250721785,1.640551181,,,,"91.7",2416,"6.3",823682,605170,668904,665019,686797,668952,668885,807712,702176,"54.22",,,,,,,,65,4,"Slider",5,3,3,5,3,5,3,5,"Standard","Standard",202,"-0.005","0.049",,,,,"-0.049",,2,-2,0.913,0.08699999999999997,27,22,28,22,1,3,2,2,8,1,"2.23","0","0","41.2",,,,,
"SL","2026-07-11","91.5","-1.41","5.33","Guzman, Denzer",694203,808970,,"foul",,,,,2,,"R","R","R","MIN","LAA","S",,,1,1,2026,"0","0.53",-0.17135135521038464,3.0329779898122484,,,685133,2,8,"Top",,,,,,,3.0743356630685517,-133.40946775837645,-0.9690623511136665,-0.5459240896497725,25.90459573394966,-25.844060511143567,3.250721785,1.640551181,180,"67.2",50,"92",2365,"6.3",823682,605170,668904,665019,686797,668952,668885,807712,702176,"54.25",,,,,,,,65,3,"Slider",5,3,3,5,3,5,3,5,"Standard","Standard",194,"0.008","-0.066","74.5","7.3",,,"0.066","88.0",2,-2,0.905,0.09499999999999997,27,22,28,22,1,3,2,2,8,1,"2.16","0","0","48.4",-2.2430818589921033,2.910463680225916,28.80304029505448,33.418608062567515,22.928472259929105
"FF","2026-07-11","94.7","-1.51","5.22","Guzman, Denzer",694203,808970,,"ball",,,,,11,,"R","R","R","MIN","LAA","B",,,0,1,2026,"-0.62","1.19",-1.2525500202289797,3.6143659148787757,,,685133,2,8,"Top",,,,,,,2.0764065990147387,-137.99861663025516,-1.1132170636090009,-8.417826787337685,30.04433599403558,-16.872003835039745,3.250721785,1.640551181,,,,"95",2276,"6.4",823682,605170,668904,665019,686797,668952,668885,807712,702176,"54.14",,,,,,,,65,2,"4-Seam Fastball",5,3,3,5,3,5,3,5,"Standard","Standard",209,"-0.003","0.029",,,,,"-0.029",,2,-2,0.908,0.09199999999999997,27,22,28,22,1,3,2,2,8,1,"1.34","0.62","0.62","38.1",,,,,
"SL","2026-07-11","90.7","-1.53","5.28","Guzman, Denzer",694203,808970,,"called_strike",,,,,4,,"R","R","R","MIN","LAA","S",,,0,0,2026,"0.19","0.38",-0.5266806326940078,2.6195079263108503,,,685133,2,8,"Top",,,,,,,2.0651345762778672,-132.30660553768453,-1.4548245624575182,1.8821960687896755,24.60228189281452,-27.621353378619013,3.250721785,1.640551181,,,,"91.5",2308,"6.4",823682,605170,668904,665019,686797,668952,668885,807712,702176,"54.15",,,,,,,,65,1,"Slider",5,3,3,5,3,5,3,5,"Standard","Standard",184,"0.005","-0.042",,,,,"0.042",,2,-2,0.903,0.09699999999999998,27,22,28,22,1,3,2,2,8,1,"2.35","-0.19","-0.19","42.8",,,,,
"FF","2026-07-09","96.5","-2.28","5.52","Guzman, Denzer",694203,543135,"catcher_interf","foul",,,,,6,"Denzer Guzman reaches on catcher interference by Kyle Higashioka. Denzer Guzman to 1st.","R","R","R","TEX","LAA","S",2,,0,2,2026,"-0.92","1.07",0.5107839904548046,2.5251154711409134,,,,0,7,"Top",,,,,,,9.531861024026263,-140.1776023758014,-4.725769442249304,-14.191069126788465,30.240078188083565,-17.091974005208183,3.250721785,1.640551181,,,,"97.4",2195,"6.8",822877,543309,669394,679822,673962,677649,696030,695508,607043,"53.72",,,"0.7",1,0,0,,54,3,"4-Seam Fastball",6,1,1,6,1,6,1,6,"Infield shade","Standard",225,"-0.022","0","46.6","6.5",,,"0",,5,-5,0.972,0.028000000000000025,36,22,36,22,3,2,7,1,10,2,"1.37","0.92","0.92","35.1",-33.3212277507481,38.20924762439823,36.22964243223575,40.769295212722206,-5.625969383628555
"FS","2026-07-09","87.7","-2.26","5.6","Guzman, Denzer",694203,543135,,"foul",,,,,7,,"R","R","R","TEX","LAA","S",,,0,1,2026,"-1.2","0.18",-0.516622460659935,1.5302766435206485,,,,0,7,"Top",,,,,,,6.758270435353078,-127.61131649282697,-3.952641956347535,-14.463268349132203,24.15870434855458,-29.591730193591594,3.250721785,1.640551181,4,"71.5",-23,"88.9",1598,"6.9",822877,543309,669394,679822,673962,677649,696030,695508,607043,"53.62",,,,,,,,54,2,"Split-Finger",6,1,1,6,1,6,1,6,"Infield shade","Standard",243,"0.002","-0.056","73.1","9.1",,,"0.056","88.0",5,-5,0.97,0.030000000000000027,36,22,36,22,3,2,7,1,10,2,"2.76","1.2","1.2","36.6",25.05968705884492,-33.74814700123887,40.08062177431365,28.101134859512584,46.45121619318651
"FS","2026-07-09","88.8","-2.36","5.75","Guzman, Denzer",694203,543135,,"foul",,,,,5,,"R","R","R","TEX","LAA","S",,,0,0,2026,"-0.93","0.06",0.13007483038656475,2.291346007708874,,,,0,7,"Top",,,,,,,8.082588117560817,-129.24824438131049,-2.3825863968653724,-11.9962517981166,24.362099276139876,-31.281032544549834,3.250721785,1.640551181,4,"80.5",-34,"90",1641,"6.8",822877,543309,669394,679822,673962,677649,696030,695508,607043,"53.68",,,,,,,,54,1,"Split-Finger",6,1,1,6,1,6,1,6,"Infield shade","Standard",235,"0.002","-0.043","78.1","8.6",,,"0.043","88.0",5,-5,0.968,0.03200000000000003,36,22,36,22,3,2,7,1,10,2,"2.81","0.93","0.93","39.7",13.30193547675226,-20.768700309128942,29.945460925865905,36.927985096868625,36.25931115692943
"FS","2026-07-09","88.8","-2.27","5.59","Guzman, Denzer",694203,543135,"field_out","hit_into_play",,,,,8,"Denzer Guzman grounds out, shortstop Ezequiel Duran to first baseman Jake Burger.","R","R","R","TEX","LAA","X",6,"ground_ball",0,2,2026,"-0.99","0.1",-0.091807012489736,2.0765843424556607,,,,1,4,"Top",110.99,154.38,,,,,7.430621148059179,-129.24396050553858,-2.628562148758115,-12.591447783999438,24.04926679658112,-30.712244509773857,3.250721785,1.640551181,5,"57.9",-23,"90",1502,"6.7",822877,543309,669394,679822,673962,677649,696030,695508,607043,"53.75",0.068,0.064,"0",1,0,0,1,32,3,"Split-Finger",4,1,1,4,1,4,1,4,"Infield shade","Standard",240,"0.009","-0.165","70.4","7.8",,0.081,"0.165","88.0",3,-3,0.842,0.15800000000000003,36,22,36,22,2,1,7,1,10,2,"2.76","0.99","0.99","37.9",-0.8229755742820575,7.064528687384514,31.78438412068905,34.375282462762854,20.264064201609735
"FF","2026-07-09","96.8","-2.35","5.49","Guzman, Denzer",694203,543135,,"called_strike",,,,,6,,"R","R","R","TEX","LAA","S",,,0,1,2026,"-0.83","1.28",0.6524487829096862,2.7171791022150575,,,,1,4,"Top",,,,,,,9.91160210282506,-140.57849203762973,-4.6429909533569225,-13.190606806642457,31.423250891241253,-14.333208121639217,3.250721785,1.640551181,,,,"97.6",2282,"6.8",822877,543309,669394,679822,673962,677649,696030,695508,607043,"53.66",,,,,,,,32,2,"4-Seam Fastball",4,1,1,4,1,4,1,4,"Infield shade","Standard",230,"0.004","-0.057",,,,,"0.057",,3,-3,0.838,0.16200000000000003,36,22,36,22,2,1,7,1,10,2,"1.16","0.83","0.83","38.1",,,,,
"FF","2026-07-09","95.3","-2.46","5.34","Guzman, Denzer",694203,543135,,"called_strike",,,,,8,,"R","R","R","TEX","LAA","S",,,0,0,2026,"-1.02","0.87",-0.08264348092412366,1.7591570475690177,,,,1,4,"Top",,,,,,,8.577641239068987,-138.47024840288998,-5.627188230137808,-14.929303806624677,28.77553603399539,-19.896457751330505,3.250721785,1.640551181,,,,"96.5",2137,"6.9",822877,543309,669394,679822,673962,677649,696030,695508,607043,"53.59",,,,,,,,32,1,"4-Seam Fastball",4,1,1,4,1,4,1,4,"Infield shade","Standard",232,"0.002","-0.042",,,,,"0.042",,3,-3,0.836,0.16400000000000003,36,22,36,22,2,1,7,1,10,2,"1.63","1.02","1.02","34.0",,,,,
"FS","2026-07-09","88.7","-2.35","5.69","Guzman, Denzer",694203,543135,"strikeout","swinging_strike",,,,,13,"Denzer Guzman strikes out swinging.","R","R","R","TEX","LAA","S",2,,2,2,2026,"-0.8","-0.09",-0.3087619527757285,1.4081545573124203,,,687093,1,2,"Top",,,,,,,6.679451361429107,-129.07468229864403,-4.063261770551737,-10.28491574710107,24.62465681962128,-32.612212237373896,3.250721785,1.640551181,,,,"89.7",1526,"6.7",822877,543309,669394,679822,673962,677649,696030,695508,607043,"53.77",,0,"0",1,0,0,,13,5,"Split-Finger",2,0,0,2,0,2,0,2,"Standard","Standard",240,"0.025","-0.234",,,,,"0.234",,2,-2,0.7,0.30000000000000004,36,22,36,22,1,0,7,1,10,2,"2.97","0.8","0.8","35.3",,,,,
"CU","2026-07-09","76.6","-2.07","5.88","Guzman, Denzer",694203,543135,,"ball",,,,,14,,"R","R","R","TEX","LAA","B",,,1,2,2026,"0.57","-0.49",0.8583726385796531,1.2909848695778892,,,687093,1,2,"Top",,,,,,,5.126255449982004,-111.53455359550304,-1.5611717560455836,3.9054409808981934,19.345596495740164,-36.218424582078164,3.250721785,1.640551181,,,,"77.8",1844,"7",822877,543309,669394,679822,673962,677649,696030,695508,607043,"53.47",,,,,,,,13,4,"Curveball",2,0,0,2,0,2,0,2,"Standard","Standard",40,"-0.004","0.057",,,,,"-0.057",,2,-2,0.704,0.29600000000000004,36,22,36,22,1,0,7,1,10,2,"4.36","-0.57","-0.57","42.9",,,,,
"FS","2026-07-09","88.9","-2.44","5.57","Guzman, Denzer",694203,543135,,"foul",,,,,13,,"R","R","R","TEX","LAA","S",,,1,1,2026,"-1","0.01",-0.5147745716515592,1.4358866956177185,,,687093,1,2,"Top",,,,,,,6.863912084482641,-129.4185372745934,-3.960409257201479,-12.589812982494708,24.51652886770279,-31.532548534825896,3.250721785,1.640551181,4,"94.4",-24,"90.3",1592,"6.9",822877,543309,669394,679822,673962,677649,696030,695508,607043,"53.56",,,,,,,,13,3,"Split-Finger",2,0,0,2,0,2,0,2,"Standard","Standard",239,"0.008","-0.069","69.5","8.4",,,"0.069","94.4",2,-2,0.696,0.30400000000000005,36,22,36,22,1,0,7,1,10,2,"2.85","1","1","35.0",21.919641781832677,-15.187139715073974,40.21837745697468,27.378281542067974,34.634876479562664
"FF","2026-07-09","95","-2.37","5.46","Guzman, Denzer",694203,543135,,"ball",,,,,14,,"R","R","R","TEX","LAA","B",,,0,1,2026,"-0.98","1.03",0.3634443472489848,1.4688298575802805,,,687093,1,2,"Top",,,,,,,9.389032231724165,-138.01504414458844,-6.9905283035606445,-14.593414675002737,29.579827086909656,-17.570710855532095,3.250721785,1.640551181,,,,"96",2091,"6.9",822877,543309,669394,679822,673962,677649,696030,695508,607043,"53.64",,,,,,,,13,2,"4-Seam Fastball",2,0,0,2,0,2,0,2,"Standard","Standard",231,"-0.004","0.029",,,,,"-0.029",,2,-2,0.7,0.30000000000000004,36,22,36,22,1,0,7,1,10,2,"1.49","0.98","0.98","32.5",,,,,
"FS","2026-07-09","88.3","-2.35","5.6","Guzman, Denzer",694203,543135,,"foul",,,,,7,,"R","R","R","TEX","LAA","S",,,0,0,2026,"-0.99","-0.11",-0.4100303106458604,1.8269366016364574,,,687093,1,2,"Top",,,,,,,6.811230501601368,-128.5181297448303,-2.7137328982526663,-12.277710124333494,23.55888026668931,-33.132916354956635,3.250721785,1.640551181,357,"95.2",26,"89.6",1509,"6.8",822877,543309,669394,679822,673962,677649,696030,695508,607043,"53.68",,,,,,,,13,1,"Split-Finger",2,0,0,2,0,2,0,2,"Standard","Standard",237,"0.005","-0.041","78.2","9.0",,,"0.041","95.2",2,-2,0.695,0.30500000000000005,36,22,36,22,1,0,7,1,10,2,"3.01","0.99","0.99","42.4",16.85321087332919,-28.292537797104234,36.319250487415346,30.36034729626843,34.178394568147844
"FF","2026-07-09","92.5","2.51","5.44","Guzman, Denzer",694203,641302,"strikeout","swinging_strike",,,,,2,"Denzer Guzman strikes out swinging.","R","R","L","TEX","LAA","S",2,,1,2,2026,"0.88","1.28",-0.17915991978320456,3.0223856385115884,,624585,666176,2,7,"Top",,,,,,,-8.779663458345754,-134.41463630550703,-2.9978350163362526,12.663425756313213,30.28603347286119,-16.16275205485294,3.250721785,1.640551181,,,,"92.8",2342,"6.6",822877,543309,669394,679822,673962,677649,696030,695508,607043,"53.87",,0,"0",1,0,0,,63,4,"4-Seam Fastball",6,6,6,6,6,6,6,6,"Infield shade","Standard",141,"0.054","-0.214","76.2","7.7","0.298257528",,"0.214",,0,0,0.534,0.46599999999999997,31,22,32,22,1,3,2,1,1,2,"1.4","0.88","-0.88","31.3",7.769715235399859,-6.155323108236196,33.21530321978027,31.774909877306122,26.37111931710021
"FC","2026-07-09","88.6","2.54","5.45","Guzman, Denzer",694203,641302,,"foul",,,,,4,,"R","R","L","TEX","LAA","S",,,1,1,2026,"0.2","0.49",-0.7459022357205649,2.6516936494658028,,624585,666176,2,7,"Top",,,,,,,-8.307405205160219,-128.9754933950942,-1.6847869054814062,3.736921596125027,23.01909266596605,-26.55765638869205,3.250721785,1.640551181,156,"61.3",47,"88.9",2315,"6.1",822877,543309,669394,679822,673962,677649,696030,695508,607043,"54.38",,,,,,,,63,3,"Cutter",6,6,6,6,6,6,6,6,"Infield shade","Standard",159,"0.019","-0.054","74.0","7.7",,,"0.054","88.0",0,0,0.515,0.485,31,22,32,22,1,3,2,1,1,2,"2.38","0.2","-0.2","32.8",7.219917069225735,-10.152164427806834,38.09731823333879,25.40715970735884,26.774818864305644
"FF","2026-07-09","92","2.43","5.53","Guzman, Denzer",694203,641302,,"ball",,,,,11,,"R","R","L","TEX","LAA","B",,,0,1,2026,"0.98","1.15",-0.6893431103455323,4.3978379255006494,,624585,666176,2,7,"Top",,,,,,,-9.934298222920123,-133.62523600563392,0.5647299812336215,13.822614358470792,27.540799997942187,-18.62972804707589,3.250721785,1.640551181,,,,"91.9",2260,"6.2",822877,543309,669394,679822,673962,677649,696030,695508,607043,"54.28",,,,,,,,63,2,"4-Seam Fastball",6,6,6,6,6,6,6,6,"Infield shade","Standard",134,"-0.008","0.017",,,,,"-0.017",,0,0,0.523,0.477,31,22,32,22,1,3,2,1,1,2,"1.54","0.98","-0.98","32.7",,,,,
"FF","2026-07-09","92.8","2.38","5.54","Guzman, Denzer",694203,641302,,"called_strike",,,,,5,,"R","R","L","TEX","LAA","S",,,0,0,2026,"1.11","1.31",0.2761559918233927,2.4051784484855494,,624585,666176,2,7,"Top",,,,,,,-7.758034719173125,-134.99601105450978,-4.942917576544846,15.27972406696466,28.134510628278754,-15.232416112774906,3.250721785,1.640551181,,,,"92.7",2268,"6.2",822877,543309,669394,679822,673962,677649,696030,695508,607043,"54.33",,,,,,,,63,1,"4-Seam Fastball",6,6,6,6,6,6,6,6,"Infield shade","Standard",131,"0.012","-0.033",,,,,"0.033",,0,0,0.511,0.489,31,22,32,22,1,3,2,1,1,2,"1.33","1.11","-1.11","34.4",,,,,
"FC","2026-07-08","89.3","2.08","5.55","Guzman, Denzer",694203,669022,"field_out","hit_into_play",,,,,12,"Denzer Guzman lines out to right fielder Brandon Nimmo.","R","R","L","TEX","LAA","X",9,"line_drive",1,1,2026,"0.01","0.79",0.9614004792178558,2.5518904884012255,,,,0,5,"Top",188.8,102.36,,,,,-2.7802494097455583,-130.08579536222464,-2.9258629505080544,0.6762951386948234,25.782196011564274,-22.75664630370299,3.250721785,1.640551181,286,"95",17,"90.4",1952,"6.8",822880,553869,669394,669701,677649,670032,696030,694497,607043,"53.72",0.574,0.539,"0",1,0,0,4,40,3,"Cutter",0,7,7,0,7,0,7,0,"Infield shade","Standard",154,"0.002","-0.25","71.3","8.0",,0.712,"0.25","95.0",-7,7,0.022,0.978,27,22,27,22,3,2,7,1,4,1,"2.05","0.01","-0.01","45.2",-2.2287587333674983,13.9943804242543,26.936359707351485,47.87096256512823,14.75764596855912
"FF","2026-07-08","94.7","1.83","5.79","Guzman, Denzer",694203,669022,,"ball",,,,,11,,"R","R","L","TEX","LAA","B",,,0,1,2026,"0.43","1.54",-1.1574069155370075,4.0865412074965946,,,,0,5,"Top",,,,,,,-8.723555769720782,-137.5716017744541,-2.050974711838389,7.469253919008111,32.82975440786351,-12.47658699792529,3.250721785,1.640551181,,,,"94.9",2358,"6.7",822880,553869,669394,669701,677649,670032,696030,694497,607043,"53.83",,,,,,,,40,2,"4-Seam Fastball",0,7,7,0,7,0,7,0,"Infield shade","Standard",154,"0","0.029",,,,,"-0.029",,-7,7,0.022,0.978,27,22,27,22,3,2,7,1,4,1,"1.03","0.43","-0.43","51.4",,,,,
"FF","2026-07-08","96.1","1.83","5.6","Guzman, Denzer",694203,669022,,"called_strike",,,,,7,,"R","R","L","TEX","LAA","S",,,0,0,2026,"0.76","1.23",-0.7552606277073118,1.9936090073306374,,,,0,5,"Top",,,,,,,-8.569849335269172,-139.52901206124588,-6.592996138698909,11.8637803229183,33.12218135653624,-14.72081662610946,3.250721785,1.640551181,,,,"96.6",2296,"6.8",822880,553869,669394,669701,677649,670032,696030,694497,607043,"53.7",,,,,,,,40,1,"4-Seam Fastball",0,7,7,0,7,0,7,0,"Infield shade","Standard",149,"0","-0.043",,,,,"0.043",,-7,7,0.022,0.978,27,22,27,22,3,2,7,1,4,1,"1.26","0.76","-0.76","44.9",,,,,
"CH","2026-07-08","86.3","1.98","5.54","Guzman, Denzer",694203,669022,"single","hit_into_play",,,,,12,"Denzer Guzman singles on a ground ball to second baseman Josh Smith.","R","R","L","TEX","LAA","X",4,"ground_ball",1,1,2026,"1.09","0.67",1.1858107539779907,2.763852091903738,,,,0,4,"Top",124.89,137.39,,,,,-4.141046480993648,-125.6732612843366,-1.6419343230118548,12.346616699533682,23.268027003578197,-24.863614526736278,3.250721785,1.640551181,40,"85.3",-1,"87.3",1951,"6.7",822880,553869,669394,669701,677649,670032,696030,694497,607043,"53.83",0.264,0.252,"0.9",1,1,0,2,26,3,"Changeup",0,3,3,0,3,0,3,0,"Infield shade","Standard",121,"-0.021","0.47","71.4","8.2",,0.293,"-0.47","88.0",-3,3,0.187,0.813,27,22,27,22,2,1,7,1,4,1,"2.36","1.09","-1.09","44.8",2.2255025533965047,-1.8859251997223578,22.625513140593977,49.73563373208819,21.580157896003747
"CH","2026-07-08","87.2","1.95","5.49","Guzman, Denzer",694203,669022,,"swinging_strike",,,,,14,,"R","R","L","TEX","LAA","S",,,1,0,2026,"1.04","0.54",0.9689055952520084,0.8567275368485916,,,,0,4,"Top",,,,,,,-4.539037112964215,-126.85812045588027,-5.938942077647692,12.11913146148541,24.205786514254637,-25.36258548709615,3.250721785,1.640551181,,,,"88.2",1986,"6.8",822880,553869,669394,669701,677649,670032,696030,694497,607043,"53.7",,,,,,,,26,2,"Changeup",0,3,3,0,3,0,3,0,"Infield shade","Standard",122,"0.003","-0.058","62.0","8.8","2.898337644",,"0.058",,-3,3,0.184,0.8160000000000001,27,22,27,22,2,1,7,1,4,1,"2.44","1.04","-1.04","43.0",26.00973494036618,-40.04839742454743,39.24838302162363,46.95474251186341,35.8933472265141
"FF","2026-07-08","96.6","1.92","5.63","Guzman, Denzer",694203,669022,,"ball",,,,,13,,"R","R","L","TEX","LAA","B",,,0,0,2026,"0.5","1.41",-1.1430737852505024,1.477254132923012,,,,0,4,"Top",,,,,,,-9.280556169953025,-140.13677765479244,-8.597711311492011,8.631899569234582,31.141191067663048,-11.741632084017809,3.250721785,1.640551181,,,,"97.5",2326,"6.9",822880,553869,669394,669701,677649,670032,696030,694497,607043,"53.59",,,,,,,,26,1,"4-Seam Fastball",0,3,3,0,3,0,3,0,"Infield shade","Standard",150,"-0.002","0.044",,,,,"-0.044",,-3,3,0.186,0.8140000000000001,27,22,27,22,2,1,7,1,4,1,"1.04","0.5","-0.5","43.3",,,,,
"FC","2026-07-08","91.1","1.63","5.71","Guzman, Denzer",694203,669022,"field_out","hit_into_play",,,,,4,"Denzer Guzman pops out to catcher Elias Díaz in foul territory.","R","R","L","TEX","LAA","X",2,"popup",1,0,2026,"-0.09","0.85",-0.7276640441916885,2.5591966783508306,,,687093,2,1,"Top",129.63,215.94,,,,,-5.699101881289935,-132.6086229562436,-3.7094569338650034,0.13103743827065495,28.170180232490864,-21.588708538496643,3.250721785,1.640551181,31,"88.6",85,"92.1",1872,"6.9",822880,553869,669394,669701,677649,670032,696030,694497,607043,"53.62",0.001,0,"0",1,0,0,3,5,2,"Cutter",0,1,1,0,1,0,1,0,"Infield shade","Standard",155,"0.023","-0.32","76.7","8.3",,0.001,"0.32","88.6",-1,1,0.425,0.575,27,22,27,22,1,0,7,1,4,1,"1.9","-0.09","0.09","49.5",12.89314578579521,-24.48730913920709,36.57670779189257,26.743609118811044,42.37741582714505
"FF","2026-07-08","96.1","1.69","5.63","Guzman, Denzer",694203,669022,,"ball",,,,,14,,"R","R","L","TEX","LAA","B",,,0,0,2026,"0.56","1.34",0.34639936232418167,1.1958729367453862,,,687093,2,1,"Top",,,,,,,-4.832177740515834,-139.66263614265915,-9.028193136605822,8.399483224860804,32.82454827165057,-12.732353189280369,3.250721785,1.640551181,,,,"96.6",2200,"6.7",822880,553869,669394,669701,677649,670032,696030,694497,607043,"53.75",,,,,,,,5,1,"4-Seam Fastball",0,1,1,0,1,0,1,0,"Infield shade","Standard",148,"-0.002","0.041",,,,,"-0.041",,-1,1,0.427,0.573,27,22,27,22,1,0,7,1,4,1,"1.14","0.56","-0.56","44.9",,,,,
"FA","2026-07-08","43.8","-1.84","7.08","Guzman, Denzer",694203,543309,"double","hit_into_play",,,,,6,"Denzer Guzman doubles (4) on a line drive to left fielder Josh Smith. Jo Adell to 3rd.","R","R","R","TEX","LAA","X",7,"line_drive",2,2,2026,"-0.24","2.08",0.47465233418643193,2.3016475723312837,,,666176,0,9,"Top",54.62,121.95,,,,,2.871105623461285,-63.430191596621725,4.514076754850133,-0.9530636767459353,6.983229139751177,-27.329950374296,3.250721785,1.640551181,183,"98.9",11,"41.8",1262,"4",822880,553869,669394,679822,677649,695508,669701,694497,696030,"56.46",0.9,0.855,"1.25",1,1,1,4,72,5,"Other",1,11,11,1,11,1,11,1,"Standard","Standard",202,"0","0.809","81.5","7.7",,1.053,"-0.809","98.9",-10,10,0.001,0.999,36,22,36,22,1,4,22,1,9,1,"9.99","0.24","0.24","60.9",12.97463947760261,-16.592577920492243,24.479790061119637,36.73889203756856,51.20280246523874
"FA","2026-07-08","42.6","-1.94","6.99","Guzman, Denzer",694203,543309,,"ball",,,,,11,,"R","R","R","TEX","LAA","B",,,1,2,2026,"-0.25","1.78",-0.05686074309484068,6.337352538462252,,,666176,0,9,"Top",,,,,,,2.2914404435219557,-60.77506244734273,10.141799064706204,-0.8593367087587961,6.3585636414523705,-29.094636882362103,3.250721785,1.640551181,,,,"40.1",1169,"4.1",822880,553869,669394,679822,677649,695508,669701,694497,696030,"56.39",,,,,,,,72,4,"Other",1,11,11,1,11,1,11,1,"Standard","Standard",190,"0","0.045",,,,,"-0.045",,-10,10,0.001,0.999,36,22,36,22,1,4,22,1,9,1,"11.36","0.25","0.25","61.8",,,,,
"FA","2026-07-08","42.7","-2.02","7.11","Guzman, Denzer",694203,543309,,"called_strike",,,,,9,,"R","R","R","TEX","LAA","S",,,1,1,2026,"-0.18","1.84",0.5142483698817562,2.0858814837917077,,,666176,0,9,"Top",,,,,,,2.983098328331607,-61.73890223117044,4.935992021901803,-0.7678773770898105,6.296372090269854,-28.220308281977836,3.250721785,1.640551181,,,,"40.7",1194,"4",822880,553869,669394,679822,677649,695508,669701,694497,696030,"56.46",,,,,,,,72,3,"Other",1,11,11,1,11,1,11,1,"Standard","Standard",199,"0","-0.058",,,,,"0.058",,-10,10,0.001,0.999,36,22,36,22,1,4,22,1,9,1,"10.85","0.18","0.18","61.6",,,,,
"FA","2026-07-08","44.7","-2.03","7.24","Guzman, Denzer",694203,543309,,"called_strike",,,,,6,,"R","R","R","TEX","LAA","S",,,1,0,2026,"-0.14","2.04",0.29145755868712,2.208037031881572,,,666176,0,9,"Top",,,,,,,2.8234881078695233,-64.77011728264605,3.785790581329434,-0.693217713283759,7.069041394558275,-27.108815084249883,3.250721785,1.640551181,,,,"42.5",1279,"3.8",822880,553869,669394,679822,677649,695508,669701,694497,696030,"56.71",,,,,,,,72,2,"Other",1,11,11,1,11,1,11,1,"Standard","Standard",202,"0","-0.057",,,,,"0.057",,-10,10,0.001,0.999,36,22,36,22,1,4,22,1,9,1,"9.51","0.14","0.14","58.6",,,,,
"FA","2026-07-08","40.9","-1.72","7.43","Guzman, Denzer",694203,543309,,"ball",,,,,12,,"R","R","R","TEX","LAA","B",,,0,0,2026,"0","1.94",1.2259538107445018,4.4081451702666605,,,666176,0,9,"Top",,,,,,,3.066301569114687,-58.69853282623672,7.850471666619663,-0.3123630378339077,5.780740862738449,-28.719613433837917,3.250721785,1.640551181,,,,"38.3",1131,"3.4",822880,553869,669394,679822,677649,695508,669701,694497,696030,"57.1",,,,,,,,72,1,"Other",1,11,11,1,11,1,11,1,"Standard","Standard",196,"0","0.039",,,,,"-0.039",,-10,10,0.001,0.999,36,22,36,22,1,4,22,1,9,1,"12.11","0","0","64.8",,,,,
"SL","2026-07-08","88.4","-1.2","5.97","Guzman, Denzer",694203,687239,"field_out","hit_into_play",,,,,9,"Denzer Guzman lines out to left fielder Josh Smith.","R","R","R","TEX","LAA","X",7,"line_drive",1,1,2026,"0.27","0.11",0.4311733846527055,2.0384023413139523,,,,0,7,"Top",81.53,84.78,,,,,3.3667013311323473,-128.77933299386208,-3.5193557854645254,2.3349757753405402,27.049629701812357,-30.464943605146345,3.250721785,1.640551181,305,"93.3",17,"88.8",2468,"6.5",822880,553869,669394,679822,677649,670032,669701,694497,696030,"54",0.714,0.683,"0",1,0,0,4,55,3,"Slider",0,9,9,0,9,0,9,0,"Infield shade","Standard",132,"0","-0.25","70.6","8.5",,0.884,"0.25","93.3",-9,9,0.002,0.998,25,22,25,22,1,3,4,1,4,1,"2.81","-0.27","-0.27","43.6",5.845745180455479,-9.222617578725776,30.160717374007316,40.13943447427269,29.683023176441175
"FF","2026-07-08","96.1","-0.93","5.97","Guzman, Denzer",694203,687239,,"ball",,,,,13,,"R","R","R","TEX","LAA","B",,,0,1,2026,"-0.12","1.39",-0.8656020144424409,2.0996456000652386,,,,0,7,"Top",,,,,,,0.43584277636763363,-139.8191257467266,-7.660243063430068,-1.6296551425653318,31.391608927202373,-12.429140081374202,3.250721785,1.640551181,,,,"96.4",2303,"6.5",822880,553869,669394,679822,677649,670032,669701,694497,696030,"54.02",,,,,,,,55,2,"4-Seam Fastball",0,9,9,0,9,0,9,0,"Infield shade","Standard",196,"0","0.029",,,,,"-0.029",,-9,9,0.002,0.998,25,22,25,22,1,3,4,1,4,1,"1.08","0.12","0.12","47.2",,,,,
"FF","2026-07-08","95.8","-0.88","5.97","Guzman, Denzer",694203,687239,,"called_strike",,,,,5,,"R","R","R","TEX","LAA","S",,,0,0,2026,"-0.15","1.43",-0.24969171829126435,2.2709512985962155,,,,0,7,"Top",,,,,,,1.9775397945044615,-139.37068969682812,-7.272672170052641,-2.364050465387958,30.277276226398406,-12.057244837258576,3.250721785,1.640551181,,,,"96.3",2314,"6.5",822880,553869,669394,679822,677649,670032,669701,694497,696030,"54",,,,,,,,55,1,"4-Seam Fastball",0,9,9,0,9,0,9,0,"Infield shade","Standard",193,"0","-0.043",,,,,"0.043",,-9,9,0.002,0.998,25,22,25,22,1,3,4,1,4,1,"1.04","0.15","0.15","48.1",,,,,
"SL","2026-07-07","91.3","-1.5","5.77","Guzman, Denzer",694203,594798,"field_out","hit_into_play",,,,,9,"Denzer Guzman grounds out, third baseman Ezequiel Duran to first baseman Jake Burger.","R","R","R","TEX","LAA","X",5,"ground_ball",0,1,2026,"0.28","0.37",0.4324365249374615,1.901243604376429,,,681351,2,5,"Top",98.27,166.28,,,,,4.22319156452893,-133.0511063797689,-4.524524425606786,2.467176436713256,26.014311042281104,-27.104367551631967,3.250721785,1.640551181,4,"85.8",-24,"92.4",2584,"6.7",822881,553869,669394,669701,677649,670032,696030,694497,607043,"53.83",0.076,0.068,"0",1,0,0,2,37,2,"Slider",2,2,2,2,2,2,2,2,"Infield shade","Standard",161,"0.026","-0.237","71.4","8.6",,0.08,"0.237","88.0",0,0,0.541,0.45899999999999996,38,22,38,22,3,2,7,2,13,1,"2.34","-0.28","-0.28","37.1",5.482803830461572,-18.39168366866678,30.140486663608083,41.77351373373597,33.32264586349283
"SL","2026-07-07","91.1","-1.58","5.63","Guzman, Denzer",694203,594798,,"foul",,,,,6,,"R","R","R","TEX","LAA","S",,,0,0,2026,"0.34","0.27",0.6233693148013812,2.590126227524626,,,681351,2,5,"Top",,,,,,,4.768851301319856,-132.74226912585533,-2.1669155382107324,3.050334826995584,27.14404133950321,-28.771574006455072,3.250721785,1.640551181,225,"69.9",46,"92.1",2488,"6.7",822881,553869,669394,669701,677649,670032,696030,694497,607043,"53.79",,,,,,,,37,1,"Slider",2,2,2,2,2,2,2,2,"Infield shade","Standard",165,"0.005","-0.042","68.7","7.6",,,"0.042","88.0",0,0,0.536,0.46399999999999997,38,22,38,22,3,2,7,2,13,1,"2.46","-0.34","-0.34","39.9",-4.1170781255448805,8.635778418730395,25.3886351744474,45.603542038471346,22.576416255952054
"SI","2026-07-07","96.6","-1.51","5.66","Guzman, Denzer",694203,594798,"single","hit_into_play",,,,,11,"Angels challenged (play at 1st), call on the field was overturned: Denzer Guzman singles on a ground ball to third baseman Ezequiel Duran. Zach Neto to 2nd.","R","R","R","TEX","LAA","X",5,"ground_ball",1,0,2026,"-1.23","1.07",-1.312006299578751,2.8270580132233327,,,687263,1,3,"Top",90.79,168.85,,,,,3.3908349592605456,-140.62823140505506,-4.297692082686924,-17.041927205013305,31.8126294386206,-17.144952821255906,3.250721785,1.640551181,17,"56.8",-6,"97.1",2297,"6.6",822881,553869,669394,669701,677649,670032,696030,694497,607043,"53.93",0.07,0.063,"0.9",1,1,0,1,22,2,"Sinker",2,2,2,2,2,2,2,2,"Infield shade","Standard",212,"-0.038","0.375","77.3","7.6",,0.08,"-0.375","88.0",0,0,0.493,0.507,38,22,38,22,2,1,7,2,13,1,"1.37","1.23","1.23","36.3",2.3934570344676107,-6.902800475218895,32.6029661309539,21.683447562501588,26.39036513315385
"SL","2026-07-07","90.5","-1.51","5.73","Guzman, Denzer",694203,594798,,"ball",,,,,14,,"R","R","R","TEX","LAA","B",,,0,0,2026,"0.41","0.27",1.0583121802299946,1.970004526050856,,,687263,1,3,"Top",,,,,,,5.481586771470954,-131.79879643342915,-3.896229126047506,3.755018855264564,24.975237143180884,-28.42175711207866,3.250721785,1.640551181,,,,"91.5",2707,"6.6",822881,553869,669394,669701,677649,670032,696030,694497,607043,"53.92",,,,,,,,22,1,"Slider",2,2,2,2,2,2,2,2,"Infield shade","Standard",139,"-0.004","0.033",,,,,"-0.033",,0,0,0.497,0.503,38,22,38,22,2,1,7,2,13,1,"2.48","-0.41","-0.41","38.0",,,,,
"FF","2026-07-07","98.8","-1.44","5.66","Guzman, Denzer",694203,594798,"strikeout","foul_tip",,,,,5,"Denzer Guzman strikes out on a foul tip.","R","R","R","TEX","LAA","S",2,,3,2,2026,"-0.65","1.39",0.16872716671777488,2.3180248647489865,,,694384,1,1,"Top",,,,,,,5.897914561978907,-143.72907906810005,-6.8057796278079055,-10.389407371467847,32.40686214749506,-11.507370432404873,3.250721785,1.640551181,,,,"99.5",2482,"6.6",822881,553869,669394,669701,677649,670032,696030,694497,607043,"53.86",,0,"0",1,0,0,,3,7,"4-Seam Fastball",0,0,0,0,0,0,0,0,"Infield shade","Standard",217,"0.034","-0.315","76.2","8.1",,,"0.315",,0,0,0.492,0.508,38,22,38,22,1,0,7,2,13,1,"0.94","0.65","0.65","37.2",-0.012620229834194259,2.654939801290858,38.03041358949353,37.18693080345824,18.779424892831422
"FF","2026-07-07","99","-1.4","5.6","Guzman, Denzer",694203,594798,,"foul",,,,,1,,"R","R","R","TEX","LAA","S",,,3,2,2026,"-0.66","1.31",-0.42465569628366673,2.961564905585968,,,694384,1,1,"Top",,,,,,,4.2503584413304125,-144.11044880355325,-4.691297777215006,-10.272808995250589,35.609950727543854,-13.060321827815935,3.250721785,1.640551181,162,"66.9",58,"99.5",2434,"6.7",822881,553869,669394,669701,677649,670032,696030,694497,607043,"53.8",,,,,,,,3,6,"4-Seam Fastball",0,0,0,0,0,0,0,0,"Infield shade","Standard",223,"0","0","74.0","8.0",,,"0","88.0",0,0,0.492,0.508,38,22,38,22,1,0,7,2,13,1,"1.03","0.66","0.66","32.2",10.26677089792439,-15.746452790600372,34.78758397465625,27.82642765045207,28.58827712637031
"SL","2026-07-07","92","-1.38","5.67","Guzman, Denzer",694203,594798,,"ball",,,,,14,,"R","R","R","TEX","LAA","B",,,2,2,2026,"0.58","0.15",1.0261673641531228,0.7173501391137367,,,694384,1,1,"Top",,,,,,,4.805934481721446,-133.9449564032823,-6.917992644858176,6.029412845552,26.63422463897898,-29.142479770765075,3.250721785,1.640551181,,,,"93.3",2729,"6.8",822881,553869,669394,669701,677649,670032,696030,694497,607043,"53.67",,,,,,,,3,5,"Slider",0,0,0,0,0,0,0,0,"Infield shade","Standard",150,"-0.01","0.081",,,,,"-0.081",,0,0,0.502,0.498,38,22,38,22,1,0,7,2,13,1,"2.52","-0.58","-0.58","38.9",,,,,
"FF","2026-07-07","98.5","-1.44","5.65","Guzman, Denzer",694203,594798,,"foul",,,,,5,,"R","R","R","TEX","LAA","S",,,2,1,2026,"-0.88","1.3",0.06723245122138333,2.3420218264076267,,,694384,1,1,"Top",,,,,,,6.133570337035539,-143.21889964670038,-6.393760218570948,-13.50261409068491,33.86631005593745,-13.020373719675268,3.250721785,1.640551181,108,"73",26,"98.9",2408,"6.6",822881,553869,669394,669701,677649,670032,696030,694497,607043,"53.87",,,,,,,,3,4,"4-Seam Fastball",0,0,0,0,0,0,0,0,"Infield shade","Standard",218,"0.008","-0.076","73.7","7.8",,,"0.076","88.0",0,0,0.494,0.506,38,22,38,22,1,0,7,2,13,1,"1.06","0.88","0.88","31.0",-2.9364277235800413,3.7189076188619428,33.83530949202839,33.99216993956433,21.021299949770423
"FF","2026-07-07","97.7","-1.48","5.67","Guzman, Denzer",694203,594798,,"ball",,,,,14,,"R","R","R","TEX","LAA","B",,,1,1,2026,"-0.94","1.32",1.0162589317833834,1.9176608581354937,,,694384,1,1,"Top",,,,,,,8.894160521177358,-141.89897462296517,-7.478610328149168,-14.76163969458777,32.67214411662761,-12.824940029205633,3.250721785,1.640551181,,,,"98.2",2397,"6.7",822881,553869,669394,669701,677649,670032,696030,694497,607043,"53.8",,,,,,,,3,3,"4-Seam Fastball",0,0,0,0,0,0,0,0,"Infield shade","Standard",222,"-0.005","0.063",,,,,"-0.063",,0,0,0.499,0.501,38,22,38,22,1,0,7,2,13,1,"1.08","0.94","0.94","33.7",,,,,
"SL","2026-07-07","90.7","-1.3","5.68","Guzman, Denzer",694203,594798,,"ball",,,,,14,,"R","R","R","TEX","LAA","B",,,0,1,2026,"0.56","0.38",1.0933913367096793,1.6632827213172603,,,694384,1,1,"Top",,,,,,,4.752202632356316,-132.15333837333054,-4.855338976993269,5.736547410851773,25.31081282860659,-26.97932768147607,3.250721785,1.640551181,,,,"92.5",2725,"7.1",822881,553869,669394,669701,677649,670032,696030,694497,607043,"53.41",,,,,,,,3,2,"Slider",0,0,0,0,0,0,0,0,"Infield shade","Standard",136,"-0.003","0.029",,,,,"-0.029",,0,0,0.502,0.498,38,22,38,22,1,0,7,2,13,1,"2.36","-0.56","-0.56","37.5",,,,,
"CH","2026-07-07","83.7","-2.97","5.6","Guzman, Denzer",694203,682608,"strikeout","swinging_strike",,,,,14,"Denzer Guzman strikes out swinging.","R","R","R","TEX","LAA","S",2,,2,2,2026,"-1.43","0.07",0.6448332115277373,1.339750690060415,,,694384,0,8,"Top",,,,,,,11.213776467592202,-121.35860482492868,-3.298636122653135,-16.283749533630473,23.25982269338847,-31.062882856455513,3.250721785,1.640551181,,,,"84.6",1818,"7",822881,553869,669394,679822,669701,677649,696030,695508,607043,"53.46",,0,"0",1,0,0,,58,5,"Changeup",3,3,3,3,3,3,3,3,"Standard","Standard",247,"0.056","-0.222","75.2","8.8","5.147028048",,"0.222",,0,0,0.442,0.558,31,22,31,22,1,3,2,2,2,1,"3.21","1.43","1.43","38.0",16.719912495325595,-18.818938229556288,33.38005390760343,43.958069149054154,42.7052340033029
"FF","2026-07-07","98.3","-1.41","5.63","Guzman, Denzer",694203,594798,,"called_strike",,,,,9,,"R","R","R","TEX","LAA","S",,,0,0,2026,"-0.84","1.38",0.5087946933103373,1.8222084983420674,,,694384,1,1,"Top",,,,,,,7.181944963377834,-142.75458197433554,-7.8974967698125385,-13.211493896312138,33.97104800918751,-11.666366640669134,3.250721785,1.640551181,,,,"98.9",2369,"6.8",822881,553869,669394,669701,677649,670032,696030,694497,607043,"53.7",,,,,,,,3,1,"4-Seam Fastball",0,0,0,0,0,0,0,0,"Infield shade","Standard",218,"0.004","-0.041",,,,,"0.041",,0,0,0.498,0.502,38,22,38,22,1,0,7,2,13,1,"1","0.84","0.84","35.2",,,,,
"FF","2026-07-07","92.9","-2.9","5.54","Guzman, Denzer",694203,682608,,"called_strike",,,,,9,,"R","R","R","TEX","LAA","S",,,2,1,2026,"-0.78","1.51",0.3357397893480246,1.7961444533944118,,,694384,0,8,"Top",,,,,,,10.00250225099285,-134.7964523260928,-6.975903500410693,-11.695420999804318,28.621439895999924,-12.397037687442392,3.250721785,1.640551181,,,,"93.8",2313,"6.9",822881,553869,669394,679822,669701,677649,696030,695508,607043,"53.58",,,,,,,,58,4,"4-Seam Fastball",3,3,3,3,3,3,3,3,"Standard","Standard",221,"0.02","-0.07",,,,,"0.07",,0,0,0.422,0.5780000000000001,31,22,31,22,1,3,2,2,2,1,"1.14","0.78","0.78","38.0",,,,,
"SL","2026-07-07","87.2","-3.07","5.56","Guzman, Denzer",694203,682608,,"called_strike",,,,,13,,"R","R","R","TEX","LAA","S",,,2,0,2026,"0.16","0.39",-0.007260966196262885,1.3302060876124964,,,694384,0,8,"Top",,,,,,,7.02363941848175,-126.89536148050092,-4.663675714057325,0.3732737366783391,24.04210255507968,-27.277207282577848,3.250721785,1.640551181,,,,"88.4",2545,"6.9",822881,553869,669394,679822,669701,677649,696030,695508,607043,"53.63",,,,,,,,58,3,"Slider",3,3,3,3,3,3,3,3,"Standard","Standard",178,"0.019","-0.079",,,,,"0.079",,0,0,0.403,0.597,31,22,31,22,1,3,2,2,2,1,"2.59","-0.16","-0.16","39.6",,,,,
"SL","2026-07-07","86.5","-3.08","5.62","Guzman, Denzer",694203,682608,,"ball",,,,,14,,"R","R","R","TEX","LAA","B",,,1,0,2026,"0.56","0.4",0.015375015204735054,1.0952715757680478,,,694384,0,8,"Top",,,,,,,6.193751018597098,-125.80808482294417,-5.209302599572062,4.678163966318928,24.930908679670154,-27.107546132216292,3.250721785,1.640551181,,,,"87.4",2675,"6.8",822881,553869,669394,679822,669701,677649,696030,695508,607043,"53.68",,,,,,,,58,2,"Slider",3,3,3,3,3,3,3,3,"Standard","Standard",155,"-0.019","0.079",,,,,"-0.079",,0,0,0.422,0.5780000000000001,31,22,31,22,1,3,2,2,2,1,"2.65","-0.56","-0.56","44.3",,,,,
"SL","2026-07-07","86.8","-2.95","5.69","Guzman, Denzer",694203,682608,,"ball",,,,,3,,"R","R","R","TEX","LAA","B",,,0,0,2026,"0.4","0.65",0.5799166023007044,3.3454970043923438,,,694384,0,8,"Top",,,,,,,7.58879379151951,-126.40318578578339,-0.6778230101625469,2.9037474310312708,22.921122775217786,-25.177028335006057,3.250721785,1.640551181,,,,"88.1",2549,"6.8",822881,553869,669394,679822,669701,677649,696030,695508,607043,"53.71",,,,,,,,58,1,"Slider",3,3,3,3,3,3,3,3,"Standard","Standard",144,"-0.01","0.039",,,,,"-0.039",,0,0,0.432,0.5680000000000001,31,22,31,22,1,3,2,2,2,1,"2.34","-0.4","-0.4","40.7",,,,,
"FF","2026-07-05","92","2.5","5.88","Guzman, Denzer",694203,624133,"field_out","hit_into_play",,,,,6,"Denzer Guzman grounds out, second baseman Anthony Seigler to first baseman Willson Contreras. Zach Neto to 3rd.","R","R","L","LAA","BOS","X",4,"ground_ball",0,2,2026,"0.24","0.97",0.39966612549915453,2.714910977257432,,687263,,1,2,"Bot",140.44,148.39,,,,,-5.794621996096015,-133.87022755463823,-4.108654831752335,4.209421043850442,29.33933549064455,-19.774103229594125,3.250721785,1.640551181,18,"88.4",-7,"91.9",2031,"6.3",824010,665966,575929,678011,702332,691907,680776,678882,677800,"54.24",0.174,0.168,"0",1,0,0,2,19,4,"4-Seam Fastball",3,2,3,2,2,3,3,2,"Infield shade","Standard",137,"-0.015","-0.133","75.8","7.1",,0.195,"0.133","88.4",1,1,0.661,0.661,30,22,31,22,2,1,6,1,,2,"1.72","0.24","-0.24","39.2",-5.412995635893346,21.423437816823306,33.19280146724988,39.783843356455534,17.006169744559912
"CU","2026-07-05","75.8","2.13","6.01","Guzman, Denzer",694203,624133,,"foul",,,,,13,,"R","R","L","LAA","BOS","S",,,0,2,2026,"-1.13","-1.08",-0.32633046718491643,1.0397032584289052,,687263,,1,2,"Bot",,,,,,,-3.0187118168869223,-110.31854982819529,-0.9153646372988307,-8.478506555693547,23.522757079662817,-40.94163249607112,3.250721785,1.640551181,,,,"75.5",2293,"6.5",824010,665966,575929,678011,702332,691907,680776,678882,677800,"53.97",,,,,,,,19,3,"Curveball",3,2,3,2,2,3,3,2,"Infield shade","Standard",321,"0","0","69.8","9.2",,,"0",,1,1,0.661,0.661,30,22,31,22,2,1,6,1,,2,"5.11","-1.13","1.13","47.7",21.484921604573408,-28.08676343945937,38.83027656530112,31.534055555012806,43.044349788266075
"CH","2026-07-05","81.4","2.41","5.8","Guzman, Denzer",694203,624133,,"foul",,,,,6,,"R","R","L","LAA","BOS","S",,,0,1,2026,"0.6","0.45",0.7924041998664983,2.649242641706193,,687263,,1,2,"Bot",,,,,,,-4.741325524525919,-118.47772452429297,-1.1052307137514181,6.540770458478222,23.642968755540355,-27.994017173722746,3.250721785,1.640551181,135,"69.2",70,"81",1165,"6.1",824010,665966,575929,678011,702332,691907,680776,678882,677800,"54.37",,,,,,,,19,2,"Changeup",3,2,3,2,2,3,3,2,"Infield shade","Standard",115,"-0.008","-0.07","73.7","8.3",,,"0.07","88.0",1,1,0.669,0.669,30,22,31,22,2,1,6,1,,2,"3.01","0.6","-0.6","35.1",2.682513328155047,-5.228567491576225,26.94782880560176,45.3422178674872,28.265198778034716
"CH","2026-07-05","81.6","2.4","5.84","Guzman, Denzer",694203,624133,,"swinging_strike",,,,,9,,"R","R","L","LAA","BOS","S",,,0,0,2026,"0.9","0.55",0.39759045195511034,1.666779065478563,,687263,,1,2,"Bot",,,,,,,-6.197753122674882,-118.61388150951747,-3.6369528338627286,9.673623671865967,22.590959413025555,-26.443382410309532,3.250721785,1.640551181,,,,"81.5",1131,"6.3",824010,665966,575929,678011,702332,691907,680776,678882,677800,"54.24",,,,,,,,19,1,"Changeup",3,2,3,2,2,3,3,2,"Standard","Standard",115,"-0.005","-0.046","68.2","9.4","4.154246232",,"0.046",,1,1,0.674,0.674,30,22,31,22,2,1,6,1,,2,"2.87","0.9","-0.9","37.8",23.21115903156577,-41.5784936948044,31.579514593237267,41.74533371199341,49.64265871285019
"SI","2026-07-05","98.1","0.28","6.17","Guzman, Denzer",694203,547973,"strikeout","swinging_strike",,,,,3,"Denzer Guzman strikes out swinging.","R","R","L","LAA","BOS","S",2,,1,2,2026,"0.54","1.74",0.4091467073127968,3.254906400711431,,,,2,9,"Bot",,,,,,,-0.9610717936197781,-142.7435366647617,-6.321484646054427,7.63198046537267,36.78229677060644,-7.220169114762599,3.250721785,1.640551181,,,,"99",2537,"7",824010,665966,575929,678011,702332,691907,680776,678882,677800,"53.45",,0,"0",1,0,0,,79,4,"Sinker",5,7,5,7,7,5,5,7,"Standard","Standard",161,"-0.015","-0.177","77.7","7.6","1.239130608",,"0.177",,-2,-2,0.015,0.015,38,22,38,22,1,4,2,1,4,2,"0.65","0.54","-0.54","51.0",0.5617112842259535,4.895766301317542,26.87435966671483,40.61110653474816,19.66936355584906
"FS","2026-07-05","89.8","0.59","6.11","Guzman, Denzer",694203,547973,,"foul",,,,,9,,"R","R","L","LAA","BOS","S",,,1,1,2026,"0.34","0.32",0.7688669317303207,1.7133461725650596,,,,2,9,"Bot",,,,,,,-0.29978561060874964,-130.7415121228574,-5.4543443460542775,3.9480451079339116,27.12313369874051,-27.60253532470667,3.250721785,1.640551181,4,"57.1",-24,"91.7",1303,"7.3",824010,665966,575929,678011,702332,691907,680776,678882,677800,"53.15",,,,,,,,79,3,"Split-Finger",5,7,5,7,7,5,5,7,"Standard","Standard",162,"0","-0.069","71.0","9.0",,,"0.069","88.0",-2,-2,0.015,0.015,38,22,38,22,1,4,2,1,4,2,"2.5","0.34","-0.34","51.7",15.198410700994335,-17.879664497790365,29.479795507420523,44.96708741684817,41.12834849902047
"SI","2026-07-05","96.8","0.41","6.21","Guzman, Denzer",694203,547973,,"called_strike",,,,,6,,"R","R","L","LAA","BOS","S",,,1,0,2026,"0.9","1.64",0.4778656571403987,2.268315018596894,,,,2,9,"Bot",,,,,,,-1.9622468615527906,-140.68925223140573,-8.642138295289998,12.331083881939994,34.753446749980384,-8.600290979275254,3.250721785,1.640551181,,,,"98.2",2495,"7.4",824010,665966,575929,678011,702332,691907,680776,678882,677800,"53.15",,,,,,,,79,2,"Sinker",5,7,5,7,7,5,5,7,"Standard","Standard",170,"-0.003","-0.054",,,,,"0.054",,-2,-2,0.018,0.018,38,22,38,22,1,4,2,1,4,2,"0.81","0.9","-0.9","52.8",,,,,
"SL","2026-07-05","86.5","0.63","6.17","Guzman, Denzer",694203,547973,,"ball",,,,,14,,"R","R","L","LAA","BOS","B",,,0,0,2026,"-0.71","0.9",0.08095285092947724,0.6842481696502329,,,,2,9,"Bot",,,,,,,0.1979094506448177,-125.78933970668983,-8.556659969573674,-7.572297029457961,27.226751736270312,-21.076751312075583,3.250721785,1.640551181,,,,"88",2331,"7.4",824010,665966,575929,678011,702332,691907,680776,678882,677800,"53.06",,,,,,,,79,1,"Slider",5,7,5,7,7,5,5,7,"Standard","Standard",281,"0.003","0.041",,,,,"-0.041",,-2,-2,0.015,0.015,38,22,38,22,1,4,2,1,4,2,"2.17","-0.71","0.71","54.3",,,,,
"SL","2026-07-05","86.4","-1.07","5.9","Guzman, Denzer",694203,676477,"field_out","hit_into_play",,,,,4,"Denzer Guzman grounds out, third baseman Caleb Durbin to first baseman Willson Contreras.","R","R","R","LAA","BOS","X",5,"ground_ball",1,0,2026,"0.01","0.07",-0.7572834861869295,2.648189210774092,,,,2,7,"Bot",101.7,162.31,,,,,0.710288099590182,-125.72364641710591,-1.360557164407293,-0.019629693548023894,30.24730463694814,-31.342975785066507,3.250721785,1.640551181,20,"99.8",-7,"87.4",1885,"7.4",824010,665966,575929,678011,702332,691907,680776,678882,677800,"53.14",0.284,0.268,"0",1,0,0,2,64,2,"Slider",3,7,3,7,7,3,3,7,"Standard","Standard",293,"-0.007","-0.3","76.3","7.4",,0.305,"0.3","99.8",-4,-4,0.043,0.043,30,22,30,22,1,3,2,1,2,2,"3.03","-0.01","-0.01","42.5",7.037199636126667,-13.176741094228055,32.286278323907354,26.910551877421227,33.8711303871725
"SI","2026-07-05","96.2","-0.87","5.93","Guzman, Denzer",694203,676477,,"ball",,,,,12,,"R","R","R","LAA","BOS","B",,,0,0,2026,"-0.87","1.34",0.19977533407750347,3.8509026141054505,,,,2,7,"Bot",,,,,,,4.8752529862064184,-139.99574914648372,-2.853412209773246,-12.503415302967356,33.621606390852,-14.147575351188474,3.250721785,1.640551181,,,,"97.5",2256,"7.2",824010,665966,575929,678011,702332,691907,680776,678882,677800,"53.32",,,,,,,,64,1,"Sinker",3,7,3,7,7,3,3,7,"Standard","Standard",229,"0.001","0.041",,,,,"-0.041",,-4,-4,0.042,0.042,30,22,30,22,1,3,2,1,2,2,"1.13","0.87","0.87","42.5",,,,,
"SI","2026-07-05","100.4","-1.78","6.23","Guzman, Denzer",694203,594027,"walk","ball",,,,,14,"Denzer Guzman walks.","R","R","R","LAA","BOS","B",,,3,2,2026,"-1.3","1.1",0.12594365784500838,1.165146443017603,,,,0,5,"Bot",,,,,,,8.457751057880438,-145.57508853188193,-11.183758994719161,-20.419599837092502,34.293899748223865,-13.971003634881994,3.250721785,1.640551181,,,,"101.9",2027,"7.3",824010,665966,575929,678011,702332,691907,680776,678882,677800,"53.2",,0.698079,"0.7",1,0,0,,43,6,"Sinker",3,5,3,5,5,3,3,5,"Standard","Standard",221,"0.046","0.373",,,,,"-0.373",,-2,-2,0.297,0.297,35,22,35,22,1,2,6,1,4,2,"1.18","1.3","1.3","44.5",,,,,
"SI","2026-07-05","98.9","-1.66","6.32","Guzman, Denzer",694203,594027,,"ball",,,,,14,,"R","R","R","LAA","BOS","B",,,2,2,2026,"-1.24","1.12",0.7110651554879868,1.1129738764644674,,,,0,5,"Bot",,,,,,,9.487414582160445,-143.2751531233282,-11.264363828389277,-19.349140112335608,34.14330420695546,-14.164044856023242,3.250721785,1.640551181,,,,"100.3",2186,"7.4",824010,665966,575929,678011,702332,691907,680776,678882,677800,"53.1",,,,,,,,43,5,"Sinker",3,5,3,5,5,3,3,5,"Standard","Standard",217,"0.013","0.115",,,,,"-0.115",,-2,-2,0.284,0.284,35,22,35,22,1,2,6,1,4,2,"1.24","1.24","1.24","40.0",,,,,
"SI","2026-07-05","98.9","-1.79","6.41","Guzman, Denzer",694203,594027,,"foul",,,,,9,,"R","R","R","LAA","BOS","S",,,2,1,2026,"-1.38","0.93",0.4047774673856832,2.008103999838332,,,,0,5,"Bot",,,,,,,9.293782863485406,-143.53711225921012,-8.62513081153623,-21.159637431644697,32.896906228183546,-17.464989722377716,3.250721785,1.640551181,3,"89",-34,"100.2",2151,"7.2",824010,665966,575929,678011,702332,691907,680776,678882,677800,"53.35",,,,,,,,43,4,"Sinker",3,5,3,5,5,3,3,5,"Standard","Standard",217,"-0.01","-0.08","73.6","7.9",,,"0.08","89.0",-2,-2,0.294,0.294,35,22,35,22,1,2,6,1,4,2,"1.41","1.38","1.38","41.4",1.3850920932194788,13.76112298486771,32.84631233812883,41.06143534138455,12.969051631009597
"FC","2026-07-05","88","2.49","5.93","Guzman, Denzer",694203,624133,"single","hit_into_play",,,,,1,"Denzer Guzman singles on a line drive to center fielder Ceddanne Rafaela. Zach Neto to 3rd.","R","R","L","LAA","BOS","X",8,"line_drive",0,1,2026,"-0.01","0.87",-0.5959455327393778,2.7837533338798552,,,687263,0,1,"Bot",132.38,101.88,,,,,-7.340890767024834,-128.0000161520991,-3.1116150215592704,1.4352150902433727,27.459942463796317,-22.189802545371368,3.250721785,1.640551181,217,"71",23,"87.7",2120,"6.2",824010,665966,575929,678011,702332,691907,680776,678882,677800,"54.31",0.991,0.895,"0.9",1,1,0,4,5,2,"Cutter",0,0,0,0,0,0,0,0,"Standard","Standard",149,"0.086","0.51","78.3","7.2",,1.039,"-0.51","88.0",0,0,0.578,0.578,30,22,31,22,1,0,6,1,,2,"2.09","-0.01","0.01","37.1",1.2437942591530182,3.2771147458846994,32.07218536014341,28.518300075352265,23.9330778110974
"SI","2026-07-05","99.2","-1.77","6.5","Guzman, Denzer",694203,594027,,"called_strike",,,,,9,,"R","R","R","LAA","BOS","S",,,2,0,2026,"-1.36","0.98",0.5082403581143158,2.0046901297769746,,,,0,5,"Bot",,,,,,,9.495320645004263,-143.9126666119054,-9.05195972146924,-21.052452054512656,33.659267671735485,-16.569047500603915,3.250721785,1.640551181,,,,"100.5",2197,"7.2",824010,665966,575929,678011,702332,691907,680776,678882,677800,"53.33",,,,,,,,43,3,"Sinker",3,5,3,5,5,3,3,5,"Standard","Standard",215,"-0.011","-0.077",,,,,"0.077",,-2,-2,0.305,0.305,35,22,35,22,1,2,6,1,4,2,"1.35","1.36","1.36","42.8",,,,,
"SI","2026-07-05","89.6","2.46","5.91","Guzman, Denzer",694203,624133,,"called_strike",,,,,6,,"R","R","L","LAA","BOS","S",,,0,0,2026,"1.34","0.2",0.2868101698414469,2.2159392270963805,,,687263,0,1,"Bot",,,,,,,-8.12803815747943,-130.17910044611273,-3.2229657742852678,16.981369134585314,30.730632159441555,-29.361068949777167,3.250721785,1.640551181,,,,"88.6",1940,"6",824010,665966,575929,678011,702332,691907,680776,678882,677800,"54.48",,,,,,,,5,1,"Sinker",0,0,0,0,0,0,0,0,"Standard","Standard",137,"-0.005","-0.043",,,,,"0.043",,0,0,0.583,0.583,30,22,31,22,1,0,6,1,,2,"2.68","1.34","-1.34","34.8",,,,,
"SI","2026-07-05","99.2","-1.73","6.42","Guzman, Denzer",694203,594027,,"ball",,,,,12,,"R","R","R","LAA","BOS","B",,,1,0,2026,"-1.15","1.19",0.2079074707935027,3.4484764725520747,,,,0,5,"Bot",,,,,,,8.103585687740363,-144.23971543559836,-5.395259364067776,-17.9970859020885,34.16352643558362,-14.495595318363998,3.250721785,1.640551181,,,,"100.5",2143,"7.1",824010,665966,575929,678011,702332,691907,680776,678882,677800,"53.43",,,,,,,,43,2,"Sinker",3,5,3,5,5,3,3,5,"Standard","Standard",226,"0.011","0.084",,,,,"-0.084",,-2,-2,0.294,0.294,35,22,35,22,1,2,6,1,4,2,"1.13","1.15","1.15","41.0",,,,,
"SI","2026-07-05","98.7","-1.98","6.45","Guzman, Denzer",694203,594027,,"ball",,,,,13,,"R","R","R","LAA","BOS","B",,,0,0,2026,"-1.41","1.03",-0.17748008700339146,1.4447866084182361,,,,0,5,"Bot",,,,,,,8.272432617305666,-143.19552163479065,-10.417362622539649,-21.288583859833796,34.124564511783504,-15.729480939061636,3.250721785,1.640551181,,,,"99.7",2317,"7.1",824010,665966,575929,678011,702332,691907,680776,678882,677800,"53.41",,,,,,,,43,1,"Sinker",3,5,3,5,5,3,3,5,"Standard","Standard",221,"0.005","0.044",,,,,"-0.044",,-2,-2,0.289,0.289,35,22,35,22,1,2,6,1,4,2,"1.33","1.41","1.41","39.4",,,,,
"FC","2026-07-04","87.6","-0.47","5.69","Guzman, Denzer",694203,543243,"field_out","hit_into_play",,,,,6,"Denzer Guzman flies out to right fielder Wilyer Abreu.","R","R","R","LAA","BOS","X",9,"fly_ball",0,1,2026,"0.41","0.13",0.6720436180014733,2.1762193632954094,,,,0,6,"Bot",181.16,75.95,,,,,1.850907174340038,-127.65346455573054,-2.426459107147079,4.155185587617652,26.317002127629546,-30.494632759803658,3.250721785,1.640551181,334,"93.5",27,"88",2768,"6.5",824012,657136,575929,678011,702332,655316,680776,678882,677800,"54",0.154,0.202,"0",1,0,0,3,51,2,"Cutter",1,7,1,7,7,1,1,7,"Standard","Standard",93,"-0.007","-0.221","72.3","8.0",,0.337,"0.221","93.5",-6,-6,0.031,0.031,36,22,37,22,3,2,6,1,6,1,"2.83","-0.41","-0.41","49.7",-0.0204559331191452,5.322726880555837,33.210637402564046,43.57654792739662,22.756280140134052
"FF","2026-07-04","91.7","-0.43","5.64","Guzman, Denzer",694203,543243,,"called_strike",,,,,9,,"R","R","R","LAA","BOS","S",,,0,0,2026,"0","1.23",0.31316356250929217,1.8681731959322116,,,,0,6,"Bot",,,,,,,1.849728757766026,-133.44912897719882,-6.202309308505659,-0.33841952371749034,27.129451007220418,-16.359372792684184,3.250721785,1.640551181,,,,"92.3",2574,"6.5",824012,657136,575929,678011,702332,655316,680776,678882,677800,"53.98",,,,,,,,51,1,"4-Seam Fastball",1,7,1,7,7,1,1,7,"Standard","Standard",207,"-0.001","-0.043",,,,,"0.043",,-6,-6,0.032,0.032,36,22,37,22,3,2,6,1,6,1,"1.47","0","0","47.7",,,,,
"ST","2026-07-04","85.4","-0.52","5.68","Guzman, Denzer",694203,543243,"single","hit_into_play",,,,,9,"Denzer Guzman singles on a ground ball to shortstop Andruw Monasterio.","R","R","R","LAA","BOS","X",6,"ground_ball",0,0,2026,"0.96","-0.26",0.6000777350159657,1.621124662901678,,,,1,3,"Bot",91.41,142.29,,,,,0.638232913412839,-124.37055079677623,-2.472560275925461,9.799021074438008,26.129136121897897,-34.59722179759508,3.250721785,1.640551181,121,"71.8",11,"85.7",2836,"6.6",824012,657136,575929,678011,702332,655316,680776,678882,677800,"53.93",0.311,0.293,"0.9",1,1,0,2,25,1,"Sweeper",1,3,1,3,3,1,1,3,"Standard","Standard",38,"0.03","0.419","70.6","9.2",,0.342,"-0.419","88.0",-2,-2,0.301,0.301,36,22,37,22,2,1,6,1,6,1,"3.39","-0.96","-0.96","47.5",11.062193915896053,-26.29831858621834,32.15822476158022,43.447157336262364,40.199643045695204
"ST","2026-07-04","84.4","-0.48","5.7","Guzman, Denzer",694203,543243,"field_out","hit_into_play",,,,,14,"Denzer Guzman lines out to left fielder Jarren Duran.","R","R","R","LAA","BOS","X",7,"line_drive",2,2,2026,"1.43","-0.6",1.0753842360650236,2.0637886139433657,,,,1,1,"Bot",82.57,108.81,,,,,0.6570793630564266,-122.90023296858287,-0.6186808121009973,14.293030687614309,26.384341392709235,-38.28784337991962,3.250721785,1.640551181,250,"78.2",21,"84.2",2512,"6.3",824012,657136,575929,678011,702332,655316,680776,678882,677800,"54.18",0.951,0.86,"0",1,0,0,4,8,5,"Sweeper",0,3,0,3,3,0,0,3,"Standard","Standard",34,"-0.013","-0.238","73.4","8.6",,1.022,"0.238","88.0",-3,-3,0.244,0.244,36,22,37,22,1,0,6,1,6,1,"3.81","-1.43","-1.43","52.9",10.428596262103806,-13.140047430625229,28.105692866539332,46.130964058250996,34.71826999389717
"ST","2026-07-04","86.3","-0.57","5.62","Guzman, Denzer",694203,543243,,"ball",,,,,14,,"R","R","R","LAA","BOS","B",,,1,2,2026,"1.08","-0.27",2.2933731186332458,-0.3141087787436976,,,,1,1,"Bot",,,,,,,4.488684951040191,-125.39108995652919,-6.959441437686984,10.310233591757536,28.099520874457138,-33.71480002907261,3.250721785,1.640551181,,,,"86.3",2799,"6.6",824012,657136,575929,678011,702332,655316,680776,678882,677800,"53.87",,,,,,,,8,4,"Sweeper",0,3,0,3,3,0,0,3,"Standard","Standard",39,"0.003","0.055",,,,,"-0.055",,-3,-3,0.241,0.241,36,22,37,22,1,0,6,1,6,1,"3.37","-1.08","-1.08","46.8",,,,,
"SI","2026-07-04","92.6","-0.49","5.64","Guzman, Denzer",694203,543243,,"swinging_strike",,,,,13,,"R","R","R","LAA","BOS","S",,,1,1,2026,"-1.18","0.32",-1.0853442752536975,1.615245120318907,,,,1,1,"Bot",,,,,,,1.1292928069302688,-134.75044273275844,-4.885979641636567,-14.581505640627404,32.46735003297027,-27.364598906911468,3.250721785,1.640551181,,,,"92.5",2279,"6.4",824012,657136,575929,678011,702332,655316,680776,678882,677800,"54.05",,,,,,,,8,3,"Sinker",0,3,0,3,3,0,0,3,"Standard","Standard",205,"-0.004","-0.074","72.2","8.2","0.680869548",,"0.074",,-3,-3,0.245,0.245,36,22,37,22,1,0,6,1,6,1,"2.36","1.18","1.18","48.3",10.301895041033145,-12.699548005706125,40.87183494015242,22.33064824916491,28.947430957414525
"SI","2026-07-04","92.9","-0.53","5.6","Guzman, Denzer",694203,543243,,"ball",,,,,13,,"R","R","R","LAA","BOS","B",,,0,1,2026,"-1.21","0.53",-1.0712156035176155,1.133355646759903,,,,1,1,"Bot",,,,,,,1.3321609106885246,-135.06077822186822,-6.530574112989637,-14.978612127636048,33.092045416459726,-24.43053724371306,3.250721785,1.640551181,,,,"92.9",2272,"6.6",824012,657136,575929,678011,702332,655316,680776,678882,677800,"53.9",,,,,,,,8,2,"Sinker",0,3,0,3,3,0,0,3,"Standard","Standard",211,"0.001","0.035",,,,,"-0.035",,-3,-3,0.244,0.244,36,22,37,22,1,0,6,1,6,1,"2.15","1.21","1.21","44.1",,,,,
"FC","2026-07-04","89.1","-0.66","5.66","Guzman, Denzer",694203,543243,,"called_strike",,,,,8,,"R","R","R","LAA","BOS","S",,,0,0,2026,"0.33","0.28",-0.10419558428749315,2.1061024851611982,,,,1,1,"Bot",,,,,,,0.6349718359426472,-129.88243235203223,-3.124705889000433,3.6431187349951824,26.23598686264205,-28.55874425893848,3.250721785,1.640551181,,,,"89.7",2574,"6.5",824012,657136,575929,678011,702332,655316,680776,678882,677800,"54.01",,,,,,,,8,1,"Cutter",0,3,0,3,3,0,0,3,"Standard","Standard",162,"-0.002","-0.042",,,,,"0.042",,-3,-3,0.246,0.246,36,22,37,22,1,0,6,1,6,1,"2.57","-0.33","-0.33","47.2",,,,,
"FF","2026-07-04","96","1.1","6.48","Guzman, Denzer",694203,687941,"field_out","hit_into_play",,,,,13,"Denzer Guzman grounds out softly, pitcher Alec Gamboa to first baseman Willson Contreras.","R","R","L","LAA","BOS","X",1,"ground_ball",1,2,2026,"0.35","1.51",-1.0155876513811912,2.4353935103598365,,,,0,9,"Bot",126.46,182.87,,,,,-6.364958012230923,-139.36564764098352,-8.292992287400164,6.113046599174508,33.90106182464291,-10.846067949715763,3.250721785,1.640551181,9,"57.8",-14,"96",2224,"6.6",824012,657136,575929,678011,702332,655316,680776,678882,677800,"53.9",0.073,0.066,"0",1,0,0,1,72,4,"4-Seam Fastball",1,8,1,8,8,1,1,8,"Standard","Standard",158,"0","-0.188","73.0","6.9",,0.077,"0.188","88.0",-7,-7,0.001,0.001,29,22,29,22,1,3,3,1,13,1,"1","0.35","-0.35","65.6",-13.42178645756436,13.403009139150416,41.21109321251996,24.07994920926076,19.787924757255915
"SL","2026-07-04","90.8","1.55","6.3","Guzman, Denzer",694203,687941,,"ball",,,,,13,,"R","R","L","LAA","BOS","B",,,0,2,2026,"-0.26","0.24",-1.4382799060110947,0.4364809650684216,,,,0,9,"Bot",,,,,,,-6.865048900357051,-131.75615512842967,-8.949560115555057,-1.4220130731357818,29.961688902134494,-27.58056647543482,3.250721785,1.640551181,,,,"91.1",2219,"6.8",824012,657136,575929,678011,702332,655316,680776,678882,677800,"53.74",,,,,,,,72,3,"Slider",1,8,1,8,8,1,1,8,"Standard","Standard",178,"0","0.023",,,,,"-0.023",,-7,-7,0.001,0.001,29,22,29,22,1,3,3,1,13,1,"2.56","-0.26","0.26","57.8",,,,,
"FF","2026-07-04","96.5","1.27","6.46","Guzman, Denzer",694203,687941,,"called_strike",,,,,4,,"R","R","L","LAA","BOS","S",,,0,1,2026,"0.54","1.65",-0.5113554494165279,2.1453596418801295,,,,0,9,"Bot",,,,,,,-5.951067141109729,-140.0959404806485,-9.422501950504007,8.560835430167645,34.07129602708467,-8.477624404421723,3.250721785,1.640551181,,,,"96.3",2238,"6.5",824012,657136,575929,678011,702332,655316,680776,678882,677800,"54.03",,,,,,,,72,2,"4-Seam Fastball",1,8,1,8,8,1,1,8,"Standard","Standard",159,"0","-0.056",,,,,"0.056",,-7,-7,0.001,0.001,29,22,29,22,1,3,3,1,13,1,"0.83","0.54","-0.54","62.8",,,,,
"FF","2026-07-04","95","1.5","6.54","Guzman, Denzer",694203,687941,,"swinging_strike",,,,,1,,"R","R","L","LAA","BOS","S",,,0,0,2026,"0.42","1.61",-0.4118124796557063,2.9387606084423186,,,,0,9,"Bot",,,,,,,-5.908029201991951,-137.99235592785317,-7.169994714676082,6.774905370022442,33.77065148454761,-10.222627705775398,3.250721785,1.640551181,,,,"94.8",2127,"6.5",824012,657136,575929,678011,702332,655316,680776,678882,677800,"53.99",,,,,,,,72,1,"4-Seam Fastball",1,8,1,8,8,1,1,8,"Standard","Standard",159,"0","-0.043","77.5","7.9","0.169620768",,"0.043",,-7,-7,0.001,0.001,29,22,29,22,1,3,3,1,13,1,"0.95","0.42","-0.42","62.9",8.333644948303432,-1.4601723509436546,34.42115821839283,32.356874447193604,25.82684390702514
"CH","2026-07-03","83.4","3.04","5.81","Guzman, Denzer",694203,687562,"strikeout","swinging_strike",,,,,12,"Denzer Guzman strikes out swinging.","R","R","L","LAA","BOS","S",2,,1,2,2026,"1.03","0.7",1.5015838192911795,2.5884062703084734,,,,0,7,"Bot",,,,,,,-5.637814782923276,-121.26992535094055,-2.122017432488491,11.257954636270755,25.226285124185956,-25.1255528532921,3.250721785,1.640551181,,,,"84.4",1937,"7.1",824013,665966,575929,663853,702332,655316,680776,678882,681987,"53.36",,0,"0",1,0,0,,55,4,"Changeup",0,5,0,5,5,0,0,5,"Standard","Standard",105,"-0.008","-0.188","71.3","8.3","1.11759396",,"0.188",,-5,-5,0.035,0.035,25,22,26,22,3,2,6,1,5,1,"2.6","1.03","-1.03","33.2",6.932880387103396,-10.894307275743417,20.545783806510332,53.58093708957513,34.80178305497175
"ST","2026-07-03","78.3","3.24","5.62","Guzman, Denzer",694203,687562,,"ball",,,,,13,,"R","R","L","LAA","BOS","B",,,0,2,2026,"-1.07","-0.32",-1.4659713053668826,0.26728035034935527,,,,0,7,"Bot",,,,,,,-8.096894138623195,-113.72603436328748,-3.725838662487358,-7.505454035664824,24.07840680918011,-34.313622177026474,3.250721785,1.640551181,,,,"78.8",2261,"7.1",824013,665966,575929,663853,702332,655316,680776,678882,681987,"53.41",,,,,,,,55,3,"Sweeper",0,5,0,5,5,0,0,5,"Standard","Standard",322,"0.001","0.023",,,,,"-0.023",,-5,-5,0.034,0.034,25,22,26,22,3,2,6,1,5,1,"4.09","-1.07","1.07","31.6",,,,,
"FF","2026-07-03","92.2","3.1","5.53","Guzman, Denzer",694203,687562,,"foul",,,,,5,,"R","R","L","LAA","BOS","S",,,0,1,2026,"1.15","1.06",0.21711921250045907,2.6508023604877513,,,,0,7,"Bot",,,,,,,-9.961811668011334,-133.96503541687062,-3.666943086326162,16.036018934573033,29.07262025529082,-18.815637342296856,3.250721785,1.640551181,140,"74.9",13,"93.9",2130,"7.4",824013,665966,575929,663853,702332,655316,680776,678882,681987,"53.13",,,,,,,,55,2,"4-Seam Fastball",0,5,0,5,5,0,0,5,"Standard","Standard",115,"-0.003","-0.056","76.4","7.8",,,"0.056","88.0",-5,-5,0.037,0.037,25,22,26,22,3,2,6,1,5,1,"1.63","1.15","-1.15","26.2",2.0771806361679506,1.2700885324656792,32.92134998093009,38.76834806255134,26.268738329718165
"SI","2026-07-03","92.4","3.09","5.66","Guzman, Denzer",694203,687562,,"swinging_strike",,,,,6,,"R","R","L","LAA","BOS","S",,,0,0,2026,"1.55","0.45",0.4651123288522825,2.652307469197795,,,,0,7,"Bot",,,,,,,-10.177978288185871,-134.15053319430032,-2.6562003043833102,20.88725879976719,29.136617014334583,-26.321441177810055,3.250721785,1.640551181,,,,"93.7",2007,"7.2",824013,665966,575929,663853,702332,655316,680776,678882,681987,"53.34",,,,,,,,55,1,"Sinker",0,5,0,5,5,0,0,5,"Standard","Standard",120,"-0.002","-0.043","76.4","7.1","1.89409176",,"0.043",,-5,-5,0.039,0.039,25,22,26,22,3,2,6,1,5,1,"2.23","1.55","-1.55","31.6",-9.55022899665682,19.45044111899314,31.5134899541007,42.27081909305211,14.85893775391014
"CH","2026-07-03","83.4","3.01","5.83","Guzman, Denzer",694203,687562,"field_out","hit_into_play",,,,,5,"Denzer Guzman flies out to left fielder Jarren Duran.","R","R","L","LAA","BOS","X",7,"fly_ball",2,1,2026,"1.12","0.48",0.12264203775652938,2.7227005894722787,,,,2,4,"Bot",95.46,97.27,,,,,-8.9734833983036,-121.21804499870613,-1.4657655425023175,12.82224660742116,23.650053146253242,-27.318971527331616,3.250721785,1.640551181,265,"75.7",36,"85",1910,"7.4",824013,665966,575929,663853,702332,655316,680776,678882,681987,"53.12",0.114,0.117,"0",1,0,0,3,34,4,"Changeup",0,4,0,4,4,0,0,4,"Standard","Standard",106,"-0.008","-0.303","79.8","8.1",,0.157,"0.303","88.0",-4,-4,0.112,0.112,25,22,26,22,2,1,6,1,5,1,"2.8","1.12","-1.12","35.3",14.212797476763372,-12.11245506821516,28.41365787090978,38.46508118226055,38.32186493427082
"FF","2026-07-03","92.9","3.26","5.68","Guzman, Denzer",694203,687562,,"called_strike",,,,,2,,"R","R","L","LAA","BOS","S",,,2,0,2026,"0.88","1.14",0.19649528052432597,2.9872569486933074,,,,2,4,"Bot",,,,,,,-9.8681626039178,-134.91753605402238,-3.513739435330596,12.90199701074792,28.32183363464628,-17.59681038683115,3.250721785,1.640551181,,,,"94.4",2055,"7.2",824013,665966,575929,663853,702332,655316,680776,678882,681987,"53.3",,,,,,,,34,3,"4-Seam Fastball",0,4,0,4,4,0,0,4,"Standard","Standard",117,"-0.002","-0.062",,,,,"0.062",,-4,-4,0.114,0.114,25,22,26,22,2,1,6,1,5,1,"1.5","0.88","-0.88","29.1",,,,,
"CH","2026-07-03","83.6","3.03","5.84","Guzman, Denzer",694203,687562,,"ball",,,,,12,,"R","R","L","LAA","BOS","B",,,1,0,2026,"1.14","0.18",1.805271487099227,2.58605858034659,,,,2,4,"Bot",,,,,,,-5.161295015779356,-121.65340303279969,-1.2459748523162004,12.328513467566273,23.575794546060393,-30.343341659418023,3.250721785,1.640551181,,,,"85",1976,"7.2",824013,665966,575929,663853,702332,655316,680776,678882,681987,"53.31",,,,,,,,34,2,"Changeup",0,4,0,4,4,0,0,4,"Standard","Standard",105,"0.002","0.065",,,,,"-0.065",,-4,-4,0.112,0.112,25,22,26,22,2,1,6,1,5,1,"3.08","1.14","-1.14","35.2",,,,,
"SI","2026-07-03","93.2","3.21","5.67","Guzman, Denzer",694203,687562,,"ball",,,,,14,,"R","R","L","LAA","BOS","B",,,0,0,2026,"1.44","0.27",0.8417394810911252,1.5523437240753895,,,,2,4,"Bot",,,,,,,-9.360004492021629,-135.33021789613733,-5.272079579112538,19.648880728162705,28.101455343608798,-27.86635064656898,3.250721785,1.640551181,,,,"94.7",1975,"7.2",824013,665966,575929,663853,702332,655316,680776,678882,681987,"53.3",,,,,,,,34,1,"Sinker",0,4,0,4,4,0,0,4,"Standard","Standard",118,"0.001","0.041",,,,,"-0.041",,-4,-4,0.111,0.111,25,22,26,22,2,1,6,1,5,1,"2.35","1.44","-1.44","30.2",,,,,
"CH","2026-07-03","83.7","2.98","5.79","Guzman, Denzer",694203,687562,"strikeout","swinging_strike",,,,,14,"Denzer Guzman strikes out swinging.","R","R","L","LAA","BOS","S",2,,2,2,2026,"0.79","0.23",1.1629572970585222,2.3151325456141603,,,,2,1,"Bot",,,,,,,-5.828436833361106,-121.88903950517921,-1.8856700732459446,8.980983299342766,23.122762123835656,-29.751554093339557,3.250721785,1.640551181,,,,"85.4",2069,"7.2",824013,665966,575929,663853,702332,655316,680776,678882,681987,"53.25",,0,"0",1,0,0,,8,6,"Changeup",0,0,0,0,0,0,0,0,"Standard","Standard",103,"-0.008","-0.221","64.2","9.2","1.286355312",,"0.221",,0,0,0.508,0.508,25,22,26,22,1,0,6,1,5,1,"3.01","0.79","-0.79","34.2",18.4519735592398,-27.562521223364328,27.02246604810487,49.91051151473806,42.90282294711455
"CH","2026-07-03","82.9","2.97","5.73","Guzman, Denzer",694203,687562,,"ball",,,,,14,,"R","R","L","LAA","BOS","B",,,1,2,2026,"0.75","0.22",0.5388523087667955,0.6923573897906916,,,,2,1,"Bot",,,,,,,-7.111838749305704,-120.46373426741789,-5.28554499429332,8.718829695342572,23.30757785724868,-29.179952664675177,3.250721785,1.640551181,,,,"84.5",2070,"7.4",824013,665966,575929,663853,702332,655316,680776,678882,681987,"53.1",,,,,,,,8,5,"Changeup",0,0,0,0,0,0,0,0,"Standard","Standard",90,"0.001","0.044",,,,,"-0.044",,0,0,0.507,0.507,25,22,26,22,1,0,6,1,5,1,"3.1","0.75","-0.75","33.3",,,,,
"FF","2026-07-03","95.1","3.23","5.68","Guzman, Denzer",694203,687562,,"foul",,,,,12,,"R","R","L","LAA","BOS","S",,,1,2,2026,"1.2","0.79",0.9220480695344317,3.216217833372265,,,,2,1,"Bot",,,,,,,-8.873312060019966,-138.16574255431826,-2.43653214440699,17.377527149683946,31.712517515936003,-21.721023337858195,3.250721785,1.640551181,244,"74.8",35,"96.5",2101,"7.3",824013,665966,575929,663853,702332,655316,680776,678882,681987,"53.23",,,,,,,,8,4,"4-Seam Fastball",0,0,0,0,0,0,0,0,"Standard","Standard",117,"0","0","66.5","7.3",,,"0","88.0",0,0,0.507,0.507,25,22,26,22,1,0,6,1,5,1,"1.74","1.2","-1.2","28.4",-6.021932024111437,14.480480580111553,25.798275797607005,47.313124486775024,14.597643175344057
"FF","2026-07-03","94.7","3.06","5.69","Guzman, Denzer",694203,687562,,"foul",,,,,11,,"R","R","L","LAA","BOS","S",,,1,1,2026,"1.19","1.02",-0.4157116178631557,3.4644987210461897,,,,2,1,"Bot",,,,,,,-11.839245113304129,-137.4609903765301,-2.281230609373599,17.730855135525317,30.842514683632206,-18.94120861496729,3.250721785,1.640551181,206,"74.5",23,"96.1",2051,"7.3",824013,665966,575929,663853,702332,655316,680776,678882,681987,"53.23",,,,,,,,8,3,"4-Seam Fastball",0,0,0,0,0,0,0,0,"Standard","Standard",119,"-0.002","-0.069","72.6","6.9",,,"0.069","88.0",0,0,0.509,0.509,25,22,26,22,1,0,6,1,5,1,"1.54","1.19","-1.19","34.1",-3.0858383697278664,16.708464276231364,24.55182625005655,31.759930644479695,19.992103160194496
"CH","2026-07-03","82.8","2.94","5.76","Guzman, Denzer",694203,687562,,"ball",,,,,14,,"R","R","L","LAA","BOS","B",,,0,1,2026,"1.06","0.8",0.3966512023738584,0.25687561000115977,,,,2,1,"Bot",,,,,,,-7.962822286782825,-120.12851434859184,-7.447834238975999,11.77757570185583,23.417182951743715,-23.171214255150513,3.250721785,1.640551181,,,,"84.2",2008,"7.4",824013,665966,575929,663853,702332,655316,680776,678882,681987,"53.11",,,,,,,,8,2,"Changeup",0,0,0,0,0,0,0,0,"Standard","Standard",99,"0.001","0.031",,,,,"-0.031",,0,0,0.508,0.508,25,22,26,22,1,0,6,1,5,1,"2.55","1.06","-1.06","34.8",,,,,
"FF","2026-07-03","93.9","3.21","5.65","Guzman, Denzer",694203,687562,,"called_strike",,,,,1,,"R","R","L","LAA","BOS","S",,,0,0,2026,"1.28","0.96",-0.45328897399252477,3.1363296265423664,,,,2,1,"Bot",,,,,,,-12.406074732833993,-136.16413990031901,-2.7465666669948225,18.659482088892425,30.62708364162127,-19.846969165301534,3.250721785,1.640551181,,,,"95",2228,"7.2",824013,665966,575929,663853,702332,655316,680776,678882,681987,"53.34",,,,,,,,8,1,"4-Seam Fastball",0,0,0,0,0,0,0,0,"Standard","Standard",122,"-0.002","-0.044",,,,,"0.044",,0,0,0.51,0.51,25,22,26,22,1,0,6,1,5,1,"1.65","1.28","-1.28","35.8",,,,,
"SI","2026-07-03","98.6","0.26","6.17","Guzman, Denzer",694203,547973,"strikeout","swinging_strike",,,,,1,"Denzer Guzman strikes out swinging.","R","R","L","LAA","BOS","S",2,,0,2,2026,"0.95","1.42",-0.48006854521021214,3.187908345799464,,,,0,9,"Bot",,,,,,,-4.30505387256282,-143.47293779385788,-5.897535324003675,14.11794887713787,34.509080412009645,-11.469308831226808,3.250721785,1.640551181,,,,"100.2",2499,"7.3",824013,665966,575929,663853,702332,655316,680776,678882,681987,"53.21",,0,"0",1,0,0,,70,3,"Sinker",2,5,2,5,5,2,2,5,"Standard","Standard",154,"-0.015","-0.165","74.1","7.1","0.786941016",,"0.165",,-3,-3,0.033,0.033,38,22,38,22,1,3,5,1,2,1,"0.94","0.95","-0.95","48.1",-5.095697541037552,6.421070546750099,32.106133374942814,31.16888549790104,21.5205269019576
"FS","2026-07-03","87.1","0.42","6.16","Guzman, Denzer",694203,547973,,"swinging_strike",,,,,13,,"R","R","L","LAA","BOS","S",,,0,1,2026,"0.73","-0.48",-0.2225918117189999,1.071362698224068,,,,0,9,"Bot",,,,,,,-3.100575483586261,-126.84365378252197,-4.845657794762577,8.471039873734043,26.286784302111602,-36.59687652666827,3.250721785,1.640551181,,,,"88.7",816,"7.3",824013,665966,575929,663853,702332,655316,680776,678882,681987,"53.25",,,,,,,,70,2,"Split-Finger",2,5,2,5,5,2,2,5,"Standard","Standard",134,"-0.006","-0.056","69.6","9.3","7.64715582",,"0.056",,-3,-3,0.039,0.039,38,22,38,22,1,3,5,1,2,1,"3.49","0.73","-0.73","57.3",21.908656411809623,-43.95372822583679,33.590636461223916,34.303841880967965,53.683870575055224
"FF","2026-07-03","94","0.29","6.33","Guzman, Denzer",694203,547973,,"foul",,,,,1,,"R","R","L","LAA","BOS","S",,,0,0,2026,"0.07","1.62",-0.35063024965043355,2.9465332670402846,,,,0,9,"Bot",,,,,,,-1.819399505368306,-136.61900170511234,-6.484850660898597,1.3074231865174624,34.20114720729852,-10.697973694194504,3.250721785,1.640551181,226,"75.4",27,"94.8",2361,"7.1",824013,665966,575929,663853,702332,655316,680776,678882,681987,"53.36",,,,,,,,70,1,"4-Seam Fastball",2,5,2,5,5,2,2,5,"Standard","Standard",164,"-0.004","-0.043","76.8","8.5",,,"0.043","88.0",-3,-3,0.043,0.043,38,22,38,22,1,3,5,1,2,1,"0.99","0.07","-0.07","55.0",11.982507562504912,-17.451756848784978,28.243378089218616,34.781528124329114,34.16082137884425
"ST","2026-07-02","83.6","-1.37","5.41","Guzman, Denzer",694203,682243,"single","hit_into_play",,,,,14,"Denzer Guzman singles on a fly ball to right fielder Weston Wilson. Nolan Schanuel to 2nd.","R","R","R","SEA","LAA","X",9,"fly_ball",0,2,2026,"1.55","-0.56",1.10448428793664,1.7107955973415696,,,694384,0,7,"Top",164.75,116.98,,,,,2.5176646595421905,-121.77438324883245,-0.7342237372506228,14.786330462018954,25.40864585912853,-37.7989912080252,3.250721785,1.640551181,232,"73.4",26,"83.4",2372,"6.2",823119,663728,647304,702284,641487,806068,668227,670042,642215,"54.25",0.857,0.771,"0.9",1,1,0,4,46,3,"Sweeper",1,0,0,1,0,1,0,1,"Standard","Standard",38,"-0.128","0.561","70.4","8.1",,0.898,"-0.561","88.0",1,-1,0.647,0.353,27,22,28,22,3,2,7,3,7,1,"3.83","-1.55","-1.55","40.2",0.3780565256934286,-1.4405454891939613,31.10953928166568,47.94755492942808,24.15350096108211
"FF","2026-07-02","95.7","-0.95","5.77","Guzman, Denzer",694203,682243,,"foul",,,,,6,,"R","R","R","SEA","LAA","S",,,0,1,2026,"-0.57","1.67",0.30952287889194474,2.7533114601471844,,,694384,0,7,"Top",,,,,,,4.597477517304114,-139.3046575435198,-6.011236710684002,-8.400517244271569,30.390576584438158,-9.261252840269519,3.250721785,1.640551181,,,,"96",2443,"6.4",823119,663728,647304,702284,641487,806068,668227,670042,642215,"54.12",,,,,,,,46,2,"4-Seam Fastball",1,0,0,1,0,1,0,1,"Standard","Standard",201,"0.016","-0.051","73.8","7.4",,,"0.051",,1,-1,0.631,0.369,27,22,28,22,3,2,7,3,7,1,"0.81","0.57","0.57","47.1",-0.7861778443275436,9.602068690081483,35.184520781967734,38.86488463537161,20.058834558081738
"SI","2026-07-02","94.5","-1.15","5.73","Guzman, Denzer",694203,682243,,"foul",,,,,7,,"R","R","R","SEA","LAA","S",,,0,0,2026,"-1.16","1.14",-0.34760070771049867,2.0026823550255743,,,694384,0,7,"Top",,,,,,,4.670548529292767,-137.57521565831934,-6.441386746271372,-15.737820771511995,27.684552870048115,-16.4291818709478,3.250721785,1.640551181,9,"98.3",-11,"94.7",2326,"6.1",823119,663728,647304,702284,641487,806068,668227,670042,642215,"54.35",,,,,,,,46,1,"Sinker",1,0,0,1,0,1,0,1,"Standard","Standard",209,"0.01","-0.043","65.6","6.6",,,"0.043","98.3",1,-1,0.621,0.379,27,22,28,22,3,2,7,3,7,1,"1.39","1.16","1.16","45.9",-26.000165152545794,34.27531556423289,38.663675250905,33.38767154495039,4.466977342112599
"FS","2026-07-02","86.3","-1.36","5.45","Guzman, Denzer",694203,682243,"field_error","hit_into_play",,,,,8,"Denzer Guzman reaches on a throwing error by third baseman J.P. Crawford. Denzer Guzman to 2nd.","R","R","R","SEA","LAA","X",5,"ground_ball",0,1,2026,"-1.25","-0.16",0.250359643477319,1.6365148429390337,,,,2,4,"Top",99.79,168.31,,,,,6.360655197409162,-125.4936156207065,-2.2206512609861546,-14.487616176775745,27.88310021705731,-33.57532510513166,3.250721785,1.640551181,6,"82.9",-17,"86",1229,"6.4",823119,663728,647304,702284,641487,806068,668227,645302,670042,"54.14",0.095,0.088,"0.9",1,0,0,2,24,2,"Split-Finger",0,0,0,0,0,0,0,0,"Standard","Standard",218,"-0.03","0.427","71.8","8.7",,0.105,"-0.427","88.0",0,0,0.549,0.45099999999999996,27,22,28,22,2,1,7,3,7,1,"3.25","1.25","1.25","37.9",9.261289676001681,-9.212568486210662,34.2507759456522,40.05644966789775,31.929727884421986
"FF","2026-07-02","95.3","-0.97","5.7","Guzman, Denzer",694203,682243,,"called_strike",,,,,2,,"R","R","R","SEA","LAA","S",,,0,0,2026,"-0.33","1.62",0.19852698173694827,2.7997301265618253,,,,2,4,"Top",,,,,,,3.7842474537332347,-138.63768587772543,-5.45977619194239,-5.137478928218114,32.485436514526086,-10.304727339676447,3.250721785,1.640551181,,,,"95.1",2546,"6.3",823119,663728,647304,702284,641487,806068,668227,645302,670042,"54.19",,,,,,,,24,1,"4-Seam Fastball",0,0,0,0,0,0,0,0,"Standard","Standard",196,"0.002","-0.044",,,,,"0.044",,0,0,0.547,0.45299999999999996,27,22,28,22,2,1,7,3,7,1,"0.9","0.33","0.33","47.9",,,,,
"FF","2026-07-02","100","-2.24","5.52","Guzman, Denzer",694203,662253,"field_out","hit_into_play",,,,,2,"Denzer Guzman flies out to center fielder Luke Raley.","R","R","R","SEA","LAA","X",8,"fly_ball",0,2,2026,"-0.41","1.2",0.032486114087854734,2.7859589252044135,,,642350,1,9,"Top",100.32,81.43,,,,,7.189070142290435,-145.4294996633233,-4.873997136274978,-7.4108476052990975,32.487789088296196,-14.214334259715553,3.250721785,1.640551181,299,"87.5",40,"100.5",2508,"6.5",823119,663728,647304,702284,641487,806068,668227,670042,642215,"54.03",0.009,0.012,"0",1,0,0,3,62,4,"4-Seam Fastball",1,0,0,1,0,1,0,1,"Standard","Standard",214,"0.058","-0.165","76.9","8.2",,0.018,"0.165","88.0",1,-1,0.863,0.137,27,22,27,22,1,3,2,3,3,1,"1.08","0.41","0.41","32.2",12.228451029006239,-14.212897354494467,30.20390275360202,36.89472991869482,35.51384810981153
"SL","2026-07-02","85.6","-2.17","5.49","Guzman, Denzer",694203,662253,,"foul",,,,,4,,"R","R","R","SEA","LAA","S",,,0,2,2026,"0.39","-0.12",-0.6058062583388624,2.244493332553189,,,642350,1,9,"Top",,,,,,,2.8636600172971614,-124.77140203550393,-1.0091284010461412,3.5890671702518304,22.92449102221872,-33.432992212296085,3.250721785,1.640551181,404,"110.3",24,"86.5",2297,"6.6",823119,663728,647304,702284,641487,806068,668227,670042,642215,"53.93",,,,,,,,62,3,"Slider",1,0,0,1,0,1,0,1,"Standard","Standard",78,"0","0","79.1","8.3",,,"0","110.3",1,-1,0.863,0.137,27,22,27,22,1,3,2,3,3,1,"3.2","-0.39","-0.39","33.9",14.951110515417415,-24.5504274481465,33.90746432044652,26.96968891738406,40.608389445750035
"FF","2026-07-02","100","-2.11","5.63","Guzman, Denzer",694203,662253,,"foul",,,,,6,,"R","R","R","SEA","LAA","S",,,0,1,2026,"-0.48","1.28",0.2980233651783608,2.367914284846802,,,642350,1,9,"Top",,,,,,,7.7327766498226165,-145.36870571237455,-6.51705893657971,-8.581741418826567,31.86776073810594,-12.688187675453074,3.250721785,1.640551181,151,"74",70,"100.6",2468,"6.6",823119,663728,647304,702284,641487,806068,668227,670042,642215,"53.95",,,,,,,,62,2,"4-Seam Fastball",1,0,0,1,0,1,0,1,"Standard","Standard",216,"0.024","-0.054","69.1","8.4",,,"0.054","88.0",1,-1,0.839,0.16100000000000003,27,22,27,22,1,3,2,3,3,1,"0.99","0.48","0.48","32.6",6.196683864688679,-4.696049051751468,29.239832290506136,40.82967091397131,26.51821015151428
"FF","2026-07-02","99.7","-2.13","5.51","Guzman, Denzer",694203,662253,,"called_strike",,,,,2,,"R","R","R","SEA","LAA","S",,,0,0,2026,"-0.4","1.31",0.00048494216355032815,3.0162292241080264,,,642350,1,9,"Top",,,,,,,6.773189679367319,-145.14714346497402,-4.471238722395826,-7.210407534009168,32.29518797620427,-12.74716605476258,3.250721785,1.640551181,,,,"100.5",2426,"6.6",823119,663728,647304,702284,641487,806068,668227,670042,642215,"53.93",,,,,,,,62,1,"4-Seam Fastball",1,0,0,1,0,1,0,1,"Standard","Standard",213,"0.014","-0.041",,,,,"0.041",,1,-1,0.825,0.17500000000000004,27,22,27,22,1,3,2,3,3,1,"0.97","0.4","0.4","30.7",,,,,
"FS","2026-07-02","85.2","-1.32","5.43","Guzman, Denzer",694203,682243,"strikeout","swinging_strike_blocked",,,,,13,"Denzer Guzman strikes out swinging.","R","R","R","SEA","LAA","S",2,,2,2,2026,"-1.24","0.01",-0.20771461374471745,0.5486243358560468,,,,2,1,"Top",,,,,,,5.132137701461059,-123.96263589484906,-4.917714578353499,-13.780111826696137,25.443013492470214,-31.215004436651075,3.250721785,1.640551181,,,,"85.4",1148,"6.5",823119,663728,647304,702284,641487,806068,668227,677594,670042,"54.04",,0,"0",1,0,0,,3,5,"Split-Finger",0,0,0,0,0,0,0,0,"Infield shade","Standard",220,"0.008","-0.221","68.3","9.4","9.910469568",,"0.221",,0,0,0.54,0.45999999999999996,27,22,28,22,1,0,7,3,7,1,"3.13","1.24","1.24","37.7",29.138022231970613,-43.97433806346007,39.63194811514751,33.66028133014955,54.748208417422646
"ST","2026-07-02","85.2","-1.22","5.48","Guzman, Denzer",694203,682243,,"ball",,,,,14,,"R","R","R","SEA","LAA","B",,,1,2,2026,"1.33","-0.7",1.9944583430620164,-0.6219996959357621,,,,2,1,"Top",,,,,,,4.7339975846832045,-123.90173632906696,-6.2684989105996465,12.636724918808675,26.34428430915118,-38.184419858351966,3.250721785,1.640551181,,,,"85.1",2491,"6.4",823119,663728,647304,702284,641487,806068,668227,677594,670042,"54.06",,,,,,,,3,4,"Sweeper",0,0,0,0,0,0,0,0,"Standard","Standard",30,"-0.001","0.044",,,,,"-0.044",,0,0,0.541,0.45899999999999996,27,22,28,22,1,0,7,3,7,1,"3.86","-1.33","-1.33","41.3",,,,,
"FS","2026-07-02","86.1","-1.3","5.54","Guzman, Denzer",694203,682243,,"ball",,,,,14,,"R","R","R","SEA","LAA","B",,,0,2,2026,"-0.94","0.05",0.2812125789422576,0.6339208736320545,,,,2,1,"Top",,,,,,,5.6658798423773415,-125.27712020749698,-5.254815295765219,-11.082891902439453,25.142990491052267,-30.815376046948717,3.250721785,1.640551181,,,,"86.4",1084,"6.4",823119,663728,647304,702284,641487,806068,668227,677594,670042,"54.06",,,,,,,,3,3,"Split-Finger",0,0,0,0,0,0,0,0,"Infield shade","Standard",226,"-0.001","0.025",,,,,"-0.025",,0,0,0.542,0.45799999999999996,27,22,28,22,1,0,7,3,7,1,"3.03","0.94","0.94","41.9",,,,,
"FF","2026-07-02","96.5","-0.88","5.81","Guzman, Denzer",694203,682243,,"foul",,,,,5,,"R","R","R","SEA","LAA","S",,,0,1,2026,"-0.37","1.61",-0.10863477066372956,2.490671281190969,,,,2,1,"Top",,,,,,,2.886223885375554,-140.40713322223704,-6.79706523225609,-5.54046770696423,30.85693401720961,-9.479768424558005,3.250721785,1.640551181,245,"76.4",31,"96.6",2624,"6.3",823119,663728,647304,702284,641487,806068,668227,677594,670042,"54.24",,,,,,,,3,2,"4-Seam Fastball",0,0,0,0,0,0,0,0,"Standard","Standard",200,"0.002","-0.063","74.8","8.6",,,"0.063","88.0",0,0,0.54,0.45999999999999996,27,22,28,22,1,0,7,3,7,1,"0.83","0.37","0.37","47.5",12.770336558387383,-15.070899383700128,35.9508178554367,35.981062252718374,30.334225255902062
"FF","2026-07-02","95.9","-1.06","5.74","Guzman, Denzer",694203,682243,,"called_strike",,,,,7,,"R","R","R","SEA","LAA","S",,,0,0,2026,"-0.43","1.56",-0.3414407845417967,2.071699754684043,,,,2,1,"Top",,,,,,,2.8582295579172823,-139.57791380767745,-7.471432904223296,-6.232294930900944,29.753823102622246,-10.293939065716405,3.250721785,1.640551181,,,,"96",2571,"6.2",823119,663728,647304,702284,641487,806068,668227,677594,670042,"54.27",,,,,,,,3,1,"4-Seam Fastball",0,0,0,0,0,0,0,0,"Standard","Standard",204,"0.002","-0.044",,,,,"0.044",,0,0,0.538,0.46199999999999997,27,22,28,22,1,0,7,3,7,1,"0.91","0.43","0.43","45.4",,,,,
"SI","2026-06-29","97.8","-1.56","5.66","Guzman, Denzer",694203,669923,"strikeout","called_strike",,,,,14,"Denzer Guzman called out on strikes.","R","R","R","SEA","LAA","S",2,,2,2,2026,"-1.39","0.55",0.7070924529457612,1.5146593232168926,,666139,687263,1,8,"Top",,,,,,,9.347925562947268,-142.071340471843,-6.783102382333514,-20.966350874884316,32.19965930318655,-23.26882970969713,3.250721785,1.640551181,,,,"98.4",2297,"6.7",823121,663728,647304,702284,641487,806068,668227,677594,645302,"53.81",,0,"0",1,0,0,,59,5,"Sinker",6,2,2,6,2,6,2,6,"Standard","Standard",221,"0.028","-0.231",,,,,"0.231",,4,-4,0.939,0.061000000000000054,28,22,28,22,4,3,6,1,9,3,"1.84","1.39","1.39","32.5",,,,,
"ST","2026-06-29","88.7","-1.85","5.61","Guzman, Denzer",694203,669923,,"ball",,,,,14,,"R","R","R","SEA","LAA","B",,,1,2,2026,"0.64","-0.32",0.8916755872235502,0.6472234241387875,,666139,687263,1,8,"Top",,,,,,,5.302437276812792,-129.03210745533104,-5.189000040818856,6.054864167089534,26.324644371011313,-34.854153374532295,3.250721785,1.640551181,,,,"89.4",2423,"6.7",823121,663728,647304,702284,641487,806068,668227,677594,645302,"53.81",,,,,,,,59,4,"Sweeper",6,2,2,6,2,6,2,6,"Standard","Standard",30,"-0.005","0.059",,,,,"-0.059",,4,-4,0.944,0.05600000000000005,28,22,28,22,4,3,6,1,9,3,"3.21","-0.64","-0.64","36.8",,,,,
"ST","2026-06-29","88.8","-1.74","5.63","Guzman, Denzer",694203,669923,,"ball",,,,,14,,"R","R","R","SEA","LAA","B",,,0,2,2026,"0.9","-0.01",1.1471555126842707,0.9464048703291552,,666139,687263,1,8,"Top",,,,,,,5.080347893169541,-129.27442213099522,-5.182110076481578,9.101350290158546,26.79644244134158,-31.43948608957177,3.250721785,1.640551181,,,,"89.6",2288,"6.8",823121,663728,647304,702284,641487,806068,668227,677594,645302,"53.75",,,,,,,,59,3,"Sweeper",6,2,2,6,2,6,2,6,"Standard","Standard",36,"-0.003","0.028",,,,,"-0.028",,4,-4,0.947,0.05300000000000005,28,22,28,22,4,3,6,1,9,3,"2.9","-0.9","-0.9","31.8",,,,,
"ST","2026-06-29","88.9","-1.9","5.55","Guzman, Denzer",694203,669923,,"swinging_strike",,,,,14,,"R","R","R","SEA","LAA","S",,,0,1,2026,"0.52","-0.35",0.30923901047918206,1.3974150830705927,,666139,687263,1,8,"Top",,,,,,,4.277498219354692,-129.54628854762578,-3.2060634173330484,4.994295506777462,25.798989915290612,-35.69745611491136,3.250721785,1.640551181,,,,"90",2120,"6.8",823121,663728,647304,702284,641487,806068,668227,677594,645302,"53.73",,,,,,,,59,2,"Sweeper",6,2,2,6,2,6,2,6,"Standard","Standard",50,"0.008","-0.062","74.8","8.7","0.783390408",,"0.062",,4,-4,0.939,0.061000000000000054,28,22,28,22,4,3,6,1,9,3,"3.22","-0.52","-0.52","30.6",14.414534740450327,-17.345610461731393,34.72992684834409,39.323586832628834,36.01050467555116
"ST","2026-06-29","88.1","-2.01","5.62","Guzman, Denzer",694203,669923,,"foul",,,,,6,,"R","R","R","SEA","LAA","S",,,0,0,2026,"0.87","0.1",0.38462443819464764,2.1485160719816725,,666139,687263,1,8,"Top",,,,,,,3.9355264967625847,-128.33276874949095,-2.331868667811555,8.744592555049799,27.000645331948096,-30.83018863697348,3.250721785,1.640551181,17,"52.9",-5,"88.8",2360,"6.7",823121,663728,647304,702284,641487,806068,668227,677594,645302,"53.81",,,,,,,,59,1,"Sweeper",6,2,2,6,2,6,2,6,"Standard","Standard",34,"0.005","-0.043","71.4","8.6",,,"0.043","88.0",4,-4,0.934,0.06599999999999995,28,22,28,22,4,3,6,1,9,3,"2.84","-0.87","-0.87","31.6",15.484655217987124,-23.20010203759873,30.746523307653092,39.94532377790208,43.30692936253976
"ST","2026-06-29","86.5","-1.74","5.74","Guzman, Denzer",694203,669923,"field_out","hit_into_play",,,,,6,"Denzer Guzman grounds out, shortstop Colt Emerson to first baseman Josh Naylor.","R","R","R","SEA","LAA","X",6,"ground_ball",1,1,2026,"0.99","-0.25",0.46323966056810606,2.7495807465193995,,,,0,6,"Top",118.55,147.52,,,,,3.1578559814064606,-125.9610370175284,-0.1942728116261585,9.929184665060008,25.260656702131328,-35.056837152211045,3.250721785,1.640551181,12,"92.7",-13,"87.1",2358,"6.6",823121,663728,647304,702284,641487,806068,668227,677594,645302,"53.88",0.162,0.151,"0",1,0,0,2,40,3,"Sweeper",3,2,2,3,2,3,2,3,"Infield shade","Standard",45,"0.034","-0.25","76.4","7.3",,0.197,"0.25","92.7",1,-1,0.662,0.33799999999999997,28,22,28,22,3,2,6,1,9,3,"3.29","-0.99","-0.99","31.2",-0.2675889390620431,3.844823650147646,24.939210617722882,39.92920114444547,29.889538691668804
"ST","2026-06-29","85.7","-1.75","5.73","Guzman, Denzer",694203,669923,,"foul",,,,,5,,"R","R","R","SEA","LAA","S",,,1,0,2026,"1.05","-0.55",-0.15711568318302804,2.4417763791297014,,,,0,6,"Top",,,,,,,1.5622667289753456,-124.87837515452219,-0.1376198733853009,10.63407293434321,25.894915973588855,-38.15837114777214,3.250721785,1.640551181,73,"70.5",81,"85.8",2382,"6.4",823121,663728,647304,702284,641487,806068,668227,677594,645302,"54.15",,,,,,,,40,2,"Sweeper",3,2,2,3,2,3,2,3,"Infield shade","Standard",42,"0.008","-0.058","74.3","8.0",,,"0.058","88.0",1,-1,0.654,0.346,28,22,28,22,3,2,6,1,9,3,"3.66","-1.05","-1.05","32.6",2.7888862065682902,-14.831136628044256,30.09571556879909,32.13848603677316,37.570980086508655
"ST","2026-06-29","85.7","-1.68","5.79","Guzman, Denzer",694203,669923,,"ball",,,,,14,,"R","R","R","SEA","LAA","B",,,0,0,2026,"0.92","-0.58",1.1917268953890252,0.7393757248429864,,,,0,6,"Top",,,,,,,4.820153085702218,-124.72126779802554,-4.1669051622517275,8.528430508302597,26.499981347335964,-37.57833308203922,3.250721785,1.640551181,,,,"85.8",2524,"6.5",823121,663728,647304,702284,641487,806068,668227,677594,645302,"54",,,,,,,,40,1,"Sweeper",3,2,2,3,2,3,2,3,"Infield shade","Standard",37,"-0.006","0.044",,,,,"-0.044",,1,-1,0.66,0.33999999999999997,28,22,28,22,3,2,6,1,9,3,"3.7","-0.92","-0.92","31.5",,,,,
"SI","2026-06-29","96.3","-1.67","5.83","Guzman, Denzer",694203,669923,"field_out","hit_into_play",,,,,5,"Denzer Guzman lines out to second baseman Cole Young.","R","R","R","SEA","LAA","X",4,"line_drive",1,0,2026,"-1.45","0.66",-0.25320895700728596,2.144732735135886,,,,2,3,"Top",134.28,133.28,,,,,7.120571203952487,-139.9841715300392,-5.518838526639428,-20.623793339279263,32.486753843066374,-22.405790127705224,3.250721785,1.640551181,171,"92.4",10,"97",2400,"6.8",823121,663728,647304,702284,641487,806068,668227,677594,645302,"53.71",0.66,0.605,"0",1,0,0,4,17,2,"Sinker",0,2,2,0,2,0,2,0,"Standard","Standard",217,"0.01","-0.3","78.4","8.0",,0.707,"0.3","92.4",-2,2,0.318,0.6819999999999999,28,22,28,22,2,1,6,1,9,3,"1.81","1.45","1.45","33.2",-2.2758175570576054,-3.2980836060528294,37.914578970925824,32.76758734425201,23.07845656226435
"SI","2026-06-29","96.9","-1.63","5.91","Guzman, Denzer",694203,669923,,"ball",,,,,11,,"R","R","R","SEA","LAA","B",,,0,0,2026,"-1.28","1.05",-0.4456295959613401,4.611556275103867,,,,2,3,"Top",,,,,,,6.142060740075982,-141.01503292084152,-0.18631840952849577,-18.471287466931784,33.70325256098292,-18.45994467277325,3.250721785,1.640551181,,,,"97.4",2304,"6.7",823121,663728,647304,702284,641487,806068,668227,677594,645302,"53.83",,,,,,,,17,1,"Sinker",0,2,2,0,2,0,2,0,"Standard","Standard",216,"-0.001","0.041",,,,,"-0.041",,-2,2,0.319,0.681,28,22,28,22,2,1,6,1,9,3,"1.39","1.28","1.28","33.7",,,,,
"SI","2026-06-29","97.1","-1.64","5.7","Guzman, Denzer",694203,669923,"single","hit_into_play",,,,,5,"Denzer Guzman singles on a ground ball to right fielder Victor Robles, deflected by first baseman Josh Naylor. Zach Neto scores.","R","R","R","SEA","LAA","X",3,"ground_ball",0,1,2026,"-1.65","0.46",-0.10600088806436969,2.529017031511759,,687263,,0,1,"Top",169.24,124.2,,,,,7.916998388950706,-141.21419091721813,-3.843610616917216,-23.879213371056192,31.670577487575862,-25.294756231424138,3.250721785,1.640551181,99,"82.7",6,"97.5",2307,"6.5",823121,663728,647304,702284,641487,806068,668227,677594,645302,"53.98",0.36,0.348,"0.9",1,1,0,4,2,2,"Sinker",0,0,0,0,1,0,1,0,"Standard","Standard",220,"-0.075","0.532","73.7","7.3",,0.426,"-0.532","88.0",0,0,0.447,0.5529999999999999,28,22,28,22,1,0,6,1,9,3,"1.95","1.65","1.65","31.2",-8.06681198857359,15.424607965910733,36.371963745351586,33.88519983109289,16.894118599783646
"ST","2026-06-29","88.6","-1.91","5.71","Guzman, Denzer",694203,669923,,"foul",,,,,1,,"R","R","R","SEA","LAA","S",,,0,0,2026,"0.76","-0.2",-0.31456570581630616,2.882075796875827,,687263,,0,1,"Top",,,,,,,2.2456199703661843,-129.04075006823828,-0.2664885649096821,8.094522374714128,25.900380182879537,-34.51624507192717,3.250721785,1.640551181,241,"77.5",30,"89.1",2083,"6.5",823121,663728,647304,702284,641487,806068,668227,677594,645302,"54.04",,,,,,,,2,1,"Sweeper",0,0,0,0,0,0,0,0,"Standard","Standard",37,"0.006","-0.034","69.9","6.1",,,"0.034","88.0",0,0,0.441,0.5589999999999999,28,22,28,22,1,0,6,1,9,3,"3.09","-0.76","-0.76","30.9",-20.296724255174755,30.613524601050354,32.757889843758065,32.415013356014896,15.161299508669785
"FC","2026-06-28","87","-0.16","6.32","Guzman, Denzer",694203,650644,"single","hit_into_play",,,,,5,"Denzer Guzman singles on a ground ball to left fielder Colby Thomas.","R","R","R","LAA","ATH","X",7,"ground_ball",1,0,2026,"0.23","1.21",0.15374603294139,2.5547461216860707,,,,0,5,"Bot",78.72,107.81,,,,,0.27406394968852327,-126.72219390417405,-5.125070360951475,2.408723727019283,25.021402060418268,-18.34061520569986,3.250721785,1.640551181,96,"90.8",5,"86.3",2583,"5.7",824011,669127,608841,643446,691777,675961,687515,703607,671732,"54.76",0.434,0.396,"0.9",1,1,0,4,41,2,"Cutter",4,1,4,1,1,4,4,1,"Infield shade","Standard",172,"0.013","0.412","76.6","7.9",,0.477,"-0.412","90.8",3,3,0.885,0.885,31,22,31,22,3,2,5,1,6,1,"1.79","-0.23","-0.23","49.3",5.811613786768995,-9.195218554708092,32.478344584856075,36.63172934114431,35.03162989484167
"CU","2026-06-28","76.7","-0.14","6.44","Guzman, Denzer",694203,650644,,"ball",,,,,14,,"R","R","R","LAA","ATH","B",,,0,0,2026,"1.05","-0.96",0.3976897047748438,1.4743603474304106,,,,0,5,"Bot",,,,,,,-0.797365528232834,-111.61918421001158,-1.3861380974258328,8.861032442315791,22.94062383576382,-40.033410848307945,3.250721785,1.640551181,,,,"75.2",2935,"5.5",824011,669127,608841,643446,691777,675961,687515,703607,671732,"54.98",,,,,,,,41,1,"Curveball",4,1,4,1,1,4,4,1,"Infield shade","Standard",39,"0.001","0.044",,,,,"-0.044",,3,3,0.884,0.884,31,22,31,22,3,2,5,1,6,1,"4.87","-1.05","-1.05","49.4",,,,,
"CU","2026-06-28","78.6","-0.06","6.45","Guzman, Denzer",694203,650644,"field_out","hit_into_play",,,,,1,"Denzer Guzman grounds out, pitcher Aaron Civale to first baseman Joey Meneses.","R","R","R","LAA","ATH","X",1,"ground_ball",2,2,2026,"1.02","-1.14",-0.6587218701095345,2.983937555463509,,,623168,2,2,"Bot",127.78,185.95,,,,,-3.158743022782814,-114.34079599894146,1.706269242068311,9.540628178719388,22.463261597753732,-42.69774614270893,3.250721785,1.640551181,1,"61.5",-77,"77.3",3045,"5.6",824011,669127,608841,643446,691777,675961,687515,703607,671732,"54.94",0.204,0.184,"0",1,0,0,2,20,8,"Curveball",4,0,4,0,0,4,4,0,"Infield shade","Standard",41,"-0.008","-0.249","61.3","6.1",,0.205,"0.249","88.0",4,4,0.866,0.866,31,22,31,22,2,1,5,1,6,1,"4.85","-1.02","-1.02","49.0",-13.477628299157422,20.744665691964197,28.308062902974072,26.597556339804456,18.977222625275722
"FF","2026-06-28","92.4","0.09","6.43","Guzman, Denzer",694203,650644,,"foul",,,,,12,,"R","R","R","LAA","ATH","S",,,2,2,2026,"-0.19","1.58",0.8905450869715776,3.332123747035043,,,623168,2,2,"Bot",,,,,,,2.4031474712126735,-134.5503262485335,-5.32552533383565,-2.806652966349702,29.031247786221815,-11.98819142514677,3.250721785,1.640551181,197,"71",55,"91.5",2300,"5.7",824011,669127,608841,643446,691777,675961,687515,703607,671732,"54.84",,,,,,,,20,7,"4-Seam Fastball",4,0,4,0,0,4,4,0,"Infield shade","Standard",200,"0","0","70.1","7.6",,,"0","88.0",4,4,0.866,0.866,31,22,31,22,2,1,5,1,6,1,"1.08","0.19","0.19","50.0",-4.340553513593756,8.676208809608188,22.091144782092073,44.99796311639425,21.23936724139194
"FC","2026-06-28","88.7","-0.09","6.39","Guzman, Denzer",694203,650644,,"ball",,,,,12,,"R","R","R","LAA","ATH","B",,,1,2,2026,"0.52","0.55",0.9893067549893682,3.562323660564418,,,623168,2,2,"Bot",,,,,,,1.471575936349494,-129.26260008143876,-1.8617768595534938,5.582929092495365,25.796619887034677,-25.854654194904015,3.250721785,1.640551181,,,,"88",2554,"5.7",824011,669127,608841,643446,691777,675961,687515,703607,671732,"54.83",,,,,,,,20,6,"Cutter",4,0,4,0,0,4,4,0,"Infield shade","Standard",176,"0.002","0.049",,,,,"-0.049",,4,4,0.864,0.864,31,22,31,22,2,1,5,1,6,1,"2.33","-0.52","-0.52","50.7",,,,,
"FF","2026-06-28","91.8","-0.05","6.38","Guzman, Denzer",694203,650644,,"ball",,,,,11,,"R","R","R","LAA","ATH","B",,,0,2,2026,"-0.15","1.49",-0.2194517206474778,4.19442023550349,,,623168,2,2,"Bot",,,,,,,-0.08622659920768008,-133.70068916685887,-2.766960047935938,-1.8046632664027014,29.162175254613224,-13.89893441273191,3.250721785,1.640551181,,,,"90.9",2294,"5.7",824011,669127,608841,643446,691777,675961,687515,703607,671732,"54.79",,,,,,,,20,5,"4-Seam Fastball",4,0,4,0,0,4,4,0,"Infield shade","Standard",194,"0.001","0.025",,,,,"-0.025",,4,4,0.863,0.863,31,22,31,22,2,1,5,1,6,1,"1.21","0.15","0.15","45.6",,,,,
"CU","2026-06-28","77.8","0.04","6.5","Guzman, Denzer",694203,650644,,"foul",,,,,2,,"R","R","R","LAA","ATH","S",,,0,2,2026,"0.91","-0.99",-0.26544762966564417,2.9934855998151386,,,623168,2,2,"Bot",,,,,,,-2.325217308469593,-113.26504206684596,1.4165689608773986,8.294094299867687,21.121748713059922,-41.15187018007094,3.250721785,1.640551181,144,"58.7",41,"76.8",3022,"5.6",824011,669127,608841,643446,691777,675961,687515,703607,671732,"54.9",,,,,,,,20,4,"Curveball",4,0,4,0,0,4,4,0,"Infield shade","Standard",41,"0","0","71.0","7.4",,,"0","88.0",4,4,0.863,0.863,31,22,31,22,2,1,5,1,6,1,"4.76","-0.91","-0.91","50.3",0.5065442098168526,-4.66429025361407,30.867400309921177,30.085646107772636,29.11458234814458
"FC","2026-06-28","88","-0.12","6.4","Guzman, Denzer",694203,650644,,"foul",,,,,1,,"R","R","R","LAA","ATH","S",,,0,2,2026,"0.57","0.81",-0.3446201608815179,3.2962000703575756,,,623168,2,2,"Bot",,,,,,,-1.7221625516847574,-128.11517308550924,-2.87132279807186,6.672474827870821,28.31024319067517,-22.85487035868443,3.250721785,1.640551181,167,"63.1",53,"86.7",2666,"5.6",824011,669127,608841,643446,691777,675961,687515,703607,671732,"54.89",,,,,,,,20,3,"Cutter",4,0,4,0,0,4,4,0,"Infield shade","Standard",170,"0","0","72.6","7.2",,,"0","88.0",4,4,0.863,0.863,31,22,31,22,2,1,5,1,6,1,"2.14","-0.57","-0.57","49.4",-0.6396938173556103,-1.2919684641283977,27.148076388092285,28.881872611554257,28.37592529382536
"CU","2026-06-28","77.6","-0.06","6.52","Guzman, Denzer",694203,650644,,"called_strike",,,,,2,,"R","R","R","LAA","ATH","S",,,0,1,2026,"0.98","-1.16",-0.23401823149043588,2.925160700766064,,,623168,2,2,"Bot",,,,,,,-2.1705937330106138,-112.95675283001327,1.6403960886085593,8.787698380211417,22.975626389640308,-42.552532755472036,3.250721785,1.640551181,,,,"76.2",3127,"5.5",824011,669127,608841,643446,691777,675961,687515,703607,671732,"55",,,,,,,,20,2,"Curveball",4,0,4,0,0,4,4,0,"Infield shade","Standard",36,"-0.003","-0.061",,,,,"0.061",,4,4,0.866,0.866,31,22,31,22,2,1,5,1,6,1,"4.97","-0.98","-0.98","49.2",,,,,
"SI","2026-06-28","90.9","-0.28","6.24","Guzman, Denzer",694203,650644,,"foul",,,,,11,,"R","R","R","LAA","ATH","S",,,0,0,2026,"-0.46","1.04",-0.5404446189620712,3.5240614459257955,,,623168,2,2,"Bot",,,,,,,0.3496958059417947,-132.4540024323257,-2.982700735723893,-5.506842135114385,27.180808398034753,-19.503979087717795,3.250721785,1.640551181,207,"68.2",32,"90.2",2291,"5.7",824011,669127,608841,643446,691777,675961,687515,703607,671732,"54.82",,,,,,,,20,1,"Sinker",4,0,4,0,0,4,4,0,"Infield shade","Standard",200,"-0.001","-0.042","70.5","6.5",,,"0.042","88.0",4,4,0.867,0.867,31,22,31,22,2,1,5,1,6,1,"1.7","0.46","0.46","40.0",-5.468152223025338,9.671479522527031,27.044844281199584,28.825331370158054,19.642956927861334
"FF","2026-06-28","91.6","1.97","5.67","Guzman, Denzer",694203,660761,"strikeout","swinging_strike",,,,,1,"Denzer Guzman strikes out swinging.","R","R","L","LAA","ATH","S",2,,3,2,2026,"0.71","1.38",-0.5564718904550213,3.1147306667518233,,,,0,8,"Bot",,,,,,,-7.773583725140731,-133.00969872072827,-3.3108852887103013,10.255135418501988,32.066418833732534,-15.30543854893542,3.250721785,1.640551181,,,,"90.2",2388,"5.8",824011,669127,608841,643446,691777,675961,666126,703607,671732,"54.69",,0,"0",1,0,0,,61,6,"4-Seam Fastball",4,1,4,1,1,4,4,1,"Standard","Standard",143,"-0.003","-0.35","78.2","8.3","0.287272356",,"0.35",,3,3,0.973,0.973,28,22,28,22,1,3,5,1,5,1,"1.37","0.71","-0.71","42.1",14.568291628058951,-20.010334876490493,31.501173730885434,27.191338599654294,33.26240483089481
"SL","2026-06-28","82.1","2.02","5.7","Guzman, Denzer",694203,660761,,"ball",,,,,13,,"R","R","L","LAA","ATH","B",,,2,2,2026,"-0.6","0.14",-0.2773488914508087,1.2298467851910764,,,,0,8,"Bot",,,,,,,-3.9302876885767093,-119.591987398132,-3.596494959330993,-4.974860488073569,22.904142035902684,-30.38394471918711,3.250721785,1.640551181,,,,"81.5",2882,"5.8",824011,669127,608841,643446,691777,675961,666126,703607,671732,"54.71",,,,,,,,61,5,"Slider",4,1,4,1,1,4,4,1,"Standard","Standard",254,"0.001","0.115",,,,,"-0.115",,3,3,0.972,0.972,28,22,28,22,1,3,5,1,5,1,"3.24","-0.6","0.6","43.9",,,,,
"FF","2026-06-28","92","1.98","5.78","Guzman, Denzer",694203,660761,,"swinging_strike",,,,,6,,"R","R","L","LAA","ATH","S",,,2,1,2026,"0.88","1.37",0.31760746761059144,2.459924974424254,,,,0,8,"Bot",,,,,,,-6.054289283339747,-133.73214180596665,-5.241832118548509,11.934544224384636,33.0862446521512,-14.886783268802674,3.250721785,1.640551181,,,,"90.6",2334,"5.8",824011,669127,608841,643446,691777,675961,666126,703607,671732,"54.66",,,,,,,,61,4,"4-Seam Fastball",4,1,4,1,1,4,4,1,"Standard","Standard",143,"-0.001","-0.08","74.0","7.4","1.941278676",,"0.08",,3,3,0.973,0.973,28,22,28,22,1,3,5,1,5,1,"1.37","0.88","-0.88","40.5",-15.698279818747167,22.005673533687897,39.20988192303408,37.47662819114255,8.199813902402665
"FF","2026-06-28","92.1","2","5.73","Guzman, Denzer",694203,660761,,"ball",,,,,11,,"R","R","L","LAA","ATH","B",,,1,1,2026,"0.76","1.53",-0.940855390330344,4.24707324251904,,,,0,8,"Bot",,,,,,,-8.943536217523143,-133.78742640223064,-1.0611702249347186,11.2612689244451,32.94294029258337,-14.00888985334577,3.250721785,1.640551181,,,,"90.5",2453,"5.7",824011,669127,608841,643446,691777,675961,666126,703607,671732,"54.76",,,,,,,,61,3,"4-Seam Fastball",4,1,4,1,1,4,4,1,"Standard","Standard",140,"0.001","0.064",,,,,"-0.064",,3,3,0.972,0.972,28,22,28,22,1,3,5,1,5,1,"1.2","0.76","-0.76","38.7",,,,,
"CH","2026-06-28","82","2.02","5.77","Guzman, Denzer",694203,660761,,"foul",,,,,14,,"R","R","L","LAA","ATH","S",,,1,0,2026,"1.09","0.24",1.2877802441345805,2.3538087258037983,,,,0,8,"Bot",,,,,,,-3.7494027336742697,-119.33673702473378,-1.4167319044063817,11.107619687454202,22.967405004040284,-29.839576591371365,3.250721785,1.640551181,152,"61.7",25,"81.5",1517,"5.9",824011,669127,608841,643446,691777,675961,666126,703607,671732,"54.59",,,,,,,,61,2,"Changeup",4,1,4,1,1,4,4,1,"Standard","Standard",128,"-0.001","-0.058","68.8","8.0",,,"0.058","88.0",3,3,0.973,0.973,28,22,28,22,1,3,5,1,5,1,"3.15","1.09","-1.09","49.8",-5.231588309938648,4.288503371127989,29.92720811840714,49.456211753279966,19.507071570325888
"CH","2026-06-28","80.8","2.04","5.81","Guzman, Denzer",694203,660761,,"ball",,,,,12,,"R","R","L","LAA","ATH","B",,,0,0,2026,"1.23","0.4",1.8137158299199017,3.093330749868097,,,,0,8,"Bot",,,,,,,-2.8503369035100263,-117.6159914878292,0.020711106995714434,11.926031623178094,22.492063408491546,-28.721561789936025,3.250721785,1.640551181,,,,"80.2",1527,"5.9",824011,669127,608841,643446,691777,675961,666126,703607,671732,"54.64",,,,,,,,61,1,"Changeup",4,1,4,1,1,4,4,1,"Standard","Standard",119,"0.001","0.044",,,,,"-0.044",,3,3,0.972,0.972,28,22,28,22,1,3,5,1,5,1,"3.1","1.23","-1.23","41.5",,,,,
"CU","2026-06-28","77.6","0.02","6.49","Guzman, Denzer",694203,650644,"field_out","hit_into_play",,,,,6,"Denzer Guzman pops out to shortstop Alika Williams.","R","R","R","LAA","ATH","X",6,"popup",1,1,2026,"0.92","-1.38",0.6657969403141297,2.1585892704333336,,,,1,1,"Bot",114.25,145.72,,,,,-0.32795647937744904,-112.76725627014135,0.6716864075429723,7.708912474254794,26.676479843122976,-44.12944155224094,3.250721785,1.640551181,142,"68",59,"75.3",3066,"5.4",824011,669127,608841,643446,691777,675961,687515,703607,671732,"55.12",0.009,0.008,"0",1,0,0,3,6,3,"Curveball",0,0,0,0,0,0,0,0,"Infield shade","Standard",41,"-0.015","-0.257","73.3","8.4",,0.009,"0.257","88.0",0,0,0.525,0.525,31,22,31,22,1,0,5,1,6,1,"5.27","-0.92","-0.92","50.7",10.08188290932047,-17.719521860163983,31.737106322945767,40.87287578369383,38.49981982469825
"FC","2026-06-28","87.3","-0.06","6.44","Guzman, Denzer",694203,650644,,"swinging_strike",,,,,12,,"R","R","R","LAA","ATH","S",,,1,0,2026,"0.32","1.21",0.17921923647846472,3.752097050641942,,,,1,1,"Bot",,,,,,,-0.10768775334516036,-127.1426309770098,-2.5717682770457264,3.4580273013885785,29.34330338516366,-18.772255747241626,3.250721785,1.640551181,,,,"85.7",2609,"5.5",824011,669127,608841,643446,691777,675961,687515,703607,671732,"55",,,,,,,,6,2,"Cutter",0,0,0,0,0,0,0,0,"Infield shade","Standard",173,"-0.004","-0.05","76.9","7.9","0.2869833",,"0.05",,0,0,0.529,0.529,31,22,31,22,1,0,5,1,6,1,"1.8","-0.32","-0.32","48.4",10.645273650656199,-9.608511377378061,20.8956124138138,36.59860911187937,32.79905070811242
"FC","2026-06-28","88","-0.05","6.49","Guzman, Denzer",694203,650644,,"ball",,,,,11,,"R","R","R","LAA","ATH","B",,,0,0,2026,"0.56","1.43",-0.0031069395511422737,3.918932241519177,,,,1,1,"Bot",,,,,,,-1.0529803914070945,-128.10560607253757,-2.854796716128932,6.293732403207072,30.699882509199128,-16.134890254177826,3.250721785,1.640551181,,,,"86.3",2602,"5.5",824011,669127,608841,643446,691777,675961,687515,703607,671732,"54.98",,,,,,,,6,1,"Cutter",0,0,0,0,0,0,0,0,"Infield shade","Standard",179,"0.003","0.043",,,,,"-0.043",,0,0,0.526,0.526,31,22,31,22,1,0,5,1,6,1,"1.55","-0.56","-0.56","47.8",,,,,
"FC","2026-06-27","92.2","-2.32","5.27","Guzman, Denzer",694203,678022,"double","hit_into_play",,,,,2,"Denzer Guzman doubles (3) on a sharp line drive to center fielder Henry Bolte.","R","R","R","LAA","ATH","X",8,"line_drive",0,0,2026,"-0.02","0.58",0.1203108605014855,2.765661624998253,,,,2,5,"Bot",160.08,51.35,,,,,6.169683893273326,-134.17235220535716,-1.618605397942659,-1.5878403978904447,29.687968196277357,-25.056096313603817,3.250721785,1.640551181,375,"102.6",22,"92.1",2451,"6.3",824015,641680,701762,643446,691777,675961,687515,703607,671732,"54.2",0.629,0.927,"1.25",1,1,1,6,39,1,"Cutter",2,1,2,1,1,2,2,1,"Standard","Standard",210,"0.023","0.55","79.1","7.6",,1.595,"-0.55","102.6",1,1,0.671,0.671,26,22,27,22,3,2,6,1,6,1,"2.11","0.02","0.02","31.4",1.905371982836312,-3.9430715094908146,29.320946904404366,36.923947882729124,28.134922574028437
"ST","2026-06-27","88.2","-2.41","5.26","Guzman, Denzer",694203,678022,"field_out","hit_into_play",,,,,12,"Denzer Guzman lines out to left fielder Colby Thomas.","R","R","R","LAA","ATH","X",7,"line_drive",0,2,2026,"0.82","0.35",0.9321694119440919,2.9952094089433756,,,,2,3,"Bot",77.27,106.8,,,,,6.274332870835034,-128.17738139975756,0.1483616664961096,7.436848327251356,30.751316779333155,-28.6982311470821,3.250721785,1.640551181,260,"85.9",19,"87.6",2684,"6.4",824015,641680,701762,643446,691777,675961,687515,703607,671732,"54.14",0.794,0.719,"0",1,0,0,4,22,3,"Sweeper",0,1,0,1,1,0,0,1,"Standard","Standard",47,"-0.008","-0.152","72.3","8.4",,0.892,"0.152","88.0",-1,-1,0.385,0.385,26,22,27,22,2,1,6,1,6,1,"2.63","-0.82","-0.82","37.3",11.037909456769988,-14.062014595564374,22.96135422821599,44.30206091492348,35.36216802982844
"FF","2026-06-27","95.7","-2.16","5.29","Guzman, Denzer",694203,678022,,"foul",,,,,3,,"R","R","R","LAA","ATH","S",,,0,1,2026,"-1.13","1.05",0.7028052637949473,2.879326568972929,,,,2,3,"Bot",,,,,,,10.042192133952689,-139.02216845708207,-2.9676296100259543,-16.848558718055536,30.90194652062063,-18.124630897982435,3.250721785,1.640551181,234,"75.5",30,"95.9",2243,"6.5",824015,641680,701762,643446,691777,675961,687515,703607,671732,"54.04",,,,,,,,22,2,"4-Seam Fastball",0,1,0,1,1,0,0,1,"Standard","Standard",228,"-0.003","-0.063","70.1","7.4",,,"0.063","88.0",-1,-1,0.388,0.388,26,22,27,22,2,1,6,1,6,1,"1.45","1.13","1.13","33.3",-10.035947446665581,16.40741131959895,29.740060902677243,43.7414647240836,11.507439566704377
"FF","2026-06-27","96","-2.18","5.33","Guzman, Denzer",694203,678022,,"called_strike",,,,,9,,"R","R","R","LAA","ATH","S",,,0,0,2026,"-1.15","1.09",0.7428049560348449,1.9146225123725915,,,,2,3,"Bot",,,,,,,10.309968577792864,-139.30259622515268,-5.6759737300153335,-17.363257909423,33.1041787628325,-16.888425229225223,3.250721785,1.640551181,,,,"95.9",2257,"6.5",824015,641680,701762,643446,691777,675961,687515,703607,671732,"53.97",,,,,,,,22,1,"4-Seam Fastball",0,1,0,1,1,0,0,1,"Infield shade","Standard",226,"-0.002","-0.044",,,,,"0.044",,-1,-1,0.39,0.39,26,22,27,22,2,1,6,1,6,1,"1.41","1.15","1.15","35.5",,,,,
"SL","2026-06-27","85.2","-2.25","6.17","Guzman, Denzer",694203,664129,"single","hit_into_play",,,,,8,"Denzer Guzman singles on a ground ball to left fielder Colby Thomas, deflected by third baseman Max Muncy. Josh Lowe scores.","R","R","R","LAA","ATH","X",5,"ground_ball",0,0,2026,"0.02","0.26",0.14726812466916894,1.7118909538000255,666139,,,2,7,"Bot",60.26,118.79,,,,,5.49902687057531,-123.94162537026581,-4.385862876162108,-0.9453756108382261,26.555045140132652,-28.81321505540269,3.250721785,1.640551181,74,"90.3",4,"84.8",2322,"6.2",824015,641680,701762,643446,691777,675961,687515,703607,671732,"54.27",0.409,0.378,"0.9",1,1,0,4,57,1,"Slider",2,2,2,2,2,3,3,2,"Standard","Standard",23,"0.19","0.714","67.1","8.7",,0.448,"-0.714","90.3",0,0,0.575,0.575,32,22,33,22,1,3,2,1,3,1,"2.9","-0.02","-0.02","42.4",14.35756752405758,-20.12547194079694,34.586662375523815,37.71296745997124,38.6078158524224
"ST","2026-06-27","86.3","-2.4","5.31","Guzman, Denzer",694203,678022,"field_out","hit_into_play",,,,,13,"Denzer Guzman flies out to center fielder Henry Bolte.","R","R","R","LAA","ATH","X",8,"fly_ball",1,0,2026,"0.69","-0.01",-0.26653374889799597,1.4944851861365898,,,,1,1,"Bot",137.55,64.41,,,,,3.5669319302120996,-125.61337629699585,-2.593663232219864,6.571174849879193,26.1496554193474,-31.941079492102144,3.250721785,1.640551181,335,"97.4",39,"86.2",2655,"6.3",824015,641680,701762,643446,691777,675961,691016,703607,687515,"54.23",0.077,0.139,"0",1,0,0,3,5,2,"Sweeper",0,0,0,0,0,0,0,0,"Infield shade","Standard",58,"-0.019","-0.307","78.5","8.2",,0.271,"0.307","97.4",0,0,0.529,0.529,26,22,27,22,1,0,6,1,6,1,"3.07","-0.69","-0.69","31.7",8.413598811820084,-9.945447455322672,40.550454261211826,31.167904154375943,35.61248359330462
"FF","2026-06-27","96.4","-2.39","5.39","Guzman, Denzer",694203,678022,,"ball",,,,,12,,"R","R","R","LAA","ATH","B",,,0,0,2026,"-0.59","1.35",1.0016680204104995,2.695517729662988,,,,1,1,"Bot",,,,,,,10.266885062100501,-140.0023990828765,-4.495125835354095,-10.169772550491121,32.279149174215995,-13.632796342102935,3.250721785,1.640551181,,,,"96.4",2306,"6.4",824015,641680,701762,643446,691777,675961,691016,703607,687515,"54.07",,,,,,,,5,1,"4-Seam Fastball",0,0,0,0,0,0,0,0,"Standard","Standard",222,"0.003","0.043",,,,,"-0.043",,0,0,0.526,0.526,26,22,27,22,1,0,6,1,6,1,"1.12","0.59","0.59","32.1",,,,,
"SI","2026-06-26","93.1","-1.23","5.55","Guzman, Denzer",694203,669372,"single","hit_into_play",,,,,13,"Denzer Guzman singles on a sharp ground ball to left fielder Tyler Soderstrom.","R","R","R","LAA","ATH","X",7,"ground_ball",0,0,2026,"-0.99","0.85",-0.37916903796850177,1.4191149955361222,,,,1,6,"Bot",86.6,135.26,,,,,4.4337210608924185,-135.17255956748576,-6.412120204561512,-13.136882639953152,36.29895859302004,-20.400224387422075,3.250721785,1.640551181,13,"101.7",-6,"93.2",2103,"7",824014,669127,701762,643446,691777,675961,691016,703607,671732,"53.5",0.317,0.292,"0.9",1,1,0,2,50,1,"Sinker",3,7,3,7,7,3,3,7,"Standard","Standard",213,"0.022","0.419","76.7","8.7",,0.335,"-0.419","101.7",-4,-4,0.078,0.078,27,22,27,22,3,2,6,2,5,1,"1.84","0.99","0.99","42.9",13.516931159682507,1.1627159407198089,39.39393200029194,33.408439302961035,26.63193930730902
"SI","2026-06-26","92.9","-1","5.67","Guzman, Denzer",694203,669372,"strikeout","called_strike",,,,,3,"Denzer Guzman called out on strikes.","R","R","R","LAA","ATH","S",2,,3,2,2026,"-1.16","0.73",0.44672915354692755,2.8344538558766557,,685133,,1,4,"Bot",,,,,,,6.320556664332149,-135.0638416194189,-2.8753807547503545,-15.621186506676034,31.955717506726554,-22.828010299545408,3.250721785,1.640551181,,,,"93.6",2029,"6.9",824014,669127,701762,643446,691777,675961,691016,703607,671732,"53.58",,0,"0",1,0,0,,27,6,"Sinker",0,0,0,0,0,0,0,0,"Standard","Standard",215,"-0.046","-0.304",,,,,"0.304",,0,0,0.588,0.588,27,22,27,22,2,1,6,2,5,1,"1.93","1.16","1.16","43.0",,,,,
"SI","2026-06-26","93.5","-1.09","5.65","Guzman, Denzer",694203,669372,,"ball",,,,,11,,"R","R","R","LAA","ATH","B",,,2,2,2026,"-1.72","0.41",-1.6964797349754461,3.098775316087078,,685133,,1,4,"Bot",,,,,,,2.333557696259414,-136.15389729020941,-1.5347881124046798,-21.801350108329242,32.48091876480382,-26.940152854297274,3.250721785,1.640551181,,,,"94",2040,"6.7",824014,669127,701762,643446,691777,675961,691016,703607,671732,"53.77",,,,,,,,27,5,"Sinker",0,0,0,0,0,0,0,0,"Infield shade","Standard",215,"0.009","0.069",,,,,"-0.069",,0,0,0.579,0.579,27,22,27,22,2,1,6,2,5,1,"2.21","1.72","1.72","42.1",,,,,
"SL","2026-06-26","83.9","-1.55","5.4","Guzman, Denzer",694203,669372,,"foul",,,,,9,,"R","R","R","LAA","ATH","S",,,2,1,2026,"0.85","-0.24",0.3785366855693755,1.9044973044056919,,685133,,1,4,"Bot",,,,,,,2.711375739942598,-122.05960656700348,-0.870688133006555,7.800738141812763,27.53317465547075,-34.604253925922784,3.250721785,1.640551181,95,"66.3",80,"84.2",2272,"6.9",824014,669127,701762,643446,691777,675961,691016,703607,671732,"53.64",,,,,,,,27,4,"Slider",0,0,0,0,0,0,0,0,"Infield shade","Standard",42,"-0.008","-0.076","75.6","8.8",,,"0.076","88.0",0,0,0.587,0.587,27,22,27,22,2,1,6,2,5,1,"3.52","-0.85","-0.85","35.6",10.58162632576666,-26.097743026407063,32.34218224124461,38.639947886639305,42.617893731939375
"SI","2026-06-26","92.8","-1.1","5.61","Guzman, Denzer",694203,669372,,"ball",,,,,13,,"R","R","R","LAA","ATH","B",,,1,1,2026,"-1.7","0.3",-1.603936912785611,1.960666490744869,,685133,,1,4,"Bot",,,,,,,2.568120371022725,-134.9457478056998,-3.9220447507106817,-21.17070057799266,34.549733118285495,-27.799836490997585,3.250721785,1.640551181,,,,"93",2114,"6.9",824014,669127,701762,643446,691777,675961,691016,703607,671732,"53.63",,,,,,,,27,3,"Sinker",0,0,0,0,0,0,0,0,"Standard","Standard",220,"0.004","0.033",,,,,"-0.033",,0,0,0.583,0.583,27,22,27,22,2,1,6,2,5,1,"2.39","1.7","1.7","42.4",,,,,
"SI","2026-06-26","91.7","-1.25","5.61","Guzman, Denzer",694203,669372,,"foul",,,,,4,,"R","R","R","LAA","ATH","S",,,1,0,2026,"-1.09","0.21",-0.7064240195943716,2.2247441030135016,,685133,,1,4,"Bot",,,,,,,3.831389412938971,-133.47988686849575,-2.9702872092338133,-13.906688384756539,29.876592420367047,-29.207984475448985,3.250721785,1.640551181,3,"87.6",-34,"92.8",2047,"7",824014,669127,701762,643446,691777,675961,691016,703607,671732,"53.49",,,,,,,,27,2,"Sinker",0,0,0,0,0,0,0,0,"Standard","Standard",217,"-0.004","-0.048","76.0","7.8",,,"0.048","88.0",0,0,0.587,0.587,27,22,27,22,2,1,6,2,5,1,"2.51","1.09","1.09","41.8",1.4558036135513281,3.19688243549952,34.213786992423024,28.49057914301022,24.81026299485083
"SI","2026-06-26","91.6","-1.18","5.64","Guzman, Denzer",694203,669372,,"ball",,,,,11,,"R","R","R","LAA","ATH","B",,,0,0,2026,"-0.93","0.66",-1.6371486660730215,2.703607007626806,,685133,,1,4,"Bot",,,,,,,0.9327026728549759,-133.37571626026997,-2.8002081851611638,-11.298817362454594,30.385689118989962,-23.976082445271235,3.250721785,1.640551181,,,,"92.5",2056,"6.9",824014,669127,701762,643446,691777,675961,691016,703607,671732,"53.59",,,,,,,,27,1,"Sinker",0,0,0,0,0,0,0,0,"Standard","Standard",219,"0.002","0.038",,,,,"-0.038",,0,0,0.585,0.585,27,22,27,22,2,1,6,2,5,1,"2.07","0.93","0.93","41.5",,,,,
"SI","2026-06-26","98.9","-1.2","6.07","Guzman, Denzer",694203,665622,"field_out","hit_into_play",,,,,6,"Denzer Guzman grounds out sharply, second baseman Jeff McNeil to first baseman Nick Kurtz. Jorge Soler to 3rd. Wade Meckler to 2nd.","R","R","R","LAA","ATH","X",4,"ground_ball",2,2,2026,"-1.37","0.92",0.7857122557905376,2.2823348522625015,,624585,685133,0,8,"Bot",151.29,149.91,,,,,8.617751014720113,-143.5271014836755,-6.795788478699272,-21.05237734704212,36.215867245255836,-17.950228446502205,3.250721785,1.640551181,4,"102.7",-28,"98.7",2420,"6.5",824014,669127,701762,643446,691777,675961,691016,703607,671732,"53.99",0.155,0.143,"0",1,0,0,2,69,6,"Sinker",3,9,3,9,9,3,3,9,"Infield shade","Standard",220,"-0.008","-0.314","66.6","7.9",,0.165,"0.314","102.7",-6,-6,0.034,0.034,27,22,27,22,1,3,2,2,5,1,"1.44","1.37","1.37","40.8",-2.761159101302416,22.404118154420246,29.05497803807436,44.66189883462267,8.01523141164031
"CH","2026-06-26","90","-1.16","6.05","Guzman, Denzer",694203,665622,,"blocked_ball",,,,,14,,"R","R","R","LAA","ATH","B",,,1,2,2026,"-0.76","0",1.7984826810457086,0.2596631205030122,,624585,685133,0,8,"Bot",,,,,,,8.890181533888963,-130.57704050304483,-8.033772897667815,-10.670836754882695,28.809084938406357,-30.59385553234625,3.250721785,1.640551181,,,,"89.9",1647,"6.5",824014,669127,701762,643446,691777,675961,691016,703607,671732,"54.01",,,,,,,,69,5,"Changeup",3,9,3,9,9,3,3,9,"Infield shade","Standard",214,"0.002","0.053",,,,,"-0.053",,-6,-6,0.032,0.032,27,22,27,22,1,3,2,2,5,1,"2.85","0.76","0.76","42.9",,,,,
"SL","2026-06-26","86.1","-1.54","5.8","Guzman, Denzer",694203,665622,,"foul",,,,,14,,"R","R","R","LAA","ATH","S",,,1,2,2026,"1.06","0.27",1.1151018030616098,2.2606567192341207,,624585,685133,0,8,"Bot",,,,,,,4.031215390337686,-125.33231385614363,-2.50649148001395,10.387272842823405,25.554218653254534,-29.0170846607876,3.250721785,1.640551181,27,"62",-1,"86.2",2646,"6.4",824014,669127,701762,643446,691777,675961,691016,703607,671732,"54.14",,,,,,,,69,4,"Slider",3,9,3,9,9,3,3,9,"Infield shade","Standard",42,"0","0","65.9","7.7",,,"0","88.0",-6,-6,0.032,0.032,27,22,27,22,1,3,2,2,5,1,"2.8","-1.06","-1.06","32.9",-1.048510379914264,6.065319311354369,25.4262982460469,49.362990923718215,23.920223843796485
"SL","2026-06-26","87.4","-1.5","5.85","Guzman, Denzer",694203,665622,,"ball",,,,,12,,"R","R","R","LAA","ATH","B",,,0,2,2026,"0.77","0.2",1.5713064550501659,2.789958806613064,,624585,685133,0,8,"Bot",,,,,,,5.694613839407596,-127.3146671793727,-1.4773169674493856,7.290531869044164,25.237704051829148,-29.915117587193034,3.250721785,1.640551181,,,,"87.6",2529,"6.3",824014,669127,701762,643446,691777,675961,691016,703607,671732,"54.21",,,,,,,,69,3,"Slider",3,9,3,9,9,3,3,9,"Standard","Standard",48,"0.002","0.027",,,,,"-0.027",,-6,-6,0.03,0.03,27,22,27,22,1,3,2,2,5,1,"2.77","-0.77","-0.77","33.5",,,,,
"SI","2026-06-26","99.1","-1.32","6.03","Guzman, Denzer",694203,665622,,"called_strike",,,,,5,,"R","R","R","LAA","ATH","S",,,0,1,2026,"-1.53","0.88",-0.09586857181241193,2.1823461875056442,,624585,685133,0,8,"Bot",,,,,,,6.969224149100873,-144.06099981883577,-6.965532903125348,-22.933641521665585,33.87200337861217,-18.412075757884708,3.250721785,1.640551181,,,,"99.5",1713,"6.6",824014,669127,701762,643446,691777,675961,691016,703607,671732,"53.92",,,,,,,,69,2,"Sinker",3,9,3,9,9,3,3,9,"Standard","Standard",232,"-0.004","-0.053",,,,,"0.053",,-6,-6,0.034,0.034,27,22,27,22,1,3,2,2,5,1,"1.44","1.53","1.53","40.7",,,,,
"SI","2026-06-26","98.4","-1.34","6.17","Guzman, Denzer",694203,665622,,"foul",,,,,11,,"R","R","R","LAA","ATH","S",,,0,0,2026,"-1.42","0.99",-1.2186984707492103,3.7353053232904627,,624585,685133,0,8,"Bot",,,,,,,3.686138241381846,-143.24867490521802,-3.2659394216561815,-20.398087991710792,35.455367486077435,-18.0683123380075,3.250721785,1.640551181,7,"52.8",-27,"98.1",2398,"6.2",824014,669127,701762,643446,691777,675961,691016,703607,671732,"54.26",,,,,,,,69,1,"Sinker",3,9,3,9,9,3,3,9,"Standard","Standard",214,"-0.003","-0.059","38.4","5.2",,,"0.059","88.0",-6,-6,0.037,0.037,27,22,27,22,1,3,2,2,5,1,"1.38","1.42","1.42","44.2",-15.609678794690995,43.444010543155635,32.65052841289564,22.90936722355075,6.94718427670249
"FC","2026-06-26","87.2","-1.35","5.47","Guzman, Denzer",694203,669372,"single","hit_into_play",,,,,9,"Denzer Guzman singles on a line drive to left fielder Tyler Soderstrom.","R","R","R","LAA","ATH","X",7,"line_drive",1,1,2026,"-0.04","0.58",0.33001781551875886,1.7916498092545234,,,,1,2,"Bot",71.76,105.03,,,,,4.105687099223685,-126.95998409482058,-3.6499785300280285,-1.3417846735660215,27.258380783780193,-25.398230097449744,3.250721785,1.640551181,240,"78.5",21,"87.6",2350,"6.6",824014,669127,701762,643446,691777,675961,691016,703607,671732,"53.88",0.94,0.865,"0.9",1,1,0,4,12,3,"Cutter",0,0,0,0,0,0,0,0,"Infield shade","Standard",201,"0.027","0.427","75.6","8.5",,1.023,"-0.427","88.0",0,0,0.527,0.527,27,22,27,22,1,0,6,2,5,1,"2.43","0.04","0.04","36.1",9.665795721926425,-16.547367050210372,38.3000926805635,39.510030270599636,36.303586879832636
"SI","2026-06-26","92.3","-1.27","5.62","Guzman, Denzer",694203,669372,,"called_strike",,,,,13,,"R","R","R","LAA","ATH","S",,,1,0,2026,"-1.15","0.68",-0.5709515478993046,1.4738710325504956,,,,1,2,"Bot",,,,,,,4.36710468825613,-134.19393233444475,-5.9991375961409705,-14.855613588320946,31.873787169578545,-22.782150852397194,3.250721785,1.640551181,,,,"92.9",2053,"6.9",824014,669127,701762,643446,691777,675961,691016,703607,671732,"53.56",,,,,,,,12,2,"Sinker",0,0,0,0,0,0,0,0,"Standard","Standard",215,"-0.004","-0.05",,,,,"0.05",,0,0,0.531,0.531,27,22,27,22,1,0,6,2,5,1,"2.02","1.15","1.15","39.3",,,,,
"SI","2026-06-26","91.7","-1","5.67","Guzman, Denzer",694203,669372,,"ball",,,,,14,,"R","R","R","LAA","ATH","B",,,0,0,2026,"-1.16","0.55",0.8307388270438734,1.1058184664787631,,,,1,2,"Bot",,,,,,,7.201646997510546,-133.24126369452256,-6.647224396344654,-15.427804069868536,30.761048381665862,-24.30133232701429,3.250721785,1.640551181,,,,"92.2",1994,"6.8",824014,669127,701762,643446,691777,675961,691016,703607,671732,"53.66",,,,,,,,12,1,"Sinker",0,0,0,0,0,0,0,0,"Standard","Standard",216,"0.003","0.043",,,,,"-0.043",,0,0,0.528,0.528,27,22,27,22,1,0,6,2,5,1,"2.18","1.16","1.16","42.6",,,,,
"FF","2026-06-24","96.4","-2.59","5.81","Guzman, Denzer",694203,694346,"strikeout","called_strike",,,,,6,"Samuel Basallo challenged (pitch result), call on the field was overturned: Denzer Guzman called out on strikes.","R","R","R","LAA","BAL","S",2,,2,2,2026,"-0.81","1.13",0.758891224580311,2.173802720408782,,,,0,3,"Bot",,,,,,,10.76390578741371,-139.9334984660881,-6.566914980008229,-12.89651226637049,29.164785023217345,-15.958425602471522,3.250721785,1.640551181,,,,"97.8",1883,"7",824018,694212,624413,669236,677942,683002,621493,681297,665750,"53.46",,0,"0",1,0,0,,28,5,"4-Seam Fastball",2,5,2,5,5,2,2,5,"Standard","Standard",214,"-0.02","-0.234",,,,,"0.234",,-3,-3,0.232,0.232,24,22,24,22,2,1,5,2,6,2,"1.32","0.81","0.81","37.0",,,,,
"SL","2026-06-24","87.7","-2.47","5.87","Guzman, Denzer",694203,694346,,"ball",,,,,14,,"R","R","R","LAA","BAL","B",,,1,2,2026,"0.23","-0.28",0.9735264668593895,0.8502738735805977,,,,0,3,"Bot",,,,,,,7.810255136112739,-127.46426786677613,-5.21206804547086,0.9099287066225686,25.560866624892455,-34.36871684746963,3.250721785,1.640551181,,,,"88.7",2098,"6.9",824018,694212,624413,669236,677942,683002,621493,681297,665750,"53.59",,,,,,,,28,4,"Slider",2,5,2,5,5,2,2,5,"Standard","Standard",33,"0.003","0.046",,,,,"-0.046",,-3,-3,0.229,0.229,24,22,24,22,2,1,5,2,6,2,"3.25","-0.23","-0.23","41.7",,,,,
"SL","2026-06-24","87.4","-2.46","6.04","Guzman, Denzer",694203,694346,,"ball",,,,,14,,"R","R","R","LAA","BAL","B",,,0,2,2026,"0.26","-0.39",0.3221750582169236,0.19599159648746012,,,,0,3,"Bot",,,,,,,6.117850656011253,-127.03333238266231,-6.819697874022644,1.4365416126082422,27.366244738751863,-35.101146282097524,3.250721785,1.640551181,,,,"87.8",2265,"6.7",824018,694212,624413,669236,677942,683002,621493,681297,665750,"53.81",,,,,,,,28,3,"Slider",2,5,2,5,5,2,2,5,"Standard","Standard",38,"0.003","0.023",,,,,"-0.023",,-3,-3,0.226,0.226,24,22,24,22,2,1,5,2,6,2,"3.39","-0.26","-0.26","43.2",,,,,
"FF","2026-06-24","96.2","-2.53","5.78","Guzman, Denzer",694203,694346,,"foul",,,,,8,,"R","R","R","LAA","BAL","S",,,0,1,2026,"-0.78","1.2",-0.011678909697290019,2.0605708493209547,,,,0,3,"Bot",,,,,,,8.49217462546321,-139.6979274889754,-6.850174658229217,-12.187080010480933,31.952276505514696,-15.092792510091721,3.250721785,1.640551181,,"91",12,"97",1952,"6.9",824018,694212,624413,669236,677942,683002,621493,681297,665750,"53.59",,,,,,,,28,2,"4-Seam Fastball",2,5,2,5,5,2,2,5,"Standard","Standard",216,"-0.006","-0.056","72.0","7.1",,,"0.056","91.0",-3,-3,0.232,0.232,24,22,24,22,2,1,5,2,6,2,"1.28","0.78","0.78","37.4",-17.840856224908954,21.822508009890377,37.156824273079124,35.920379340778986,10.14309844079323
"SI","2026-06-24","94.2","-2.77","5.72","Guzman, Denzer",694203,694346,,"called_strike",,,,,4,,"R","R","R","LAA","BAL","S",,,0,0,2026,"-1.25","0.71",-0.7399522857295515,2.668926175300645,,,,0,3,"Bot",,,,,,,8.098156248042313,-136.91826156379966,-3.6554794174552923,-17.483489550389024,29.07834683505631,-22.614282444356096,3.250721785,1.640551181,,,,"95.2",1958,"6.9",824018,694212,624413,669236,677942,683002,621493,681297,665750,"53.63",,,,,,,,28,1,"Sinker",2,5,2,5,5,2,2,5,"Standard","Standard",224,"-0.004","-0.043",,,,,"0.043",,-3,-3,0.236,0.236,24,22,24,22,2,1,5,2,6,2,"1.86","1.25","1.25","34.0",,,,,
"SI","2026-06-24","95.1","-2.36","5.42","Guzman, Denzer",694203,666974,"strikeout","swinging_strike",,,,,13,"Denzer Guzman strikes out swinging. Nolan Schanuel to 2nd. Passed ball by catcher Samuel Basallo.","R","R","R","LAA","BAL","S",2,,3,2,2026,"-1.22","0.31",-1.0220569803965183,2.0923258446485273,,,694384,0,7,"Bot",,,,,,,6.20919953307659,-138.33473828664128,-3.5549309691413593,-17.013595182155353,31.272078581969723,-27.603483595007212,3.250721785,1.640551181,,,,"94.6",2088,"6",824018,694212,624413,669236,677942,683002,621493,681297,665750,"54.46",,0,"0",1,0,0,,59,8,"Sinker",2,5,2,5,5,2,2,5,"Standard","Standard",239,"-0.046","-0.314","76.5","8.1","0.236503464",,"0.314",,-3,-3,0.192,0.192,32,22,32,22,1,3,4,2,5,2,"2.22","1.22","1.22","16.8",8.325662343337191,-17.52577535813431,39.0652132899382,21.28909300621662,30.806465528870532
"SI","2026-06-24","95","-2.37","5.42","Guzman, Denzer",694203,666974,,"foul",,,,,11,,"R","R","R","LAA","BAL","S",,,3,2,2026,"-1.27","-0.13",-0.9474573379089339,2.645012968055569,,,694384,0,7,"Bot",,,,,,,6.557632571597476,-138.2110068667243,-1.05863186610332,-17.82029391474934,33.39731823190069,-33.849245099638836,3.250721785,1.640551181,5,"79.6",-27,"94.2",1971,"6",824018,694212,624413,669236,677942,683002,621493,681297,665750,"54.47",,,,,,,,59,7,"Sinker",2,5,2,5,5,2,2,5,"Standard","Standard",256,"0","0","71.9","7.8",,,"0","88.0",-3,-3,0.192,0.192,32,22,32,22,1,3,4,2,5,2,"2.68","1.27","1.27","16.9",7.9310732763286,-10.522180237432318,34.753984961991,22.815705478983187,26.630211250733094
"SI","2026-06-24","95.1","-2.43","5.39","Guzman, Denzer",694203,666974,,"foul",,,,,7,,"R","R","R","LAA","BAL","S",,,3,2,2026,"-1.19","-0.5",-0.47161567712597163,1.9888736187563483,,,694384,0,7,"Bot",,,,,,,7.737009943808044,-138.1888954784497,-1.8374412072905493,-17.035868915441654,33.316603423610005,-38.33260491005284,3.250721785,1.640551181,3,"105.5",-38,"94.3",2070,"6.1",824018,694212,624413,669236,677942,683002,621493,681297,665750,"54.42",,,,,,,,59,6,"Sinker",2,5,2,5,5,2,2,5,"Standard","Standard",252,"0","0","74.0","7.6",,,"0","105.5",-3,-3,0.192,0.192,32,22,32,22,1,3,4,2,5,2,"3.05","1.19","1.19","18.9",-1.4395973791134264,2.1444905663984106,33.38461703236346,29.1840898313403,23.27474989718851
"SI","2026-06-24","94.8","-2.35","5.45","Guzman, Denzer",694203,666974,,"foul",,,,,8,,"R","R","R","LAA","BAL","S",,,3,1,2026,"-1.11","-0.31",-0.2740206980191797,2.0441990756005444,,,694384,0,7,"Bot",,,,,,,7.853311698311801,-137.80792579005052,-2.2222563246791314,-15.998064929159014,34.501126555160205,-35.70704707032257,3.250721785,1.640551181,3,"81.5",-39,"94",2125,"6.2",824018,694212,624413,669236,677942,683002,621493,681297,665750,"54.31",,,,,,,,59,5,"Sinker",2,5,2,5,5,2,2,5,"Standard","Standard",251,"-0.021","-0.107","72.1","8.3",,,"0.107","88.0",-3,-3,0.213,0.213,32,22,32,22,1,3,4,2,5,2,"2.87","1.11","1.11","17.1",10.007054857940515,-6.022379528452798,32.038969031737814,33.78499838370968,30.739241597995473
"SI","2026-06-24","95","-2.39","5.4","Guzman, Denzer",694203,666974,,"called_strike",,,,,4,,"R","R","R","LAA","BAL","S",,,3,0,2026,"-1.19","-0.2",-0.4541432126679579,2.5289075973479247,,,694384,0,7,"Bot",,,,,,,7.6865882502808685,-138.10000948607254,-1.131099027050883,-17.01105405573873,33.891725649065854,-34.69368813593156,3.250721785,1.640551181,,,,"94.3",2192,"6.2",824018,694212,624413,669236,677942,683002,621493,681297,665750,"54.35",,,,,,,,59,4,"Sinker",2,5,2,5,5,2,2,5,"Standard","Standard",252,"-0.018","-0.101",,,,,"0.101",,-3,-3,0.231,0.231,32,22,32,22,1,3,4,2,5,2,"2.75","1.19","1.19","13.4",,,,,
"SI","2026-06-24","96.2","-2.37","5.38","Guzman, Denzer",694203,666974,,"blocked_ball",,,,,14,,"R","R","R","LAA","BAL","B",,,2,0,2026,"-1.34","-0.57",1.0104482920203628,0.6843251694541483,,,694384,0,7,"Bot",,,,,,,11.932382684349855,-139.46208089656233,-5.202410460366172,-20.35518542679697,35.195592088727075,-38.338833950934216,3.250721785,1.640551181,,,,"95.6",2077,"6.4",824018,694212,624413,669236,677942,683002,621493,681297,665750,"54.07",,,,,,,,59,3,"Sinker",2,5,2,5,5,2,2,5,"Standard","Standard",254,"0.026","0.15",,,,,"-0.15",,-3,-3,0.205,0.205,32,22,32,22,1,3,4,2,5,2,"3.07","1.34","1.34","21.1",,,,,
"SI","2026-06-24","95.6","-2.19","5.35","Guzman, Denzer",694203,666974,,"ball",,,,,14,,"R","R","R","LAA","BAL","B",,,1,0,2026,"-1.48","-0.13",1.3021520321437219,1.1618534448125666,,,694384,0,7,"Bot",,,,,,,12.448870866583485,-138.54221380932734,-4.779772609441124,-21.915695354209785,33.51752247661648,-32.87787146464848,3.250721785,1.640551181,,,,"95.1",2258,"6.4",824018,694212,624413,669236,677942,683002,621493,681297,665750,"54.11",,,,,,,,59,2,"Sinker",2,5,2,5,5,2,2,5,"Standard","Standard",250,"0.017","0.079",,,,,"-0.079",,-3,-3,0.188,0.188,32,22,32,22,1,3,4,2,5,2,"2.67","1.48","1.48","14.4",,,,,
"SI","2026-06-24","95.7","-2.21","5.41","Guzman, Denzer",694203,666974,,"ball",,,,,14,,"R","R","R","LAA","BAL","B",,,0,0,2026,"-1.24","-0.31",1.2271077490484672,1.4809755291916913,,,694384,0,7,"Bot",,,,,,,11.668823296357761,-138.80301406383364,-3.723266635710811,-18.670911241041203,32.02233472284706,-35.53627900261929,3.250721785,1.640551181,,,,"94.6",2155,"5.9",824018,694212,624413,669236,677942,683002,621493,681297,665750,"54.62",,,,,,,,59,1,"Sinker",2,5,2,5,5,2,2,5,"Standard","Standard",257,"0.009","0.039",,,,,"-0.039",,-3,-3,0.179,0.179,32,22,32,22,1,3,4,2,5,2,"2.83","1.24","1.24","15.5",,,,,
"SL","2026-06-24","90.2","-1.56","6.01","Guzman, Denzer",694203,552640,"walk","ball",,,,,11,"Denzer Guzman walks. Vaughn Grissom to 3rd. Nolan Schanuel to 2nd.","R","R","R","LAA","BAL","B",,,3,2,2026,"0.51","0.41",-0.9240617393729351,4.492885738274548,,687093,694384,2,8,"Bot",,,,,,,0.46619336929231026,-131.416637021014,1.4030607790497682,5.857331395488423,25.81693062366737,-27.921471302476576,3.250721785,1.640551181,,,,"90.8",2566,"6.4",824018,694212,624413,669236,677942,683002,621493,681297,665750,"54.08",,0.698079,"0.7",1,0,0,,71,6,"Slider",3,5,3,5,5,3,3,5,"Standard","Standard",129,"0.06","0.167",,,,,"-0.167",,-2,-2,0.174,0.174,36,22,36,22,1,4,4,2,3,2,"2.37","-0.51","-0.51","40.3",,,,,
"SL","2026-06-24","86.8","-2.43","6","Guzman, Denzer",694203,694346,"field_out","hit_into_play",,,,,9,"Denzer Guzman lines out to right fielder Leody Taveras.","R","R","R","LAA","BAL","X",9,"line_drive",1,1,2026,"0.14","-0.65",0.35814700466588906,1.5728751246617425,,,,1,1,"Bot",184.97,95.38,,,,,6.330061814275096,-126.27129196012622,-2.773497642843017,0.10013799549169201,27.63551687049077,-38.70091316921236,3.250721785,1.640551181,296,"88.9",25,"87",2240,"6.6",824018,694212,624413,669236,677942,683002,621493,681297,665750,"53.89",0.086,0.087,"0",1,0,0,3,5,3,"Slider",0,0,0,0,0,0,0,0,"Standard","Standard",33,"-0.015","-0.257","70.0","8.0",,0.142,"0.257","88.9",0,0,0.525,0.525,24,22,24,22,1,0,5,2,6,2,"3.7","-0.14","-0.14","43.4",0.2698319660182545,0.270392861253612,37.09928971536992,39.2161098935312,23.65908894684005
"FF","2026-06-24","95.5","2.14","6.17","Guzman, Denzer",694203,664991,"strikeout","called_strike",,,,,3,"Denzer Guzman called out on strikes.","R","R","L","LAA","BAL","S",2,,1,2,2026,"0.1","1.31",0.3436657876866427,3.196919304757922,,,,1,5,"Bot",,,,,,,-4.88427402561267,-138.9596156948162,-4.986998602202119,2.34884821978089,31.769710778752074,-14.327447463880008,3.250721785,1.640551181,,,,"95.3",2444,"6.2",824018,694212,624413,669236,677942,683002,621493,681297,665750,"54.28",,0,"0",1,0,0,,44,4,"4-Seam Fastball",2,5,2,5,5,2,2,5,"Standard","Standard",148,"-0.012","-0.183",,,,,"0.183",,-3,-3,0.16,0.16,29,22,30,22,1,2,3,2,2,2,"1.2","0.1","-0.1","41.2",,,,,
"SL","2026-06-24","89","-1.41","6","Guzman, Denzer",694203,552640,,"blocked_ball",,,,,14,,"R","R","R","LAA","BAL","B",,,2,2,2026,"0.11","-0.07",0.6056253115778648,0.3381848563461318,,687093,694384,2,8,"Bot",,,,,,,4.691805020948623,-129.42025005359193,-7.439571057467176,0.17341681421572888,28.006746652713684,-31.57233757976278,3.250721785,1.640551181,,,,"89.5",2566,"6.7",824018,694212,624413,669236,677942,683002,621493,681297,665750,"53.76",,,,,,,,71,5,"Slider",3,5,3,5,5,3,3,5,"Standard","Standard",115,"0.023","0.069",,,,,"-0.069",,-2,-2,0.151,0.151,36,22,36,22,1,4,4,2,3,2,"2.96","-0.11","-0.11","42.6",,,,,
"FF","2026-06-24","95.8","2.2","6.25","Guzman, Denzer",694203,664991,,"swinging_strike",,,,,11,,"R","R","L","LAA","BAL","S",,,1,1,2026,"0.14","1.31",-0.05151057204871104,3.76380024675656,,,,1,5,"Bot",,,,,,,-6.180943048792242,-139.3605443543501,-3.7544505853266106,3.3233931520975823,32.54152488852044,-14.456143329928041,3.250721785,1.640551181,,,,"95.3",2390,"6.1",824018,694212,624413,669236,677942,683002,621493,681297,665750,"54.38",,,,,,,,44,3,"4-Seam Fastball",2,5,2,5,5,2,2,5,"Standard","Standard",162,"-0.004","-0.074","67.8","6.4","0.320928324",,"0.074",,-3,-3,0.164,0.164,29,22,30,22,1,2,3,2,2,2,"1.18","0.14","-0.14","40.2",-5.341765820452833,30.119482291492375,22.947254015477235,35.58081125236539,9.873032467799995
"ST","2026-06-24","84.8","-2.66","5.84","Guzman, Denzer",694203,694346,,"ball",,,,,11,,"R","R","R","LAA","BAL","B",,,0,1,2026,"1.14","0.71",-0.8244699520883415,4.38548221253334,,,,1,1,"Bot",,,,,,,1.9230355467111044,-123.52426184433882,1.6889291489438607,11.165762465590358,26.273125117135987,-25.522353998850207,3.250721785,1.640551181,,,,"85",2611,"6.5",824018,694212,624413,669236,677942,683002,621493,681297,665750,"54.01",,,,,,,,5,2,"Sweeper",0,0,0,0,0,0,0,0,"Standard","Standard",72,"0.001","0.035",,,,,"-0.035",,0,0,0.524,0.524,24,22,24,22,1,0,5,2,6,2,"2.47","-1.14","-1.14","36.6",,,,,
"FF","2026-06-24","94.8","2.09","6.26","Guzman, Denzer",694203,664991,,"foul",,,,,7,,"R","R","L","LAA","BAL","S",,,1,0,2026,"0.29","1.4",-0.3115035019749953,2.1240308991332197,,,,1,5,"Bot",,,,,,,-6.817211640059885,-137.70317195814607,-8.05283872613733,5.187869828450983,31.671944994213458,-12.671840051477714,3.250721785,1.640551181,,,,"94.5",2493,"6.3",824018,694212,624413,669236,677942,683002,621493,681297,665750,"54.22",,,,,,,,44,2,"4-Seam Fastball",2,5,2,5,5,2,2,5,"Standard","Standard",147,"-0.004","-0.05","76.8","8.7",,,"0.05",,-3,-3,0.168,0.168,29,22,30,22,1,2,3,2,2,2,"1.15","0.29","-0.29","43.5",15.662011525981478,-19.078197269207045,39.06782593910046,32.42564130519027,36.763800041465416
"SL","2026-06-24","90.5","-1.3","6.01","Guzman, Denzer",694203,552640,,"ball",,,,,14,,"R","R","R","LAA","BAL","B",,,1,2,2026,"0.58","0.37",1.4086920277599904,1.9100217992834096,,687093,694384,2,8,"Bot",,,,,,,5.470332003244485,-131.77218394742306,-4.925935872203849,5.615705299122918,26.88387930895278,-27.02227986129566,3.250721785,1.640551181,,,,"91.3",2618,"6.7",824018,694212,624413,669236,677942,683002,621493,681297,665750,"53.82",,,,,,,,71,4,"Slider",3,5,3,5,5,3,3,5,"Standard","Standard",143,"0.013","0.006",,,,,"-0.006",,-2,-2,0.138,0.138,36,22,36,22,1,4,4,2,3,2,"2.4","-0.58","-0.58","42.1",,,,,
"SI","2026-06-24","94.7","-2.74","5.81","Guzman, Denzer",694203,694346,,"called_strike",,,,,6,,"R","R","R","LAA","BAL","S",,,0,0,2026,"-1.46","0.64",0.6365783412089516,2.432850801428133,,,,1,1,"Bot",,,,,,,12.109026179956494,-137.3639039450471,-4.378996639812604,-21.215767805037817,30.591537634826476,-23.213402246341985,3.250721785,1.640551181,,,,"95.3",1929,"6.8",824018,694212,624413,669236,677942,683002,621493,681297,665750,"53.66",,,,,,,,5,1,"Sinker",0,0,0,0,0,0,0,0,"Standard","Standard",223,"-0.002","-0.042",,,,,"0.042",,0,0,0.526,0.526,24,22,24,22,1,0,5,2,6,2,"1.92","1.46","1.46","32.9",,,,,
"SI","2026-06-24","94.6","-1.39","5.95","Guzman, Denzer",694203,552640,,"foul",,,,,1,,"R","R","R","LAA","BAL","S",,,1,1,2026,"-1.41","0.8",-0.6483290581572494,2.9512697560699848,,687093,694384,2,8,"Bot",,,,,,,5.1131689547175805,-137.5293820813843,-3.7033734350182232,-19.03022109280797,33.248322215604006,-21.42534195763055,3.250721785,1.640551181,4,"86.3",-34,"94.4",2242,"6.4",824018,694212,624413,669236,677942,683002,621493,681297,665750,"54.08",,,,,,,,71,3,"Sinker",3,5,3,5,5,3,3,5,"Standard","Standard",209,"-0.022","-0.054","76.0","8.3",,,"0.054","88.0",-2,-2,0.16,0.16,36,22,36,22,1,4,4,2,3,2,"1.77","1.41","1.41","40.2",15.443726818549955,-22.34335436860406,29.31535267185814,28.65684070563271,40.1657163026667
"CU","2026-06-24","86.4","2.09","6.25","Guzman, Denzer",694203,664991,,"ball",,,,,14,,"R","R","L","LAA","BAL","B",,,0,0,2026,"0.32","-0.49",0.16710028491535678,0.12621101198881357,,,,1,5,"Bot",,,,,,,-5.183038234429138,-125.65151109079187,-7.016568337979292,4.4634897650089,26.13996236760765,-36.14213799570616,3.250721785,1.640551181,,,,"86.1",2282,"6.2",824018,694212,624413,669236,677942,683002,621493,681297,665750,"54.28",,,,,,,,44,1,"Curveball",2,5,2,5,5,2,2,5,"Standard","Standard",330,"0.003","0.043",,,,,"-0.043",,-3,-3,0.165,0.165,29,22,30,22,1,2,3,2,2,2,"3.56","0.32","-0.32","43.7",,,,,
"SL","2026-06-24","90.9","-1.4","6.04","Guzman, Denzer",694203,552640,,"foul",,,,,14,,"R","R","R","LAA","BAL","S",,,1,0,2026,"0.66","0.61",0.8402270098092437,2.2722396218920125,,687093,694384,2,8,"Bot",,,,,,,4.108064619381669,-132.31266335944164,-4.620203767261198,6.789695173069835,30.992131929393498,-24.15609698501516,3.250721785,1.640551181,15,"70.3",-8,"91.1",2521,"6.6",824018,694212,624413,669236,677942,683002,621493,681297,665750,"53.91",,,,,,,,71,2,"Slider",3,5,3,5,5,3,3,5,"Standard","Standard",151,"-0.011","-0.045","71.0","8.5",,,"0.045","88.0",-2,-2,0.171,0.171,36,22,36,22,1,4,4,2,3,2,"2.16","-0.66","-0.66","43.3",11.06771362699737,-17.476006824939464,27.803543323828226,45.975863342302524,41.2094125989478
"SL","2026-06-24","89.1","-1.4","6.06","Guzman, Denzer",694203,552640,,"ball",,,,,11,,"R","R","R","LAA","BAL","B",,,0,0,2026,"0.33","0.16",-0.9094985865921521,3.4843556238557376,,687093,694384,2,8,"Bot",,,,,,,0.47909609711136003,-129.66958823210385,-0.37946460642015944,3.619707471024913,30.184248015417953,-30.56599099640557,3.250721785,1.640551181,,,,"88.9",2518,"6.4",824018,694212,624413,669236,677942,683002,621493,681297,665750,"54.07",,,,,,,,71,1,"Slider",3,5,3,5,5,3,3,5,"Standard","Standard",133,"0.007","0.028",,,,,"-0.028",,-2,-2,0.164,0.164,36,22,36,22,1,4,4,2,3,2,"2.74","-0.33","-0.33","42.0",,,,,
"SI","2026-06-22","95.5","-1.05","6.13","Guzman, Denzer",694203,680694,"strikeout","called_strike",,,,,9,"Denzer Guzman called out on strikes.","R","R","R","LAA","BAL","S",2,,3,2,2026,"-1.01","1.05",0.4745229087905578,1.7368804420952848,,,,1,7,"Bot",,,,,,,6.289239030896187,-138.61830782497657,-8.016338433470695,-14.450625674601882,34.79506507268669,-17.00303863863247,3.250721785,1.640551181,,,,"95.2",2044,"6.5",824016,669087,624413,669236,665750,683002,621493,681297,641933,"53.95",,0,"0",1,0,0,,55,7,"Sinker",0,6,0,6,6,0,0,6,"Standard","Standard",190,"-0.005","-0.349",,,,,"0.349",,-6,-6,0.015,0.015,29,22,30,22,3,2,5,1,6,2,"1.49","1.01","1.01","49.6",,,,,
"SI","2026-06-22","95.6","-0.89","6.21","Guzman, Denzer",694203,680694,,"ball",,,,,12,,"R","R","R","LAA","BAL","B",,,2,2,2026,"-0.98","1.15",0.24450709138506566,3.8571030822339756,,,,1,7,"Bot",,,,,,,5.207408813106072,-138.9749752320567,-2.9661122145955434,-13.906242150684529,35.14616763993939,-16.903798270440376,3.250721785,1.640551181,,,,"95.2",2114,"6.4",824016,669087,624413,669236,665750,683002,621493,681297,641933,"54.07",,,,,,,,55,6,"Sinker",0,6,0,6,6,0,0,6,"Standard","Standard",189,"0.002","0.112",,,,,"-0.112",,-6,-6,0.013,0.013,29,22,30,22,3,2,5,1,6,2,"1.38","0.98","0.98","52.4",,,,,
"SL","2026-06-22","89","-1.11","6.14","Guzman, Denzer",694203,680694,,"ball",,,,,14,,"R","R","R","LAA","BAL","B",,,1,2,2026,"1.09","-0.3",0.6840963754355154,0.25280127857300405,,,,1,7,"Bot",,,,,,,2.0371843956222815,-129.37048530594612,-7.376553333326003,11.565987434266786,30.98750450466298,-34.019663559018625,3.250721785,1.640551181,,,,"88.8",2529,"6.6",824016,669087,624413,669236,665750,683002,621493,681297,641933,"53.93",,,,,,,,55,5,"Slider",0,6,0,6,6,0,0,6,"Standard","Standard",49,"0","0.055",,,,,"-0.055",,-6,-6,0.013,0.013,29,22,30,22,3,2,5,1,6,2,"3.22","-1.09","-1.09","50.3",,,,,
"CU","2026-06-22","85.9","-1.06","6.35","Guzman, Denzer",694203,680694,,"foul",,,,,13,,"R","R","R","LAA","BAL","S",,,1,2,2026,"0.39","-1.2",-0.04317781840768903,1.4190373029330643,,,,1,7,"Bot",,,,,,,1.5671757438406273,-124.99994454950456,-2.5863066065148548,3.694330770872228,29.01312652793068,-44.27033971585059,3.250721785,1.640551181,6,"95.7",-14,"85.5",2411,"6.4",824016,669087,624413,669236,665750,683002,621493,681297,641933,"54.15",,,,,,,,55,4,"Curveball",0,6,0,6,6,0,0,6,"Standard","Standard",23,"0","0","80.6","8.4",,,"0","95.7",-6,-6,0.013,0.013,29,22,30,22,3,2,5,1,6,2,"4.33","-0.39","-0.39","58.6",11.833563851776288,-12.569278605104374,36.94494470058105,31.832794381363307,35.72196798061696
"SL","2026-06-22","89","-1.23","6.12","Guzman, Denzer",694203,680694,,"swinging_strike",,,,,14,,"R","R","R","LAA","BAL","S",,,1,1,2026,"0.63","0.1",1.2085177043825723,1.9848537293783441,,,,1,7,"Bot",,,,,,,4.5541022047761475,-129.36593590064535,-3.9772977001781067,5.889865354056356,31.751520499586043,-30.279609743784786,3.250721785,1.640551181,,,,"88.4",2493,"6.4",824016,669087,624413,669236,665750,683002,621493,681297,641933,"54.13",,,,,,,,55,3,"Slider",0,6,0,6,6,0,0,6,"Standard","Standard",54,"-0.001","-0.074","73.0","8.7","3.08806692",,"0.074",,-6,-6,0.014,0.014,29,22,30,22,3,2,5,1,6,2,"2.82","-0.63","-0.63","51.8",16.102578257458088,-21.88845079643167,27.30410880712391,46.846504320648506,40.600065359232445
"SI","2026-06-22","94.9","-0.84","6.22","Guzman, Denzer",694203,680694,,"ball",,,,,11,,"R","R","R","LAA","BAL","B",,,0,1,2026,"-1.07","1.08",-0.004697904695553534,3.468600373980121,,,,1,7,"Bot",,,,,,,4.62397969942639,-137.92298572349128,-3.6862809458873698,-14.746044085671254,36.297361605879594,-17.912463089791714,3.250721785,1.640551181,,,,"94.2",2081,"6.4",824016,669087,624413,669236,665750,683002,621493,681297,641933,"54.1",,,,,,,,55,2,"Sinker",0,6,0,6,6,0,0,6,"Standard","Standard",186,"0.001","0.035",,,,,"-0.035",,-6,-6,0.013,0.013,29,22,30,22,3,2,5,1,6,2,"1.5","1.07","1.07","58.8",,,,,
"SI","2026-06-22","94","-0.84","6.23","Guzman, Denzer",694203,680694,,"called_strike",,,,,3,,"R","R","R","LAA","BAL","S",,,0,0,2026,"-1.14","1.01",0.47868246869193265,3.127945991238695,,,,1,7,"Bot",,,,,,,5.940464593043503,-136.57678473665237,-4.295829856593113,-15.552794728360894,34.721257434537264,-18.850832386689497,3.250721785,1.640551181,,,,"93.6",2092,"6.5",824016,669087,624413,669236,665750,683002,621493,681297,641933,"54.02",,,,,,,,55,1,"Sinker",0,6,0,6,6,0,0,6,"Standard","Standard",184,"-0.001","-0.042",,,,,"0.042",,-6,-6,0.014,0.014,29,22,30,22,3,2,5,1,6,2,"1.61","1.14","1.14","58.6",,,,,
"SI","2026-06-22","95.6","-0.95","6.19","Guzman, Denzer",694203,680694,"field_out","hit_into_play",,,,,2,"Denzer Guzman grounds out, second baseman Jeremiah Jackson to first baseman Pete Alonso.","R","R","R","LAA","BAL","X",4,"ground_ball",1,1,2026,"-1.12","0.96",-0.22545689307348804,2.8004325291620473,,,685133,2,4,"Bot",145.26,145.96,,,,,4.4718184897380855,-138.93292021630495,-5.231595681489926,-15.520671491989718,35.309527622533665,-18.79640139008829,3.250721785,1.640551181,5,"95.4",-27,"95.4",2173,"6.5",824016,669087,624413,669236,665750,683002,621493,681297,641933,"53.95",0.104,0.094,"0",1,0,0,2,31,3,"Sinker",0,4,0,4,4,0,0,4,"Standard","Standard",186,"-0.016","-0.266","71.3","6.9",,0.117,"0.266","95.4",-4,-4,0.12,0.12,29,22,30,22,2,1,5,1,6,2,"1.57","1.12","1.12","53.2",-12.135960431697436,19.397979141544027,31.778804244253084,31.548592056986877,13.52768659226588
"SL","2026-06-22","89.9","-1.35","6.19","Guzman, Denzer",694203,680694,,"blocked_ball",,,,,14,,"R","R","R","LAA","BAL","B",,,0,1,2026,"0.81","-0.25",0.09082164947249038,0.6102785030984648,,,685133,2,4,"Bot",,,,,,,1.760890603417009,-130.8363967743108,-6.984212898911479,8.882923585815275,30.0597211211116,-33.622084813098766,3.250721785,1.640551181,,,,"89.6",2495,"6.3",824016,669087,624413,669236,665750,683002,621493,681297,641933,"54.18",,,,,,,,31,2,"Slider",0,4,0,4,4,0,0,4,"Standard","Standard",45,"0.002","0.029",,,,,"-0.029",,-4,-4,0.118,0.118,29,22,30,22,2,1,5,1,6,2,"3.09","-0.81","-0.81","52.5",,,,,
"SL","2026-06-22","88.9","-1.3","6.19","Guzman, Denzer",694203,680694,,"called_strike",,,,,9,,"R","R","R","LAA","BAL","S",,,0,0,2026,"0.79","0.07",0.6507529106596204,1.7202058830219853,,,685133,2,4,"Bot",,,,,,,3.0304287332024975,-129.42529702187744,-4.7977402124188675,8.202809481274164,29.005315398549982,-30.535662030599212,3.250721785,1.640551181,,,,"89.1",2606,"6.6",824016,669087,624413,669236,665750,683002,621493,681297,641933,"53.93",,,,,,,,31,1,"Slider",0,4,0,4,4,0,0,4,"Standard","Standard",65,"-0.003","-0.042",,,,,"0.042",,-4,-4,0.121,0.121,29,22,30,22,2,1,5,1,6,2,"2.83","-0.79","-0.79","49.7",,,,,
"SL","2026-06-22","89.7","-1.31","6.14","Guzman, Denzer",694203,680694,"walk","blocked_ball",,,,,14,"Denzer Guzman walks.","R","R","R","LAA","BAL","B",,,3,2,2026,"0.79","-0.07",0.8133071186220349,0.13288174247089524,,,,0,2,"Bot",,,,,,,3.4866952109435694,-130.32260901339473,-8.280738321141857,7.966770519837585,32.20114641838413,-31.14065584541393,3.250721785,1.640551181,,,,"89",2661,"6.4",824016,669087,624413,669236,677942,683002,621493,681297,641933,"54.14",,0.698079,"0.7",1,0,0,,13,6,"Slider",0,1,0,1,1,0,0,1,"Standard","Standard",58,"0.035","0.373",,,,,"-0.373",,-1,-1,0.449,0.449,29,22,30,22,1,0,5,1,6,2,"2.95","-0.79","-0.79","51.5",,,,,
"SI","2026-06-22","95.3","-0.87","6.28","Guzman, Denzer",694203,680694,,"ball",,,,,3,,"R","R","R","LAA","BAL","B",,,2,2,2026,"-0.85","1.09",0.4875551689968638,3.1891879997372232,,,,0,2,"Bot",,,,,,,5.499696732125794,-138.47718534499066,-4.68607208600493,-12.295407066580516,36.75490050841247,-17.297971711316308,3.250721785,1.640551181,,,,"95",2298,"6.6",824016,669087,624413,669236,677942,683002,621493,681297,641933,"53.88",,,,,,,,13,5,"Sinker",0,1,0,1,1,0,0,1,"Standard","Standard",198,"0.01","0.115",,,,,"-0.115",,-1,-1,0.439,0.439,29,22,30,22,1,0,5,1,6,2,"1.46","0.85","0.85","54.2",,,,,
"CU","2026-06-22","86.8","-0.94","6.4","Guzman, Denzer",694203,680694,,"ball",,,,,14,,"R","R","R","LAA","BAL","B",,,1,2,2026,"0.42","-1.34",0.9744293445076797,1.0552363626906476,,,,0,2,"Bot",,,,,,,3.6577150363763398,-126.26682733680444,-3.426172782420771,3.5634118983241434,30.100866229345904,-45.74877212604069,3.250721785,1.640551181,,,,"86.3",2813,"6.4",824016,669087,624413,669236,677942,683002,621493,681297,641933,"54.15",,,,,,,,13,4,"Curveball",0,1,0,1,1,0,0,1,"Standard","Standard",18,"0.004","0.046",,,,,"-0.046",,-1,-1,0.435,0.435,29,22,30,22,1,0,5,1,6,2,"4.41","-0.42","-0.42","60.5",,,,,
"SL","2026-06-22","86.9","-1.44","6.24","Guzman, Denzer",694203,680694,,"foul",,,,,9,,"R","R","R","LAA","BAL","S",,,1,1,2026,"0.53","0.14",0.656432594614588,2.0979366676326663,,,,0,2,"Bot",,,,,,,3.8425099801486757,-126.51400815267341,-3.7500198558233646,4.781691447499012,27.550316196709446,-30.11424459066426,3.250721785,1.640551181,2,"77.2",-44,"86.5",2547,"6.2",824016,669087,624413,669236,677942,683002,621493,681297,641933,"54.34",,,,,,,,13,3,"Slider",0,1,0,1,1,0,0,1,"Standard","Standard",55,"-0.007","-0.062","74.9","8.8",,,"0.062","88.0",-1,-1,0.442,0.442,29,22,30,22,1,0,5,1,6,2,"2.89","-0.53","-0.53","50.2",11.822085468877244,-17.92760058103076,27.12452325568928,41.31509930006001,33.34762517963715
"SL","2026-06-22","87.8","-1.28","6.29","Guzman, Denzer",694203,680694,,"swinging_strike",,,,,14,,"R","R","R","LAA","BAL","S",,,1,0,2026,"0.47","-0.02",0.9846540360820564,1.338639316763051,,,,0,2,"Bot",,,,,,,4.432778892953235,-127.66941762478788,-5.493595049497768,4.097092655234193,28.64076969702547,-31.430192697119274,3.250721785,1.640551181,,,,"87.7",2549,"6.4",824016,669087,624413,669236,677942,683002,621493,681297,641933,"54.05",,,,,,,,13,2,"Slider",0,1,0,1,1,0,0,1,"Standard","Standard",55,"-0.005","-0.058","72.4","9.0","7.101265428",,"0.058",,-1,-1,0.447,0.447,29,22,30,22,1,0,5,1,6,2,"3.01","-0.47","-0.47","52.0",19.097912634742446,-23.373343197660418,29.667821820230966,46.1577075209602,43.21014351062399
"SL","2026-06-22","87.2","-1.55","6.26","Guzman, Denzer",694203,680694,,"ball",,,,,1,,"R","R","R","LAA","BAL","B",,,0,0,2026,"0.49","0.1",-0.7953575802136035,3.0055775227749026,,,,0,2,"Bot",,,,,,,0.7548592368186663,-127.0125654589548,-1.6239137912086483,5.130590729596417,27.559693401384365,-31.02406560640505,3.250721785,1.640551181,,,,"86.9",2529,"6.2",824016,669087,624413,669236,677942,683002,621493,681297,641933,"54.34",,,,,,,,13,1,"Slider",0,1,0,1,1,0,0,1,"Standard","Standard",58,"0.004","0.044",,,,,"-0.044",,-1,-1,0.443,0.443,29,22,30,22,1,0,5,1,6,2,"2.91","-0.49","-0.49","47.1",,,,,
"SL","2026-06-22","89.8","-1.38","5.95","Guzman, Denzer",694203,670329,"field_out","hit_into_play",,,,,3,"Denzer Guzman grounds out, shortstop Gunnar Henderson to first baseman Pete Alonso.","R","R","R","LAA","BAL","X",6,"ground_ball",0,0,2026,"0.03","0.75",0.7077898914662466,2.9337999208500074,,,,1,9,"Bot",108.95,147.77,,,,,4.986457178231385,-130.61881784194156,-2.8353695282643057,-0.7495863815582432,29.437012234123596,-23.17332883199015,3.250721785,1.640551181,28,"97.1",-4,"88.9",2400,"5.9",824016,669087,624413,669236,691723,683002,621493,665750,641933,"54.59",0.308,0.277,"0",1,0,0,2,72,1,"Slider",1,6,1,6,6,1,1,6,"Standard","Standard",204,"-0.002","-0.264","66.6","7.7",,0.346,"0.264","97.1",-5,-5,0.003,0.003,32,22,32,22,1,3,2,1,2,2,"2.09","-0.03","-0.03","54.4",0.00681510082920791,-2.5543601290677618,18.771628449033724,43.0785922479249,29.7483050541316
"FF","2026-06-21","93.9","-2.32","5.36","Guzman, Denzer",694203,678022,"field_out","hit_into_play",,,,,8,"Denzer Guzman lines out sharply to center fielder Henry Bolte.","R","R","R","ATH","LAA","X",8,"line_drive",2,0,2026,"-0.97","1.09",-0.1634517179069177,1.988348711662193,,,694384,0,4,"Top",133.29,51.01,,,,,7.670329475901435,-136.58073113836267,-5.283306257626037,-13.726589445877918,27.74047233954454,-17.49716074484319,3.250721785,1.640551181,367,"104.6",19,"94.2",2200,"6.3",824987,641680,701762,680869,691777,805779,691016,703607,687515,"54.2",0.543,0.717,"0",1,0,0,6,30,3,"4-Seam Fastball",4,3,3,4,3,4,3,4,"Standard","Standard",221,"0.064","-0.374","72.7","8.2",,1.169,"0.374","104.6",1,-1,0.555,0.44499999999999995,26,22,27,22,2,1,5,1,6,1,"1.48","0.97","0.97","31.8",5.725356303130969,-1.9375289142636072,35.88622808857221,34.43433682708073,27.456821598502707
"SI","2026-06-21","94.2","-2.34","5.35","Guzman, Denzer",694203,678022,,"ball",,,,,13,,"R","R","R","ATH","LAA","B",,,1,0,2026,"-1.21","0.85",-0.22546263475692374,1.4015520400589347,,,694384,0,4,"Top",,,,,,,8.161811309754894,-137.02064407812838,-6.301350778933403,-17.02775996882715,26.797773461115984,-20.266107707533656,3.250721785,1.640551181,,,,"94.6",2289,"6.3",824987,641680,701762,680869,691777,805779,691016,703607,687515,"54.22",,,,,,,,30,2,"Sinker",4,3,3,4,3,4,3,4,"Standard","Standard",225,"-0.014","0.079",,,,,"-0.079",,1,-1,0.569,0.43100000000000005,26,22,27,22,2,1,5,1,6,1,"1.7","1.21","1.21","31.7",,,,,
"ST","2026-06-21","86","-2.36","5.26","Guzman, Denzer",694203,678022,,"blocked_ball",,,,,14,,"R","R","R","ATH","LAA","B",,,0,0,2026,"0.74","0.35",1.2000364216899029,0.4802810166429379,,,694384,0,4,"Top",,,,,,,6.788682725514464,-125.16496488442102,-5.639921374439317,6.721817290766079,21.19076010822646,-27.652086990207348,3.250721785,1.640551181,,,,"86.4",2636,"6.2",824987,641680,701762,680869,691777,805779,691016,703607,687515,"54.32",,,,,,,,30,1,"Sweeper",4,3,3,4,3,4,3,4,"Standard","Standard",56,"-0.007","0.039",,,,,"-0.039",,1,-1,0.576,0.42400000000000004,26,22,27,22,2,1,5,1,6,1,"2.69","-0.74","-0.74","28.1",,,,,
"FC","2026-06-21","90.9","-2.43","5.38","Guzman, Denzer",694203,678022,"single","hit_into_play",,,,,9,"Denzer Guzman singles on a line drive to center fielder Henry Bolte. Nolan Schanuel to 2nd.","R","R","R","ATH","LAA","X",8,"line_drive",0,1,2026,"-0.16","0.67",0.6719861978581518,1.933282596136781,,,694384,0,2,"Top",117.62,94.18,,,,,8.002524157422698,-132.20687150912664,-4.011013034745184,-3.4119212206811684,25.60290067999419,-23.704573238436847,3.250721785,1.640551181,226,"78.5",18,"91.2",2345,"6.3",824987,641680,701762,680869,691777,805779,691016,703607,687515,"54.23",0.971,0.886,"0.9",1,1,0,4,14,2,"Cutter",4,0,0,4,0,4,0,4,"Standard","Standard",204,"-0.053","0.51","75.9","8.5",,1.049,"-0.51","88.0",4,-4,0.817,0.18300000000000005,26,22,27,22,1,0,5,1,6,1,"2.08","0.16","0.16","29.2",7.226233389160898,-9.457298712300167,33.01953791586568,43.70424320557736,31.25097283391457
"CH","2026-06-21","85","2.58","5.87","Guzman, Denzer",694203,663687,"home_run","hit_into_play",,,,,8,"Denzer Guzman homers (3) on a fly ball to center field. Vaughn Grissom scores. Nolan Schanuel scores.","R","R","L","ATH","LAA","X",,"fly_ball",1,1,2026,"1.34","0.75",-0.16527985460435168,1.9310983077992936,687093,,694384,1,8,"Top",127.88,30.86,,,,,-9.133902060235934,-123.44574379393946,-4.246535690738151,15.495103263286325,22.63843107711974,-23.855669442423398,3.250721785,1.640551181,416,"101.6",23,"85.8",1881,"6.7",824987,641680,701762,680869,691777,805779,691016,703607,687515,"53.77",0.577,0.859,"2",1,0,3,6,64,3,"Changeup",7,4,4,7,7,7,7,7,"Standard","Standard",123,"-0.318","1.218","73.9","8.1",,1.502,"-1.218","101.6",3,-3,0.864,0.136,29,22,30,22,1,3,3,1,3,1,"2.4","1.34","-1.34","49.1",5.087425556705431,-5.905316820344114,40.34258401028516,34.12145486291977,31.329444352683506
"FC","2026-06-21","91.3","-2.51","5.4","Guzman, Denzer",694203,678022,,"called_strike",,,,,7,,"R","R","R","ATH","LAA","S",,,0,0,2026,"0.04","0.5",-0.4197973283962572,2.107317824906203,,,694384,0,2,"Top",,,,,,,5.102101288377477,-133.00228640774108,-3.374080109432931,-0.4823313276012339,25.246265517008357,-25.72874674256541,3.250721785,1.640551181,,,,"91.7",2341,"6.2",824987,641680,701762,680869,691777,805779,691016,703607,687515,"54.29",,,,,,,,14,1,"Cutter",4,0,0,4,0,4,0,4,"Standard","Standard",221,"0.004","-0.043",,,,,"0.043",,4,-4,0.813,0.18700000000000006,26,22,27,22,1,0,5,1,6,1,"2.2","-0.04","-0.04","30.3",,,,,
"FF","2026-06-21","95.6","2.38","6.07","Guzman, Denzer",694203,663687,,"foul",,,,,4,,"R","R","L","ATH","LAA","S",,,1,0,2026,"0.91","1.26",-0.5942655675880659,2.7380318063324776,687093,,694384,1,8,"Top",,,,,,,-9.843747578242276,-138.8577237565055,-5.86376613384218,13.88910606150452,29.95128057119406,-14.646738444384603,3.250721785,1.640551181,226,"74.9",46,"96",2324,"6.6",824987,641680,701762,680869,691777,805779,691016,703607,687515,"53.94",,,,,,,,64,2,"4-Seam Fastball",7,4,4,7,4,7,4,7,"Standard","Standard",153,"0.01","-0.064","64.2","7.1",,,"0.064","88.0",3,-3,0.854,0.14600000000000002,29,22,30,22,1,3,3,1,3,1,"1.23","0.91","-0.91","56.2",-1.9731392301707051,5.766809646132713,37.092146393106326,28.73909936838089,21.943395841765856
"CH","2026-06-21","86","2.55","5.91","Guzman, Denzer",694203,663687,,"ball",,,,,11,,"R","R","L","ATH","LAA","B",,,0,0,2026,"1.09","1.2",-1.2319594885286487,2.6198856957415124,687093,,694384,1,8,"Top",,,,,,,-11.156217740295993,-124.74663616740128,-3.8180019497453417,13.605950105826285,23.898312943663313,-19.051180541037436,3.250721785,1.640551181,,,,"86.6",2093,"6.7",824987,641680,701762,680869,691777,805779,691016,703607,687515,"53.78",,,,,,,,64,1,"Changeup",7,4,4,7,4,7,4,7,"Standard","Standard",128,"-0.007","0.026",,,,,"-0.026",,3,-3,0.861,0.139,29,22,30,22,1,3,3,1,3,1,"1.89","1.09","-1.09","49.3",,,,,
"ST","2026-06-21","82","3.48","5.84","Guzman, Denzer",694203,640454,"walk","ball",,,,,13,"Denzer Guzman walks.","R","R","L","ATH","LAA","B",,,3,2,2026,"-1.49","0",-1.927770908954243,1.9014191798496665,,,,1,6,"Top",,,,,,,-9.081045338189876,-119.13895835950737,-2.0595044790373347,-12.198168161295413,24.575776390340174,-31.95174697695022,3.250721785,1.640551181,,,,"81.3",2794,"6.1",824987,641680,701762,680869,691777,805779,691016,703607,687515,"54.42",,0.698079,"0.7",1,0,0,,47,6,"Sweeper",5,4,4,5,4,5,4,5,"Standard","Standard",306,"-0.035","0.339",,,,,"-0.339",,1,-1,0.69,0.31000000000000005,31,22,32,22,1,2,,1,2,1,"3.42","-1.49","1.49","26.0",,,,,
"SI","2026-06-21","88.8","3.26","6.06","Guzman, Denzer",694203,640454,,"swinging_strike",,,,,12,,"R","R","L","ATH","LAA","S",,,3,1,2026,"1.34","0.11",1.1995720142161685,2.8102802102094118,,,,1,6,"Top",,,,,,,-7.753576938652547,-129.1164992621557,-1.8792655074335025,16.626194760084157,28.875850222004583,-30.716871231190176,3.250721785,1.640551181,,,,"87.8",1977,"5.9",824987,641680,701762,680869,691777,805779,691016,703607,687515,"54.63",,,,,,,,47,5,"Sinker",5,4,4,5,4,5,4,5,"Standard","Standard",118,"0.01","-0.092","70.4","7.1","0.612565164",,"0.092",,1,-1,0.68,0.31999999999999995,31,22,32,22,1,2,,1,2,1,"2.8","1.34","-1.34","30.8",-10.876120905637793,29.981002370786864,27.679249125463233,48.944386087777616,7.170815763453206
"SI","2026-06-21","89","3.27","6.08","Guzman, Denzer",694203,640454,,"called_strike",,,,,9,,"R","R","L","ATH","LAA","S",,,3,0,2026,"1.56","0.13",0.2859494480380531,1.875465189205066,,,,1,6,"Top",,,,,,,-10.474773135053272,-129.12612060018083,-4.18278302466436,19.729096883834774,29.90087180585971,-29.986259554399822,3.250721785,1.640551181,,,,"87.8",1937,"6",824987,641680,701762,680869,691777,805779,691016,703607,687515,"54.52",,,,,,,,47,4,"Sinker",5,4,4,5,4,5,4,5,"Standard","Standard",111,"0.009","-0.084",,,,,"0.084",,1,-1,0.671,0.32899999999999996,31,22,32,22,1,2,,1,2,1,"2.79","1.56","-1.56","31.1",,,,,
"ST","2026-06-21","80.8","3.61","5.82","Guzman, Denzer",694203,640454,,"ball",,,,,12,,"R","R","L","ATH","LAA","B",,,2,0,2026,"-1.65","-0.01",1.0589637572301216,2.771734902442539,,,,1,6,"Top",,,,,,,-2.373394113484708,-117.5180613049802,0.21038902484605115,-14.569736856989588,26.484994850317253,-32.53170200463862,3.250721785,1.640551181,,,,"79.7",2806,"6",824987,641680,701762,680869,691777,805779,691016,703607,687515,"54.53",,,,,,,,47,3,"Sweeper",5,4,4,5,4,5,4,5,"Standard","Standard",302,"-0.013","0.14",,,,,"-0.14",,1,-1,0.684,0.31599999999999995,31,22,32,22,1,2,,1,2,1,"3.56","-1.65","1.65","25.4",,,,,
"SI","2026-06-21","91.3","3.15","6.21","Guzman, Denzer",694203,640454,,"ball",,,,,14,,"R","R","L","ATH","LAA","B",,,1,0,2026,"1.7","0.58",1.6618117242806731,1.8405804139360171,,,,1,6,"Top",,,,,,,-7.343249945068626,-132.55960164367158,-5.983892159370671,21.609299215599663,31.42975165486691,-24.176607632965894,3.250721785,1.640551181,,,,"90",2027,"5.8",824987,641680,701762,680869,691777,805779,691016,703607,687515,"54.65",,,,,,,,47,2,"Sinker",5,4,4,5,4,5,4,5,"Standard","Standard",117,"-0.008","0.077",,,,,"-0.077",,1,-1,0.692,0.30800000000000005,31,22,32,22,1,2,,1,2,1,"2.19","1.7","-1.7","32.1",,,,,
"SI","2026-06-21","89.4","3.14","6.19","Guzman, Denzer",694203,640454,,"ball",,,,,12,,"R","R","L","ATH","LAA","B",,,0,0,2026,"1.64","0.42",1.5725869676330047,2.8077779688861635,,,,1,6,"Top",,,,,,,-7.235815347106044,-129.95048313511631,-2.937056782439126,20.146487396918076,28.714921710710204,-27.049032710609193,3.250721785,1.640551181,,,,"88.2",2031,"5.7",824987,641680,701762,680869,691777,805779,691016,703607,687515,"54.76",,,,,,,,47,1,"Sinker",5,4,4,5,4,5,4,5,"Standard","Standard",120,"-0.004","0.043",,,,,"-0.043",,1,-1,0.696,0.30400000000000005,31,22,32,22,1,2,,1,2,1,"2.46","1.64","-1.64","31.9",,,,,
"SL","2026-06-20","83.9","-1.41","5.48","Guzman, Denzer",694203,669372,"field_out","hit_into_play",,,,,9,"Denzer Guzman grounds out, third baseman Max Muncy to first baseman Nick Kurtz.","R","R","R","ATH","LAA","X",5,"ground_ball",1,1,2026,"0.79","-0.13",0.6286214455237144,1.7289449805151538,,,,0,6,"Top",94.25,168.91,,,,,3.077623622620874,-122.29632192326055,-1.8438542568788283,7.3222750790444255,23.55163329622602,-33.2872379807898,3.250721785,1.640551181,9,"74.6",-11,"84.3",2332,"6.4",824988,669127,701762,643446,691777,805779,691016,703607,671732,"54.07",0.062,0.056,"0",1,0,0,2,44,3,"Slider",0,2,2,0,2,0,2,0,"Standard","Standard",40,"0.016","-0.25","72.7","8.8",,0.069,"0.25","88.0",-2,2,0.222,0.778,27,22,27,22,3,2,5,1,6,1,"3.35","-0.79","-0.79","35.8",13.49155636645501,-19.08439285973843,29.20692878414905,41.14446919583422,38.71815531669348
"SI","2026-06-20","91.6","-0.59","5.79","Guzman, Denzer",694203,669372,,"ball",,,,,13,,"R","R","R","ATH","LAA","B",,,0,1,2026,"-0.78","0.8",-0.09874390640667441,0.5346775622576265,,,,0,6,"Top",,,,,,,2.9626796134335365,-133.25245536481427,-8.95555569094819,-9.981932412808113,26.02249913503504,-20.97797086206351,3.250721785,1.640551181,,,,"92.2",2079,"6.4",824988,669127,701762,643446,691777,805779,691016,703607,671732,"54.07",,,,,,,,44,2,"Sinker",0,2,2,0,2,0,2,0,"Standard","Standard",221,"-0.002","0.029",,,,,"-0.029",,-2,2,0.224,0.776,27,22,27,22,3,2,5,1,6,1,"1.9","0.78","0.78","44.2",,,,,
"SI","2026-06-20","93","-0.84","5.7","Guzman, Denzer",694203,669372,,"swinging_strike",,,,,7,,"R","R","R","ATH","LAA","S",,,0,0,2026,"-1.33","0.08",-0.7284498794324847,1.5703412049535737,,,,0,6,"Top",,,,,,,3.261102987414002,-135.2830322142064,-4.729613635895722,-16.998869334525647,31.584255701047592,-30.320957205477278,3.250721785,1.640551181,,,,"93.3",1904,"6.6",824988,669127,701762,643446,691777,805779,691016,703607,671732,"53.87",,,,,,,,44,1,"Sinker",0,2,2,0,2,0,2,0,"Standard","Standard",222,"0.003","-0.043","72.7","7.8","1.16951184",,"0.043",,-2,2,0.221,0.779,27,22,27,22,3,2,5,1,6,1,"2.57","1.33","1.33","41.8",-4.50657397741295,5.14192141732273,36.13668032308134,27.36459445546729,20.788883949908133
"SI","2026-06-20","92.6","-1.14","5.69","Guzman, Denzer",694203,669372,"walk","ball",,,,,11,"Denzer Guzman walks. Jo Adell to 3rd. Wade Meckler to 2nd.","R","R","R","ATH","LAA","B",,,3,0,2026,"-1.39","0.26",-1.6489947974562718,2.8900379812156496,,666176,685133,1,3,"Top",,,,,,,1.8112381394088433,-134.82764716856983,-1.6781068020857017,-17.2177306062642,32.26558894935558,-28.91332128027684,3.250721785,1.640551181,,,,"92.6",2051,"6.5",824988,669127,701762,643446,691777,805779,691016,703607,671732,"54.02",,0.698079,"0.7",1,0,0,,24,4,"Sinker",0,2,2,0,2,0,2,0,"Standard","Standard",214,"-0.018","0.137",,,,,"-0.137",,-2,2,0.231,0.769,27,22,27,22,2,1,5,1,6,1,"2.42","1.39","1.39","45.6",,,,,
"SI","2026-06-20","93.4","-1.09","5.66","Guzman, Denzer",694203,669372,,"blocked_ball",,,,,14,,"R","R","R","ATH","LAA","B",,,2,0,2026,"-1.49","0.17",0.02449135934758484,0.6130959247189254,,666176,685133,1,3,"Top",,,,,,,6.233936551998415,-135.64051431138088,-7.288937934231282,-19.775748922091964,34.51316337316,-28.41211322563351,3.250721785,1.640551181,,,,"93.4",1998,"6.8",824988,669127,701762,643446,691777,805779,691016,703607,671732,"53.71",,,,,,,,24,3,"Sinker",0,2,2,0,2,0,2,0,"Standard","Standard",221,"-0.013","0.115",,,,,"-0.115",,-2,2,0.244,0.756,27,22,27,22,2,1,5,1,6,1,"2.49","1.49","1.49","41.8",,,,,
"SI","2026-06-20","91.5","-1.23","5.72","Guzman, Denzer",694203,669372,,"ball",,,,,11,,"R","R","R","ATH","LAA","B",,,1,0,2026,"-0.83","0.86",-1.0758832459527445,3.442873123194767,,666176,685133,1,3,"Top",,,,,,,2.2216727997788355,-133.17318999301293,-1.5142262731783735,-10.272907123606123,32.54906373504664,-21.969008275131337,3.250721785,1.640551181,,,,"91.6",2121,"6.6",824988,669127,701762,643446,691777,805779,691016,703607,671732,"53.87",,,,,,,,24,2,"Sinker",0,2,2,0,2,0,2,0,"Standard","Standard",215,"-0.01","0.08",,,,,"-0.08",,-2,2,0.254,0.746,27,22,27,22,2,1,5,1,6,1,"1.9","0.83","0.83","46.5",,,,,
"SI","2026-06-20","92.6","-1.21","5.68","Guzman, Denzer",694203,669372,,"ball",,,,,11,,"R","R","R","ATH","LAA","B",,,0,0,2026,"-0.87","0.78",-1.8268422041497616,2.456723682683293,,666176,685133,1,3,"Top",,,,,,,0.3826832811851978,-134.7961541468555,-3.938129772964475,-10.64227653966197,31.124547043423902,-22.052502227491452,3.250721785,1.640551181,,,,"93",2005,"6.6",824988,669127,701762,643446,691777,805779,691016,703607,671732,"53.88",,,,,,,,24,1,"Sinker",0,2,2,0,2,0,2,0,"Standard","Standard",213,"-0.004","0.039",,,,,"-0.039",,-2,2,0.258,0.742,27,22,27,22,2,1,5,1,6,1,"1.89","0.87","0.87","46.0",,,,,
"FF","2026-06-20","93.1","-1.98","6.18","Guzman, Denzer",694203,664129,"field_out","hit_into_play",,,,,2,"Denzer Guzman flies out to second baseman Alika Williams.","R","R","R","ATH","LAA","X",4,"fly_ball",0,0,2026,"-0.65","1.16",-0.05137387523434889,3.1100536805581847,,,,0,9,"Top",172.45,134.03,,,,,6.310974334939889,-135.54576627284615,-4.529281042866182,-9.282382055700241,27.486952904014306,-17.051254541908566,3.250721785,1.640551181,201,"76.9",52,"93.3",2209,"6.2",824988,669127,701762,675961,691777,805779,691016,703607,687515,"54.3",0.051,0.051,"0",1,0,0,3,74,1,"4-Seam Fastball",0,7,7,0,7,0,7,0,"Standard","Standard",214,"0","-0.264","71.5","7.4",,0.078,"0.264","88.0",-7,7,0.001,0.999,32,22,33,22,2,4,,1,5,1,"1.45","0.65","0.65","40.8",0.32429564440070485,9.284145276454396,25.923344942985498,37.281879318142714,24.232750662448357
"SL","2026-06-20","85.8","-1.27","5.42","Guzman, Denzer",694203,669372,"strikeout","swinging_strike",,,,,14,"Denzer Guzman strikes out swinging.","R","R","R","ATH","LAA","S",2,,0,2,2026,"0.61","-0.24",0.7917226934152481,0.918459401183275,,666176,685133,0,2,"Top",,,,,,,3.556606585489056,-124.87146056294036,-3.6208621772505913,5.629370813340229,25.81207797845008,-34.182360933372856,3.250721785,1.640551181,,,,"85.9",2393,"6.4",824988,669127,701762,643446,691777,805779,691016,703607,671732,"54.06",,0,"0",1,0,0,,12,3,"Slider",0,0,0,0,0,0,0,0,"Standard","Standard",19,"0.032","-0.185","73.6","8.9","4.112822016",,"0.185",,0,0,0.426,0.5740000000000001,27,22,27,22,1,0,5,1,6,1,"3.35","-0.61","-0.61","36.0",15.475073572540753,-22.6047749761476,35.43700242077533,42.57606176189603,38.46991944763725
"FC","2026-06-20","89.6","-1.24","5.62","Guzman, Denzer",694203,669372,,"called_strike",,,,,2,,"R","R","R","ATH","LAA","S",,,0,1,2026,"0.24","0.54",0.18329854234169765,3.251281258297827,,666176,685133,0,2,"Top",,,,,,,2.9728386047936937,-130.62799164739155,-0.8947940099492016,2.16294974254918,25.818802768838466,-25.950946578487056,3.250721785,1.640551181,,,,"90.2",2147,"6.4",824988,669127,701762,643446,691777,805779,691016,703607,671732,"54.09",,,,,,,,12,2,"Cutter",0,0,0,0,0,0,0,0,"Standard","Standard",204,"0.013","-0.053",,,,,"0.053",,0,0,0.413,0.587,27,22,27,22,1,0,5,1,6,1,"2.27","-0.24","-0.24","43.9",,,,,
"FC","2026-06-20","89.6","-1.34","5.51","Guzman, Denzer",694203,669372,,"called_strike",,,,,8,,"R","R","R","ATH","LAA","S",,,0,0,2026,"0.37","0.95",0.21457375059202582,2.082049878218799,,666176,685133,0,2,"Top",,,,,,,3.0177724433203466,-130.44352076672746,-4.336216231718877,3.5917250991143543,26.676936196930182,-20.57696571793017,3.250721785,1.640551181,,,,"90.2",2268,"6.6",824988,669127,701762,643446,691777,805779,691016,703607,671732,"53.93",,,,,,,,12,1,"Cutter",0,0,0,0,0,0,0,0,"Standard","Standard",214,"0.008","-0.059",,,,,"0.059",,0,0,0.405,0.595,27,22,27,22,1,0,5,1,6,1,"1.88","-0.37","-0.37","35.7",,,,,
"SL","2026-06-20","84.1","-2.05","6.25","Guzman, Denzer",694203,664129,"home_run","hit_into_play",,,,,5,"Denzer Guzman homers (2) on a fly ball to left field.","R","R","R","ATH","LAA","X",,"fly_ball",1,0,2026,"0.26","-0.03",-0.1505839549445802,2.3346485938849892,,,,1,7,"Top",32.06,78.79,,,,,3.8096293568413206,-122.54609241852827,-2.413789737512226,1.8539309713347827,23.50837935532916,-32.258841106535506,3.250721785,1.640551181,376,"99",27,"83.7",2394,"5.9",824988,669127,701762,643446,691777,805779,691016,703607,671732,"54.62",0.489,0.86,"2",1,0,3,6,56,2,"Slider",0,6,6,0,7,0,7,0,"Infield shade","Standard",32,"-0.009","1.54","74.1","8.6",,1.583,"-1.54","99.0",-6,6,0.018,0.982,32,22,33,22,1,3,,1,5,1,"3.24","-0.26","-0.26","44.7",17.948583372753244,-16.466272525177384,33.125065810271614,33.87419499874292,40.95458157093263
"SI","2026-06-20","94.8","-2.39","6.14","Guzman, Denzer",694203,664129,,"ball",,,,,11,,"R","R","R","ATH","LAA","B",,,0,0,2026,"-1","0.6",-1.1145353553366422,3.1828404186443118,,,,1,7,"Top",,,,,,,5.560042022054938,-138.06721067007288,-3.2516291262723462,-14.052343607148604,29.86019911291439,-24.016780238824477,3.250721785,1.640551181,,,,"94.7",2124,"6.1",824988,669127,701762,643446,691777,805779,691016,703607,671732,"54.37",,,,,,,,56,1,"Sinker",0,6,6,0,6,0,6,0,"Infield shade","Standard",218,"0","0.043",,,,,"-0.043",,-6,6,0.018,0.982,32,22,33,22,1,3,,1,5,1,"1.93","1","1","39.3",,,,,
"FF","2026-06-19","91.8","1.93","6.08","Guzman, Denzer",694203,605488,"home_run","hit_into_play",,,,,1,"Denzer Guzman homers (1) on a fly ball to left field. Oswald Peraza scores.","R","R","L","ATH","LAA","X",,"fly_ball",1,2,2026,"0.84","1.51",-0.32172501128576647,3.030728547584864,,672724,,2,4,"Top",38.81,64.52,,,,,-7.517664925706952,-133.37685194243045,-4.945845687309783,11.736020989221721,32.32916369069588,-13.290506870719131,3.250721785,1.640551181,433,"104.3",30,"91.9",2224,"6.7",824990,669127,701762,643446,680869,805779,691016,703607,671732,"53.78",1,2,"2",1,0,3,6,32,7,"4-Seam Fastball",4,1,1,4,3,4,3,4,"Standard","Standard",148,"-0.168","1.706","73.9","7.9",,4,"-1.706","104.3",3,-3,0.84,0.16000000000000003,33,22,34,22,2,1,5,1,6,1,"1.23","0.84","-0.84","50.6",13.217692384328448,-14.05302937649917,33.22578258519821,30.992126242944,33.60597930134544
"CH","2026-06-19","78.6","2.29","6.2","Guzman, Denzer",694203,605488,,"foul",,,,,9,,"R","R","L","ATH","LAA","S",,,1,2,2026,"0.96","0.67",0.30066946970145303,2.0688113994021666,,672724,,2,4,"Top",,,,,,,-6.028671735108667,-114.28055567661171,-3.120509655185546,9.51298209250202,21.321585484055753,-25.959397458433862,3.250721785,1.640551181,286,"94.1",23,"78.3",1262,"6.2",824990,669127,701762,643446,680869,805779,691016,703607,671732,"54.34",,,,,,,,32,6,"Changeup",4,1,1,4,1,4,1,4,"Standard","Standard",121,"0","0","72.8","8.6",,,"0","94.1",3,-3,0.84,0.16000000000000003,33,22,34,22,2,1,5,1,6,1,"3.03","0.96","-0.96","43.9",16.78532505121043,-22.89449023608642,31.032823217975697,37.55475272291024,42.23171925423238
"FF","2026-06-19","90.5","2.18","5.91","Guzman, Denzer",694203,605488,,"foul",,,,,3,,"R","R","L","ATH","LAA","S",,,1,2,2026,"1.43","1.19",0.6437806654825027,2.9582259240406454,,672724,,2,4,"Top",,,,,,,-6.905321099351044,-131.42990325837076,-3.7121533373362148,18.023318963239685,32.27878583995383,-17.842902406076654,3.250721785,1.640551181,178,"73.1",67,"90.1",2293,"6.5",824990,669127,701762,643446,680869,805779,691016,703607,671732,"53.99",,,,,,,,32,5,"4-Seam Fastball",4,1,1,4,1,4,1,4,"Standard","Standard",139,"0","0","84.0","7.9",,,"0","88.0",3,-3,0.84,0.16000000000000003,33,22,34,22,2,1,5,1,6,1,"1.64","1.43","-1.43","45.6",4.39910929831953,-3.0219562589463718,28.144660207684446,42.992692581648775,29.27304884225458
"CH","2026-06-19","79.4","2.35","6.21","Guzman, Denzer",694203,605488,,"foul",,,,,12,,"R","R","L","ATH","LAA","S",,,1,2,2026,"1.07","0.59",1.011275149511459,2.4965062941732343,,672724,,2,4,"Top",,,,,,,-4.905698349359707,-115.49423713103457,-2.2384250136953856,10.53383576185974,22.025925546299547,-26.671609199183276,3.250721785,1.640551181,3,"52.4",-37,"79",1367,"6.1",824990,669127,701762,643446,680869,805779,691016,703607,671732,"54.42",,,,,,,,32,4,"Changeup",4,1,1,4,1,4,1,4,"Standard","Standard",118,"0","0","13.3","6.2",,,"0","88.0",3,-3,0.84,0.16000000000000003,33,22,34,22,2,1,5,1,6,1,"3.03","1.07","-1.07","43.3",17.611712741851985,45.98278578856749,13.650586260173599,46.24887210369094,2.072704397756242
"CH","2026-06-19","79.3","2.31","6.24","Guzman, Denzer",694203,605488,,"swinging_strike",,,,,9,,"R","R","L","ATH","LAA","S",,,1,1,2026,"1.13","1.04",0.5867690746457142,1.5700465820864435,,672724,,2,4,"Top",,,,,,,-5.8336974715045855,-115.24688941125063,-5.05445394818745,11.149589542349036,23.851348578381486,-22.115558965997284,3.250721785,1.640551181,,,,"78.5",1363,"6.1",824990,669127,701762,643446,680869,805779,691016,703607,671732,"54.41",,,,,,,,32,3,"Changeup",4,1,1,4,1,4,1,4,"Standard","Standard",124,"0.007","-0.07","66.2","9.4","10.51616634",,"0.07",,3,-3,0.833,0.16700000000000004,33,22,34,22,2,1,5,1,6,1,"2.62","1.13","-1.13","46.3",32.2163199421883,-46.82912580387031,33.72356669261254,41.50233275595177,55.56445180598797
"CH","2026-06-19","78","2.32","6.33","Guzman, Denzer",694203,605488,,"swinging_strike",,,,,6,,"R","R","L","ATH","LAA","S",,,1,0,2026,"1.25","0.55",0.5566626829641144,2.287162037143,,672724,,2,4,"Top",,,,,,,-6.052248624782761,-113.48841043423931,-2.5986856012811197,11.87775431636746,20.22533529281881,-27.186272054177824,3.250721785,1.640551181,,,,"77.9",1274,"6.1",824990,669127,701762,643446,680869,805779,691016,703607,671732,"54.36",,,,,,,,32,2,"Changeup",4,1,1,4,1,4,1,4,"Standard","Standard",125,"0.002","-0.049","66.2","9.1","1.141485516",,"0.049",,3,-3,0.831,0.16900000000000004,33,22,34,22,2,1,5,1,6,1,"3.19","1.25","-1.25","45.3",24.254880604603528,-31.395499319486724,31.913168637007114,42.75708841542668,44.496179709185085
"FF","2026-06-19","91.7","2.22","6.13","Guzman, Denzer",694203,605488,,"ball",,,,,12,,"R","R","L","ATH","LAA","B",,,0,0,2026,"0.95","1.59",0.5948116335982322,3.963052474992549,,672724,,2,4,"Top",,,,,,,-6.161831997437631,-133.37490288509122,-2.927021176213951,12.65645304390878,30.20735965995719,-12.788291163593945,3.250721785,1.640551181,,,,"91.8",2320,"6.5",824990,669127,701762,643446,680869,805779,691016,703607,671732,"53.99",,,,,,,,32,1,"4-Seam Fastball",4,1,1,4,1,4,1,4,"Standard","Standard",147,"-0.001","0.027",,,,,"-0.027",,3,-3,0.832,0.16800000000000004,33,22,34,22,2,1,5,1,6,1,"1.13","0.95","-0.95","48.1",,,,,
"SL","2026-06-19","84.8","2.32","6.13","Guzman, Denzer",694203,605488,"field_out","hit_into_play",,,,,4,"Denzer Guzman flies out to left fielder Tyler Soderstrom.","R","R","L","ATH","LAA","X",7,"fly_ball",0,0,2026,"-0.39","0.24",-0.6662307713765754,2.348446064670587,,,,2,2,"Top",81.88,131.41,,,,,-6.081869670164899,-123.40432623634695,-2.7518711537559803,-2.8065782520424785,24.76552591642533,-29.37870771093818,3.250721785,1.640551181,212,"87.7",60,"84.6",2285,"6.2",824990,669127,701762,643446,680869,805779,691016,703607,671732,"54.32",0.023,0.032,"0",1,0,0,3,11,1,"Slider",0,0,0,0,0,0,0,0,"Standard","Standard",213,"0.011","-0.259","75.0","8.6",,0.044,"0.259","88.0",0,0,0.54,0.45999999999999996,33,22,34,22,1,0,5,1,6,1,"2.93","-0.39","0.39","46.8",17.371398362607575,-27.94981685220676,33.72365623072922,28.95582419287653,40.47662782574194
"SL","2026-06-19","78.7","1.98","5.88","Guzman, Denzer",694203,660761,"field_out","hit_into_play",,,,,4,"Denzer Guzman grounds out, shortstop Jacob Wilson to first baseman Nick Kurtz.","R","R","L","ATH","LAA","X",6,"ground_ball",0,0,2026,"-0.62","-0.52",-0.6110257866381879,2.586632613818503,,,,1,7,"Top",102.19,147.06,,,,,-4.321104565165767,-114.57606471884618,0.84170342136177,-4.709529007416153,21.04242840357578,-37.1465357541255,3.250721785,1.640551181,81,"64.7",10,"77.9",2878,"5.7",824990,669127,701762,680869,691777,805779,691016,703607,671732,"54.79",0.207,0.187,"0",1,0,0,2,63,1,"Slider",5,11,11,5,11,5,11,5,"Standard","Standard",303,"0.002","-0.264","76.9","7.5",,0.245,"0.264","88.0",-6,6,0.018,0.982,28,22,28,22,1,3,2,1,4,1,"4.2","-0.62","0.62","44.1",0.4522304740453265,-2.3799371339479185,38.9132352873503,29.22542107658314,26.51813752330357
"FC","2026-06-19","88.2","-2.74","5.44","Guzman, Denzer",694203,686993,"field_out","hit_into_play",,,,,6,"Denzer Guzman flies out to left fielder Tyler Soderstrom.","R","R","R","ATH","LAA","X",7,"fly_ball",0,0,2026,"0.27","0.22",0.6943291359440193,2.54785017865578,,666176,672724,1,5,"Top",93.04,109.23,,,,,7.700869497800941,-128.26529114872227,-1.2229785180351698,1.502461464782247,25.188456103079933,-29.688267064498294,3.250721785,1.640551181,240,"73.6",43,"88.7",2723,"6.5",824990,669127,701762,643446,680869,805779,691016,703607,671732,"53.97",0.226,0.226,"0",1,0,0,3,45,1,"Cutter",4,7,7,4,7,4,7,4,"Standard","Standard",129,"0.024","-0.244","72.2","8.6",,0.28,"0.244","88.0",-3,3,0.143,0.857,29,22,30,22,1,2,3,1,5,1,"2.7","-0.27","-0.27","39.1",16.350878984881962,-15.558882598946113,25.475247009120498,43.05314535124981,37.808687839910206
"FF","2026-06-19","99.4","-2.36","5.83","Guzman, Denzer",694203,665660,"field_out","hit_into_play",,,,,4,"Denzer Guzman flies out to center fielder Henry Bolte. Christian Moore to 3rd.","R","R","R","ATH","LAA","X",8,"fly_ball",2,1,2026,"-1.13","1.31",-0.6371958958030008,2.5321385379178816,,695681,,0,10,"Top",111.36,50.05,,,,,7.287507814286945,-144.47331988168776,-6.482481289983226,-17.518069204404643,34.521374617748876,-12.482758142724565,3.250721785,1.640551181,370,"97.6",35,"98.5",2563,"5.9",824990,669127,701762,680869,691777,805779,691016,703607,671732,"54.6",0.234,0.456,"0",1,0,0,5,87,4,"4-Seam Fastball",11,11,11,11,11,11,11,11,"Standard","Standard",230,"0.018","-0.29","76.7","7.8",,0.888,"0.29","97.6",0,0,0.495,0.505,27,22,27,22,1,4,3,1,2,1,"1.01","1.13","1.13","22.1",7.654424203130026,-5.982840651777734,34.68498767481504,30.663464805380574,30.502729626245262
"SL","2026-06-19","86.5","-2.46","5.68","Guzman, Denzer",694203,665660,,"ball",,,,,11,,"R","R","R","ATH","LAA","B",,,1,1,2026,"-0.03","0.11",-1.3432494374207775,3.4864018014496763,,695681,,0,10,"Top",,,,,,,2.6454595791161375,-125.95059569493452,0.9231306944031694,-0.8412906217729919,27.005624197112,-31.38104889137128,3.250721785,1.640551181,,,,"85.4",2146,"5.7",824990,669127,701762,680869,691777,805779,691016,703607,671732,"54.83",,,,,,,,87,3,"Slider",11,11,11,11,11,11,11,11,"Standard","Standard",222,"-0.01","0.029",,,,,"-0.029",,0,0,0.505,0.495,27,22,27,22,1,4,3,1,2,1,"2.94","0.03","0.03","21.0",,,,,
"SI","2026-06-19","96","-2.86","5.6","Guzman, Denzer",694203,665660,,"foul",,,,,11,,"R","R","R","ATH","LAA","S",,,1,0,2026,"-1.82","0.55",-1.573450908937955,2.864741730955232,,695681,,0,10,"Top",,,,,,,7.46971305435862,-139.5555483725373,-2.6592968279543885,-25.46256914242742,32.6606291434987,-24.622806819722307,3.250721785,1.640551181,8,"76.9",-20,"94.8",2362,"5.7",824990,669127,701762,680869,691777,805779,691016,703607,671732,"54.76",,,,,,,,87,2,"Sinker",11,11,11,11,11,11,11,11,"Standard","Standard",233,"0.01","-0.052","72.3","8.0",,,"0.052","88.0",0,0,0.495,0.505,27,22,27,22,1,4,3,1,2,1,"1.94","1.82","1.82","17.4",16.773942469886183,-21.40435101027158,36.44437159641256,18.067057210734003,30.93549223486097
"SI","2026-06-19","97.3","-2.7","5.66","Guzman, Denzer",694203,665660,,"ball",,,,,13,,"R","R","R","ATH","LAA","B",,,0,0,2026,"-1.65","0.75",-1.0570719989491195,1.84931301483765,,695681,,0,10,"Top",,,,,,,8.05447653621136,-141.31734874532754,-6.1246802251503425,-23.90295063128432,33.091246343935126,-20.815984365204255,3.250721785,1.640551181,,,,"95.7",2420,"5.5",824990,669127,701762,680869,691777,805779,691016,703607,671732,"54.96",,,,,,,,87,1,"Sinker",11,11,11,11,11,11,11,11,"Strategic","Standard",231,"-0.005","0.024",,,,,"-0.024",,0,0,0.5,0.5,27,22,27,22,1,4,3,1,2,1,"1.67","1.65","1.65","18.5",,,,,
"CU","2026-06-18","85.4","1.96","5.64","Guzman, Denzer",694203,695611,"truncated_pa","blocked_ball",,,,,13,,"R","R","L","ATH","LAA","B",2,,2,2,2026,"-0.38","-0.98",-0.42788518818043575,0.43213587876682524,,,687093,2,7,"Top",,,,,,,-4.794598886132476,-124.38373327371391,-3.717463446066478,-2.949461180188607,25.03188676666026,-41.760352446580875,3.250721785,1.640551181,,,,"85.9",2616,"6.6",824989,669127,701762,643446,680869,805779,691016,703607,666126,"53.94",,,"0",0,0,0,,53,8,"Curveball",5,0,0,5,0,5,0,5,"Standard","Standard",323,"0.006","-0.251",,,,,"0.251",,5,-5,0.98,0.020000000000000018,23,22,23,22,3,2,6,1,6,1,"4.1","-0.38","0.38","50.7",,,,,
"FF","2026-06-18","96.9","2.03","5.56","Guzman, Denzer",694203,695611,,"foul",,,,,2,,"R","R","L","ATH","LAA","S",,,2,2,2026,"0.77","1.53",0.09259695624504438,2.844632203038845,,,687093,2,7,"Top",,,,,,,-6.914082659870888,-140.9488834847448,-5.069802643633297,11.863715226837465,31.4957395522669,-10.820863523538568,3.250721785,1.640551181,171,"72.1",63,"97.1",2394,"6.4",824989,669127,701762,643446,680869,805779,691016,703607,666126,"54.12",,,,,,,,53,7,"4-Seam Fastball",5,0,0,5,0,5,0,5,"Standard","Standard",151,"0","0","75.3","7.3",,,"0","88.0",5,-5,0.98,0.020000000000000018,23,22,23,22,3,2,6,1,6,1,"0.9","0.77","-0.77","44.0",-0.4489378729023618,4.1021295052726785,31.586138277442366,36.40823573202711,26.639032881041384
"CU","2026-06-18","81.6","2.01","5.69","Guzman, Denzer",694203,695611,,"foul",,,,,13,,"R","R","L","ATH","LAA","S",,,2,2,2026,"-0.31","-1.06",-0.6226736476262795,0.8150403916807534,,,687093,2,7,"Top",,,,,,,-5.2631761486309845,-118.74912621879136,-1.9803169633649662,-1.7803947964137596,25.09870684502054,-41.90218526723461,3.250721785,1.640551181,13,"14.5",54,"81.5",2491,"6.5",824989,669127,701762,643446,680869,805779,691016,703607,666126,"54.02",,,,,,,,53,6,"Curveball",5,0,0,5,0,5,0,5,"Standard","Standard",326,"0","0","68.4","9.0",,,"0","88.0",5,-5,0.98,0.020000000000000018,23,22,23,22,3,2,6,1,6,1,"4.51","-0.31","0.31","51.0",23.662684655214044,-31.068046311543366,39.17502765994823,29.370080853911503,48.42510742626743
"CU","2026-06-18","85.6","2.09","5.67","Guzman, Denzer",694203,695611,,"ball",,,,,14,,"R","R","L","ATH","LAA","B",,,1,2,2026,"-0.37","-0.74",0.977308850944596,1.4611381056926,,,687093,2,7,"Top",,,,,,,-1.8477384442021414,-124.71428187996247,-1.9398616708941052,-3.4807852045303185,23.985944995827833,-39.71940494775966,3.250721785,1.640551181,,,,"85.8",2413,"6.3",824989,669127,701762,643446,680869,805779,691016,703607,666126,"54.23",,,,,,,,53,5,"Curveball",5,0,0,5,0,5,0,5,"Standard","Standard",321,"-0.001","0.049",,,,,"-0.049",,5,-5,0.981,0.019000000000000017,23,22,23,22,3,2,6,1,6,1,"3.83","-0.37","0.37","48.0",,,,,
"FF","2026-06-18","96.8","2.15","5.49","Guzman, Denzer",694203,695611,,"foul",,,,,1,,"R","R","L","ATH","LAA","S",,,1,2,2026,"0.7","1.45",-0.32129021381687306,3.100858393318186,,,687093,2,7,"Top",,,,,,,-8.14568265953174,-140.75366641013383,-4.026955306183726,11.119374298693996,30.798325963746723,-12.169164370906982,3.250721785,1.640551181,204,"66.3",33,"97.2",2326,"6.5",824989,669127,701762,643446,680869,805779,691016,703607,666126,"54.01",,,,,,,,53,4,"4-Seam Fastball",5,0,0,5,0,5,0,5,"Standard","Standard",149,"0","0","71.2","6.8",,,"0","88.0",5,-5,0.981,0.019000000000000017,23,22,23,22,3,2,6,1,6,1,"0.98","0.7","-0.7","42.4",-7.345242673383792,8.3117299394772,32.19261326947106,31.78463839734154,20.104529020186206
"FF","2026-06-18","95.1","2.11","5.52","Guzman, Denzer",694203,695611,,"foul",,,,,4,,"R","R","L","ATH","LAA","S",,,1,1,2026,"0.37","1.61",-0.5491334941448536,2.625044649782796,,,687093,2,7,"Top",,,,,,,-7.730540568062307,-138.1640384243319,-5.417019599191687,6.514558949213091,31.17721697723132,-10.49284124104466,3.250721785,1.640551181,218,"66.7",42,"95.2",2377,"6.4",824989,669127,701762,643446,680869,805779,691016,703607,666126,"54.05",,,,,,,,53,3,"4-Seam Fastball",5,0,0,5,0,5,0,5,"Standard","Standard",152,"0.002","-0.066","75.1","7.6",,,"0.066","88.0",5,-5,0.979,0.02100000000000002,23,22,23,22,3,2,6,1,6,1,"0.92","0.37","-0.37","43.9",2.4254877625864504,-7.0484787875132096,36.57111410980305,30.113713099574767,24.99241198744597
"SL","2026-06-18","87.1","2.18","5.57","Guzman, Denzer",694203,695611,,"ball",,,,,14,,"R","R","L","ATH","LAA","B",,,0,1,2026,"-0.36","0.39",0.6750702935134112,1.2500725717053696,,,687093,2,7,"Top",,,,,,,-2.8028725701423727,-126.92355775998875,-4.8668196383444595,-3.4373113878175166,22.979771241575634,-27.23764942635082,3.250721785,1.640551181,,,,"87.4",2409,"6.2",824989,669127,701762,643446,680869,805779,691016,703607,666126,"54.34",,,,,,,,53,2,"Slider",5,0,0,5,0,5,0,5,"Standard","Standard",234,"-0.001","0.029",,,,,"-0.029",,5,-5,0.98,0.020000000000000018,23,22,23,22,3,2,6,1,6,1,"2.58","-0.36","0.36","42.4",,,,,
"FF","2026-06-18","96.2","2.18","5.59","Guzman, Denzer",694203,695611,,"swinging_strike",,,,,11,,"R","R","L","ATH","LAA","S",,,0,0,2026,"0.65","1.61",-0.12572386653071155,3.6637320133404643,,,687093,2,7,"Top",,,,,,,-7.524994082599207,-139.89540169733635,-3.060949006046134,10.231770731207806,32.371374116397504,-10.53037026212455,3.250721785,1.640551181,,,,"96.1",2396,"6.3",824989,669127,701762,643446,680869,805779,691016,703607,666126,"54.19",,,,,,,,53,1,"4-Seam Fastball",5,0,0,5,0,5,0,5,"Standard","Standard",151,"0.001","-0.042","71.4","6.7","0.4902756",,"0.042",,5,-5,0.979,0.02100000000000002,23,22,23,22,3,2,6,1,6,1,"0.86","0.65","-0.65","41.6",-2.7711392318974286,16.733494524716132,25.11829390237607,35.8651774776035,18.400396386222774
"SL","2026-06-18","88.5","1.98","5.65","Guzman, Denzer",694203,695611,"strikeout","swinging_strike",,,,,13,"Denzer Guzman strikes out swinging.","R","R","L","ATH","LAA","S",2,,0,2,2026,"-0.45","0.28",-1.2136747995624422,0.9784717614682399,,,,0,5,"Top",,,,,,,-6.725331867507874,-128.79682094405746,-5.71223364965603,-3.763005393589504,24.18938011662117,-28.15750876331978,3.250721785,1.640551181,,,,"88.7",2521,"6.2",824989,669127,701762,643446,680869,805779,691016,703607,666126,"54.33",,0,"0",1,0,0,,37,4,"Slider",5,0,0,5,0,5,0,5,"Standard","Standard",237,"0.008","-0.165","74.3","8.6","3.679837272",,"0.165",,5,-5,0.941,0.05900000000000005,23,22,23,22,2,1,6,1,6,1,"2.61","-0.45","0.45","48.0",18.35456323162211,-16.823117469931415,42.12759338788824,22.051251333386894,37.381011145878674
"CU","2026-06-18","81.4","1.82","5.7","Guzman, Denzer",694203,695611,,"foul",,,,,13,,"R","R","L","ATH","LAA","S",,,0,2,2026,"-0.61","-1",-0.3339683768896472,1.0969063589171486,,,,0,5,"Top",,,,,,,-3.5820749791418116,-118.44984446388874,-1.4310034148531343,-4.842711744799357,26.151051745555606,-41.375309816345556,3.250721785,1.640551181,2,"61.4",-39,"80.8",2704,"6.2",824989,669127,701762,643446,680869,805779,691016,703607,666126,"54.3",,,,,,,,37,3,"Curveball",5,0,0,5,0,5,0,5,"Standard","Standard",322,"0","0","70.2","9.0",,,"0","88.0",5,-5,0.941,0.05900000000000005,23,22,23,22,2,1,6,1,6,1,"4.48","-0.61","0.61","47.6",19.303138119621206,-33.23209860767928,33.15495893593121,33.00688413220473,48.22968149353326
"CH","2026-06-18","88.2","2.24","5.4","Guzman, Denzer",694203,695611,,"foul",,,,,6,,"R","R","L","ATH","LAA","S",,,0,1,2026,"0.91","0.82",0.3640746224558219,2.4176632209050535,,,,0,5,"Top",,,,,,,-6.416994854323084,-128.35375748543146,-2.6981013609459548,11.338387064728146,26.614307401372795,-22.805757058824664,3.250721785,1.640551181,3,"74",-37,"88.3",1341,"6.4",824989,669127,701762,643446,680869,805779,691016,703607,666126,"54.13",,,,,,,,37,2,"Changeup",5,0,0,5,0,5,0,5,"Standard","Standard",135,"0.003","-0.056","79.5","8.5",,,"0.056","88.0",5,-5,0.938,0.062000000000000055,23,22,23,22,2,1,6,1,6,1,"2.11","0.91","-0.91","38.6",19.53861507496085,-17.33990294673872,23.876211734201895,40.27661321683583,40.30726298102381
"SL","2026-06-18","85.5","2.11","5.59","Guzman, Denzer",694203,695611,,"called_strike",,,,,6,,"R","R","L","ATH","LAA","S",,,0,0,2026,"-0.63","-0.03",0.48854018651642983,2.1651089866831867,,,,0,5,"Top",,,,,,,-2.4845571566699993,-124.59297918281189,-1.5660838912383128,-6.1066519169783815,23.711835290842433,-32.362038154204114,3.250721785,1.640551181,,,,"85.6",2309,"6.2",824989,669127,701762,643446,680869,805779,691016,703607,666126,"54.33",,,,,,,,37,1,"Slider",5,0,0,5,0,5,0,5,"Standard","Standard",241,"0.002","-0.043",,,,,"0.043",,5,-5,0.936,0.06399999999999995,23,22,23,22,2,1,6,1,6,1,"3.12","-0.63","0.63","45.8",,,,,
"FF","2026-06-18","95.8","2.05","5.44","Guzman, Denzer",694203,695611,"walk","ball",,,,,13,"Shea Langeliers challenged (pitch result), call on the field was confirmed: Denzer Guzman walks.","R","R","L","ATH","LAA","B",,,3,1,2026,"0.55","1.46",-0.947104542965147,2.072133323989073,,,,0,3,"Top",,,,,,,-9.09575205759267,-139.12706830812684,-6.414823553384458,9.22117082135592,31.87838336363932,-11.920022843084872,3.250721785,1.640551181,,,,"95.9",2335,"6.5",824989,669127,701762,643446,680869,805779,691016,703607,666126,"54",,0.698079,"0.7",1,0,0,,21,5,"4-Seam Fastball",5,0,0,5,0,5,0,5,"Standard","Standard",146,"-0.014","0.264",,,,,"-0.264",,5,-5,0.896,0.10399999999999998,23,22,23,22,1,0,6,1,6,1,"1.04","0.55","-0.55","42.6",,,,,
"FF","2026-06-18","95.6","2.06","6.17","Guzman, Denzer",694203,663687,"strikeout","swinging_strike",,,,,12,"Denzer Guzman strikes out swinging.","R","R","L","ATH","LAA","S",2,,0,2,2026,"0.95","1.4",0.2122490569256471,3.759802270695592,687093,,695681,2,9,"Top",,,,,,,-7.007879817304983,-138.98210413008582,-3.7100253036906397,13.997080707693375,34.14881984591841,-13.406391227319366,3.250721785,1.640551181,,,,"95.4",2362,"6.5",824989,669127,701762,675961,680869,805779,691016,703607,687515,"54.03",,0,"0",1,0,0,,71,3,"4-Seam Fastball",5,0,0,5,0,5,0,5,"Standard","Standard",154,"0.002","-0.206","67.9","6.9","0.730194276",,"0.206",,5,-5,0.998,0.0020000000000000018,29,22,30,22,1,3,2,1,3,1,"1.11","0.95","-0.95","58.4",4.622917266654631,17.043867800809497,22.156859764459593,38.96730187523823,17.99387084196328
"FF","2026-06-18","95","2","5.53","Guzman, Denzer",694203,695611,,"ball",,,,,14,,"R","R","L","ATH","LAA","B",,,2,1,2026,"0.86","1.58",0.06284792947994677,0.5360295836760116,,,,0,3,"Top",,,,,,,-6.952833300541111,-137.8023300731219,-10.689606109382602,12.580333534136853,31.671507652751572,-9.739840693496614,3.250721785,1.640551181,,,,"94.6",2259,"6.3",824989,669127,701762,643446,680869,805779,691016,703607,666126,"54.2",,,,,,,,21,4,"4-Seam Fastball",5,0,0,5,0,5,0,5,"Standard","Standard",141,"-0.008","0.144",,,,,"-0.144",,5,-5,0.904,0.09599999999999997,23,22,23,22,1,0,6,1,6,1,"0.97","0.86","-0.86","43.3",,,,,
"FF","2026-06-18","95.7","2.25","6.08","Guzman, Denzer",694203,663687,,"called_strike",,,,,1,,"R","R","L","ATH","LAA","S",,,0,1,2026,"0.86","1.47",-0.5303419760693886,2.8233711204173564,687093,,695681,2,9,"Top",,,,,,,-9.193280220023976,-138.87406506370004,-6.083227890976473,13.244512055004138,32.77995866477181,-11.9340503930902,3.250721785,1.640551181,,,,"95.4",2302,"6.4",824989,669127,701762,675961,680869,805779,691016,703607,687515,"54.14",,,,,,,,71,2,"4-Seam Fastball",5,0,0,5,0,5,0,5,"Standard","Standard",151,"0.001","-0.043",,,,,"0.043",,5,-5,0.997,0.0030000000000000027,29,22,30,22,1,3,2,1,3,1,"1.04","0.86","-0.86","56.3",,,,,
"CU","2026-06-18","79.7","1.9","5.57","Guzman, Denzer",694203,695611,,"ball",,,,,14,,"R","R","L","ATH","LAA","B",,,1,1,2026,"-0.78","-0.97",0.9571418875792665,1.4613834530244896,,,,0,3,"Top",,,,,,,-0.5653475455177857,-116.03061796775303,-0.18217974117734803,-6.883953575236698,22.51350886075064,-41.084798439627846,3.250721785,1.640551181,,,,"79.8",2482,"6.4",824989,669127,701762,643446,680869,805779,691016,703607,666126,"54.09",,,,,,,,21,3,"Curveball",5,0,0,5,0,5,0,5,"Standard","Standard",310,"-0.003","0.064",,,,,"-0.064",,5,-5,0.907,0.09299999999999997,23,22,23,22,1,0,6,1,6,1,"4.56","-0.78","0.78","46.9",,,,,
"CU","2026-06-18","72.5","2.48","6.13","Guzman, Denzer",694203,663687,,"swinging_strike",,,,,9,,"R","R","L","ATH","LAA","S",,,0,0,2026,"-0.68","-1.65",0.3609486275391577,1.776761755810515,687093,,695681,2,9,"Top",,,,,,,-3.0025585326609225,-105.3994630104812,2.022444862162727,-4.315729323999059,22.138499018777647,-44.918390034027645,3.250721785,1.640551181,,,,"71.8",2722,"6.3",824989,669127,701762,675961,680869,805779,691016,703607,687515,"54.19",,,,,,,,71,1,"Curveball",5,0,0,5,0,5,0,5,"Standard","Standard",338,"0.001","-0.031","66.1","9.1","1.432746384",,"0.031",,5,-5,0.996,0.0040000000000000036,29,22,30,22,1,3,2,1,3,1,"6.08","-0.68","0.68","56.7",26.360894026331845,-38.051206122652665,32.060024339638154,42.19520835517764,52.017705966115386
"FF","2026-06-18","96.7","2.07","5.54","Guzman, Denzer",694203,695611,,"foul",,,,,1,,"R","R","L","ATH","LAA","S",,,1,0,2026,"0.4","1.31",-0.612671247821212,2.96853051023467,,,,0,3,"Top",,,,,,,-7.970716475965487,-140.61147128391852,-4.157277359413663,7.109070696442409,30.402307331493788,-14.04981621845463,3.250721785,1.640551181,187,"74.7",21,"96.6",2340,"6.2",824989,669127,701762,643446,680869,805779,691016,703607,666126,"54.35",,,,,,,,21,2,"4-Seam Fastball",5,0,0,5,0,5,0,5,"Standard","Standard",146,"0.003","-0.058","76.5","6.8",,,"0.058","88.0",5,-5,0.904,0.09599999999999997,23,22,23,22,1,0,6,1,6,1,"1.13","0.4","-0.4","43.0",-5.679386277631829,14.312839523148263,32.05931585427026,29.184424428554003,22.97218462014915
"FF","2026-06-18","94.6","2.09","5.47","Guzman, Denzer",694203,695611,,"ball",,,,,14,,"R","R","L","ATH","LAA","B",,,0,0,2026,"0.64","1.33",0.02779985570316923,1.2005830005686267,,,,0,3,"Top",,,,,,,-6.767973482433573,-137.38313776106992,-8.225408452265842,9.573666553079068,31.20421684892993,-13.64133452609536,3.250721785,1.640551181,,,,"94.8",2308,"6.6",824989,669127,701762,643446,680869,805779,691016,703607,666126,"53.92",,,,,,,,21,1,"4-Seam Fastball",5,0,0,5,0,5,0,5,"Standard","Standard",144,"-0.002","0.044",,,,,"-0.044",,5,-5,0.906,0.09399999999999997,23,22,23,22,1,0,6,1,6,1,"1.23","0.64","-0.64","40.5",,,,,
"SL","2026-06-18","89.2","-2","6.15","Guzman, Denzer",694203,686930,"walk","blocked_ball",,,,,14,"Denzer Guzman walks.","R","R","R","ATH","LAA","B",,,3,2,2026,"0.52","-0.08",1.137019072704489,0.5246509991524628,,,,0,8,"Top",,,,,,,6.464713801348892,-129.70772383700756,-7.333590909037416,4.5853678352864415,26.371108500669823,-31.725515047283885,3.250721785,1.640551181,,,,"88.8",2433,"6",824989,669127,701762,643446,680869,805779,691016,703607,666126,"54.46",,0.698079,"0.7",1,0,0,,57,8,"Slider",5,0,0,5,0,5,0,5,"Standard","Standard",143,"-0.012","0.373",,,,,"-0.373",,5,-5,0.98,0.020000000000000018,25,22,26,22,1,2,3,1,5,1,"2.94","-0.52","-0.52","63.9",,,,,
"ST","2026-06-18","84.5","-2.29","6.11","Guzman, Denzer",694203,686930,,"ball",,,,,14,,"R","R","R","ATH","LAA","B",,,2,2,2026,"1.65","-0.32",0.8193974905359482,1.1359267926358911,,,,0,8,"Top",,,,,,,3.78005349795812,-122.86049131805731,-4.19461374787933,15.643905614932843,27.73564987952611,-34.62600727933019,3.250721785,1.640551181,,,,"83.5",2784,"6",824989,669127,701762,643446,680869,805779,691016,703607,666126,"54.53",,,,,,,,57,7,"Sweeper",5,0,0,5,0,5,0,5,"Standard","Standard",40,"-0.003","0.115",,,,,"-0.115",,5,-5,0.983,0.017000000000000015,25,22,26,22,1,2,3,1,5,1,"3.55","-1.65","-1.65","55.3",,,,,
"SL","2026-06-18","88.2","-2.08","6.19","Guzman, Denzer",694203,686930,,"foul",,,,,1,,"R","R","R","ATH","LAA","S",,,2,2,2026,"0.25","0.02",-0.5882307015159929,3.367479999805601,,,,0,8,"Top",,,,,,,3.034703690465037,-128.4966144762619,-0.6231103710801595,2.1460675116035675,27.493001598435324,-32.04918793258505,3.250721785,1.640551181,192,"68.4",35,"87.6",2245,"5.9",824989,669127,701762,643446,680869,805779,691016,703607,666126,"54.59",,,,,,,,57,6,"Slider",5,0,0,5,0,5,0,5,"Standard","Standard",121,"0","0","67.4","5.8",,,"0","88.0",5,-5,0.983,0.017000000000000015,25,22,26,22,1,2,3,1,5,1,"2.91","-0.25","-0.25","61.6",-13.743952128449713,34.88878376284015,27.232757574564168,30.04175927218883,14.548763787371993
"FF","2026-06-18","94.7","-2.11","6.08","Guzman, Denzer",694203,686930,,"foul",,,,,1,,"R","R","R","ATH","LAA","S",,,2,2,2026,"0.01","1.42",-0.3122037919363361,2.9903590794985244,,,,0,8,"Top",,,,,,,4.594710954381568,-137.73759527642744,-5.308590900289239,-1.0239097014213419,35.0401248036296,-13.187890151944451,3.250721785,1.640551181,123,"72.1",71,"93.8",2214,"6.1",824989,669127,701762,643446,680869,805779,691016,703607,666126,"54.4",,,,,,,,57,5,"4-Seam Fastball",5,0,0,5,0,5,0,5,"Standard","Standard",191,"0","0","72.9","7.3",,,"0","88.0",5,-5,0.983,0.017000000000000015,25,22,26,22,1,2,3,1,5,1,"1.16","-0.01","-0.01","57.7",1.708813371886637,-0.37853376583736037,28.473083288882542,33.184659134211444,27.768932457972966
"FF","2026-06-18","93.9","-2.24","6.15","Guzman, Denzer",694203,686930,,"ball",,,,,11,,"R","R","R","ATH","LAA","B",,,1,2,2026,"-0.01","1.34",-1.5185425388282945,5.7566332973326695,,,,0,8,"Top",,,,,,,1.8614893687004572,-136.82185844730614,1.7857848126966833,-0.5638867785125778,30.930914604923654,-16.005907196468826,3.250721785,1.640551181,,,,"93.4",2284,"6",824989,669127,701762,643446,680869,805779,691016,703607,666126,"54.53",,,,,,,,57,4,"4-Seam Fastball",5,0,0,5,0,5,0,5,"Standard","Standard",192,"-0.001","0.046",,,,,"-0.046",,5,-5,0.984,0.016000000000000014,25,22,26,22,1,2,3,1,5,1,"1.24","0.01","0.01","54.8",,,,,
"ST","2026-06-18","83","-2.23","6.1","Guzman, Denzer",694203,686930,,"called_strike",,,,,9,,"R","R","R","ATH","LAA","S",,,1,1,2026,"1.28","-0.46",0.6764356602608284,1.5653451347879441,,,,0,8,"Top",,,,,,,3.989888132201933,-120.83216047690169,-2.677165602394248,11.666208430569958,25.20064557675268,-36.369442919709286,3.250721785,1.640551181,,,,"82.4",2694,"6",824989,669127,701762,643446,680869,805779,691016,703607,666126,"54.51",,,,,,,,57,3,"Sweeper",5,0,0,5,0,5,0,5,"Standard","Standard",40,"0.002","-0.062",,,,,"0.062",,5,-5,0.982,0.018000000000000016,25,22,26,22,1,2,3,1,5,1,"3.79","-1.28","-1.28","56.0",,,,,
"SL","2026-06-18","88.2","-2.25","6.23","Guzman, Denzer",694203,686930,,"swinging_strike",,,,,8,,"R","R","R","ATH","LAA","S",,,1,0,2026,"0.4","0.22",-0.04732710644548832,1.8475102974504587,,,,0,8,"Top",,,,,,,4.402691981135607,-128.4733614913927,-4.834557420466152,3.607042857898615,24.11010147753196,-28.991824601063016,3.250721785,1.640551181,,,,"87.9",2407,"5.9",824989,669127,701762,643446,680869,805779,691016,703607,666126,"54.65",,,,,,,,57,2,"Slider",5,0,0,5,0,5,0,5,"Standard","Standard",124,"0.001","-0.058","72.8","9.0","6.06693996",,"0.058",,5,-5,0.981,0.019000000000000017,25,22,26,22,1,2,3,1,5,1,"2.68","-0.4","-0.4","58.9",22.346943239526702,-40.91786809390271,29.796947592278578,35.354738533763665,52.72137948690248
"SL","2026-06-18","88.4","-1.96","6.26","Guzman, Denzer",694203,686930,,"ball",,,,,14,,"R","R","R","ATH","LAA","B",,,0,0,2026,"0.42","-0.12",1.1616081597084,0.41844899947754755,,,,0,8,"Top",,,,,,,6.5640597070431115,-128.47794497754023,-7.53776731157305,3.353926503604511,26.304205245513323,-32.19081709949133,3.250721785,1.640551181,,,,"87.7",2401,"5.9",824989,669127,701762,643446,680869,805779,691016,703607,666126,"54.6",,,,,,,,57,1,"Slider",5,0,0,5,0,5,0,5,"Standard","Standard",138,"-0.001","0.044",,,,,"-0.044",,5,-5,0.982,0.018000000000000016,25,22,26,22,1,2,3,1,5,1,"3.05","-0.42","-0.42","61.8",,,,,
"CH","2026-06-17","84.7","1.47","6.02","Guzman, Denzer",694203,593958,"double","hit_into_play",,,,,9,"Denzer Guzman doubles (2) on a ground ball to left fielder Tommy Troy, deflected by third baseman Nolan Arenado.","R","R","L","AZ","LAA","X",5,"ground_ball",1,1,2026,"1.18","0.71",0.30578004794298974,1.961387958451756,,,,1,7,"Top",97.74,168.53,,,,,-5.07606739169192,-123.28459198175842,-4.376606708995816,12.999400666812063,23.491330721597635,-24.243469744688582,3.250721785,1.640551181,112,"92.8",6,"85",1693,"6.4",825072,672515,694410,545121,571448,672695,694371,691783,682998,"54.11",0.503,0.477,"1.25",1,1,1,4,57,3,"Changeup",8,1,1,8,1,8,1,8,"Standard","Standard",139,"-0.004","0.649","77.1","8.7",,0.577,"-0.649","92.8",7,-7,0.994,0.006000000000000005,33,22,33,22,3,2,5,1,6,1,"2.45","1.18","-1.18","44.0",12.047607452568984,-20.766471527866628,30.866775974086163,38.583825666503515,39.80946421761465
"FF","2026-06-17","91.7","1.44","5.96","Guzman, Denzer",694203,593958,,"ball",,,,,11,,"R","R","L","AZ","LAA","B",,,0,1,2026,"0.49","1.4",-0.8211902280467996,4.218318697375869,,,,1,7,"Top",,,,,,,-6.742206140910349,-133.4384547986433,-1.4707870297259902,7.341881958144246,28.437884203093976,-15.31294914204567,3.250721785,1.640551181,,,,"91.8",2329,"6.3",825072,672515,694410,545121,571448,672695,694371,691783,682998,"54.16",,,,,,,,57,2,"4-Seam Fastball",8,1,1,8,1,8,1,8,"Standard","Standard",153,"0","0.035",,,,,"-0.035",,7,-7,0.994,0.006000000000000005,33,22,33,22,3,2,5,1,6,1,"1.31","0.49","-0.49","39.5",,,,,
"FF","2026-06-17","91.3","1.52","5.99","Guzman, Denzer",694203,593958,,"foul",,,,,1,,"R","R","L","AZ","LAA","S",,,0,0,2026,"0.5","1.38",-0.4605235954309388,3.3663734929057547,,,,1,7,"Top",,,,,,,-6.012052791394819,-132.90257337313193,-3.555524508931107,7.226088007964312,28.42103539730055,-15.26274480203155,3.250721785,1.640551181,111,"69.3",76,"91.4",2315,"6.3",825072,672515,694410,545121,571448,672695,694371,691783,682998,"54.19",,,,,,,,57,1,"4-Seam Fastball",8,1,1,8,1,8,1,8,"Standard","Standard",150,"0","-0.042","71.1","7.4",,,"0.042","88.0",7,-7,0.994,0.006000000000000005,33,22,33,22,3,2,5,1,6,1,"1.35","0.5","-0.5","43.7",3.079743533683074,-6.259431623881262,28.213549025186264,29.63088042002506,28.3232851070131
"FF","2026-06-17","92.6","1.35","5.9","Guzman, Denzer",694203,593958,"strikeout","called_strike",,,,,7,"Denzer Guzman challenged (pitch result), call on the field was confirmed: Denzer Guzman called out on strikes.","R","R","L","AZ","LAA","S",2,,3,2,2026,"0.48","1.38",-0.786256766645971,1.7177178635754116,,672724,,2,4,"Top",,,,,,,-6.443542908367611,-134.58231732478347,-7.670440961808626,7.225920524838798,30.27668815802381,-13.924836534430618,3.250721785,1.640551181,,,,"92.4",2330,"6.3",825072,672515,694410,545121,571448,672695,694371,691783,682998,"54.17",,0,"0",1,0,0,,34,7,"4-Seam Fastball",6,1,1,6,1,6,1,6,"Standard","Standard",151,"0.015","-0.271",,,,,"0.271",,5,-5,0.931,0.06899999999999995,33,22,33,22,2,1,5,1,6,1,"1.29","0.48","-0.48","47.3",,,,,
"FF","2026-06-17","91.6","1.3","5.97","Guzman, Denzer",694203,593958,,"foul",,,,,1,,"R","R","L","AZ","LAA","S",,,3,2,2026,"0.33","1.43",-0.7917083706354128,2.8164299511333644,,672724,,2,4,"Top",,,,,,,-5.941770547814303,-133.2332661493631,-5.0441202919854,5.235474383674842,28.65123645974182,-14.194610250789957,3.250721785,1.640551181,146,"57.9",54,"91.7",2305,"6.4",825072,672515,694410,545121,571448,672695,694371,691783,682998,"54.14",,,,,,,,34,6,"4-Seam Fastball",6,1,1,6,1,6,1,6,"Standard","Standard",152,"0","0","72.6","7.0",,,"0","88.0",5,-5,0.931,0.06899999999999995,33,22,33,22,2,1,5,1,6,1,"1.28","0.33","-0.33","41.8",-3.58055173756171,3.521646832903628,35.46688275012087,25.02301554905086,25.455847710830074
"SI","2026-06-17","91.4","1.21","6.05","Guzman, Denzer",694203,593958,,"ball",,,,,13,,"R","R","L","AZ","LAA","B",,,2,2,2026,"0.9","1.56",-1.0691829062072673,1.6213334579578413,,672724,,2,4,"Top",,,,,,,-7.635397263969328,-132.58907294816802,-8.39076970314326,12.262763802872211,29.99935905104289,-12.1218615134196,3.250721785,1.640551181,,,,"91.2",2244,"6.5",825072,672515,694410,545121,571448,672695,694371,691783,682998,"54.04",,,,,,,,34,5,"Sinker",6,1,1,6,1,6,1,6,"Standard","Standard",152,"-0.003","0.061",,,,,"-0.061",,5,-5,0.934,0.06599999999999995,33,22,33,22,2,1,5,1,6,1,"1.2","0.9","-0.9","45.3",,,,,
"FF","2026-06-17","91.8","1.49","5.85","Guzman, Denzer",694203,593958,,"ball",,,,,11,,"R","R","L","AZ","LAA","B",,,1,2,2026,"0.63","1.22",-0.35888172958239006,3.899865765128932,,672724,,2,4,"Top",,,,,,,-5.9999531236441435,-133.56309236838203,-1.6114220518694085,8.800260220102157,27.649323058124637,-17.437983183847972,3.250721785,1.640551181,,,,"92",2314,"6.4",825072,672515,694410,545121,571448,672695,694371,691783,682998,"54.14",,,,,,,,34,4,"4-Seam Fastball",6,1,1,6,1,6,1,6,"Standard","Standard",149,"-0.002","0.026",,,,,"-0.026",,5,-5,0.936,0.06399999999999995,33,22,33,22,2,1,5,1,6,1,"1.48","0.63","-0.63","37.9",,,,,
"FF","2026-06-17","91","1.54","5.97","Guzman, Denzer",694203,593958,,"swinging_strike",,,,,1,,"R","R","L","AZ","LAA","S",,,1,1,2026,"0.39","1.42",-0.3425425815437388,2.7675101129540725,,672724,,2,4,"Top",,,,,,,-5.494674565426421,-132.37943280918435,-5.014042422616365,5.776606178728928,27.99331910635447,-14.546877525622646,3.250721785,1.640551181,,,,"90.9",2328,"6.2",825072,672515,694410,545121,571448,672695,694371,691783,682998,"54.28",,,,,,,,34,3,"4-Seam Fastball",6,1,1,6,1,6,1,6,"Standard","Standard",149,"0.003","-0.07","76.2","7.3","0.975885012",,"0.07",,5,-5,0.933,0.06699999999999995,33,22,33,22,2,1,5,1,6,1,"1.33","0.39","-0.39","38.6",-4.313928537807257,5.225429033136201,34.0109580091063,30.430456852557153,24.93021817426797
"CH","2026-06-17","85.2","1.4","6.05","Guzman, Denzer",694203,593958,,"blocked_ball",,,,,14,,"R","R","L","AZ","LAA","B",,,0,1,2026,"1.08","0.55",0.3474252640223938,0.6151611273108752,,672724,,2,4,"Top",,,,,,,-4.65945409118673,-123.93027996413983,-7.314445738768718,12.078532708361548,23.99885407041406,-25.282870967860326,3.250721785,1.640551181,,,,"85.4",1891,"6.3",825072,672515,694410,545121,571448,672695,694371,691783,682998,"54.15",,,,,,,,34,2,"Changeup",6,1,1,6,1,6,1,6,"Standard","Standard",134,"-0.001","0.018",,,,,"-0.018",,5,-5,0.934,0.06599999999999995,33,22,33,22,2,1,5,1,6,1,"2.59","1.08","-1.08","44.3",,,,,
"FF","2026-06-17","91.2","1.38","5.98","Guzman, Denzer",694203,593958,,"called_strike",,,,,4,,"R","R","L","AZ","LAA","S",,,0,0,2026,"0.35","1.23",-0.784336332619707,2.714118466876313,,672724,,2,4,"Top",,,,,,,-6.140381425688571,-132.70681479425102,-4.84367940579732,5.363575987396497,26.141918922246763,-16.736777418716173,3.250721785,1.640551181,,,,"91.6",2300,"6.3",825072,672515,694410,545121,571448,672695,694371,691783,682998,"54.16",,,,,,,,34,1,"4-Seam Fastball",6,1,1,6,1,6,1,6,"Standard","Standard",156,"0.002","-0.04",,,,,"0.04",,5,-5,0.932,0.06799999999999995,33,22,33,22,2,1,5,1,6,1,"1.49","0.35","-0.35","43.5",,,,,
"FF","2026-06-17","92.3","1.42","5.88","Guzman, Denzer",694203,593958,"strikeout","foul_tip",,,,,12,"Denzer Guzman strikes out on a foul tip.","R","R","L","AZ","LAA","S",2,,1,2,2026,"0.62","1.4",0.07588828638060452,3.5073995560771998,,,,1,2,"Top",,,,,,,-4.7642027329180054,-134.3904146543965,-3.128890296251386,8.603715740401789,30.420206234175073,-14.732576225227813,3.250721785,1.640551181,,,,"92.1",2283,"6.3",825072,672515,694410,545121,571448,672695,694371,691783,682998,"54.24",,0,"0",1,0,0,,11,4,"4-Seam Fastball",0,1,1,0,1,0,1,0,"Standard","Standard",149,"0.011","-0.183","71.7","6.7",,,"0.183",,-1,1,0.422,0.5780000000000001,33,22,33,22,1,0,5,1,6,1,"1.28","0.62","-0.62","41.1",-6.4068254753787865,22.908389038807176,26.944953728406045,35.27103619925294,15.016564818984957
"FF","2026-06-17","90.8","1.44","5.91","Guzman, Denzer",694203,593958,,"swinging_strike",,,,,12,,"R","R","L","AZ","LAA","S",,,1,1,2026,"0.56","1.43",0.5440741544890362,3.8546895398364027,,,,1,2,"Top",,,,,,,-3.4222914118525067,-132.13548457516373,-2.1606080767279545,7.261612019750981,29.986714059262003,-15.182424300033023,3.250721785,1.640551181,,,,"90.7",2258,"6.4",825072,672515,694410,545121,571448,672695,694371,691783,682998,"54.1",,,,,,,,11,3,"4-Seam Fastball",0,1,1,0,1,0,1,0,"Standard","Standard",146,"0.003","-0.074","68.5","6.9","0.266708424",,"0.074",,-1,1,0.419,0.581,33,22,33,22,1,0,5,1,6,1,"1.34","0.56","-0.56","41.4",-0.690708501132288,25.344995190100292,19.895563068011693,42.05703458782224,10.130889243589301
"FF","2026-06-17","92","1.3","5.91","Guzman, Denzer",694203,593958,,"called_strike",,,,,4,,"R","R","L","AZ","LAA","S",,,1,0,2026,"0.59","1.38",-0.40107975429293585,2.3473372505803893,,,,1,2,"Top",,,,,,,-5.547791466630008,-133.77184495533717,-6.0081621188301195,8.255979559456726,29.858170671062357,-14.504059747662172,3.250721785,1.640551181,,,,"91.9",2267,"6.3",825072,672515,694410,545121,571448,672695,694371,691783,682998,"54.15",,,,,,,,11,2,"4-Seam Fastball",0,1,1,0,1,0,1,0,"Standard","Standard",156,"0.003","-0.05",,,,,"0.05",,-1,1,0.416,0.5840000000000001,33,22,33,22,1,0,5,1,6,1,"1.32","0.59","-0.59","43.1",,,,,
"FF","2026-06-17","91.1","1.35","5.97","Guzman, Denzer",694203,593958,,"ball",,,,,11,,"R","R","L","AZ","LAA","B",,,0,0,2026,"0.2","1.42",-0.36894607257497636,4.027866550382512,,,,1,2,"Top",,,,,,,-4.70943166812062,-132.6068725078318,-1.8896921677151557,3.3989325022173182,30.247631316512262,-15.279015672233518,3.250721785,1.640551181,,,,"91.1",2240,"6.4",825072,672515,694410,545121,571448,672695,694371,691783,682998,"54.05",,,,,,,,11,1,"4-Seam Fastball",0,1,1,0,1,0,1,0,"Standard","Standard",157,"-0.002","0.043",,,,,"-0.043",,-1,1,0.418,0.5820000000000001,33,22,33,22,1,0,5,1,6,1,"1.34","0.2","-0.2","45.9",,,,,
"SI","2026-06-17","98.4","-1.67","5.67","Guzman, Denzer",694203,666661,"field_out","hit_into_play",,,,,7,"Denzer Guzman grounds out, shortstop Geraldo Perdomo to first baseman LuJames Groover.","R","R","R","AZ","LAA","X",6,"ground_ball",0,1,2026,"-1.15","0.89",-0.541875902770059,1.9841623595720055,,,,2,9,"Top",112.93,156.89,,,,,5.719083191828962,-143.08666863930316,-6.379176655980939,-17.083826595361593,34.43805946876913,-18.63631560063829,3.250721785,1.640551181,3,"72.2",-34,"98.3",2095,"6.3",825072,672515,694410,545121,571448,672695,694371,691783,678489,"54.16",0.07,0.064,"0",1,0,0,2,72,2,"Sinker",8,1,1,8,1,8,1,8,"Standard","Standard",207,"0.001","-0.215","73.1","7.5",,0.071,"0.215","88.0",7,-7,0.999,0.0010000000000000009,27,22,27,22,1,3,3,1,4,1,"1.47","1.15","1.15","44.6",-8.305409244372603,12.481538938145825,39.269432393333744,29.439105562311603,17.145661194966358
"SI","2026-06-17","98.7","-1.65","5.69","Guzman, Denzer",694203,666661,,"foul",,,,,11,,"R","R","R","AZ","LAA","S",,,0,0,2026,"-1.19","1.02",-0.7722533006266703,3.524537075054977,,,,2,9,"Top",,,,,,,5.184888915743644,-143.66001560352237,-2.695219179653381,-17.736368324827293,33.36146621865648,-17.68828351153792,3.250721785,1.640551181,167,"79.4",14,"98.9",2190,"6.4",825072,672515,694410,545121,571448,672695,694371,691783,678489,"54.09",,,,,,,,72,1,"Sinker",8,1,1,8,1,8,1,8,"Standard","Standard",203,"0","-0.044","74.4","6.9",,,"0.044","88.0",7,-7,0.999,0.0010000000000000009,27,22,27,22,1,3,3,1,4,1,"1.32","1.19","1.19","41.9",-5.417487395915972,16.854239668600343,28.025713154633888,28.51012994417393,20.177881124274666
"SI","2026-06-16","91","-1.57","5.35","Guzman, Denzer",694203,518876,"single","hit_into_play",,,,,6,"Denzer Guzman singles on a ground ball to center fielder Jordan Lawlar.","R","R","R","AZ","LAA","X",8,"ground_ball",1,2,2026,"-1.16","0.61",0.4771606886074209,2.624072417317175,,,,0,6,"Top",121.09,86.1,,,,,7.588513977706928,-132.32747309594478,-2.0451751945221717,-15.304778319975703,29.526940889716922,-24.75922532611535,3.250721785,1.640551181,43,"107.7",-1,"90.7",2265,"6.2",825070,680728,545121,606466,571448,672695,666971,691783,682998,"54.26",0.477,0.43,"0.9",1,1,0,4,41,5,"Sinker",0,5,5,0,5,0,5,0,"Standard","Standard",230,"-0.008","0.532","78.4","7.8",,0.502,"-0.532","107.7",-5,5,0.049,0.951,37,22,38,22,3,2,5,1,6,1,"2.15","1.16","1.16","21.8",0.7746734962455065,2.9306119142482734,31.52029000055924,39.460565003936395,21.8159723885972
"FC","2026-06-16","89.2","-1.78","5.34","Guzman, Denzer",694203,518876,,"foul",,,,,14,,"R","R","R","AZ","LAA","S",,,1,2,2026,"-0.05","0.98",1.2403227002944694,2.2644981753872573,,,,0,6,"Top",,,,,,,7.406642867923248,-129.83456349769034,-3.4838997833821557,-1.9783984717335172,24.974342907427264,-20.527013619283952,3.250721785,1.640551181,142,"62.3",27,"89.3",2352,"6.1",825070,680728,545121,606466,571448,672695,666971,691783,682998,"54.36",,,,,,,,41,4,"Cutter",0,5,5,0,5,0,5,0,"Standard","Standard",215,"0","0","76.9","8.3",,,"0","88.0",-5,5,0.049,0.951,37,22,38,22,3,2,5,1,6,1,"1.86","0.05","0.05","22.1",7.188471121136453,-2.6040561851348096,28.70348972188755,48.51592234703772,29.163621503688454
"CH","2026-06-16","86.5","-1.77","5.46","Guzman, Denzer",694203,518876,,"ball",,,,,13,,"R","R","R","AZ","LAA","B",,,0,2,2026,"-1.14","0.12",-0.5401052001143587,0.0023605320666106877,,,,0,6,"Top",,,,,,,5.241396448208021,-125.73350995424039,-6.716418233349655,-13.133775298032045,26.320860018990636,-29.71393275878066,3.250721785,1.640551181,,,,"86.1",2094,"6.2",825070,680728,545121,606466,571448,672695,666971,691783,682998,"54.33",,,,,,,,41,3,"Changeup",0,5,5,0,5,0,5,0,"Standard","Standard",246,"-0.001","0.023",,,,,"-0.023",,-5,5,0.05,0.95,37,22,38,22,3,2,5,1,6,1,"2.94","1.14","1.14","23.2",,,,,
"CH","2026-06-16","85.7","-1.62","5.46","Guzman, Denzer",694203,518876,,"swinging_strike",,,,,14,,"R","R","R","AZ","LAA","S",,,0,1,2026,"-1.12","0.01",0.3669075456330413,1.4759584763922367,,,,0,6,"Top",,,,,,,6.904859061502586,-124.67982662485342,-2.919742158629969,-13.0766094123775,24.502237922773638,-31.73070235405344,3.250721785,1.640551181,,,,"85.6",2196,"6.2",825070,680728,545121,606466,571448,672695,666971,691783,682998,"54.35",,,,,,,,41,2,"Changeup",0,5,5,0,5,0,5,0,"Standard","Standard",243,"0.001","-0.056","73.0","8.9","1.583825532",,"0.056",,-5,5,0.049,0.951,37,22,38,22,3,2,5,1,6,1,"3.09","1.12","1.12","25.3",18.63053191255757,-25.647457912348084,33.36252583375725,38.65689633370254,40.812962790736336
"CH","2026-06-16","88.8","-1.61","5.46","Guzman, Denzer",694203,518876,,"foul",,,,,11,,"R","R","R","AZ","LAA","S",,,0,0,2026,"-1.36","0.36",-0.9302745517922792,2.553017000899172,,,,0,6,"Top",,,,,,,4.504856250402108,-129.1835201174983,-1.5643347520552773,-16.163182825334818,29.904999325577315,-28.028333929013193,3.250721785,1.640551181,54,"101",1,"87.9",2145,"6",825070,680728,545121,606466,571448,672695,666971,691783,682998,"54.52",,,,,,,,41,1,"Changeup",0,5,5,0,5,0,5,0,"Standard","Standard",223,"0.001","-0.043","79.0","8.5",,,"0.043","101.0",-5,5,0.048,0.952,37,22,38,22,3,2,5,1,6,1,"2.56","1.36","1.36","24.8",16.158812094512008,-31.182280959712187,31.359282846724344,25.32788254229019,43.09781849495122
"SL","2026-06-16","86.3","-1.71","5.45","Guzman, Denzer",694203,518876,"single","hit_into_play",,,,,8,"Denzer Guzman singles on a ground ball to third baseman Nolan Arenado.","R","R","R","AZ","LAA","X",5,"ground_ball",2,2,2026,"0.4","0.18",-0.026042371561946998,2.1099707729546915,,,,2,4,"Top",112.32,177.62,,,,,3.118296748784137,-125.78701154689226,-1.9170065222347634,3.6216394741081905,24.772741292615894,-30.048805375428977,3.250721785,1.640551181,16,"85.9",-7,"86.3",2264,"6.1",825070,680728,545121,606466,571448,672695,666971,691783,682998,"54.36",0.098,0.089,"0.9",1,1,0,2,26,6,"Slider",0,2,2,0,2,0,2,0,"Standard","Standard",147,"-0.011","0.378","74.6","7.7",,0.113,"-0.378","88.0",-2,2,0.303,0.6970000000000001,37,22,38,22,2,1,5,1,6,1,"2.86","-0.4","-0.4","25.9",-0.5264509663335841,-4.862706974160211,35.69151515512267,33.564983555405774,26.756411544136903
"FF","2026-06-16","93.7","-1.75","5.25","Guzman, Denzer",694203,518876,,"foul",,,,,6,,"R","R","R","AZ","LAA","S",,,2,2,2026,"-0.73","1.14",0.7535678102584982,2.5801978465485442,,,,2,4,"Top",,,,,,,8.01395675871745,-136.20093596861483,-3.516768324138423,-10.884250183639814,29.528625709251592,-17.358860597253507,3.250721785,1.640551181,204,"76.6",58,"93.4",2437,"6.2",825070,680728,545121,606466,571448,672695,666971,691783,682998,"54.33",,,,,,,,26,5,"4-Seam Fastball",0,2,2,0,2,0,2,0,"Standard","Standard",230,"0","0","72.1","8.1",,,"0","88.0",-2,2,0.303,0.6970000000000001,37,22,38,22,2,1,5,1,6,1,"1.46","0.73","0.73","20.2",0.6792893216792516,5.717545426828697,29.8112853042926,43.8211781364938,17.32032674749316
"CH","2026-06-16","89.8","-1.65","5.46","Guzman, Denzer",694203,518876,,"ball",,,,,13,,"R","R","R","AZ","LAA","B",,,1,2,2026,"-1.25","-0.23",-0.2769107850679091,0.5445997445787718,,,,2,4,"Top",,,,,,,6.038909838167244,-130.558509758272,-5.420823164270308,-15.621994203975202,27.015627923218293,-33.90867414003909,3.250721785,1.640551181,,,,"89.6",2081,"6.2",825070,680728,545121,606466,571448,672695,666971,691783,682998,"54.32",,,,,,,,26,4,"Changeup",0,2,2,0,2,0,2,0,"Standard","Standard",248,"-0.002","0.044",,,,,"-0.044",,-2,2,0.305,0.6950000000000001,37,22,38,22,2,1,5,1,6,1,"3.06","1.25","1.25","27.5",,,,,
"CH","2026-06-16","89.7","-1.74","5.47","Guzman, Denzer",694203,518876,,"ball",,,,,7,,"R","R","R","AZ","LAA","B",,,0,2,2026,"-1.43","0.27",-0.7853619288612814,1.7435507048297354,,,,2,4,"Top",,,,,,,5.385524623015057,-130.5499435002027,-3.5664174078535043,-17.505812242452834,28.041974327996613,-28.53246145087048,3.250721785,1.640551181,,,,"89.5",2173,"6.2",825070,680728,545121,606466,571448,672695,666971,691783,682998,"54.33",,,,,,,,26,3,"Changeup",0,2,2,0,2,0,2,0,"Standard","Standard",241,"-0.001","0.025",,,,,"-0.025",,-2,2,0.306,0.694,37,22,38,22,2,1,5,1,6,1,"2.57","1.43","1.43","25.8",,,,,
"SL","2026-06-16","86.8","-1.81","5.41","Guzman, Denzer",694203,518876,,"foul",,,,,8,,"R","R","R","AZ","LAA","S",,,0,1,2026,"0.21","0.35",0.10524059053207299,1.7831402313091549,,,,2,4,"Top",,,,,,,4.060917755109879,-126.42393851910927,-3.02683177730208,1.458836912366425,24.358527265424577,-28.028911414384158,3.250721785,1.640551181,,,,"86.6",2252,"6",825070,680728,545121,606466,571448,672695,666971,691783,682998,"54.48",,,,,,,,26,2,"Slider",0,2,2,0,2,0,2,0,"Standard","Standard",175,"0.003","-0.063","74.0","8.1",,,"0.063",,-2,2,0.303,0.6970000000000001,37,22,38,22,2,1,5,1,6,1,"2.66","-0.21","-0.21","22.3",8.32717480184635,-6.792192970088349,35.1012969452297,35.50734297106034,25.63821938724326
"FF","2026-06-16","92.4","-1.7","5.34","Guzman, Denzer",694203,518876,,"called_strike",,,,,9,,"R","R","R","AZ","LAA","S",,,0,0,2026,"-0.83","1.34",0.71751374463578,1.8788244789805921,,,,2,4,"Top",,,,,,,7.861408961511203,-134.1551045087024,-5.659216086649998,-11.793750413018866,31.21284081891685,-14.937246576216046,3.250721785,1.640551181,,,,"91.6",2510,"6.1",825070,680728,545121,606466,571448,672695,666971,691783,682998,"54.42",,,,,,,,26,1,"4-Seam Fastball",0,2,2,0,2,0,2,0,"Standard","Standard",226,"0.001","-0.044",,,,,"0.044",,-2,2,0.302,0.698,37,22,38,22,2,1,5,1,6,1,"1.36","0.83","0.83","20.3",,,,,
"FC","2026-06-16","91.2","-1.81","5.38","Guzman, Denzer",694203,518876,"field_out","hit_into_play",,,,,2,"Denzer Guzman flies out to right fielder Corbin Carroll.","R","R","R","AZ","LAA","X",9,"fly_ball",1,0,2026,"-0.22","1.04",0.07973966856998271,3.0031708447685967,,,685133,1,2,"Top",199,71.48,,,,,5.1453838806686765,-132.8368476006294,-2.210834969325071,-3.6813028119961007,27.02743057644054,-19.550456411846415,3.250721785,1.640551181,362,"99.5",24,"91.1",2377,"6.1",825070,680728,545121,606466,571448,672695,666971,691783,682998,"54.44",0.423,0.637,"0",1,0,0,5,10,2,"Cutter",0,1,1,0,1,0,1,0,"Standard","Standard",218,"0.03","-0.294","77.1","7.1",,1.103,"0.294","99.5",-1,1,0.392,0.608,37,22,38,22,1,0,5,1,6,1,"1.68","0.22","0.22","20.0",-1.1367113157329822,9.611501100015571,26.423528173009657,37.77294184308083,21.230496222288473
"SI","2026-06-16","92","-1.73","5.46","Guzman, Denzer",694203,518876,,"ball",,,,,13,,"R","R","R","AZ","LAA","B",,,0,0,2026,"-1.39","0.48",-1.5864399743210151,2.329350730812897,,,685133,1,2,"Top",,,,,,,3.4076887417694692,-134.02232413895177,-2.9553338513240672,-17.486877744622994,29.242488378967504,-26.000939201707457,3.250721785,1.640551181,,,,"91.5",2261,"6",825070,680728,545121,606466,571448,672695,666971,691783,682998,"54.55",,,,,,,,10,1,"Sinker",0,1,1,0,1,0,1,0,"Standard","Standard",231,"-0.003","0.033",,,,,"-0.033",,-1,1,0.395,0.605,37,22,38,22,1,0,5,1,6,1,"2.21","1.39","1.39","28.9",,,,,
"ST","2026-06-16","83.6","-2.03","5.76","Guzman, Denzer",694203,686753,"field_out","hit_into_play",,,,,2,"Denzer Guzman flies out to center fielder Jordan Lawlar.","R","R","R","AZ","LAA","X",8,"fly_ball",0,2,2026,"1.13","-0.15",0.2540074514011833,2.8936397146135517,,,,0,8,"Top",127.85,57.6,,,,,2.8990617768023705,-121.75681728442602,0.3051800176913311,10.667668555472167,24.05014661856362,-33.94610715905718,3.250721785,1.640551181,350,"96.3",37,"82.8",2868,"5.7",825070,680728,545121,606466,571448,672695,666971,691783,682998,"54.81",0.109,0.209,"0",1,0,0,3,58,3,"Sweeper",0,6,6,0,6,0,6,0,"Standard","Standard",46,"0.001","-0.165","75.9","7.6",,0.397,"0.165","96.3",-6,6,0.008,0.992,28,22,29,22,1,3,6,1,3,1,"3.41","-1.13","-1.13","46.7",8.070645289719577,-7.1855419295593554,26.81177720351848,37.86924070390195,31.521533436675284
"SL","2026-06-16","89","-2.15","5.67","Guzman, Denzer",694203,686753,,"swinging_strike",,,,,14,,"R","R","R","AZ","LAA","S",,,0,1,2026,"-0.28","0.39",1.353064838256314,0.92180845528621,,,,0,8,"Top",,,,,,,8.981252564436662,-129.4544766371379,-6.2736048860786156,-4.640229575301504,20.41180723597968,-26.80767234520872,3.250721785,1.640551181,,,,"88.9",2530,"5.7",825070,680728,545121,606466,571448,672695,666971,691783,682998,"54.82",,,,,,,,58,2,"Slider",0,6,6,0,6,0,6,0,"Standard","Standard",183,"0","-0.056","63.8","9.2","10.185884304",,"0.056",,-6,6,0.008,0.992,28,22,29,22,1,3,6,1,3,1,"2.43","0.28","0.28","41.4",22.820299226461668,-24.60284802170672,32.11487185053653,50.34220091703263,41.89175625827828
"SL","2026-06-16","85.1","-2.36","5.64","Guzman, Denzer",694203,686753,,"called_strike",,,,,1,,"R","R","R","AZ","LAA","S",,,0,0,2026,"0.22","0.28",-0.39981869049016305,3.0913419615782214,,,,0,8,"Top",,,,,,,4.0558090516557685,-124.04278503318938,-0.11333900674635344,1.5275270637503349,22.986015194568427,-29.479971465590072,3.250721785,1.640551181,,,,"84.4",2453,"5.6",825070,680728,545121,606466,571448,672695,666971,691783,682998,"54.9",,,,,,,,58,1,"Slider",0,6,6,0,6,0,6,0,"Standard","Standard",112,"0","-0.043",,,,,"0.043",,-6,6,0.008,0.992,28,22,29,22,1,3,6,1,3,1,"2.84","-0.22","-0.22","36.3",,,,,
"SL","2026-06-15","88.8","-1.12","6.29","Guzman, Denzer",694203,669194,"single","hit_into_play",,,,,9,"Denzer Guzman singles on a sharp ground ball to left fielder Tommy Troy.","R","R","R","AZ","LAA","X",7,"ground_ball",1,2,2026,"0.4","0.25",0.29511293716541837,1.8924183348928798,,,,1,6,"Top",96.68,146.75,,,,,2.582931960233211,-129.26304235982414,-5.055570350106319,3.9384491999126015,25.672334767418416,-28.526922282843355,3.250721785,1.640551181,12,"103.6",-9,"89.6",2582,"6.7",825071,672515,656976,606466,571448,672695,694371,691783,682998,"53.85",0.302,0.298,"0.9",1,1,0,2,45,4,"Slider",2,2,2,2,2,2,2,2,"Standard","Standard",103,"-0.045","0.501","78.3","8.0",,0.312,"-0.501","103.6",0,0,0.542,0.45799999999999996,28,22,28,22,3,2,5,1,,1,"2.62","-0.4","-0.4","52.1",-0.20441452485627717,-2.8894972596420816,36.402920435911206,38.54505445508308,28.16344370049071
"SL","2026-06-15","89.2","-1.05","6.3","Guzman, Denzer",694203,669194,,"foul",,,,,14,,"R","R","R","AZ","LAA","S",,,1,1,2026,"0.39","0",0.9374506875609974,1.8374811208766273,,,,1,6,"Top",,,,,,,4.03134646456352,-129.92284914348886,-4.796351252857526,3.6215183455292994,24.979665280335666,-31.41380076370203,3.250721785,1.640551181,1,"71.2",-60,"90.3",2318,"6.7",825071,672515,656976,606466,571448,672695,694371,691783,682998,"53.77",,,,,,,,45,3,"Slider",2,2,2,2,2,2,2,2,"Standard","Standard",125,"0.007","-0.074","75.0","7.9",,,"0.074","88.0",0,0,0.535,0.46499999999999997,28,22,28,22,3,2,5,1,,1,"2.84","-0.39","-0.39","55.2",0.13993117631891094,5.221751665115218,31.611501354241707,46.20045665615168,24.48232416688211
"FF","2026-06-15","96.1","-1.06","6.3","Guzman, Denzer",694203,669194,,"foul",,,,,4,,"R","R","R","AZ","LAA","S",,,1,0,2026,"-0.25","1.52",-0.42402947901684,2.705030162711812,,,,1,6,"Top",,,,,,,2.271474211007034,-139.8114923212072,-7.252087642416907,-3.818399096988478,32.97958371253984,-10.81009059128563,3.250721785,1.640551181,215,"77.1",50,"96.8",2346,"6.8",825071,672515,656976,606466,571448,672695,694371,691783,682998,"53.71",,,,,,,,45,2,"4-Seam Fastball",2,2,2,2,2,2,2,2,"Standard","Standard",193,"0.005","-0.05","76.5","7.4",,,"0.05","88.0",0,0,0.53,0.47,28,22,28,22,3,2,5,1,,1,"0.96","0.25","0.25","56.1",-2.069733508158006,1.5909874874636603,34.41525617961605,31.44724615727389,24.240847271518433
"SL","2026-06-15","87.5","-1.11","6.31","Guzman, Denzer",694203,669194,,"ball",,,,,13,,"R","R","R","AZ","LAA","B",,,0,0,2026,"0.41","0.21",-0.10343057682021461,1.014247436434602,,,,1,6,"Top",,,,,,,1.5383194733226169,-127.28683938008666,-6.857168653851082,4.155796023672259,26.16350407446867,-28.651281067484124,3.250721785,1.640551181,,,,"88.4",2435,"6.9",825071,672515,656976,606466,571448,672695,694371,691783,682998,"53.6",,,,,,,,45,1,"Slider",2,2,2,2,2,2,2,2,"Standard","Standard",125,"-0.004","0.043",,,,,"-0.043",,0,0,0.534,0.46599999999999997,28,22,28,22,3,2,5,1,,1,"2.77","-0.41","-0.41","51.9",,,,,
"FF","2026-06-15","97.7","-0.89","6.33","Guzman, Denzer",694203,669194,"field_out","hit_into_play",,,,,8,"Denzer Guzman flies out to right fielder Corbin Carroll.","R","R","R","AZ","LAA","X",9,"fly_ball",1,1,2026,"-0.12","1.69",0.14759310876742637,2.122241489192126,,,,0,4,"Top",209.16,101.66,,,,,3.0493193695809544,-141.99335631956507,-9.597676824217448,-2.2811847253035826,33.61411303821917,-7.325503175485364,3.250721785,1.640551181,316,"93.7",32,"98.4",2301,"6.8",825071,672515,656976,606466,571448,672695,694371,691783,682998,"53.65",0.151,0.279,"0",1,0,0,3,26,3,"4-Seam Fastball",1,1,1,1,1,1,1,1,"Standard","Standard",188,"0.026","-0.25","77.5","7.6",,0.503,"0.25","93.7",0,0,0.501,0.499,28,22,28,22,2,1,5,1,,1,"0.71","0.12","0.12","56.2",-3.7674991501259987,8.436494120666234,36.77864241598473,36.2796834990141,23.556855170879693
"SL","2026-06-15","88.8","-1.11","6.33","Guzman, Denzer",694203,669194,,"ball",,,,,14,,"R","R","R","AZ","LAA","B",,,0,1,2026,"0.41","0.35",1.6413135685706215,2.041151004704757,,,,0,4,"Top",,,,,,,5.796925302401834,-129.128702179591,-4.970539937409695,3.3959878046983656,27.56821354030305,-27.408344089024407,3.250721785,1.640551181,,,,"89.4",2545,"6.7",825071,672515,656976,606466,571448,672695,694371,691783,682998,"53.77",,,,,,,,26,2,"Slider",1,1,1,1,1,1,1,1,"Standard","Standard",118,"-0.003","0.029",,,,,"-0.029",,0,0,0.504,0.496,28,22,28,22,2,1,5,1,,1,"2.55","-0.41","-0.41","51.3",,,,,
"SL","2026-06-15","88.5","-1.18","6.36","Guzman, Denzer",694203,669194,,"swinging_strike",,,,,14,,"R","R","R","AZ","LAA","S",,,0,0,2026,"0.25","0.45",0.8173363491294314,1.2438367392032168,,,,0,4,"Top",,,,,,,4.30880327603181,-128.64225372744238,-7.1402321891347675,1.9041444367654183,27.042018522785646,-25.870972769594065,3.250721785,1.640551181,,,,"89.2",2376,"6.8",825071,672515,656976,606466,571448,672695,694371,691783,682998,"53.71",,,,,,,,26,1,"Slider",1,1,1,1,1,1,1,1,"Standard","Standard",139,"0.004","-0.043","70.4","9.0","3.26518884",,"0.043",,0,0,0.5,0.5,28,22,28,22,2,1,5,1,,1,"2.47","-0.25","-0.25","55.5",15.639456899308215,-17.824675794127028,30.005291013899196,45.97799770506106,35.0937360541119
"FF","2026-06-15","96.5","-0.84","6.38","Guzman, Denzer",694203,669194,"field_out","hit_into_play",,,,,4,"Denzer Guzman grounds out sharply, shortstop Geraldo Perdomo to first baseman Pavin Smith.","R","R","R","AZ","LAA","X",6,"ground_ball",0,0,2026,"-0.38","1.33",-0.41151909033122774,2.239475357230331,,,,0,2,"Top",110.75,148.48,,,,,2.025604508120881,-140.42333290739862,-8.389093150716205,-5.5278715271777035,29.006806827591312,-12.857595308652991,3.250721785,1.640551181,9,"100.8",-13,"97.5",2131,"6.7",825071,672515,656976,606466,571448,672695,694371,691783,682998,"53.82",0.219,0.197,"0",1,0,0,2,11,1,"4-Seam Fastball",1,1,1,1,1,1,1,1,"Standard","Standard",190,"0.023","-0.264","76.7","7.4",,0.234,"0.264","100.8",0,0,0.5,0.5,28,22,28,22,1,0,5,1,,1,"1.1","0.38","0.38","57.0",-0.3726704346505592,13.859216251692711,35.051362730583165,31.773853395968967,21.539578040101993
"ST","2026-06-15","82.9","-3.67","4.58","Guzman, Denzer",694203,623149,"strikeout","swinging_strike",,,,,9,"Denzer Guzman strikes out swinging.","R","R","R","AZ","LAA","S",2,,1,2,2026,"0.95","0.58",0.48546302340308023,1.9942702304721145,,,,0,9,"Top",,,,,,,7.478623449664479,-120.44990579563898,-0.28976820584913976,7.609232249857504,25.903218304209055,-26.78745601479588,3.250721785,1.640551181,,,,"82.6",2365,"6.4",825071,672515,545121,606466,571448,672695,691783,678489,682998,"54.1",,0,"0",1,0,0,,68,4,"Sweeper",4,2,2,4,2,4,2,4,"Standard","Strategic",94,"0.027","-0.188","65.9","7.9","1.492190712",,"0.188",,2,-2,0.936,0.06399999999999995,36,22,36,22,1,3,1,1,4,1,"2.78","-0.95","-0.95","17.9",-0.5203984886885009,-3.4691466923765395,34.8157127108246,41.06838519839771,26.508840373207754
"ST","2026-06-15","82.5","-3.6","4.68","Guzman, Denzer",694203,623149,,"foul",,,,,1,,"R","R","R","AZ","LAA","S",,,1,1,2026,"0.89","0.59",-0.43271560399201603,3.0698527046541835,,,,0,9,"Top",,,,,,,5.345958945851603,-120.0303929215962,1.8897728344877682,7.4632115025475745,24.650385850145987,-27.12433172241145,3.250721785,1.640551181,84,"74.9",76,"82.3",2371,"6.3",825071,672515,545121,606466,571448,672695,691783,678489,682998,"54.23",,,,,,,,68,3,"Sweeper",4,2,2,4,2,4,2,4,"Standard","Standard",87,"0.01","-0.062","74.0","7.4",,,"0.062","88.0",2,-2,0.926,0.07399999999999995,36,22,36,22,1,3,1,1,4,1,"2.78","-0.89","-0.89","18.8",0.8870882392019087,-9.988994299401003,28.185963530626506,30.772587597594246,31.774793385946886
"FF","2026-06-15","89.5","-3.57","4.5","Guzman, Denzer",694203,623149,,"foul",,,,,11,,"R","R","R","AZ","LAA","S",,,1,0,2026,"-0.9","1.04",-0.8702594246426416,2.9033646593895828,,,,0,9,"Top",,,,,,,8.478776472757295,-130.13547506447733,-0.021704110041668834,-11.893258277002825,25.532130698923567,-20.5349824660296,3.250721785,1.640551181,167,"67.5",21,"89.5",2499,"6.2",825071,672515,545121,606466,571448,672695,691783,678489,682998,"54.3",,,,,,,,68,2,"4-Seam Fastball",4,2,2,4,2,4,2,4,"Standard","Standard",241,"0.01","-0.058","76.8","7.5",,,"0.058","88.0",2,-2,0.916,0.08399999999999996,36,22,36,22,1,3,1,1,4,1,"1.8","0.9","0.9","14.3",-0.2429563322257916,0.1680393749857659,32.433029653859435,27.09009041920479,25.922590270309723
"ST","2026-06-15","80.6","-3.61","4.79","Guzman, Denzer",694203,623149,,"ball",,,,,11,,"R","R","R","AZ","LAA","B",,,0,0,2026,"1.4","0.23",-1.1891739668321193,3.3562987836358538,,,,0,9,"Top",,,,,,,2.6076792622315184,-117.32341568596416,3.2182145148405845,12.376059078002655,23.096080458018502,-30.897639692382224,3.250721785,1.640551181,,,,"80.5",2347,"6.3",825071,672515,545121,606466,571448,672695,691783,678489,682998,"54.2",,,,,,,,68,1,"Sweeper",4,2,2,4,2,4,2,4,"Standard","Standard",92,"-0.008","0.044",,,,,"-0.044",,2,-2,0.924,0.07599999999999996,36,22,36,22,1,3,1,1,4,1,"3.29","-1.4","-1.4","18.8",,,,,
"CH","2026-06-14","85","1.49","5.91","Guzman, Denzer",694203,693855,"strikeout","swinging_strike",,,,,14,"Denzer Guzman strikes out swinging.","R","R","L","LAA","TB","S",2,,1,2,2026,"1.33","0.79",1.0947824611782517,2.075040262268893,,666176,694384,1,4,"Bot",,,,,,,-3.6242063251996752,-123.67773786161641,-4.0283534845299025,14.365131900517138,25.103393000166534,-23.451862389511632,3.250721785,1.640551181,,,,"84.9",1863,"6.3",824021,676439,666018,680700,691406,810938,802415,656775,683748,"54.24",,0,"0",1,0,0,,34,6,"Changeup",1,3,1,3,3,1,1,3,"Infield shade","Standard",126,"-0.043","-0.172","64.6","8.5","0.149181516",,"0.172",,-2,-2,0.348,0.348,27,22,28,22,1,1,6,1,6,1,"2.37","1.33","-1.33","44.5",8.751100418232381,-12.835088253567882,29.32442933263912,47.82734717543377,30.210567353005654
"SL","2026-06-14","83.5","1.75","5.56","Guzman, Denzer",694203,693855,,"foul",,,,,11,,"R","R","L","LAA","TB","S",,,1,2,2026,"-0.59","0.87",-0.9288051977964085,2.6856446456662377,,666176,694384,1,4,"Bot",,,,,,,-4.887092179196896,-121.50978608435612,-1.6633317175309164,-4.7178062096012425,26.87076603851404,-23.468028204469654,3.250721785,1.640551181,138,"73.8",74,"83",2275,"6.3",824021,676439,666018,680700,691406,810938,802415,656775,683748,"54.23",,,,,,,,34,5,"Slider",1,3,1,3,3,1,1,3,"Infield shade","Standard",262,"0","0","76.6","8.4",,,"0","88.0",-2,-2,0.348,0.348,27,22,28,22,1,1,6,1,6,1,"2.43","-0.59","0.59","36.8",21.215001720284995,-33.126974162300506,33.41859494899491,26.24001691203261,49.35286062664869
"CH","2026-06-14","83.1","1.64","5.89","Guzman, Denzer",694203,693855,,"foul",,,,,7,,"R","R","L","LAA","TB","S",,,1,2,2026,"1.15","0.58",-0.4336861418448512,2.076204047028096,,666176,694384,1,4,"Bot",,,,,,,-6.952160570030459,-120.80711124194326,-3.1986100730909652,12.578668870970269,22.913245134385562,-26.09312069451985,3.250721785,1.640551181,101,"68.5",80,"83",1766,"6.2",824021,676439,666018,680700,691406,810938,802415,656775,683748,"54.28",,,,,,,,34,4,"Changeup",1,3,1,3,3,1,1,3,"Infield shade","Standard",127,"0","0","82.5","8.3",,,"0","88.0",-2,-2,0.348,0.348,27,22,28,22,1,1,6,1,6,1,"2.72","1.15","-1.15","43.1",15.794738808808786,-30.80172607647646,37.261786762933596,30.55872502259052,45.196360134111856
"CH","2026-06-14","83.7","1.44","5.76","Guzman, Denzer",694203,693855,,"swinging_strike",,,,,8,,"R","R","L","LAA","TB","S",,,1,1,2026,"1.41","0.64",-0.08459301939950126,1.8552894067951224,,666176,694384,1,4,"Bot",,,,,,,-6.322022029091642,-121.64510735431926,-3.590605936164563,15.24344164763035,26.06251335235661,-25.285308630194955,3.250721785,1.640551181,,,,"83.5",1783,"6.5",824021,676439,666018,680700,691406,810938,802415,656775,683748,"54.04",,,,,,,,34,3,"Changeup",1,3,1,3,3,1,1,3,"Infield shade","Standard",125,"-0.015","-0.06","70.8","9.1","2.547393516",,"0.06",,-2,-2,0.363,0.363,27,22,28,22,1,1,6,1,6,1,"2.64","1.41","-1.41","43.9",28.61439842134478,-40.76576521652448,36.866935277915154,34.665352823342545,52.07019748388801
"CH","2026-06-14","82.5","1.63","5.69","Guzman, Denzer",694203,693855,,"swinging_strike",,,,,5,,"R","R","L","LAA","TB","S",,,1,0,2026,"1.18","0.78",-0.03820163187925907,2.382793969182137,,666176,694384,1,4,"Bot",,,,,,,-6.091683156371632,-120.01295155363174,-2.282915030029403,12.651336713288885,24.980610268248583,-24.456948465337764,3.250721785,1.640551181,,,,"82.2",1705,"6.3",824021,676439,666018,680700,691406,810938,802415,656775,683748,"54.21",,,,,,,,34,2,"Changeup",1,3,1,3,3,1,1,3,"Infield shade","Standard",129,"-0.011","-0.055","74.2","9.1","8.776632708",,"0.055",,-2,-2,0.374,0.374,27,22,28,22,1,1,6,1,6,1,"2.6","1.18","-1.18","42.3",22.44077165934706,-52.19966074111695,29.756851847925113,35.85473477383055,59.45878848630602
"ST","2026-06-14","81.5","1.59","5.69","Guzman, Denzer",694203,693855,,"ball",,,,,13,,"R","R","L","LAA","TB","B",,,0,0,2026,"-1.45","0.42",-2.422615003077153,1.307840746120644,,666176,694384,1,4,"Bot",,,,,,,-6.050728465138071,-118.35486880571379,-3.6294180165983336,-11.893782441743014,28.549310631344223,-27.702062340848226,3.250721785,1.640551181,,,,"80.6",2183,"6.4",824021,676439,666018,680700,691406,810938,802415,656775,683748,"54.09",,,,,,,,34,1,"Sweeper",1,3,1,3,3,1,1,3,"Infield shade","Standard",256,"0.008","0.039",,,,,"-0.039",,-2,-2,0.366,0.366,27,22,28,22,1,1,6,1,6,1,"3.1","-1.45","1.45","44.7",,,,,
"SI","2026-06-14","92.3","-1.95","4.8","Guzman, Denzer",694203,668984,"single","hit_into_play",,,,,1,"Denzer Guzman singles on a line drive to left fielder Chandler Simpson. Jo Adell scores. Nolan Schanuel to 2nd.","R","R","R","LAA","TB","X",7,"line_drive",0,1,2026,"-1.2","0.65",-0.7222030917138531,2.855278500489815,,666176,694384,0,2,"Bot",91.69,97.72,,,,,5.784870283183959,-134.31710637639873,-0.40619249847486977,-15.730414446109469,28.89975774559691,-24.42670239225018,3.250721785,1.640551181,211,"87.9",15,"93.1",2212,"6.8",824021,676439,666018,680700,691406,810938,802415,656775,683748,"53.73",0.983,0.917,"0.9",1,1,0,4,14,2,"Sinker",0,0,0,0,0,1,1,0,"Strategic","Standard",230,"0.097","0.542","74.9","7.4",,1.111,"-0.542","88.0",0,0,0.636,0.636,29,22,29,22,1,0,4,1,3,1,"2.02","1.2","1.2","19.3",3.358086460415102,-6.8063884853126595,32.00558615090208,27.943803809266406,27.857726339715285
"SI","2026-06-14","92.3","-1.98","4.8","Guzman, Denzer",694203,668984,,"foul_bunt",,,,,4,,"R","R","R","LAA","TB","S",,,0,0,2026,"-1.3","0.96",-0.2864965783639257,2.3841929060730624,,666176,694384,0,2,"Bot",,,,,,,7.225461893726859,-134.21192472886815,-2.2816380635270956,-17.330190012082216,29.053479962372595,-20.226821245357065,3.250721785,1.640551181,,,,"93.2",2290,"6.9",824021,676439,666018,680700,691406,810938,802415,656775,683748,"53.64",,,,,,,,14,1,"Sinker",0,0,0,0,0,0,0,0,"Standard","Standard",235,"-0.008","-0.059","3.3","1.7",,,"0.059",,0,0,0.644,0.644,29,22,29,22,1,0,4,1,3,1,"1.72","1.3","1.3","20.8",-26.996088846465558,-32.58385245069953,36.51243404684457,30.88052907321941,25.873593049630255
"ST","2026-06-14","85.6","-3.14","4.74","Guzman, Denzer",694203,518886,"field_out","hit_into_play",,,,,9,"Denzer Guzman flies out to right fielder Victor Mesa Jr.","R","R","R","LAA","TB","X",9,"fly_ball",1,2,2026,"1.06","0.04",0.29946842528951445,1.6055545065610932,,666176,694384,0,8,"Bot",156.46,126.95,,,,,5.870743196036455,-124.39423165712228,-0.8414476573245525,9.381883732039478,30.09141705826239,-31.81866780052667,3.250721785,1.640551181,198,"81.3",59,"85.4",2668,"6.7",824021,676439,666018,680700,691406,810938,802415,656775,683748,"53.81",0.046,0.052,"0",1,0,0,3,71,4,"Sweeper",3,8,3,8,8,3,3,8,"Standard","Standard",66,"-0.022","-0.181","72.9","8.1",,0.069,"0.181","88.0",-5,-5,0.063,0.063,38,22,38,22,1,3,1,1,6,1,"3.13","-1.06","-1.06","25.9",-1.3354652584357611,-16.735216677728726,37.034915437900445,36.07523491030557,35.467382696048645
"ST","2026-06-14","86.7","-2.95","4.81","Guzman, Denzer",694203,518886,,"ball",,,,,14,,"R","R","R","LAA","TB","B",,,0,2,2026,"0.82","-0.02",2.1203850823270325,0.7245491255087844,,666176,694384,0,8,"Bot",,,,,,,10.335763533912974,-125.81403917182772,-3.205783142577502,6.358152077987809,28.183099661199165,-31.852919224019868,3.250721785,1.640551181,,,,"87",2652,"6.9",824021,676439,666018,680700,691406,810938,802415,656775,683748,"53.63",,,,,,,,71,3,"Sweeper",3,8,3,8,8,3,3,8,"Standard","Standard",56,"0.003","0.027",,,,,"-0.027",,-5,-5,0.06,0.06,38,22,38,22,1,3,1,1,6,1,"3.09","-0.82","-0.82","27.1",,,,,
"FF","2026-06-14","93.4","-3.07","4.7","Guzman, Denzer",694203,518886,,"swinging_strike",,,,,12,,"R","R","R","LAA","TB","S",,,0,1,2026,"-0.93","1.09",0.2426733828268539,3.485440182373905,,666176,694384,0,8,"Bot",,,,,,,10.554727727715902,-135.54941896871628,0.3749941428129029,-13.878695774400509,31.02712020193536,-19.052989433327657,3.250721785,1.640551181,,,,"93.6",2289,"6.7",824021,676439,666018,680700,691406,810938,802415,656775,683748,"53.85",,,,,,,,71,2,"4-Seam Fastball",3,8,3,8,8,3,3,8,"Standard","Standard",224,"-0.007","-0.053","71.9","7.5","0.496466052",,"0.053",,-5,-5,0.067,0.067,38,22,38,22,1,3,1,1,6,1,"1.54","0.93","0.93","20.3",5.67363997834903,1.6897311744628172,25.348572542300904,37.35239280360726,22.876642635055866
"ST","2026-06-14","85.2","-3.13","4.85","Guzman, Denzer",694203,518886,,"called_strike",,,,,12,,"R","R","R","LAA","TB","S",,,0,0,2026,"1.12","0.43",0.4085134791792532,3.393494508607589,,666176,694384,0,8,"Bot",,,,,,,5.942167443019747,-123.86300911431864,2.316209482427549,10.067626105669248,28.67099005712866,-28.633075141027543,3.250721785,1.640551181,,,,"85.2",2616,"6.7",824021,676439,666018,680700,691406,810938,802415,656775,683748,"53.77",,,,,,,,71,1,"Sweeper",3,8,3,8,8,3,3,8,"Infield shade","Standard",75,"-0.005","-0.059",,,,,"0.059",,-5,-5,0.072,0.072,38,22,38,22,1,3,1,1,6,1,"2.76","-1.12","-1.12","26.0",,,,,
"SI","2026-06-14","91.5","-1.62","3.71","Guzman, Denzer",694203,687330,"field_out","hit_into_play",,,,,7,"Denzer Guzman grounds out, third baseman Junior Caminero to first baseman Jonathan Aranda.","R","R","R","LAA","TB","X",5,"ground_ball",0,0,2026,"-1.32","-0.09",-0.3687420771811729,2.006892544412186,,,,0,6,"Bot",110.04,168.69,,,,,6.101494902814236,-133.15156498815438,1.9833352213517514,-17.06628886386861,29.522902142755445,-33.88808026305606,3.250721785,1.640551181,5,"99.4",-23,"92.3",2072,"6.9",824021,676439,666018,680700,691406,810938,802415,656775,683748,"53.63",0.13,0.117,"0",1,0,0,2,50,1,"Sinker",3,3,3,3,3,3,3,3,"Infield shade","Standard",260,"-0.034","-0.264","76.1","7.8",,0.134,"0.264","99.4",0,0,0.576,0.576,28,22,29,22,1,2,5,1,3,1,"2.82","1.32","1.32","-1.3",-1.2846776684175412,-0.03677582037582939,33.279039556410034,32.92565206844233,26.458130221638772
"SI","2026-06-13","94.6","-1.11","5.48","Guzman, Denzer",694203,643377,"field_out","hit_into_play",,,,,1,"Denzer Guzman grounds out, third baseman Junior Caminero to first baseman Jonathan Aranda.","R","R","R","LAA","TB","X",5,"ground_ball",1,1,2026,"-1.34","0.93",-0.673662035234815,2.7803793369039584,,,,0,5,"Bot",107.42,162.98,,,,,4.166386778408563,-137.70334261701674,-3.266977159228065,-17.938213658782107,31.19954272357515,-19.88797875854803,3.250721785,1.640551181,7,"65.3",-22,"94.9",2355,"6.5",824019,676439,666018,680700,691406,670764,802415,656775,683748,"54",0.057,0.054,"0",1,0,0,2,35,3,"Sinker",1,0,1,0,0,1,1,0,"Infield shade","Standard",211,"-0.02","-0.25","76.0","7.1",,0.064,"0.25","88.0",1,1,0.707,0.707,31,22,32,22,2,1,6,1,6,1,"1.62","1.34","1.34","41.8",3.249631553272017,7.663720939875502,34.70460643467912,25.93515955049207,19.974475315614086
"ST","2026-06-13","87.2","-1.25","5.43","Guzman, Denzer",694203,643377,,"swinging_strike",,,,,1,,"R","R","R","LAA","TB","S",,,1,0,2026,"0.79","0.41",-0.4687858321200665,3.1091018537317505,,,,0,5,"Bot",,,,,,,0.21691960090452114,-127.14315558490067,-0.14983363514234693,8.523113064691044,24.914469433892968,-27.88691735866494,3.250721785,1.640551181,,,,"87.5",2752,"6.3",824019,676439,666018,680700,691406,670764,802415,656775,683748,"54.23",,,,,,,,35,2,"Sweeper",1,0,1,0,0,1,1,0,"Infield shade","Standard",48,"-0.004","-0.058","76.7","7.5","1.081498596",,"0.058",,1,1,0.711,0.711,31,22,32,22,2,1,6,1,6,1,"2.56","-0.79","-0.79","41.8",3.7120753157144115,0.5784021023102935,29.739614533473233,28.736310371234175,25.036664603581617
"SI","2026-06-13","93.3","-1.04","5.59","Guzman, Denzer",694203,643377,,"ball",,,,,11,,"R","R","R","LAA","TB","B",,,0,0,2026,"-1.07","0.9",-1.1224080513615735,3.495104856789756,,,,0,5,"Bot",,,,,,,2.2037445226980745,-135.9483316523596,-1.481558815702195,-13.814208477406622,29.507774244480604,-20.95028997971121,3.250721785,1.640551181,,,,"93.6",2299,"6.4",824019,676439,666018,680700,691406,670764,802415,656775,683748,"54.14",,,,,,,,35,1,"Sinker",1,0,1,0,0,1,1,0,"Infield shade","Standard",213,"0.003","0.044",,,,,"-0.044",,1,1,0.708,0.708,31,22,32,22,2,1,6,1,6,1,"1.71","1.07","1.07","43.3",,,,,
"FF","2026-06-13","92.5","-1.45","5.8","Guzman, Denzer",694203,642121,"single","hit_into_play",,,,,1,"Denzer Guzman singles on a line drive to left fielder Chandler Simpson. Jo Adell scores. Nolan Schanuel to 3rd.","R","R","R","LAA","TB","X",7,"line_drive",3,2,2026,"-0.6","1.44",-0.72782892969062,3.082724213692691,,666176,694384,2,7,"Bot",79.42,103.68,,,,,3.1842513118712046,-134.5383819854803,-4.064670649104864,-8.023524987758615,34.171566180438255,-14.060384206706827,3.250721785,1.640551181,265,"90.8",17,"92.3",2328,"6.6",824019,676439,666018,680700,691406,670764,802415,656775,683748,"53.9",0.797,0.734,"0.9",1,1,0,4,61,6,"4-Seam Fastball",6,0,6,0,0,7,7,0,"Infield shade","Standard",213,"0.004","0.549","74.1","7.1",,0.917,"-0.549","90.8",6,6,0.993,0.993,36,22,36,22,1,3,3,1,4,1,"1.26","0.6","0.6","48.4",5.568262095793101,-7.078663145277215,31.146833234330426,25.939670293128803,27.631140294534532
"FF","2026-06-13","93.2","-1.34","5.81","Guzman, Denzer",694203,642121,,"foul",,,,,11,,"R","R","R","LAA","TB","S",,,3,1,2026,"-0.76","1.48",-0.9687981908314923,3.2829599229021014,,666176,694384,2,7,"Bot",,,,,,,2.6542480754628324,-135.6174754401844,-3.801446406047562,-9.966973411585174,32.491930488110604,-13.342529086569263,3.250721785,1.640551181,86,"64.5",74,"93.1",2374,"6.4",824019,676439,666018,680700,691406,670764,802415,656775,683748,"54.07",,,,,,,,61,5,"4-Seam Fastball",6,0,6,0,0,6,6,0,"Infield shade","Standard",205,"0","-0.066","74.4","6.7",,,"0.066","88.0",6,6,0.993,0.993,36,22,36,22,1,3,3,1,4,1,"1.16","0.76","0.76","44.8",-2.7734953806679123,5.121913810684782,27.13399803430646,25.43010206191818,25.93759295913729
"CH","2026-06-13","84.2","-1.48","5.71","Guzman, Denzer",694203,642121,,"blocked_ball",,,,,14,,"R","R","R","LAA","TB","B",,,2,1,2026,"-1.1","0.12",0.9377165045771729,-0.1456967440716772,,666176,694384,2,7,"Bot",,,,,,,7.772542957187544,-122.22200420743498,-7.115834477145267,-12.588404461700167,24.772795608149583,-29.739045962435643,3.250721785,1.640551181,,,,"84.2",1676,"6.5",824019,676439,666018,680700,691406,670764,802415,656775,683748,"54",,,,,,,,61,4,"Changeup",6,0,6,0,0,6,6,0,"Infield shade","Standard",237,"0","0.058",,,,,"-0.058",,6,6,0.993,0.993,36,22,36,22,1,3,3,1,4,1,"3.12","1.1","1.1","42.6",,,,,
"FF","2026-06-13","92.8","-1.36","5.69","Guzman, Denzer",694203,642121,,"foul",,,,,3,,"R","R","R","LAA","TB","S",,,2,0,2026,"-0.47","1.58",0.28426777853691054,3.2928412513145955,,666176,694384,2,7,"Bot",,,,,,,5.229489490681399,-134.9089870221546,-3.6051535212643055,-7.026895319682964,34.16951868572685,-12.382760706889641,3.250721785,1.640551181,168,"75.8",15,"92.4",2418,"6.5",824019,676439,666018,680700,691406,670764,802415,656775,683748,"54.01",,,,,,,,61,3,"4-Seam Fastball",6,0,6,0,0,6,6,0,"Infield shade","Standard",213,"0","-0.044","79.0","7.4",,,"0.044","88.0",6,6,0.993,0.993,36,22,36,22,1,3,3,1,4,1,"1.1","0.47","0.47","45.4",-1.0199194476769087,7.250609351422773,23.209669849260635,39.045972438620325,21.826812189103652
"CH","2026-06-13","84.2","-1.61","5.66","Guzman, Denzer",694203,642121,,"blocked_ball",,,,,14,,"R","R","R","LAA","TB","B",,,1,0,2026,"-0.91","0.04",0.9998702978006009,-0.07402213694883075,,666176,694384,2,7,"Bot",,,,,,,7.822731045433393,-122.35696658080776,-6.766179252261608,-10.65772526278809,22.995763448866914,-30.6171288741003,3.250721785,1.640551181,,,,"84.5",1779,"6.5",824019,676439,666018,680700,691406,670764,802415,656775,683748,"54.03",,,,,,,,61,2,"Changeup",6,0,6,0,0,6,6,0,"Infield shade","Standard",235,"0","0.028",,,,,"-0.028",,6,6,0.993,0.993,36,22,36,22,1,3,3,1,4,1,"3.17","0.91","0.91","41.2",,,,,
"FF","2026-06-13","92.3","-1.31","5.73","Guzman, Denzer",694203,642121,,"ball",,,,,12,,"R","R","R","LAA","TB","B",,,0,0,2026,"-0.4","1.34",0.30803155204287425,4.159197849747115,,666176,694384,2,7,"Bot",,,,,,,4.978747308742358,-134.32151405662273,-0.952406456051244,-6.002776760443868,31.56315326964427,-16.009349141395123,3.250721785,1.640551181,,,,"92.3",2383,"6.5",824019,676439,666018,680700,691406,670764,802415,656775,683748,"54.02",,,,,,,,61,1,"4-Seam Fastball",6,0,6,0,0,6,6,0,"Infield shade","Standard",213,"0","0.028",,,,,"-0.028",,6,6,0.993,0.993,36,22,36,22,1,3,3,1,4,1,"1.35","0.4","0.4","46.3",,,,,
"SI","2026-06-13","95.5","-1.08","5.5","Guzman, Denzer",694203,643377,"grounded_into_double_play","hit_into_play",,,,,7,"Denzer Guzman grounds into a double play, shortstop Taylor Walls to second baseman Richie Palacios to first baseman Jonathan Aranda. Oswald Peraza out at 2nd. Denzer Guzman out at 1st.","R","R","R","LAA","TB","X",6,"ground_ball",0,0,2026,"-1.25","0.65",-0.31923722534532273,2.1337660923246764,,,672724,1,2,"Bot",107.42,156.93,,,,,4.858037598627944,-138.85464287463842,-4.4703729446876785,-17.227505757367236,33.62055929601367,-22.913693084658018,3.250721785,1.640551181,10,"97.3",-12,"95.4",2601,"6.4",824019,676439,666018,680700,691406,670764,802415,656775,683748,"54.06",0.183,0.165,"0",1,0,0,2,14,1,"Sinker",0,0,0,0,0,0,0,0,"Infield shade","Standard",209,"-0.054","-0.321","75.2","7.6",,0.208,"0.321","97.3",0,0,0.554,0.554,31,22,32,22,1,0,6,1,6,1,"1.87","1.25","1.25","43.8",1.5663576493705569,4.571854684983115,36.14840065089558,31.500345820051997,20.536676973154936
"FF","2026-06-13","94","-3.07","4.59","Guzman, Denzer",694203,518886,"single","hit_into_play",,,,,1,"Denzer Guzman singles on a line drive to center fielder Cedric Mullins. Jo Adell scores. Nolan Schanuel scores.","R","R","R","LAA","TB","X",8,"line_drive",1,2,2026,"-1","1.23",-0.6364637302105287,3.3651803067396204,666176,694384,,2,6,"Bot",125.58,97,,,,,8.565697136818903,-136.52099958520142,0.015297057520496926,-14.43625912151454,33.353497558731284,-17.200039571405622,3.250721785,1.640551181,197,"70.3",20,"94.6",2324,"7",824019,676439,666018,680700,691406,670764,802415,656775,683748,"53.53",0.917,0.844,"0.9",1,1,0,4,48,4,"4-Seam Fastball",1,0,1,0,0,3,3,0,"Infield shade","Standard",228,"0.172","0.846","74.9","7.0",,0.977,"-0.846","88.0",1,1,0.73,0.73,38,22,38,22,1,2,18,1,1,1,"1.39","1","1","16.8",1.33333466376845,-1.0257422509304808,27.003269530176485,28.34103872700914,24.61945017192378
"FF","2026-06-13","94.6","-3.12","4.56","Guzman, Denzer",694203,518886,,"foul",,,,,6,,"R","R","R","LAA","TB","S",,,1,1,2026,"-0.86","1.06",0.28315559483138975,2.726289091932748,666176,694384,,2,6,"Bot",,,,,,,10.784976665511545,-137.3121062417534,-1.2999288552309531,-13.302465619650098,31.4246141911867,-18.721346213006626,3.250721785,1.640551181,218,"75.3",48,"95.1",2196,"6.8",824019,676439,666018,680700,691406,670764,802415,656775,683748,"53.72",,,,,,,,48,3,"4-Seam Fastball",1,0,1,0,0,1,1,0,"Infield shade","Standard",248,"-0.013","-0.07","73.6","7.5",,,"0.07","88.0",1,1,0.743,0.743,38,22,38,22,1,2,18,1,1,1,"1.51","0.86","0.86","18.9",-9.49473471517989,12.4173047995278,31.797448733176548,38.87552358797492,17.044662912730743
"FF","2026-06-13","94.2","-3.24","4.81","Guzman, Denzer",694203,518886,,"ball",,,,,11,,"R","R","R","LAA","TB","B",,,0,1,2026,"-0.87","1.14",-1.616341231619597,5.0340750049967244,666176,694384,,2,6,"Bot",,,,,,,6.166531614361551,-137.04101771699936,3.84770733763726,-12.328518292942023,31.52589183984084,-18.955793938330558,3.250721785,1.640551181,,,,"94.7",2206,"6.7",824019,676439,666018,680700,691406,670764,802415,656775,683748,"53.81",,,,,,,,48,2,"4-Seam Fastball",1,0,1,0,0,1,1,0,"Infield shade","Standard",220,"0.005","0.023",,,,,"-0.023",,1,1,0.738,0.738,38,22,38,22,1,2,18,1,1,1,"1.44","0.87","0.87","23.1",,,,,
"FF","2026-06-13","93.5","-3.15","4.67","Guzman, Denzer",694203,518886,,"foul",,,,,1,,"R","R","R","LAA","TB","S",,,0,0,2026,"-1.1","1.11",-0.7940266837491337,3.219844758108142,666176,694384,,2,6,"Bot",,,,,,,8.549735796091575,-135.9464519652091,-0.29879516553335805,-15.547242601491057,29.877367620018006,-18.619169553548073,3.250721785,1.640551181,165,"60.2",45,"94.3",2220,"6.8",824019,676439,666018,680700,691406,670764,802415,656775,683748,"53.71",,,,,,,,48,1,"4-Seam Fastball",1,0,1,0,0,1,1,0,"Infield shade","Standard",227,"-0.008","-0.03","72.4","6.7",,,"0.03","88.0",1,1,0.746,0.746,38,22,38,22,1,2,18,1,1,1,"1.51","1.1","1.1","17.8",-3.940366850196401,9.007852124811143,29.63246880841283,26.11140596604057,18.670956651319393
"CH","2026-06-12","86.5","0.85","6.25","Guzman, Denzer",694203,663556,"field_out","hit_into_play",,,,,8,"Denzer Guzman flies out sharply to center fielder Chandler Simpson. Oswald Peraza to 3rd.","R","R","L","LAA","TB","X",8,"fly_ball",0,0,2026,"0.99","0.74",0.20516210524417744,2.099014024621606,,672724,,1,3,"Bot",115.86,53.09,,,,,-3.6178817918738657,-125.90459591284004,-4.989262119749914,11.298577197683429,27.305685199788286,-23.432066313620687,3.250721785,1.640551181,361,"100",34,"86.9",1675,"6.7",824020,663743,666018,810938,691406,670764,668723,802415,596103,"53.84",0.349,0.674,"0",1,0,0,5,27,1,"Changeup",2,0,2,0,0,2,2,0,"Infield shade","Standard",112,"-0.021","-0.279","79.6","8.3",,1.305,"0.279","100.0",2,2,0.779,0.779,29,22,29,22,2,1,6,3,5,1,"2.32","0.99","-0.99","40.2",7.609291204279208,-15.758630207862565,34.4167705747028,37.78511858653547,35.2885706418222
"FC","2026-06-12","85.4","-1.59","5.96","Guzman, Denzer",694203,669438,"single","hit_into_play",,,,,4,"Denzer Guzman singles on a line drive to left fielder Ryan Vilade.","R","R","R","LAA","TB","X",7,"line_drive",0,0,2026,"-0.13","0.23",-0.37332597172025583,2.3621445322119716,,,,2,7,"Bot",62.06,117.4,,,,,3.103772566266454,-124.44475413463952,-2.477955464021224,-1.9940100523304793,24.257028971878405,-29.469772551406603,3.250721785,1.640551181,169,"87.5",11,"85.7",1991,"6.3",824020,663743,666018,810938,691406,670764,668723,802415,596103,"54.16",0.566,0.509,"0.9",1,1,0,4,62,1,"Cutter",4,2,4,2,2,4,4,2,"Infield shade","Standard",161,"0.006","0.339",,,,0.601,"-0.339","88.0",2,2,0.868,0.868,26,22,27,22,2,3,9,3,23,1,"2.88","0.13","0.13","40.7",,,,,
"CH","2026-06-12","87.8","1","6.2","Guzman, Denzer",694203,663556,"field_out","hit_into_play",,,,,8,"Denzer Guzman grounds out, third baseman Junior Caminero to first baseman Jonathan Aranda.","R","R","L","LAA","TB","X",5,"ground_ball",0,1,2026,"1.48","0.52",-0.1149226741933056,1.6030824689116496,641820,,,2,1,"Bot",102.74,164.45,,,,,-5.826139281385951,-127.55111665574199,-5.80964552194306,17.36253041425059,29.13604495776302,-25.415620712924895,3.250721785,1.640551181,4,"68.7",-23,"88",1679,"6.8",824020,663743,666018,810938,691406,670764,668723,802415,596103,"53.72",0.046,0.041,"0",1,0,0,2,12,2,"Changeup",2,0,2,0,0,2,2,0,"Infield shade","Standard",106,"-0.023","-0.261","76.6","8.5",,0.047,"0.261","88.0",2,2,0.721,0.721,29,22,29,22,1,0,6,3,5,1,"2.47","1.48","-1.48","38.3",17.944803237571122,-23.66762848057062,37.25214897321938,33.23991898372325,47.06983168722283
"CU","2026-06-12","81.8","0.77","6.2","Guzman, Denzer",694203,663556,,"called_strike",,,,,3,,"R","R","L","LAA","TB","S",,,0,0,2026,"-0.52","-0.64",0.4354443612926401,3.094890345648509,641820,,,2,1,"Bot",,,,,,,0.274919146787992,-119.05270728154059,1.080044601675739,-4.935116968179339,24.239798571057978,-38.63371771535148,3.250721785,1.640551181,,,,"82.2",2515,"6.7",824020,663743,666018,810938,691406,670764,668723,802415,596103,"53.82",,,,,,,,12,1,"Curveball",2,0,2,0,0,2,2,0,"Infield shade","Standard",321,"-0.004","-0.036",,,,,"0.036",,2,2,0.725,0.725,29,22,29,22,1,0,6,3,5,1,"4.06","-0.52","0.52","43.7",,,,,
"CH","2026-06-12","86.8","-1.3","5.95","Guzman, Denzer",694203,669438,"double","hit_into_play",,,,,8,"Denzer Guzman doubles (1) on a sharp line drive to left fielder Ryan Vilade.","R","R","R","LAA","TB","X",7,"line_drive",0,0,2026,"-0.98","0.19",0.08470263875560236,2.0974112558053095,,,,2,5,"Bot",41.16,123.02,,,,,5.329051293243105,-126.36750055609876,-3.2524312091416725,-11.566160953111266,24.594905363375062,-29.64587818038594,3.250721785,1.640551181,160,"105.1",8,"87.2",1892,"6.4",824020,663743,666018,810938,691406,670764,668723,802415,596103,"54.08",0.686,0.642,"1.25",1,1,1,4,45,1,"Changeup",4,2,4,2,2,4,4,2,"Infield shade","Standard",240,"0.017","0.55","75.7","8.7",,0.792,"-0.55","105.1",2,2,0.786,0.786,26,22,27,22,1,2,9,3,23,1,"2.82","0.98","0.98","42.4",8.56168259066136,-23.16206394616602,31.874593884261667,34.11071731693383,33.9250447721931
"SI","2026-06-09","91.6","-2.39","5.25","Guzman, Denzer",694203,678906,"field_out","hit_into_play",,,,,5,"Denzer Guzman lines out to first baseman Christian Walker.","R","R","R","LAA","HOU","X",3,"line_drive",3,1,2026,"-1.32","0.7",0.1230845400218652,2.723790384248084,,685133,672724,2,4,"Bot",155.81,165.05,,,,,9.176882463630957,-132.98793514202208,-1.7764136574211862,-17.720956802541178,31.3374382019125,-23.75344242007972,3.250721785,1.640551181,127,"98.5",5,"91.2",2432,"6.4",824023,543877,572233,514888,670623,665161,694388,676694,701358,"54.1",0.574,0.54,"0",1,0,0,4,44,5,"Sinker",7,0,7,0,0,7,7,0,"Standard","Standard",229,"-0.004","-0.357","71.6","7.0",,0.641,"0.357","98.5",7,7,0.982,0.982,27,22,28,22,3,2,5,1,6,3,"2.05","1.32","1.32","21.7",-8.206548475877582,16.91825717042421,31.26817195824017,38.037163417252415,12.716082111024207
"SL","2026-06-09","85.2","-2.59","5.29","Guzman, Denzer",694203,678906,,"ball",,,,,14,,"R","R","R","LAA","HOU","B",,,2,1,2026,"0.16","0.34",1.0387467420681604,0.9053861364104954,,685133,672724,2,4,"Bot",,,,,,,8.042519465249622,-123.69526209179357,-4.336780092123105,-0.12064381033176357,27.013070637136348,-27.989184830620058,3.250721785,1.640551181,,,,"84.5",2640,"6.2",824023,543877,572233,514888,670623,665161,694388,676694,701358,"54.31",,,,,,,,44,4,"Slider",7,0,7,0,0,7,7,0,"Standard","Standard",58,"0.001","0.058",,,,,"-0.058",,7,7,0.981,0.981,27,22,28,22,3,2,5,1,6,3,"2.84","-0.16","-0.16","21.3",,,,,
"FF","2026-06-09","91.9","-2.19","5.39","Guzman, Denzer",694203,678906,,"ball",,,,,14,,"R","R","R","LAA","HOU","B",,,1,1,2026,"-0.71","1.21",1.837588521286766,1.3439546692061333,,685133,672724,2,4,"Bot",,,,,,,11.668419956701088,-133.21191234387192,-6.820042100956382,-10.994869113014532,29.06187044212832,-16.40412075323724,3.250721785,1.640551181,,,,"92.2",2580,"6.7",824023,543877,572233,514888,670623,665161,694388,676694,701358,"53.8",,,,,,,,44,3,"4-Seam Fastball",7,0,7,0,0,7,7,0,"Infield shade","Standard",227,"0","0.029",,,,,"-0.029",,7,7,0.981,0.981,27,22,28,22,3,2,5,1,6,3,"1.51","0.71","0.71","24.9",,,,,
"FF","2026-06-09","93.2","-2.23","5.37","Guzman, Denzer",694203,678906,,"ball",,,,,14,,"R","R","R","LAA","HOU","B",,,0,1,2026,"-0.58","1.23",1.0842687955660002,2.1968403359462876,,685133,672724,2,4,"Bot",,,,,,,9.723707864209485,-135.28417524599706,-4.8914866332119935,-9.285708495783252,30.34411982272575,-16.21705692162723,3.250721785,1.640551181,,,,"93.4",2656,"6.6",824023,543877,572233,514888,670623,665161,694388,676694,701358,"53.87",,,,,,,,44,2,"4-Seam Fastball",7,0,7,0,0,7,7,0,"Standard","Standard",236,"0","0.017",,,,,"-0.017",,7,7,0.981,0.981,27,22,28,22,3,2,5,1,6,3,"1.42","0.58","0.58","29.0",,,,,
"SI","2026-06-09","92.5","-2.33","5.35","Guzman, Denzer",694203,678906,,"called_strike",,,,,9,,"R","R","R","LAA","HOU","S",,,0,0,2026,"-1.43","0.42",0.7858942206370974,1.9286574000216652,,685133,672724,2,4,"Bot",,,,,,,10.977777969966171,-134.26432674704301,-3.558733217957678,-19.798033648103882,31.027314244909434,-26.484926543231307,3.250721785,1.640551181,,,,"91.9",2462,"6.2",824023,543877,572233,514888,670623,665161,694388,676694,701358,"54.27",,,,,,,,44,1,"Sinker",7,0,7,0,0,7,7,0,"Infield shade","Standard",235,"0","-0.033",,,,,"0.033",,7,7,0.981,0.981,27,22,28,22,3,2,5,1,6,3,"2.27","1.43","1.43","22.2",,,,,
"SL","2026-06-09","86.4","-2.46","5.41","Guzman, Denzer",694203,678906,"field_out","hit_into_play",,,,,14,"Denzer Guzman flies out to right fielder Cam Smith.","R","R","R","LAA","HOU","X",9,"fly_ball",3,2,2026,"0.43","0.25",0.25580970391644986,1.3503998951665381,,694384,,2,2,"Bot",148.34,108.37,,,,,5.461976563041396,-125.60124180217579,-3.554524415331167,3.0683413570501887,31.54571842944013,-28.936960832231488,3.250721785,1.640551181,235,"81.6",45,"85.1",2690,"6.1",824023,543877,572233,514888,670623,665161,694388,676694,701358,"54.43",0.023,0.031,"0",1,0,0,3,26,6,"Slider",7,0,7,0,0,7,7,0,"Infield shade","Standard",55,"-0.004","-0.274","65.6","8.3",,0.042,"0.274","88.0",7,7,0.965,0.965,27,22,28,22,2,1,5,1,6,3,"2.87","-0.43","-0.43","21.0",2.1802414710338556,-11.376405465825835,40.425090762863405,36.5466613201068,29.666594080037246
"SL","2026-06-09","84.5","-2.55","5.37","Guzman, Denzer",694203,678906,,"swinging_strike",,,,,14,,"R","R","R","LAA","HOU","S",,,3,1,2026,"0.38","0.3",1.3393184616341687,2.258765790600293,,694384,,2,2,"Bot",,,,,,,8.111333155491318,-122.66480624967738,-1.0700829617002163,1.7494141239374086,30.890436357755163,-29.216069790041203,3.250721785,1.640551181,,,,"83.1",2630,"6.1",824023,543877,572233,514888,670623,665161,694388,676694,701358,"54.37",,,,,,,,26,5,"Slider",7,0,7,0,0,7,7,0,"Infield shade","Standard",61,"0","-0.058","69.6","9.2","1.449438924",,"0.058",,7,7,0.965,0.965,27,22,28,22,2,1,5,1,6,3,"2.98","-0.38","-0.38","20.6",16.276968894622577,-28.841344716809886,25.17845603765257,49.10036584796987,42.156195995273464
"SI","2026-06-09","91.8","-2.44","5.37","Guzman, Denzer",694203,678906,,"ball",,,,,13,,"R","R","R","LAA","HOU","B",,,2,1,2026,"-1.33","-0.05",-1.2799490449201463,1.7877183888901222,,694384,,2,2,"Bot",,,,,,,5.808241534448837,-133.43095387724543,-2.774696536793415,-17.149203687480817,33.09758688757155,-32.34462837230806,3.250721785,1.640551181,,,,"90.9",2396,"6.2",824023,543877,572233,514888,670623,665161,694388,676694,701358,"54.34",,,,,,,,26,4,"Sinker",7,0,7,0,0,7,7,0,"Infield shade","Standard",236,"0","0.041",,,,,"-0.041",,7,7,0.965,0.965,27,22,28,22,2,1,5,1,6,3,"2.8","1.33","1.33","25.7",,,,,
"SL","2026-06-09","86.1","-2.57","5.32","Guzman, Denzer",694203,678906,,"swinging_strike",,,,,6,,"R","R","R","LAA","HOU","S",,,2,0,2026,"0.17","0.04",0.7797713495147206,2.1525557405502265,,694384,,2,2,"Bot",,,,,,,7.457805609109402,-125.108765686147,-1.0162957752218216,-0.005151967681235508,29.95017955784411,-31.751485696440632,3.250721785,1.640551181,,,,"85.2",2662,"6.2",824023,543877,572233,514888,670623,665161,694388,676694,701358,"54.3",,,,,,,,26,3,"Slider",7,0,7,0,0,7,7,0,"Infield shade","Standard",43,"0","-0.042","76.6","8.7","2.501376504",,"0.042",,7,7,0.965,0.965,27,22,28,22,2,1,5,1,6,3,"3.09","-0.17","-0.17","18.4",13.801033769198533,-27.11284218319273,23.936231589210248,42.85749206964072,42.46822924483375
"SL","2026-06-09","84.7","-2.41","5.38","Guzman, Denzer",694203,678906,,"ball",,,,,14,,"R","R","R","LAA","HOU","B",,,1,0,2026,"0.51","0.11",0.6250181050127435,0.801598651912109,,694384,,2,2,"Bot",,,,,,,5.913695151483792,-123.10404030037579,-4.147177274958476,3.6905452979200604,29.508592612066185,-30.324969448542895,3.250721785,1.640551181,,,,"83.5",2683,"6",824023,543877,572233,514888,670623,665161,694388,676694,701358,"54.47",,,,,,,,26,2,"Slider",7,0,7,0,0,7,7,0,"Infield shade","Standard",54,"0","0.026",,,,,"-0.026",,7,7,0.965,0.965,27,22,28,22,2,1,5,1,6,3,"3.13","-0.51","-0.51","22.9",,,,,
"FF","2026-06-09","93","-2.26","5.41","Guzman, Denzer",694203,678906,,"ball",,,,,14,,"R","R","R","LAA","HOU","B",,,0,0,2026,"-0.76","1.29",1.2184853550805683,1.869102134376482,,694384,,2,2,"Bot",,,,,,,10.499276527282216,-134.96932912298993,-5.911047186150501,-11.747031010088971,31.474354629376855,-15.237168826572168,3.250721785,1.640551181,,,,"92.7",2498,"6.4",824023,543877,572233,514888,670623,665161,694388,676694,701358,"54.06",,,,,,,,26,1,"4-Seam Fastball",7,0,7,0,0,7,7,0,"Infield shade","Standard",227,"0","0.027",,,,,"-0.027",,7,7,0.965,0.965,27,22,28,22,2,1,5,1,6,3,"1.37","0.76","0.76","22.6",,,,,
"FF","2026-06-09","96.6","-2.09","6.05","Guzman, Denzer",694203,805123,"field_out","hit_into_play",,,,,2,"Denzer Guzman grounds out, second baseman Jose Altuve to first baseman Christian Walker.","R","R","R","LAA","HOU","X",4,"ground_ball",0,2,2026,"-0.99","1.31",0.1263517130935088,3.0935229663526482,,,,2,6,"Bot",134.61,154.15,,,,,8.126726328148546,-140.29665671136104,-5.123187194092792,-14.93295791750183,33.34737539410404,-13.838915813235726,3.250721785,1.640551181,5,"84.2",-30,"96.6",2279,"6.5",824023,543877,572233,514888,670623,665161,694388,676694,701358,"53.96",0.048,0.043,"0",1,0,0,2,61,3,"4-Seam Fastball",7,0,7,0,0,7,7,0,"Infield shade","Standard",220,"-0.001","-0.152","67.1","6.5",,0.052,"0.152","88.0",7,7,0.992,0.992,25,22,26,22,1,3,3,1,3,3,"1.15","0.99","0.99","42.1",-7.957978070240201,29.82727637134803,28.23333797183174,35.58235501962231,12.980617414426495
"ST","2026-06-09","85.2","-2.24","5.96","Guzman, Denzer",694203,805123,,"swinging_strike",,,,,14,,"R","R","R","LAA","HOU","S",,,0,1,2026,"1.32","0.48",1.1316798776952492,2.215703377177387,,,,2,6,"Bot",,,,,,,5.123983847198181,-123.96802253047838,-3.238775044812271,12.509189788052035,25.744981975641863,-26.730289235527035,3.250721785,1.640551181,,,,"85.1",2733,"6.3",824023,543877,572233,514888,670623,665161,694388,676694,701358,"54.18",,,,,,,,61,2,"Sweeper",7,0,7,0,0,7,7,0,"Standard","Standard",73,"0","-0.063",,,,,"0.063",,7,7,0.992,0.992,25,22,26,22,1,3,3,1,3,3,"2.67","-1.32","-1.32","42.0",,,,,
"FC","2026-06-09","89.8","-2.14","6.07","Guzman, Denzer",694203,805123,,"called_strike",,,,,9,,"R","R","R","LAA","HOU","S",,,0,0,2026,"0.13","0.91",0.6123727596485796,1.6611016105307321,,,,2,6,"Bot",,,,,,,6.442355038280612,-130.61311890123142,-6.712885694070316,0.25957239688794814,24.144730637734998,-20.582601032868507,3.250721785,1.640551181,,,,"90.2",2350,"6.3",824023,543877,572233,514888,670623,665161,694388,676694,701358,"54.19",,,,,,,,61,1,"Cutter",7,0,7,0,0,7,7,0,"Infield shade","Standard",207,"0","-0.044",,,,,"0.044",,7,7,0.992,0.992,25,22,26,22,1,3,3,1,3,3,"1.89","-0.13","-0.13","50.4",,,,,
"ST","2026-06-09","84.8","-2.39","5.51","Guzman, Denzer",694203,678906,"strikeout","swinging_strike",,,,,12,"Denzer Guzman strikes out swinging.","R","R","R","LAA","HOU","S",2,,2,2,2026,"1.27","0.36",0.925936137902583,2.605137958469264,666176,,672724,2,1,"Bot",,,,,,,5.094520648485705,-123.45791569122416,-0.9802329399323494,11.906288065744173,25.11120546014136,-28.55707671993984,3.250721785,1.640551181,,,,"85.1",2635,"6.5",824023,543877,572233,514888,670623,665161,694388,676694,701358,"54.02",,0,"0",1,0,0,,12,6,"Sweeper",2,0,2,0,0,2,2,0,"Infield shade","Standard",64,"-0.029","-0.234","70.7","9.0","2.530266468",,"0.234",,2,2,0.727,0.727,27,22,28,22,1,0,5,1,6,3,"2.82","-1.27","-1.27","24.3",19.184044619043654,-35.80392974147865,25.269540584541605,43.02388845344213,44.9601430673106
"ST","2026-06-09","84.9","-2.5","5.47","Guzman, Denzer",694203,678906,,"foul",,,,,9,,"R","R","R","LAA","HOU","S",,,2,2,2026,"1.08","0.08",0.5614005706347139,1.9299575906040443,666176,,672724,2,1,"Bot",,,,,,,4.881435371372712,-123.65905281412294,-1.8821888659788963,10.05125380144931,25.135655185316697,-31.237466185344534,3.250721785,1.640551181,148,"67.9",18,"84.8",2696,"6.2",824023,543877,572233,514888,670623,665161,694388,676694,701358,"54.28",,,,,,,,12,5,"Sweeper",2,0,2,0,0,2,2,0,"Infield shade","Standard",63,"0","0","70.0","8.9",,,"0","88.0",2,2,0.727,0.727,27,22,28,22,1,0,5,1,6,3,"3.09","-1.08","-1.08","19.7",12.24275155004028,-28.021095459693765,33.17260268682295,39.53809699747645,40.310699917151496
"ST","2026-06-09","85.7","-2.5","5.38","Guzman, Denzer",694203,678906,,"called_strike",,,,,14,,"R","R","R","LAA","HOU","S",,,2,1,2026,"1.02","-0.11",0.8818085536531172,1.6306591888127486,666176,,672724,2,1,"Bot",,,,,,,5.789744096588021,-124.72379450224885,-2.147495992647705,9.505888487532529,25.224221343420222,-33.0588214022931,3.250721785,1.640551181,,,,"85.9",2680,"6.4",824023,543877,572233,514888,670623,665161,694388,676694,701358,"54.11",,,,,,,,12,4,"Sweeper",2,0,2,0,0,2,2,0,"Infield shade","Standard",73,"-0.007","-0.066",,,,,"0.066",,2,2,0.734,0.734,27,22,28,22,1,0,5,1,6,3,"3.21","-1.02","-1.02","19.6",,,,,
"ST","2026-06-09","84.4","-2.47","5.37","Guzman, Denzer",694203,678906,,"ball",,,,,14,,"R","R","R","LAA","HOU","B",,,1,1,2026,"0.89","-0.24",0.6905491941516455,1.1087140408847986,666176,,672724,2,1,"Bot",,,,,,,5.476208390083218,-122.78869789840762,-2.8190393108970433,7.842474753983229,25.279435562713612,-34.19439347400972,3.250721785,1.640551181,,,,"84.7",2718,"6.6",824023,543877,572233,514888,670623,665161,694388,676694,701358,"53.91",,,,,,,,12,3,"Sweeper",2,0,2,0,0,2,2,0,"Infield shade","Standard",57,"0.004","0.031",,,,,"-0.031",,2,2,0.73,0.73,27,22,28,22,1,0,5,1,6,3,"3.45","-0.89","-0.89","21.3",,,,,
"ST","2026-06-09","84.5","-2.33","5.46","Guzman, Denzer",694203,678906,,"ball",,,,,14,,"R","R","R","LAA","HOU","B",,,0,1,2026,"1.03","-0.09",0.7930671245125606,1.1124167340168363,666176,,672724,2,1,"Bot",,,,,,,5.112246354645307,-122.92852264403432,-3.3008990487130685,9.318124066712594,25.442927617231625,-32.659624467283614,3.250721785,1.640551181,,,,"84.4",2777,"6.4",824023,543877,572233,514888,670623,665161,694388,676694,701358,"54.15",,,,,,,,12,2,"Sweeper",2,0,2,0,0,2,2,0,"Infield shade","Standard",67,"0.003","0.019",,,,,"-0.019",,2,2,0.727,0.727,27,22,28,22,1,0,5,1,6,3,"3.3","-1.03","-1.03","24.5",,,,,
"SI","2026-06-09","93.2","-0.7","5.38","Guzman, Denzer",694203,695001,"force_out","hit_into_play",,,,,4,"Denzer Guzman grounds into a force out, shortstop Shay Whitcomb to second baseman Brice Matthews. Jo Adell scores. Oswald Peraza out at 2nd. Denzer Guzman to 1st.","R","R","R","LAA","HOU","X",6,"ground_ball",1,0,2026,"-1.15","0.38",-0.28612752665845564,2.5747142543190575,666176,,672724,1,8,"Bot",103.72,152.33,,,,,3.651983424942784,-135.7841038698889,-2.145410494390693,-15.012078058978739,29.15355089057219,-27.197165518371218,3.250721785,1.640551181,62,"81.4",2,"93.9",2009,"6.6",824023,543877,805672,694728,670623,694376,694388,676694,701358,"53.93",0.216,0.21,"0",1,0,0,2,79,2,"Sinker",9,1,9,1,1,10,10,1,"Standard","Standard",234,"0","-0.329","80.6","7.8",,0.247,"0.329","88.0",8,8,0.999,0.999,23,22,23,22,1,4,3,1,4,3,"2.23","1.15","1.15","32.7",0.9328761133721823,-5.697423945349414,30.92367032787087,31.393629797165413,27.279067218686265
"ST","2026-06-09","83.8","-2.45","5.39","Guzman, Denzer",694203,678906,,"called_strike",,,,,14,,"R","R","R","LAA","HOU","S",,,0,0,2026,"1.05","0.45",1.022196073313773,1.9815680328436458,666176,,672724,2,1,"Bot",,,,,,,5.791836283167251,-121.93835568285327,-2.13124345599011,9.315013462693837,24.408336942376923,-27.46731242992716,3.250721785,1.640551181,,,,"83.7",2692,"6.3",824023,543877,572233,514888,670623,665161,694388,676694,701358,"54.24",,,,,,,,12,1,"Sweeper",2,0,2,0,0,2,2,0,"Infield shade","Standard",71,"-0.005","-0.031",,,,,"0.031",,2,2,0.732,0.732,27,22,28,22,1,0,5,1,6,3,"2.8","-1.05","-1.05","24.4",,,,,
"SI","2026-06-09","95","-1.07","5.39","Guzman, Denzer",694203,695001,,"ball",,,,,13,,"R","R","R","LAA","HOU","B",,,0,0,2026,"-1.09","0.37",-1.2670506536926176,2.3259096369192194,666176,,672724,1,8,"Bot",,,,,,,1.9650728722507755,-138.3691186618536,-3.041691111771631,-14.426658894659093,29.391216789587446,-26.99634071852452,3.250721785,1.640551181,,,,"95.4",1946,"6.4",824023,543877,805672,694728,670623,694376,694388,676694,701358,"54.11",,,,,,,,79,1,"Sinker",9,1,9,1,1,9,9,1,"Standard","Standard",232,"0","0.026",,,,,"-0.026",,8,8,0.999,0.999,23,22,23,22,1,4,3,1,4,3,"2.14","1.09","1.09","33.3",,,,,
"CU","2026-06-08","78.3","-2.74","4.97","Guzman, Denzer",694203,681293,"field_out","hit_into_play",,,,,13,"Denzer Guzman flies out to left fielder LaMonte Wade Jr.","R","R","R","LAA","HOU","X",7,"fly_ball",1,2,2026,"1.56","-0.26",-0.11874749766632542,1.3042416475899685,,,,2,5,"Bot",100.75,110.23,,,,,2.6889346252282027,-113.87493552243663,-0.177405280100428,12.78191457855294,24.835489387468442,-34.637074389539414,3.250721785,1.640551181,232,"79.9",50,"79",3012,"7.2",824025,805672,572233,514888,670623,665161,664774,666211,701358,"53.26",0.043,0.039,"0",1,0,0,3,44,4,"Curveball",3,1,3,1,1,3,3,1,"Infield shade","Standard",54,"-0.005","-0.177","72.0","8.4",,0.049,"0.177","88.0",2,2,0.784,0.784,26,22,26,22,3,2,5,,6,1,"4.04","-1.56","-1.56","23.2",13.457124908481026,-17.826493451052997,42.22426890486139,30.3352505793607,38.73542502040732
"CU","2026-06-08","79.9","-2.64","4.88","Guzman, Denzer",694203,681293,,"ball",,,,,14,,"R","R","R","LAA","HOU","B",,,0,2,2026,"1.19","-0.46",1.396532003680199,0.6002992801719458,,,,2,5,"Bot",,,,,,,6.56609954600186,-116.10104159866121,-1.4779093346976317,9.28748453214665,24.50049179322237,-36.239870507579845,3.250721785,1.640551181,,,,"80.5",2974,"7.1",824025,805672,572233,514888,670623,665161,664774,666211,701358,"53.45",,,,,,,,44,3,"Curveball",3,1,3,1,1,3,3,1,"Infield shade","Standard",56,"0.001","0.025",,,,,"-0.025",,2,2,0.783,0.783,26,22,26,22,3,2,5,,6,1,"4.08","-1.19","-1.19","20.7",,,,,
"SL","2026-06-08","83.7","-2.77","4.83","Guzman, Denzer",694203,681293,,"foul",,,,,11,,"R","R","R","LAA","HOU","S",,,0,1,2026,"0.47","0.32",-0.3421363011225651,3.4842265766982723,,,,2,5,"Bot",,,,,,,4.658807384212315,-121.7014290734519,3.006414852878442,3.507210064787791,27.76327712103731,-29.938043569302856,3.250721785,1.640551181,173,"65.8",44,"84.4",2659,"7.2",824025,805672,572233,514888,670623,665161,664774,666211,701358,"53.31",,,,,,,,44,2,"Slider",3,1,3,1,1,3,3,1,"Infield shade","Standard",90,"-0.002","-0.063","74.9","7.1",,,"0.063","88.0",2,2,0.785,0.785,26,22,26,22,3,2,5,,6,1,"2.98","-0.47","-0.47","23.9",4.380694833546647,-4.0948308720115945,25.332072921439813,29.605776368720228,29.07697678246723
"CU","2026-06-08","77.6","-2.62","4.98","Guzman, Denzer",694203,681293,,"called_strike",,,,,14,,"R","R","R","LAA","HOU","S",,,0,0,2026,"1.36","-0.04",0.45551658020065333,1.4465329814039496,,,,2,5,"Bot",,,,,,,4.031573486983408,-112.85661223487635,-0.1871817169024399,10.56813250475494,24.160151392420108,-32.72671963478178,3.250721785,1.640551181,,,,"78.5",2741,"7.4",824025,805672,572233,514888,670623,665161,664774,666211,701358,"53.14",,,,,,,,44,1,"Curveball",3,1,3,1,1,3,3,1,"Infield shade","Standard",69,"-0.001","-0.044",,,,,"0.044",,2,2,0.786,0.786,26,22,26,22,3,2,5,,6,1,"3.89","-1.36","-1.36","24.2",,,,,
"CU","2026-06-08","77.9","-2.67","4.86","Guzman, Denzer",694203,681293,"strikeout","swinging_strike",,,,,14,"Denzer Guzman strikes out swinging.","R","R","R","LAA","HOU","S",2,,1,2,2026,"1.4","-0.2",0.9798888605962461,1.37101457814595,,,,1,3,"Bot",,,,,,,5.196596682346029,-113.3604796342973,0.09999221730878016,10.907689715889314,23.444854143598505,-34.120834265367435,3.250721785,1.640551181,,,,"78.8",2832,"7.2",824025,805672,572233,514888,670623,665161,664774,666211,701358,"53.31",,0,"0",1,0,0,,27,4,"Curveball",3,1,3,1,1,3,3,1,"Standard","Standard",56,"-0.008","-0.183","65.9","9.1","4.949924964",,"0.183",,2,2,0.745,0.745,26,22,26,22,2,1,5,,6,1,"3.99","-1.4","-1.4","20.9",18.398854531628132,-43.98349252534018,26.721497463176423,41.31636615298457,52.39653886443766
"CU","2026-06-08","78.1","-2.6","4.89","Guzman, Denzer",694203,681293,,"ball",,,,,14,,"R","R","R","LAA","HOU","B",,,0,2,2026,"1.34","-0.33",1.2002623423978669,0.8431743580963862,,,,1,3,"Bot",,,,,,,5.644252271038752,-113.59855459073785,-0.8948879611346736,10.384997512761762,22.771216931755887,-35.102865430515514,3.250721785,1.640551181,,,,"79.1",2848,"7.2",824025,805672,572233,514888,670623,665161,664774,666211,701358,"53.28",,,,,,,,27,3,"Curveball",3,1,3,1,1,3,3,1,"Standard","Standard",58,"0.001","0.018",,,,,"-0.018",,2,2,0.744,0.744,26,22,26,22,2,1,5,,6,1,"4.1","-1.34","-1.34","21.8",,,,,
"FF","2026-06-08","92.3","-2.46","4.86","Guzman, Denzer",694203,681293,,"foul",,,,,12,,"R","R","R","LAA","HOU","S",,,0,1,2026,"-0.95","1.3",0.9016285530487855,2.726876527933742,,,,1,3,"Bot",,,,,,,10.733523990749196,-133.98975891868912,-2.286117929861946,-13.86667820214227,31.61066055885474,-16.238812787322694,3.250721785,1.640551181,200,"71.5",43,"93.6",2385,"7.4",824025,805672,572233,514888,670623,665161,664774,666211,701358,"53.09",,,,,,,,27,2,"4-Seam Fastball",3,1,3,1,1,3,3,1,"Standard","Standard",228,"-0.003","-0.057","73.9","7.7",,,"0.057","88.0",2,2,0.747,0.747,26,22,26,22,2,1,5,,6,1,"1.4","0.95","0.95","20.9",-4.095390086740768,12.866173760681157,30.626950498861827,43.99386808490809,16.87112163302933
"FF","2026-06-08","92","-2.45","4.92","Guzman, Denzer",694203,681293,,"foul",,,,,12,,"R","R","R","LAA","HOU","S",,,0,0,2026,"-1.01","1.31",0.8608476963617442,2.6608615004837066,,,,1,3,"Bot",,,,,,,10.693540038393163,-133.5243970612377,-2.648471780948233,-14.374889381256985,28.048755164120596,-16.02911229230128,3.250721785,1.640551181,,,,"93.6",2315,"7.3",824025,805672,572233,514888,670623,665161,664774,666211,701358,"53.19",,,,,,,,27,1,"4-Seam Fastball",3,1,3,1,1,3,3,1,"Standard","Standard",220,"-0.002","-0.042","76.1","8.0",,,"0.042",,2,2,0.749,0.749,26,22,26,22,2,1,5,,6,1,"1.39","1.01","1.01","22.1",0.9265186514515783,4.776368186609173,29.296091106919413,43.988848025515146,19.05995082339132
"CU","2026-06-08","75.4","-2.61","5","Guzman, Denzer",694203,681293,"field_out","hit_into_play",,,,,9,"Denzer Guzman pops out to second baseman Jose Altuve.","R","R","R","LAA","HOU","X",4,"popup",0,1,2026,"1.55","-0.75",0.623863966525841,1.7294298968380364,,,666176,0,2,"Bot",140.21,156.86,,,,,3.8805596716280606,-109.57724525835691,2.1271069450967177,11.469191053166439,23.397329952145714,-38.85427669369773,3.250721785,1.640551181,117,"72.2",67,"75.8",2788,"7.2",824025,805672,572233,514888,670623,665161,664774,666211,701358,"53.34",0.001,0,"0",1,0,0,3,13,2,"Curveball",0,0,0,0,0,0,0,0,"Standard","Standard",53,"-0.03","-0.214","67.2","8.0",,0.001,"0.214","88.0",0,0,0.584,0.584,26,22,26,22,1,0,5,,6,1,"4.84","-1.55","-1.55","21.8",5.566423355306235,-14.480573397632469,29.52575278386605,39.53531085357076,40.40506010687244
"SL","2026-06-08","86.8","-2.7","5.63","Guzman, Denzer",694203,650556,"field_out","hit_into_play",,,,,9,"Denzer Guzman lines out to left fielder Brice Matthews.","R","R","R","LAA","HOU","X",7,"line_drive",0,0,2026,"0.33","-0.32",0.6059021042112792,1.8815978948779843,,642350,,2,10,"Bot",77.26,70.09,,,,,7.14134674063666,-126.21258152751142,-1.8195459403215792,1.943880691478999,28.401763562993196,-35.40608047569713,3.250721785,1.640551181,341,"96.4",21,"86.8",2800,"6.5",824025,805672,694376,514888,670623,665161,694728,676694,701358,"53.96",0.231,0.292,"0",1,0,0,3,86,1,"Slider",4,5,4,5,5,4,4,5,"Infield shade","Standard",45,"-0.148","-0.28","70.9","8.3",,0.47,"0.28","96.4",-1,-1,0.148,0.148,29,22,29,22,1,4,1,,2,1,"3.38","-0.33","-0.33","43.4",1.0841702618179734,-13.37480104522701,31.33279834236505,39.673199514153254,31.11707075259784
"SI","2026-06-08","91.4","-2.49","4.73","Guzman, Denzer",694203,681293,,"called_strike",,,,,8,,"R","R","R","LAA","HOU","S",,,0,0,2026,"-1.5","0.79",-0.19496166106936053,1.8073943425518249,,,666176,0,2,"Bot",,,,,,,9.22600234103407,-132.74274138988807,-3.0400569584434303,-19.71402834966253,29.38988355704274,-22.411060593730667,3.250721785,1.640551181,,,,"93.5",2233,"7.7",824025,805672,572233,514888,670623,665161,664774,666211,701358,"52.77",,,,,,,,13,1,"Sinker",0,0,0,0,0,0,0,0,"Standard","Standard",230,"-0.005","-0.043",,,,,"0.043",,0,0,0.589,0.589,26,22,26,22,1,0,5,,6,1,"1.96","1.5","1.5","20.8",,,,,
"FF","2026-06-08","91","2.92","5.64","Guzman, Denzer",694203,687911,"field_out","hit_into_play",,,,,5,"Denzer Guzman grounds out, shortstop Jeremy Peña to first baseman Christian Walker.","R","R","L","LAA","HOU","X",6,"ground_ball",0,1,2026,"0.35","1.11",-0.04203430644126133,2.339369542510953,,,,0,8,"Bot",106.87,135.48,,,,,-8.114371138415619,-132.27652968668625,-4.655642590921202,5.747595890687434,25.858253106536655,-18.25300456976473,3.250721785,1.640551181,3,"96.6",-37,"91.6",2013,"6.5",824025,805672,572233,514888,670623,665161,694728,676694,701358,"54",0.065,0.058,"0",1,0,0,2,68,2,"4-Seam Fastball",4,3,4,3,3,4,4,3,"Standard","Standard",143,"-0.012","-0.221","73.5","6.7",,0.072,"0.221","96.6",1,1,0.865,0.865,29,22,30,22,1,3,3,,2,1,"1.63","0.35","-0.35","33.0",-12.044180438952775,22.267322041527297,39.78292334275594,32.89990534677656,13.427025116557054
"FF","2026-06-08","90.2","2.82","5.74","Guzman, Denzer",694203,687911,,"called_strike",,,,,12,,"R","R","L","LAA","HOU","S",,,0,0,2026,"0.14","1.09",0.7526362066599184,3.5452874979403433,,,,0,8,"Bot",,,,,,,-5.387494339455513,-131.38142046218073,-1.7260773408587977,2.721122685258986,26.14908750714398,-19.36624997942575,3.250721785,1.640551181,,,,"90.7",1968,"6.4",824025,805672,572233,514888,670623,665161,694728,676694,701358,"54.12",,,,,,,,68,1,"4-Seam Fastball",4,3,4,3,3,4,4,3,"Standard","Standard",146,"-0.002","-0.043",,,,,"0.043",,1,1,0.867,0.867,29,22,30,22,1,3,3,,2,1,"1.69","0.14","-0.14","35.2",,,,,
"FF","2025-09-28","90","1.8","5.61","Guzman, Denzer",694203,676467,"field_out","hit_into_play",,,,,14,"Denzer Guzman flies out to right fielder Cam Smith.","R","R","L","LAA","HOU","X",9,"fly_ball",3,2,2025,"0.9","1.12",1.0161745792243375,2.593098024993596,,,,2,7,"Bot",187.54,109.81,,,,,-3.88746381555458,-130.90525677115858,-3.8516035240917645,11.143143444779017,29.923260530405674,-18.7399592442331,3.66,1.75,269,"87.4",49,"90.4",2024,"6.7",776135,673237,605170,694728,602104,643289,805904,689200,701358,"53.76",0.008,0.007,"0",1,0,0,3,63,9,"4-Seam Fastball",1,6,1,6,6,1,1,6,"Infield shade","Standard",143,"-0.004","-0.328","75.3","8.2",,0.012,"0.328","88.0",-5,-5,0.022,0.022,26,21,27,21,2,2,8,1,,,"1.72","0.9","-0.9","33.7",7.960764077022668,-3.7622128888428734,32.950694376705826,44.380489553159464,25.803243744774612
"FF","2025-09-28","91","1.79","5.61","Guzman, Denzer",694203,676467,,"foul",,,,,9,,"R","R","L","LAA","HOU","S",,,3,2,2025,"0.79","1.49",0.3416938158978151,2.115496053572442,,,,2,7,"Bot",,,,,,,-5.357100469678937,-132.2745385647323,-6.088604827382489,10.417148756582415,28.715100490307506,-13.534775684431136,3.66,1.75,199,"67.2",32,"91.6",2014,"6.7",776135,673237,605170,694728,602104,643289,805904,689200,701358,"53.77",,,,,,,,63,8,"4-Seam Fastball",1,6,1,6,6,1,1,6,"Infield shade","Standard",141,"0","0","70.3","7.8",,,"0","88.0",-5,-5,0.022,0.022,26,21,27,21,2,2,8,1,,,"1.27","0.79","-0.79","33.4",-2.54897492384817,8.91006773011731,43.169629197722884,36.060605781593466,20.72695857222417
"FF","2025-09-28","88","1.85","5.64","Guzman, Denzer",694203,676467,,"foul",,,,,5,,"R","R","L","LAA","HOU","S",,,3,2,2025,"0.76","1.32",-0.1329142325354109,2.4064206573661684,,,,2,7,"Bot",,,,,,,-6.45488775958923,-127.93414387863058,-4.490509098739976,9.721708601025735,27.18901935051298,-16.952783462395615,3.66,1.75,120,"74.4",79,"88.6",1945,"6.8",776135,673237,605170,694728,602104,643289,805904,689200,701358,"53.74",,,,,,,,63,7,"4-Seam Fastball",1,6,1,6,6,1,1,6,"Infield shade","Standard",142,"0","0","76.1","8.5",,,"0","88.0",-5,-5,0.022,0.022,26,21,27,21,2,2,8,1,,,"1.64","0.76","-0.76","35.1",21.781291488577057,-26.859812554429556,39.0888237014933,30.441598253543265,45.658353811632836
"SL","2025-09-28","85.2","2.16","5.43","Guzman, Denzer",694203,676467,,"ball",,,,,13,,"R","R","L","LAA","HOU","B",,,2,2,2025,"-0.39","0.75",-0.7085699463608273,1.3656851081470969,,,,2,7,"Bot",,,,,,,-6.016070116051384,-124.04844894820579,-4.837412216299541,-2.9193679089338938,22.542568917618084,-23.65253588326758,3.63158771719542,1.71070081441434,,,,"86.1",2394,"6.6",776135,673237,605170,694728,602104,643289,805904,689200,701358,"53.86",,,,,,,,63,6,"Slider",1,6,1,6,6,1,1,6,"Infield shade","Standard",169,"0.001","0.104",,,,,"-0.104",,-5,-5,0.021,0.021,26,21,27,21,2,2,8,1,,,"2.36","-0.39","0.39","32.6",,,,,
"CH","2025-09-28","83.1","1.97","5.47","Guzman, Denzer",694203,676467,,"ball",,,,,14,,"R","R","L","LAA","HOU","B",,,1,2,2025,"1.04","0.02",0.9652787184232893,1.1157812095142483,,,,2,7,"Bot",,,,,,,-4.37616743365128,-121.05327993213112,-3.655755635082833,11.116765609779694,21.70618132322428,-31.46181857852303,3.67375061940149,1.72238144828761,,,,"84",1403,"6.7",776135,673237,605170,694728,602104,643289,805904,689200,701358,"53.84",,,,,,,,63,5,"Changeup",1,6,1,6,6,1,1,6,"Infield shade","Standard",129,"0.001","0.042",,,,,"-0.042",,-5,-5,0.02,0.02,26,21,27,21,2,2,8,1,,,"3.25","1.04","-1.04","35.0",,,,,
"FF","2025-09-28","90.2","1.76","5.73","Guzman, Denzer",694203,676467,,"foul",,,,,3,,"R","R","L","LAA","HOU","S",,,1,2,2025,"0.63","1.47",0.4042889124225506,3.699556377458298,,,,2,7,"Bot",,,,,,,-4.722100979552562,-131.25736164756322,-2.227298209037661,8.269048262658337,27.9104665377496,-14.941518941580567,3.66,1.75,142,"76",13,"90.7",2060,"6.6",776135,673237,605170,694728,602104,643289,805904,689200,701358,"53.92",,,,,,,,63,4,"4-Seam Fastball",1,6,1,6,6,1,1,6,"Infield shade","Standard",149,"0","0","70.5","7.2",,,"0","88.0",-5,-5,0.02,0.02,26,21,27,21,2,2,8,1,,,"1.33","0.63","-0.63","35.6",5.523555688867302,6.312082554485372,25.018074428903617,36.43299757914051,23.479929499101544
"SL","2025-09-28","84","2.26","5.45","Guzman, Denzer",694203,676467,,"called_strike",,,,,9,,"R","R","L","LAA","HOU","S",,,1,1,2025,"-0.52","0.63",0.6977151806772945,2.240531737925369,,,,2,7,"Bot",,,,,,,-2.608776155782752,-122.46485784837289,-2.3505302111910154,-4.786675115668482,22.56714260215013,-25.610897214907524,3.67968898235079,1.72798743946401,,,,"84.8",2382,"6.6",776135,673237,605170,694728,602104,643289,805904,689200,701358,"53.93",,,,,,,,63,3,"Slider",1,6,1,6,6,1,1,6,"Infield shade","Standard",168,"-0.001","-0.062",,,,,"0.062",,-5,-5,0.021,0.021,26,21,27,21,2,2,8,1,,,"2.57","-0.52","0.52","31.2",,,,,
"CH","2025-09-28","81.9","2.03","5.51","Guzman, Denzer",694203,676467,,"ball",,,,,14,,"R","R","L","LAA","HOU","B",,,0,1,2025,"1.12","0",1.6785312730352981,2.465927382529673,,,,2,7,"Bot",,,,,,,-2.9712395592208036,-119.23375329654405,-0.27105026892557726,11.231211121809913,24.072075251707084,-32.37886620247345,3.60227074118026,1.74335661874001,,,,"82.2",1422,"6.6",776135,673237,605170,694728,602104,643289,805904,689200,701358,"53.9",,,,,,,,63,2,"Changeup",1,6,1,6,6,1,1,6,"Infield shade","Standard",130,"0","0.027",,,,,"-0.027",,-5,-5,0.021,0.021,26,21,27,21,2,2,8,1,,,"3.41","1.12","-1.12","34.9",,,,,
"CU","2025-09-28","74.7","2.02","5.5","Guzman, Denzer",694203,676467,,"swinging_strike",,,,,14,,"R","R","L","LAA","HOU","S",,,0,0,2025,"-1.21","-0.27",0.36253985114722,1.3013117247061983,,,,2,7,"Bot",,,,,,,-1.2807082936237313,-108.72249409066283,-0.9100078265868625,-9.28230644670645,20.69093864206906,-34.3753103981792,3.66,1.75,,,,"75",2525,"6.7",776135,673237,605170,694728,602104,643289,805904,689200,701358,"53.84",,,,,,,,63,1,"Curveball",1,6,1,6,6,1,1,6,"Infield shade","Standard",281,"0","-0.043","70.5","9.3","4.628497872",,"0.043",,-5,-5,0.021,0.021,26,21,27,21,2,2,8,1,,,"4.38","-1.21","1.21","35.1",30.138984023272755,-33.86009219268369,40.86496242305967,38.33974084946783,51.58601325324255
"SI","2025-09-28","92.1","-1.7","5.03","Guzman, Denzer",694203,621121,"single","hit_into_play",,,,,9,"Denzer Guzman singles on a line drive to center fielder Jacob Melton. Sebastián Rivero to 2nd.","R","R","R","LAA","HOU","X",8,"line_drive",1,0,2025,"-0.95","0.11",0.665875831726616,1.7395621299653388,,,665861,2,2,"Bot",114.06,99.22,,,,,7.998839027435292,-133.93177156456386,-2.7695098837978485,-13.064658418089975,27.233340196104326,-30.433878547458274,3.66,1.75,221,"71.4",22,"91.7",2125,"5.9",776135,673237,605170,694728,602104,643289,805904,689200,701358,"54.56",0.975,0.899,"0.9",1,1,0,4,20,2,"Sinker",1,1,1,1,1,1,1,1,"Infield shade","Standard",244,"0.02","0.311","70.4","8.4",,1.044,"-0.311","88.0",0,0,0.526,0.526,31,21,32,21,1,0,17,1,,,"2.57","0.95","0.95","21.6",10.860742989624491,-8.463172274175168,36.95478358022576,39.97053869506877,32.90915375485821
"SI","2025-09-28","91.6","-1.68","5.02","Guzman, Denzer",694203,621121,,"ball",,,,,14,,"R","R","R","LAA","HOU","B",,,0,0,2025,"-1.12","0.05",0.3976268251494479,1.2816948933490502,,,665861,2,2,"Bot",,,,,,,7.617885907155631,-133.20046704724496,-3.678763977532481,-14.995459893992644,27.248050626981414,-31.05361320586446,3.66075730454742,1.78865742494854,,,,"91.1",2022,"5.9",776135,673237,605170,694728,602104,643289,805904,689200,701358,"54.57",,,,,,,,20,1,"Sinker",1,1,1,1,1,1,1,1,"Infield shade","Standard",245,"0.002","0.035",,,,,"-0.035",,0,0,0.524,0.524,31,21,32,21,1,0,17,1,,,"2.66","1.12","1.12","21.9",,,,,
"ST","2025-09-28","82.9","-2.3","5.4","Guzman, Denzer",694203,681151,"strikeout","swinging_strike",,,,,8,"Denzer Guzman strikes out swinging.","R","R","R","LAA","HOU","S",2,,3,2,2025,"1.53","-0.18",0.005511844354083584,2.28212335854053,621035,666198,665861,1,9,"Bot",,,,,,,2.2970567267972486,-120.67940313451858,-0.23069399107472432,14.318438855870184,25.700304333327782,-34.131998985890135,3.66,1.75,,,,"82.8",2370,"6.4",776135,673237,605170,694728,602104,643289,805904,689200,701358,"54.08",,0,"0",1,0,0,,79,6,"Sweeper",2,6,2,6,6,2,2,6,"Infield shade","Standard",60,"-0.083","-0.342","75.8","8.7","3.570691092",,"0.342",,-4,-4,0.131,0.131,28,21,28,21,1,3,2,1,,,"3.52","-1.53","-1.53","23.8",26.299782219993148,-41.6172359942723,33.42758674247253,30.517870754781637,53.82090285256666
"FF","2025-09-28","97.6","-1.95","5.64","Guzman, Denzer",694203,681151,,"ball",,,,,12,,"R","R","R","LAA","HOU","B",,,2,2,2025,"-0.72","1.21",1.0401788632447886,2.753130407990165,621035,666198,665861,1,9,"Bot",,,,,,,9.701252444734278,-141.7793449221272,-5.049562015163923,-11.897764540794986,32.06891543434573,-14.865603637011393,3.58631300999378,1.71456490599946,,,,"97.6",2496,"6.4",776135,673237,605170,694728,602104,643289,805904,689200,701358,"54.13",,,,,,,,79,5,"4-Seam Fastball",2,6,2,6,6,2,2,6,"Infield shade","Standard",230,"0.025","0.069",,,,,"-0.069",,-4,-4,0.106,0.106,28,21,28,21,1,3,2,1,,,"1.19","0.72","0.72","26.7",,,,,
"FF","2025-09-28","96.7","-1.89","5.64","Guzman, Denzer",694203,681151,,"ball",,,,,14,,"R","R","R","LAA","HOU","B",,,1,2,2025,"-0.91","1.05",1.1708191465509517,2.01818540258304,621035,666198,665861,1,9,"Bot",,,,,,,10.242367073532344,-140.33764312279467,-6.478660876922613,-14.34265950064159,31.408315460754995,-16.950993891556088,3.6520338751266,1.71898264836673,,,,"96.7",2383,"6.4",776135,673237,605170,694728,602104,643289,805904,689200,701358,"54.07",,,,,,,,79,4,"4-Seam Fastball",2,6,2,6,6,2,2,6,"Infield shade","Standard",228,"0.01","0.05",,,,,"-0.05",,-4,-4,0.096,0.096,28,21,28,21,1,3,2,1,,,"1.4","0.91","0.91","27.9",,,,,
"CH","2025-09-28","82.3","2","5.56","Guzman, Denzer",694203,676467,"strikeout","swinging_strike",,,,,14,"Denzer Guzman strikes out swinging.","R","R","L","LAA","HOU","S",2,,1,2,2025,"1","0.23",0.6258147627165794,1.0440521157446456,,,,0,5,"Bot",,,,,,,-5.079815509430951,-119.74521742608317,-4.1935367586322645,10.623527178349368,22.87749345075105,-29.381467018981628,3.66,1.75,,,,"82.7",1262,"6.6",776135,673237,605170,694728,602104,643289,805904,689200,701358,"53.93",,0,"0",1,0,0,,45,4,"Changeup",1,5,1,5,5,1,1,5,"Infield shade","Standard",132,"-0.014","-0.189","63.9","9.2","2.97618312",,"0.189",,-4,-4,0.116,0.116,26,21,27,21,1,1,8,1,,,"3.14","1","-1","34.3",26.182779358393695,-26.715776772498064,39.8612395121539,40.58369746958684,44.926575186288694
"SL","2025-09-28","84.8","1.98","5.43","Guzman, Denzer",694203,676467,,"ball",,,,,13,,"R","R","L","LAA","HOU","B",,,0,2,2025,"-0.47","0.78",-0.9520302647408145,1.0673114033061801,,,,0,5,"Bot",,,,,,,-5.961262188027831,-123.429696439553,-5.513606845645717,-3.7563912551284693,22.609190753255756,-23.306986795968562,3.65486126976336,1.65264932469882,,,,"85.7",2410,"6.7",776135,673237,605170,694728,602104,643289,805904,689200,701358,"53.8",,,,,,,,45,3,"Slider",1,5,1,5,5,1,1,5,"Infield shade","Standard",179,"0.002","0.024",,,,,"-0.024",,-4,-4,0.114,0.114,26,21,27,21,1,1,8,1,,,"2.37","-0.47","0.47","32.3",,,,,
"FF","2025-09-28","96.7","-2.07","5.58","Guzman, Denzer",694203,681151,,"foul",,,,,5,,"R","R","R","LAA","HOU","S",,,1,1,2025,"-1.06","0.85",-0.10682421805351283,2.7444869732890598,621035,666198,665861,1,9,"Bot",,,,,,,7.6588191996944985,-140.67404778158206,-3.965639872672249,-15.788185740806563,31.741741637519734,-20.10774834276676,3.66,1.75,188,"76.8",53,"96.8",2457,"6.4",776135,673237,605170,694728,602104,643289,805904,689200,701358,"54.13",,,,,,,,79,3,"4-Seam Fastball",2,6,2,6,6,2,2,6,"Standard","Standard",234,"-0.017","-0.073","73.2","7.3",,,"0.073","88.0",-4,-4,0.113,0.113,28,21,28,21,1,3,2,1,,,"1.58","1.06","1.06","29.5",1.7252689205765102,4.406500876716968,37.6818848086747,31.769592571830323,24.16979398817442
"ST","2025-09-28","82.4","-2.1","5.54","Guzman, Denzer",694203,681151,,"ball",,,,,14,,"R","R","R","LAA","HOU","B",,,0,1,2025,"1.56","-0.19",1.5528578286045787,1.5244177576593407,621035,666198,665861,1,9,"Bot",,,,,,,5.253764508114303,-119.81582407533412,-2.1566129189690546,13.787593120471971,25.53387713227928,-33.75761206672046,3.59057250718455,1.73139527958205,,,,"82.1",2391,"6.4",776135,673237,605170,694728,602104,643289,805904,689200,701358,"54.15",,,,,,,,79,2,"Sweeper",2,6,2,6,6,2,2,6,"Standard","Standard",54,"0.007","0.034",,,,,"-0.034",,-4,-4,0.106,0.106,28,21,28,21,1,3,2,1,,,"3.58","-1.56","-1.56","23.9",,,,,
"CH","2025-09-28","82.5","1.95","5.55","Guzman, Denzer",694203,676467,,"swinging_strike",,,,,14,,"R","R","L","LAA","HOU","S",,,0,1,2025,"1.02","0.47",0.28476282535435504,1.4103238337745805,,,,0,5,"Bot",,,,,,,-5.795748879169274,-120.02835327857298,-3.8522471395406717,10.974768420216142,23.005159979894042,-27.063971321051433,3.66,1.75,,,,"83",1322,"6.6",776135,673237,605170,694728,602104,643289,805904,689200,701358,"53.91",,,,,,,,45,2,"Changeup",1,5,1,5,5,1,1,5,"Infield shade","Standard",137,"-0.005","-0.055","67.5","9.4","2.12174856",,"0.055",,-4,-4,0.119,0.119,26,21,27,21,1,1,8,1,,,"2.88","1.02","-1.02","34.5",29.188942520507194,-34.526017316282626,40.58043565225139,36.163579059500265,48.80846195775754
"FF","2025-09-28","89","1.75","5.75","Guzman, Denzer",694203,676467,,"called_strike",,,,,4,,"R","R","L","LAA","HOU","S",,,0,0,2025,"0.56","1.4",-0.4932493747232545,2.3546403587877522,,,,0,5,"Bot",,,,,,,-6.7141343038529415,-129.3396343630554,-5.21525376906037,7.700279061892036,27.951581752494675,-15.582884348501796,3.6288570010179,1.657242519401,,,,"89.3",1898,"6.6",776135,673237,605170,694728,602104,643289,805904,689200,701358,"53.9",,,,,,,,45,1,"4-Seam Fastball",1,5,1,5,5,1,1,5,"Infield shade","Standard",145,"-0.003","-0.039",,,,,"0.039",,-4,-4,0.122,0.122,26,21,27,21,1,1,8,1,,,"1.5","0.56","-0.56","34.7",,,,,
"ST","2025-09-28","82.4","-2.29","5.49","Guzman, Denzer",694203,681151,,"swinging_strike",,,,,6,,"R","R","R","LAA","HOU","S",,,0,0,2025,"1.38","-0.03",0.5703603918628741,2.486378404336807,621035,666198,665861,1,9,"Bot",,,,,,,3.8256440288740015,-119.93373095314908,-0.19880957941240096,12.429503426451985,25.525688245436903,-32.61169821617499,3.66,1.75,,,,"82.2",2403,"6.4",776135,673237,605170,694728,602104,643289,805904,689200,701358,"54.11",,,,,,,,79,1,"Sweeper",2,6,2,6,6,2,2,6,"Standard","Standard",59,"-0.01","-0.05","71.1","9.0","2.417036004",,"0.05",,-4,-4,0.116,0.116,28,21,28,21,1,3,2,1,,,"3.41","-1.38","-1.38","25.2",22.722576945470678,-39.66033728996819,29.160437995618857,38.751836653158165,48.898661523868526
"FF","2025-09-27","93.7","-2.26","6","Guzman, Denzer",694203,805123,"field_out","hit_into_play",,,,,11,"Denzer Guzman pops out to pitcher AJ Blubaugh in foul territory.","R","R","R","LAA","HOU","X",1,"popup",0,0,2025,"-0.94","1.41",-0.9187840100442289,2.8304976717559263,,695681,672724,0,2,"Bot",138.57,195.36,,,,,5.586201734309821,-136.21327685342735,-5.5534059160227836,-12.955065559263643,31.332074015888004,-13.664000301310153,3.66,1.75,37,"63.5",81,"94.2",2287,"6.7",776155,673237,572233,514888,621043,643289,666211,805904,660821,"53.78",0.008,0.008,"0",1,0,0,3,16,1,"4-Seam Fastball",0,2,0,2,2,0,0,2,"Strategic","Standard",216,"-0.058","-0.263","70.0","7.5",,0.01,"0.263","88.0",-2,-2,0.445,0.445,24,21,25,21,1,0,6,1,,1,"1.21","0.94","0.94","44.2",9.642809613820814,-5.776481814228266,41.712152107878005,22.252211291722833,29.14031312555374
"FC","2025-09-27","83.6","-1.72","5.32","Guzman, Denzer",694203,641585,"strikeout","swinging_strike",,,,,5,"Denzer Guzman strikes out swinging.","R","R","R","LAA","HOU","S",2,,3,2,2025,"1.08","0.08",0.2035223832032561,2.6649516110205065,,,,0,7,"Bot",,,,,,,2.324480926301507,-121.74820340970189,0.13154541514975482,10.26916676152068,23.42682443870425,-31.606454841964013,3.66,1.75,,,,"83.7",2905,"6.3",776155,673237,572233,694728,602104,643289,666211,805904,660821,"54.23",,0,"0",1,0,0,,52,6,"Cutter",1,5,1,5,5,1,1,5,"Infield shade","Standard",72,"-0.023","-0.345","73.5","7.9","0.554478372",,"0.345",,-4,-4,0.076,0.076,30,21,30,21,1,2,13,1,,1,"3.17","-1.08","-1.08","38.9",10.792580349566673,-7.576089154978584,36.64397388717755,34.04275550678744,30.81637396714679
"FF","2025-09-27","91.6","-1.78","5.3","Guzman, Denzer",694203,641585,,"swinging_strike",,,,,9,,"R","R","R","LAA","HOU","S",,,3,1,2025,"0.14","0.9",0.38882988745869207,2.1227933398058774,,,,0,7,"Bot",,,,,,,5.183678629225215,-133.31020544535764,-4.140718842808144,0.622406989196757,26.786242565954662,-20.741406023819142,3.66,1.75,,,,"91.8",2410,"6.2",776155,673237,572233,694728,602104,643289,666211,805904,660821,"54.25",,,,,,,,52,5,"4-Seam Fastball",1,5,1,5,5,1,1,5,"Infield shade","Standard",210,"-0.009","-0.094","73.9","8.4","1.032477336",,"0.094",,-4,-4,0.085,0.085,30,21,30,21,1,2,13,1,,1,"1.8","-0.14","-0.14","36.3",10.085924137042962,-5.288633945409265,38.899425976788436,37.08581956286801,26.11924970271116
"CU","2025-09-27","77.1","-1.48","5.32","Guzman, Denzer",694203,641585,,"ball",,,,,14,,"R","R","R","LAA","HOU","B",,,2,1,2025,"0.85","-1.44",0.8478319679405447,0.7283635028902307,,,,0,7,"Bot",,,,,,,3.404434295856156,-112.17707279717386,-0.05403705538246606,6.410289355449127,23.531767547538262,-44.40779313500929,3.58790469775646,1.74181897381542,,,,"76.9",2644,"6.5",776155,673237,572233,694728,602104,643289,666211,805904,660821,"53.97",,,,,,,,52,4,"Curveball",1,5,1,5,5,1,1,5,"Standard","Standard",31,"0.011","0.134",,,,,"-0.134",,-4,-4,0.074,0.074,30,21,30,21,1,2,13,1,,1,"5.32","-0.85","-0.85","45.5",,,,,
"FC","2025-09-27","84.9","-1.84","5.38","Guzman, Denzer",694203,641585,,"ball",,,,,11,,"R","R","R","LAA","HOU","B",,,1,1,2025,"0.78","0.18",-0.011539886004232947,4.793095801551643,,,,0,7,"Bot",,,,,,,2.707434435212698,-123.55935947723354,4.52188508190471,7.549427992419981,22.523348815436798,-31.334110148727035,3.6462324378746,1.77138840242189,,,,"85",2826,"6.2",776155,673237,572233,694728,602104,643289,666211,805904,660821,"54.34",,,,,,,,52,3,"Cutter",1,5,1,5,5,1,1,5,"Standard","Standard",99,"0.004","0.055",,,,,"-0.055",,-4,-4,0.07,0.07,30,21,30,21,1,2,13,1,,1,"2.96","-0.78","-0.78","40.7",,,,,
"FF","2025-09-27","92","-1.78","5.38","Guzman, Denzer",694203,641585,,"ball",,,,,14,,"R","R","R","LAA","HOU","B",,,0,1,2025,"-0.36","1.13",1.1463145248693731,2.117256683703276,,,,0,7,"Bot",,,,,,,8.153400954853707,-133.7277898395031,-4.922886311641739,-5.931295466886259,26.780223682944165,-17.65981293733446,3.64701935252803,1.82987661397949,,,,"92",2338,"6.2",776155,673237,572233,694728,602104,643289,666211,805904,660821,"54.33",,,,,,,,52,2,"4-Seam Fastball",1,5,1,5,5,1,1,5,"Standard","Standard",216,"0.002","0.031",,,,,"-0.031",,-4,-4,0.068,0.068,30,21,30,21,1,2,13,1,,1,"1.55","0.36","0.36","39.3",,,,,
"FC","2025-09-27","85.2","-1.91","5.41","Guzman, Denzer",694203,641585,,"called_strike",,,,,3,,"R","R","R","LAA","HOU","S",,,0,0,2025,"0.85","0.16",0.44482255120253256,3.309104117635547,,,,0,7,"Bot",,,,,,,3.827598356998537,-124.09909583934886,0.9914200733406633,8.096129728898402,22.944501492930222,-30.892060603012972,3.67455161582187,1.77083422916309,,,,"85.4",2830,"6.2",776155,673237,572233,694728,602104,643289,666211,805904,660821,"54.27",,,,,,,,52,1,"Cutter",1,5,1,5,5,1,1,5,"Standard","Standard",96,"-0.003","-0.039",,,,,"0.039",,-4,-4,0.071,0.071,30,21,30,21,1,2,13,1,,1,"2.95","-0.85","-0.85","38.0",,,,,
"FF","2025-09-27","95.3","-2.2","5.15","Guzman, Denzer",694203,660853,"strikeout","swinging_strike",,,,,2,"Denzer Guzman strikes out swinging.","R","R","R","LAA","HOU","S",2,,1,2,2025,"-0.88","0.96",0.006456435721347131,3.171661352127531,,,,0,5,"Bot",,,,,,,7.763407473800747,-138.693572846884,-1.744726912638468,-13.047156902357223,30.09242810377152,-19.514576877778946,3.66,1.75,,,,"95.5",2190,"6.3",776155,673237,572233,694728,602104,643289,666211,805904,660821,"54.19",,0,"0",1,0,0,,37,4,"4-Seam Fastball",0,5,0,5,5,0,0,5,"Standard","Standard",228,"-0.01","-0.189","68.7","6.7","0.598145376",,"0.189",,-5,-5,0.071,0.071,29,21,30,21,1,1,2,1,,1,"1.54","0.88","0.88","15.0",-9.928309285193134,25.11665612295545,30.71458493551518,32.133910339178236,13.1622397898602
"FF","2025-09-27","94.7","-2.01","5.17","Guzman, Denzer",694203,660853,,"swinging_strike",,,,,6,,"R","R","R","LAA","HOU","S",,,1,1,2025,"-0.91","1.08",0.7882713643823239,2.593636891631386,,,,0,5,"Bot",,,,,,,9.342484996442696,-137.58409430823804,-3.461315203143738,-13.58814668208303,30.616714807106995,-17.84401836454117,3.66,1.75,,,,"94.9",2243,"6.5",776155,673237,572233,694728,602104,643289,666211,805904,660821,"53.97",,,,,,,,37,3,"4-Seam Fastball",0,5,0,5,5,0,0,5,"Standard","Standard",237,"-0.003","-0.061","70.9","8.1","0.697539516",,"0.061",,-5,-5,0.074,0.074,29,21,30,21,1,1,2,1,,1,"1.47","0.91","0.91","15.4",5.608134572594145,10.85655577864268,36.58012766721002,42.9371822307063,15.163653573349709
"SL","2025-09-27","86.7","-2.15","5.2","Guzman, Denzer",694203,660853,,"ball",,,,,14,,"R","R","R","LAA","HOU","B",,,0,1,2025,"-0.01","0.77",1.0991379831558068,2.0667122131342675,,,,0,5,"Bot",,,,,,,7.7849626566907775,-126.07561108904244,-2.8816803098891732,-1.6161747316462918,24.181917917740822,-23.56918979724928,3.63187394524194,1.76435504842546,,,,"86.9",2198,"6.3",776155,673237,572233,694728,602104,643289,666211,805904,660821,"54.2",,,,,,,,37,2,"Slider",0,5,0,5,5,0,0,5,"Standard","Standard",230,"0.001","0.031",,,,,"-0.031",,-5,-5,0.073,0.073,29,21,30,21,1,1,2,1,,1,"2.25","0.01","0.01","19.1",,,,,
"FF","2025-09-27","95.1","-2.08","5.23","Guzman, Denzer",694203,660853,,"called_strike",,,,,5,,"R","R","R","LAA","HOU","S",,,0,0,2025,"-1.08","0.74",-0.06098477050166751,2.37052414985277,,,,0,5,"Bot",,,,,,,7.704186948114677,-138.23719023458438,-3.49468590626084,-15.514824256044369,31.08880575973623,-22.12244163587416,3.63310775429602,1.78506933891419,,,,"95.1",2194,"6.3",776155,673237,572233,694728,602104,643289,666211,805904,660821,"54.16",,,,,,,,37,1,"4-Seam Fastball",0,5,0,5,5,0,0,5,"Standard","Standard",226,"-0.002","-0.039",,,,,"0.039",,-5,-5,0.075,0.075,29,21,30,21,1,1,2,1,,1,"1.79","1.08","1.08","19.2",,,,,
"CH","2025-09-26","78.8","-1.11","5.61","Guzman, Denzer",694203,669920,"double","hit_into_play",,,,,5,"Denzer Guzman doubles (1) on a sharp ground ball to left fielder Mauricio Dubón. Christian Moore scores.","R","R","R","LAA","HOU","X",7,"ground_ball",0,0,2025,"-1.38","0.14",0.16558243054329824,2.7331722099917113,,695681,,1,5,"Bot",36.13,112.07,,,,,5.374649039046946,-114.69309057475104,0.30521029447797154,-13.172024875355033,21.214950011038297,-31.205705343210923,3.66,1.74,108,"100.7",6,"79.3",1636,"6.6",776169,673237,572233,514888,602104,621043,643289,805904,701358,"53.9",0.623,0.593,"1.25",1,1,1,4,39,1,"Changeup",1,3,1,3,3,2,2,3,"Standard","Standard",269,"0.131","0.815","74.7","8.5",,0.728,"-0.815","100.7",-2,-2,0.314,0.314,32,21,32,21,2,1,5,1,,1,"3.53","1.38","1.38","22.4",14.673902425547968,-16.995352205651177,30.77843689990793,35.05409942177167,39.25060766380166
"ST","2025-09-26","77.8","-1.69","5.44","Guzman, Denzer",694203,669920,"field_out","hit_into_play",,,,,9,"Denzer Guzman pops out to second baseman Jose Altuve.","R","R","R","LAA","HOU","X",4,"popup",0,1,2025,"1.36","-0.47",0.6001234973032685,1.8638975988251847,,,,1,3,"Bot",128.91,136.41,,,,,2.4247196783907565,-113.26467012186741,0.16794310437434912,11.152129930002749,22.78812836930443,-36.44540916036685,3.66,1.74,161,"70.3",60,"77.9",2670,"6.6",776169,673237,572233,514888,602104,621043,643289,805904,701358,"53.91",0.015,0.014,"0",1,0,0,3,19,2,"Sweeper",0,0,0,0,0,0,0,0,"Infield shade","Standard",70,"-0.015","-0.215","73.7","8.7",,0.016,"0.215","88.0",0,0,0.527,0.527,32,21,32,21,1,0,5,1,,1,"4.26","-1.36","-1.36","22.2",10.865172749649357,-22.33187199570155,37.58827979704912,40.1515848638475,39.844577599236146
"SI","2025-09-26","90.7","-1.34","5.52","Guzman, Denzer",694203,669920,,"called_strike",,,,,6,,"R","R","R","LAA","HOU","S",,,0,0,2025,"-1.49","0.11",0.6452464331532457,2.3346108240390624,,,,1,3,"Bot",,,,,,,8.153132983727016,-131.8280017994,-2.2597777210288683,-19.140151277103737,28.18894123737169,-30.648734407991665,3.66000137227424,1.69265802508688,,,,"90.8",2038,"6.4",776169,673237,572233,514888,602104,621043,643289,805904,701358,"54.1",,,,,,,,19,1,"Sinker",0,0,0,0,0,0,0,0,"Standard","Standard",224,"-0.003","-0.039",,,,,"0.039",,0,0,0.53,0.53,32,21,32,21,1,0,5,1,,1,"2.67","1.49","1.49","18.1",,,,,
"SI","2025-09-26","95.1","-1.99","5.58","Guzman, Denzer",694203,681151,"single","hit_into_play",,,,,5,"Denzer Guzman singles on a line drive to center fielder Zach Cole. Christian Moore out at 3rd on the throw, center fielder Zach Cole to third baseman Ramón Urías. Denzer Guzman to 2nd.","R","R","R","LAA","HOU","X",8,"line_drive",1,0,2025,"-1.42","0.7",0.044334547151034354,2.449693955870849,,,695681,1,7,"Bot",129.73,91.71,,,,,8.503765607328846,-138.14273381189548,-4.094304344346541,-20.07738283817608,31.6788063049929,-22.493309580577115,3.66,1.74,226,"77.8",20,"94.8",2388,"6.3",776169,673237,572233,514888,602104,621043,643289,805904,701358,"54.21",0.965,0.898,"0.9",1,1,0,4,55,2,"Sinker",2,3,2,3,3,2,2,3,"Infield shade","Standard",233,"-0.047","0.371","70.5","7.9",,1.051,"-0.371","88.0",-1,-1,0.378,0.378,28,21,28,21,1,2,3,1,2,1,"1.84","1.42","1.42","30.5",6.1941034303837075,3.1982707936855133,38.25385523209963,32.20125599535737,22.862674610945014
"FF","2025-09-26","95.1","-2","5.61","Guzman, Denzer",694203,681151,,"ball",,,,,14,,"R","R","R","LAA","HOU","B",,,0,0,2025,"-0.99","1.12",1.0124040744515599,1.5912601742808938,,,695681,1,7,"Bot",,,,,,,10.126691793855095,-137.8951321821682,-7.358340222904611,-14.985122593356559,32.28199523130409,-16.35971129103643,3.6600013380471,1.79359039332932,,,,"95",2357,"6.5",776169,673237,572233,514888,602104,621043,643289,805904,701358,"53.97",,,,,,,,55,1,"4-Seam Fastball",2,3,2,3,3,2,2,3,"Infield shade","Standard",233,"0.008","0.035",,,,,"-0.035",,-1,-1,0.37,0.37,28,21,28,21,1,2,3,1,2,1,"1.43","0.99","0.99","27.7",,,,,
"FF","2025-09-25","92.9","-2.79","5.74","Guzman, Denzer",694203,547179,"strikeout","foul_tip",,,,,1,"Denzer Guzman strikes out on a foul tip.","R","R","R","LAA","KC","S",2,,2,2,2025,"-1.14","1.31",-0.7033859185280353,3.647141886587154,,,,1,5,"Bot",,,,,,,7.742464377003191,-135.1454120370966,-2.4145970970539627,-15.663313790382757,28.995502524780772,-15.801113310946205,3.67,1.74,,,,"92",2395,"5.7",776178,695600,521692,686681,672580,677951,545341,573262,695506,"54.79",,0,"0",1,0,0,,38,5,"4-Seam Fastball",1,4,1,4,4,1,1,4,"Standard","Standard",230,"-0.014","-0.228","72.5","7.4",,,"0.228",,-3,-3,0.162,0.162,33,21,33,21,2,1,6,2,,1,"1.33","1.14","1.14","35.5",10.661518701641747,-5.8645459360353485,31.75920316462702,25.078665581578594,24.127088579459297
"ST","2025-09-25","80","-3.31","5.56","Guzman, Denzer",694203,547179,,"swinging_strike",,,,,14,,"R","R","R","LAA","KC","S",,,2,1,2025,"0.64","0.12",1.1647085706090192,2.3348719104535527,,,,1,5,"Bot",,,,,,,8.566284157561485,-116.23398274657974,-0.5804530893172446,4.069034239995806,22.952467644277306,-31.18787732224529,3.67,1.74,,,,"79",2418,"5.8",776178,695600,521692,686681,672580,677951,545341,573262,695506,"54.69",,,,,,,,38,4,"Sweeper",1,4,1,4,4,1,1,4,"Standard","Standard",46,"-0.006","-0.07","65.6","9.3","8.716516104",,"0.07",,-3,-3,0.168,0.168,33,21,33,21,2,1,6,2,,1,"3.47","-0.64","-0.64","30.3",23.905450966686143,-39.216763840460196,28.008345900994662,46.111494330315054,52.132691867657016
"CU","2025-09-25","80.9","-3.28","5.5","Guzman, Denzer",694203,547179,,"ball",,,,,13,,"R","R","R","LAA","KC","B",,,1,1,2025,"0.01","-0.94",-0.08626914032510709,1.2833398787411432,,,,1,5,"Bot",,,,,,,7.040769969908032,-117.68406060016252,-0.9621157255097759,-1.2435409904377546,22.053820523594872,-40.986851010726596,3.72264964411391,1.80541477126268,,,,"80.3",2482,"5.9",776178,695600,521692,686681,672580,677951,545341,573262,695506,"54.64",,,,,,,,38,3,"Curveball",1,4,1,4,4,1,1,4,"Standard","Standard",27,"0.004","0.055",,,,,"-0.055",,-3,-3,0.164,0.164,33,21,33,21,2,1,6,2,,1,"4.42","-0.01","-0.01","36.0",,,,,
"CU","2025-09-25","80.1","-3.58","5.5","Guzman, Denzer",694203,547179,,"ball",,,,,14,,"R","R","R","LAA","KC","B",,,0,1,2025,"0.66","-1.02",0.5309937334514152,1.4069956338266665,,,,1,5,"Bot",,,,,,,7.749428597912952,-116.42642098877047,-0.35680903465357283,4.446894496548935,23.102366650298414,-41.58328003203998,3.734799430814,1.84837649675323,,,,"79.2",2583,"5.8",776178,695600,521692,686681,672580,677951,545341,573262,695506,"54.66",,,,,,,,38,2,"Curveball",1,4,1,4,4,1,1,4,"Standard","Standard",34,"0.002","0.029",,,,,"-0.029",,-3,-3,0.162,0.162,33,21,33,21,2,1,6,2,,1,"4.6","-0.66","-0.66","29.0",,,,,
"ST","2025-09-25","81.2","-3.4","5.49","Guzman, Denzer",694203,547179,,"swinging_strike",,,,,6,,"R","R","R","LAA","KC","S",,,0,0,2025,"0.1","0.54",0.6493784952018052,2.359057623078995,,,,1,5,"Bot",,,,,,,8.771366061698929,-117.9379034921811,-1.3574458215152974,-0.8609140247486098,23.730873454113834,-27.06580843221569,3.67,1.74,,,,"80.2",2432,"5.8",776178,695600,521692,686681,672580,677951,545341,573262,695506,"54.69",,,,,,,,38,1,"Sweeper",1,4,1,4,4,1,1,4,"Standard","Standard",50,"-0.003","-0.039","76.1","9.0","10.793836644",,"0.039",,-3,-3,0.165,0.165,33,21,33,21,2,1,6,2,,1,"2.94","-0.1","-0.1","34.9",27.617861176058813,-45.23426594518376,30.62723774032514,39.66662216513719,60.443454468190154
"ST","2025-09-25","81.4","-3.08","5.59","Guzman, Denzer",694203,547179,"single","hit_into_play",,,,,6,"Denzer Guzman singles on a sharp ground ball to shortstop Bobby Witt Jr. Logan O'Hoppe to 3rd.","R","R","R","LAA","KC","X",6,"ground_ball",0,1,2025,"1.03","0",0.386290774264342,3.0630818587426614,,681351,,2,2,"Bot",109.66,148.7,,,,,5.74627107454973,-118.41041804023124,0.9572851540798895,8.491149524605792,24.046575038478053,-32.57134028967347,3.67,1.74,110,"106.2",5,"80.4",2694,"5.8",776178,695600,521692,686681,672580,677951,545341,573262,695506,"54.7",0.597,0.545,"0.9",1,1,0,4,16,2,"Sweeper",1,2,1,2,2,1,1,2,"Standard","Standard",54,"0.024","0.713",,,,0.661,"-0.713","106.2",-1,-1,0.419,0.419,33,21,33,21,1,0,6,2,,1,"3.46","-1.03","-1.03","29.6",,,,,
"ST","2025-09-25","80.3","-2.91","5.63","Guzman, Denzer",694203,547179,,"foul_tip",,,,,6,,"R","R","R","LAA","KC","S",,,0,0,2025,"0.81","0.19",0.4436737146593094,2.3881492527777772,,681351,,2,2,"Bot",,,,,,,5.858901042406378,-116.82558005660418,-0.8468767907950812,6.329832915956044,21.531826023529437,-30.502939819134113,3.67,1.74,,,,"80",2532,"6.1",776178,695600,521692,686681,672580,677951,545341,573262,695506,"54.44",,,,,,,,16,1,"Sweeper",1,2,1,2,2,1,1,2,"Standard","Standard",49,"-0.006","-0.04","69.7","8.7",,,"0.04",,-1,-1,0.425,0.425,33,21,33,21,1,0,6,2,,1,"3.34","-0.81","-0.81","31.3",16.211521048364368,-21.191416037577664,31.80242077850865,39.4757386535146,39.61124383073738
"FC","2025-09-25","88.3","-2.8","4.74","Guzman, Denzer",694203,670167,"field_out","hit_into_play",,,,,6,"Denzer Guzman flies out to right fielder Mike Yastrzemski.","R","R","R","LAA","KC","X",9,"fly_ball",1,2,2025,"0.2","0.18",0.631093707781668,2.390020103075089,,,,2,7,"Bot",199.11,125.46,,,,,7.962778739602437,-128.47608203468468,-0.013752866121850671,0.5678067499195284,26.453571304413167,-30.414640477705536,3.67,1.74,257,"88",48,"88.7",2375,"6.5",776178,695600,521692,686681,672580,677951,545341,670231,573262,"53.98",0.008,0.011,"0",1,0,0,3,53,4,"Cutter",2,4,2,4,4,2,2,4,"Standard","Standard",164,"-0.011","-0.182","72.9","8.1",,0.017,"0.182","88.0",-2,-2,0.149,0.149,31,21,31,21,1,2,2,2,2,1,"2.74","-0.2","-0.2","10.8",7.18567717365592,-4.054611706812697,35.25283216331439,38.94980538321174,28.8782260104253
"ST","2025-09-25","81.8","-3.1","4.36","Guzman, Denzer",694203,670167,,"foul",,,,,14,,"R","R","R","LAA","KC","S",,,1,1,2025,"1.3","0.33",1.0487817297029194,2.433551123548839,,,,2,7,"Bot",,,,,,,6.863975049462566,-118.92788397970591,1.7058064388883065,10.698173517353798,26.03249462537676,-29.73801105983113,3.67,1.74,126,"67.9",14,"81.5",2556,"6.5",776178,695600,521692,686681,672580,677951,545341,670231,573262,"54.03",,,,,,,,53,3,"Sweeper",2,4,2,4,4,2,2,4,"Standard","Standard",70,"-0.004","-0.062","74.2","8.5",,,"0.062","88.0",-2,-2,0.153,0.153,31,21,31,21,1,2,2,2,2,1,"3.13","-1.3","-1.3","5.5",10.51224213230003,-13.233596171516643,32.26398724829287,43.68697481557552,36.72217152203125
"FF","2025-09-25","92.6","-2.84","4.65","Guzman, Denzer",694203,670167,,"called_strike",,,,,6,,"R","R","R","LAA","KC","S",,,1,0,2025,"-1.2","0.82",0.6525703818953672,2.667703331081103,,,,2,7,"Bot",,,,,,,11.503979499049485,-134.30829389385252,-1.0029896518559995,-17.035424997724537,29.670655686976893,-22.281391764543105,3.66182557809616,1.78735898654547,,,,"92.3",2248,"6.4",776178,695600,521692,686681,672580,677951,545341,670231,573262,"54.14",,,,,,,,53,2,"4-Seam Fastball",2,4,2,4,4,2,2,4,"Standard","Standard",248,"-0.003","-0.054",,,,,"0.054",,-2,-2,0.156,0.156,31,21,31,21,1,2,2,2,2,1,"1.86","1.2","1.2","9.0",,,,,
"ST","2025-09-25","82.2","-2.84","4.49","Guzman, Denzer",694203,670167,,"ball",,,,,14,,"R","R","R","LAA","KC","B",,,0,0,2025,"1.36","0.09",1.2048549165840594,2.1428041171753383,,,,2,7,"Bot",,,,,,,6.518805382343328,-119.47089119500369,1.1880429126853684,11.40889255352969,27.011845823657186,-31.899932624031198,3.6958143178267,1.79084756827097,,,,"81.5",2626,"6.3",776178,695600,521692,686681,672580,677951,545341,670231,573262,"54.19",,,,,,,,53,1,"Sweeper",2,4,2,4,4,2,2,4,"Standard","Standard",65,"0.002","0.037",,,,,"-0.037",,-2,-2,0.154,0.154,31,21,31,21,1,2,2,2,2,1,"3.34","-1.36","-1.36","7.2",,,,,
"FF","2025-09-23","94.6","1.34","6.18","Guzman, Denzer",694203,666142,"strikeout","swinging_strike",,,,,11,"Denzer Guzman strikes out swinging.","R","R","L","LAA","KC","S",2,,3,2,2025,"1.08","1.27",-0.3235493277977366,3.7859712638222605,,,695681,1,5,"Bot",,,,,,,-6.724434390425355,-137.46236338011917,-3.308225898695338,15.27497213796788,33.8765175736963,-15.582385810604618,3.411,1.565,,,,"93.9",2565,"6.2",776207,521692,686469,624428,672580,677951,545341,686475,573262,"54.3",,0,"0",1,0,0,,41,6,"4-Seam Fastball",0,3,0,3,3,0,0,3,"Standard","Standard",137,"-0.042","-0.32","75.3","7.5","0.437175948",,"0.32",,-3,-3,0.203,0.203,27,21,28,21,2,1,6,2,5,2,"1.31","1.08","-1.08","37.6",12.918533724494011,-4.355055055854567,25.783173148224662,29.590281814597766,27.61399224101358
"FF","2025-09-23","93.7","1.09","6.04","Guzman, Denzer",694203,666142,,"ball",,,,,13,,"R","R","L","LAA","KC","B",,,2,2,2025,"1.09","1.48",-1.5159891219893713,1.17391107343171,,,695681,1,5,"Bot",,,,,,,-9.142527596566191,-135.8609920181079,-10.056919883394157,15.557806331622706,30.936987334908512,-11.661390103820617,3.62783115021618,1.6826689238561,,,,"93.5",2457,"6.4",776207,521692,686469,624428,672580,677951,545341,686475,573262,"54.07",,,,,,,,41,5,"4-Seam Fastball",0,3,0,3,3,0,0,3,"Standard","Standard",132,"0.013","0.098",,,,,"-0.098",,-3,-3,0.19,0.19,27,21,28,21,2,1,6,2,5,2,"1.14","1.09","-1.09","38.1",,,,,
"FF","2025-09-23","93.5","1.41","6.15","Guzman, Denzer",694203,666142,,"foul_tip",,,,,1,,"R","R","L","LAA","KC","S",,,2,1,2025,"1.13","1.53",-0.3921749291440979,2.983963083009776,,,695681,1,5,"Bot",,,,,,,-7.144085906778125,-135.93011311761012,-5.761024328186729,15.554775704760491,31.307070898412025,-12.139922608758313,3.411,1.565,,,,"93.5",2485,"6.4",776207,521692,686469,624428,672580,677951,545341,686475,573262,"54.05",,,,,,,,41,4,"4-Seam Fastball",0,3,0,3,3,0,0,3,"Standard","Standard",134,"-0.01","-0.075","76.2","7.9",,,"0.075",,-3,-3,0.2,0.2,27,21,28,21,2,1,6,2,5,2,"1.09","1.13","-1.13","39.1",15.23693138464531,-6.9139878172268565,33.700396873650234,28.591195951043993,33.15936640833647
"KC","2025-09-23","78.7","1.45","6.19","Guzman, Denzer",694203,666142,,"blocked_ball",,,,,13,,"R","R","L","LAA","KC","B",,,1,1,2025,"-0.78","-1.24",-0.5920479048397334,0.4919791683726942,,,695681,1,5,"Bot",,,,,,,-2.9608395716966966,-114.5272867594338,-3.1634148617913276,-6.250963328086335,23.31035143365648,-42.619065304640884,3.52137805823059,1.63348155987648,,,,"78.1",2739,"6.1",776207,521692,686469,624428,672580,677951,545341,686475,573262,"54.38",,,,,,,,41,3,"Knuckle Curve",0,3,0,3,3,0,0,3,"Standard","Standard",327,"0.007","0.063",,,,,"-0.063",,-3,-3,0.193,0.193,27,21,28,21,2,1,6,2,5,2,"4.95","-0.78","0.78","39.7",,,,,
"FF","2025-09-23","95.4","1.32","6.13","Guzman, Denzer",694203,666142,,"ball",,,,,13,,"R","R","L","LAA","KC","B",,,0,1,2025,"1.06","1.42",-0.8397994247082761,1.9279169857016962,,,695681,1,5,"Bot",,,,,,,-8.08339735144194,-138.48068182497113,-8.636482297125227,15.45227917592275,29.785253926670293,-12.12753962366572,3.5991392772475,1.68258377757964,,,,"95.7",2614,"6.5",776207,521692,686469,624428,672580,677951,545341,686475,573262,"54.01",,,,,,,,41,2,"4-Seam Fastball",0,3,0,3,3,0,0,3,"Standard","Standard",131,"0.003","0.019",,,,,"-0.019",,-3,-3,0.19,0.19,27,21,28,21,2,1,6,2,5,2,"1.09","1.06","-1.06","38.0",,,,,
"CH","2025-09-23","83","1.3","5.92","Guzman, Denzer",694203,666142,,"called_strike",,,,,4,,"R","R","L","LAA","KC","S",,,0,0,2025,"1.46","0.93",-0.5031610880897308,2.9355857621497665,,,695681,1,5,"Bot",,,,,,,-7.017785390936582,-120.69401705190101,-2.1968037084391403,15.624183295094957,22.42264051435075,-22.863981841090492,3.51845691811094,1.7163328845961,,,,"83.6",2037,"6.6",776207,521692,686469,624428,672580,677951,545341,686475,573262,"53.87",,,,,,,,41,1,"Changeup",0,3,0,3,3,0,0,3,"Standard","Standard",116,"-0.005","-0.04",,,,,"0.04",,-3,-3,0.195,0.195,27,21,28,21,2,1,6,2,5,2,"2.37","1.46","-1.46","35.5",,,,,
"FF","2025-09-23","95.9","1.23","6.12","Guzman, Denzer",694203,666142,"strikeout","called_strike",,,,,4,"Denzer Guzman called out on strikes.","R","R","L","LAA","KC","S",2,,0,2,2025,"1.18","1.47",-0.6132253147936022,2.6977114403794777,,,,0,3,"Bot",,,,,,,-7.50164378687108,-139.25804150027474,-6.723394691039291,17.006012739940008,32.60071381624285,-11.661363361051555,3.63489738819182,1.7551550786885,,,,"95.4",2567,"6.2",776207,521692,686469,624428,672580,677951,545341,686475,573262,"54.28",,0,"0",1,0,0,,23,3,"4-Seam Fastball",0,2,0,2,2,0,0,2,"Standard","Standard",130,"-0.016","-0.165",,,,,"0.165",,-2,-2,0.317,0.317,27,21,28,21,1,0,6,2,5,2,"1.02","1.18","-1.18","36.4",,,,,
"FF","2025-09-23","95.2","1.28","6.16","Guzman, Denzer",694203,666142,,"swinging_strike",,,,,2,,"R","R","L","LAA","KC","S",,,0,1,2025,"1.13","1.43",-0.19201228954377347,2.991869788119364,,,,0,3,"Bot",,,,,,,-6.415258932545458,-138.32880580696815,-5.836021504124315,16.02550631369868,32.865082615927825,-12.647297685915712,3.411,1.565,,,,"94.9",2563,"6.3",776207,521692,686469,624428,672580,677951,545341,686475,573262,"54.17",,,,,,,,23,2,"4-Seam Fastball",0,2,0,2,2,0,0,2,"Standard","Standard",132,"-0.007","-0.055","73.5","7.4","0.386705676",,"0.055",,-2,-2,0.324,0.324,27,21,28,21,1,0,6,2,5,2,"1.1","1.13","-1.13","38.5",8.833932790681382,2.8696349650057864,36.02978509359305,30.839619366488648,20.517794581244573
"FF","2025-09-23","93.2","1.3","6.16","Guzman, Denzer",694203,666142,,"swinging_strike",,,,,2,,"R","R","L","LAA","KC","S",,,0,0,2025,"1.12","1.46",0.09493655102698573,2.8439543910642984,,,,0,3,"Bot",,,,,,,-5.570667961869168,-135.51994928562448,-5.913789523510216,15.068796719193008,31.70522924837085,-13.10102066938873,3.411,1.565,,,,"93",2510,"6.4",776207,521692,686469,624428,672580,677951,545341,686475,573262,"54.11",,,,,,,,23,1,"4-Seam Fastball",0,2,0,2,2,0,0,2,"Standard","Standard",131,"-0.004","-0.039","69.2","7.5","0.225506244",,"0.039",,-2,-2,0.328,0.328,27,21,28,21,1,0,6,2,5,2,"1.18","1.12","-1.12","36.7",5.808434493061388,7.118621043440315,36.09314010730538,35.618786038282366,20.85434500885103
"CH","2025-09-23","91.2","-0.9","5.84","Guzman, Denzer",694203,664199,"strikeout","swinging_strike",,,,,13,"Denzer Guzman strikes out swinging.","R","R","R","LAA","KC","S",2,,1,2,2025,"-1.28","0.1",-0.23712551582009467,1.0523744244699706,,,,0,8,"Bot",,,,,,,4.395604458574406,-132.66975642398856,-6.33834624507583,-16.052606589982574,28.27834765104468,-29.87040726648324,3.411,1.565,,,,"90.9",1876,"6.1",776207,521692,686469,624428,672580,677951,545341,670231,573262,"54.36",,0,"0",1,0,0,,68,4,"Changeup",2,8,2,8,8,2,2,8,"Standard","Standard",243,"-0.003","-0.189","65.1","8.5","2.073307932",,"0.189",,-6,-6,0.009,0.009,32,21,32,21,1,2,3,2,3,2,"2.64","1.28","1.28","41.6",10.851053474562121,-7.461118818354241,45.124926363058194,29.95355886486638,27.112517860464237
"SI","2025-09-23","95.4","-0.46","6.28","Guzman, Denzer",694203,664199,,"foul",,,,,1,,"R","R","R","LAA","KC","S",,,1,1,2025,"-0.95","1.08",-0.2952915139182376,2.8408107530681144,,,,0,8,"Bot",,,,,,,2.554178344013188,-138.96258568669973,-5.87645155070354,-12.882944695431776,29.16942382822224,-17.02762809421043,3.411,1.565,16,"100.7",-9,"95.4",2220,"6.1",776207,521692,686469,624428,672580,677951,545341,670231,573262,"54.4",,,,,,,,68,3,"Sinker",2,8,2,8,8,2,2,8,"Standard","Standard",209,"-0.001","-0.061","76.3","8.2",,,"0.061","100.7",-6,-6,0.01,0.01,32,21,32,21,1,2,3,2,3,2,"1.4","0.95","0.95","52.6",12.029941931326272,-17.359380212499293,28.10232791622162,29.982617314507394,39.39801789325154
"SI","2025-09-23","96.2","-0.58","6.13","Guzman, Denzer",694203,664199,,"ball",,,,,13,,"R","R","R","LAA","KC","B",,,0,1,2025,"-1.15","0.89",-0.5836591891589769,0.5458668416889876,,,,0,8,"Bot",,,,,,,2.5674196114815797,-139.71812404760647,-11.1788705373448,-15.62119726308398,31.36034222776722,-18.150558010041063,3.5429818893647,1.68249767376881,,,,"95.8",2194,"6.1",776207,521692,686469,624428,672580,677951,545341,670231,573262,"54.36",,,,,,,,68,2,"Sinker",2,8,2,8,8,2,2,8,"Standard","Standard",211,"0.001","0.031",,,,,"-0.031",,-6,-6,0.009,0.009,32,21,32,21,1,2,3,2,3,2,"1.58","1.15","1.15","51.9",,,,,
"SL","2025-09-23","88.3","-0.58","6.24","Guzman, Denzer",694203,664199,,"called_strike",,,,,2,,"R","R","R","LAA","KC","S",,,0,0,2025,"0.28","0.26",0.17647417277769578,3.0389479975675093,,,,0,8,"Bot",,,,,,,1.2578171201953146,-128.69158637295638,-2.308213466034464,2.9297685859887803,25.13486479230386,-28.9892892450825,3.51878090396939,1.71548774286061,,,,"88.2",2269,"6",776207,521692,686469,624428,672580,677951,545341,670231,573262,"54.46",,,,,,,,68,1,"Slider",2,8,2,8,8,2,2,8,"Standard","Standard",163,"-0.001","-0.039",,,,,"0.039",,-6,-6,0.01,0.01,32,21,32,21,1,2,3,2,3,2,"2.64","-0.28","-0.28","50.5",,,,,
"FC","2025-09-21","88.8","2.64","5.61","Guzman, Denzer",694203,607536,"field_out","hit_into_play",,,,,13,"Denzer Guzman pops out softly to pitcher Kyle Freeland.","R","R","L","COL","LAA","X",1,"popup",2,2,2025,"0.08","0.81",-0.9609627886813447,2.3532159841342963,,,,0,5,"Top",123.79,178.6,,,,,-9.011312387029252,-129.19885727658547,-3.7159062964041123,2.5372418384050066,22.85461800135605,-22.515891655312974,3.411,1.565,61,"52.7",74,"89.6",2456,"6.4",776232,690924,688760,690022,691720,678662,687597,686668,666160,"54.05",0.005,0.005,"0",1,0,0,1,33,6,"Cutter",2,1,1,2,1,2,1,2,"Infield shade","Standard",134,"0.027","-0.232","59.1","7.7",,0.005,"0.232","88.0",1,-1,0.643,0.357,32,21,32,21,2,1,5,1,6,2,"2.05","0.08","-0.08","25.1",15.795889207246185,-14.533570817160046,43.33051766595086,19.154745508470988,31.633857215114755
"KC","2025-09-21","83.3","2.65","5.7","Guzman, Denzer",694203,607536,,"ball",,,,,14,,"R","R","L","COL","LAA","B",,,1,2,2025,"0.06","-0.38",0.02775166201027718,0.17759968042827223,,,,0,5,"Top",,,,,,,-6.179956250691419,-121.37774762661688,-5.6795106623863605,1.5230976881073963,18.215173768383455,-35.27828963311451,3.52672585570283,1.75395509949691,,,,"84.6",2508,"6.5",776232,690924,688760,690022,691720,678662,687597,686668,666160,"53.98",,,,,,,,33,5,"Knuckle Curve",2,1,1,2,1,2,1,2,"Infield shade","Standard",333,"-0.005","0.043",,,,,"-0.043",,1,-1,0.648,0.352,32,21,32,21,2,1,5,1,6,2,"3.59","0.06","-0.06","29.3",,,,,
"FC","2025-09-21","87.7","2.72","5.62","Guzman, Denzer",694203,607536,,"foul",,,,,7,,"R","R","L","COL","LAA","S",,,1,2,2025,"0.25","0.38",-0.5669008633213763,2.134946962839903,,,,0,5,"Top",,,,,,,-8.488322368449063,-127.59348129521695,-3.2231306261336448,4.075071429887812,20.289446817699744,-27.570047122242045,3.411,1.565,216,"75.8",61,"88.9",2463,"6.5",776232,690924,688760,690022,691720,678662,687597,686668,666160,"53.97",,,,,,,,33,4,"Cutter",2,1,1,2,1,2,1,2,"Standard","Standard",140,"0","0","73.8","8.6",,,"0","88.0",1,-1,0.648,0.352,32,21,32,21,2,1,5,1,6,2,"2.53","0.25","-0.25","24.5",20.22185564760324,-27.270545938263997,42.97502709745669,24.54582054089748,42.77370465816873
"KC","2025-09-21","83.1","2.64","5.69","Guzman, Denzer",694203,607536,,"ball",,,,,13,,"R","R","L","COL","LAA","B",,,0,2,2025,"-0.17","-0.36",-0.33959719541462785,0.94142985396511,,,,0,5,"Top",,,,,,,-6.512896791887213,-121.11426257858642,-3.8888503443052125,-0.7141288962415435,18.29265160704695,-35.29497623320412,3.56772288222415,1.75802203791454,,,,"84.2",2425,"6.5",776232,690924,688760,690022,691720,678662,687597,686668,666160,"54.05",,,,,,,,33,3,"Knuckle Curve",2,1,1,2,1,2,1,2,"Standard","Standard",320,"-0.003","0.024",,,,,"-0.024",,1,-1,0.651,0.349,32,21,32,21,2,1,5,1,6,2,"3.59","-0.17","0.17","25.7",,,,,
"ST","2025-09-21","82.6","2.77","5.62","Guzman, Denzer",694203,607536,,"foul",,,,,4,,"R","R","L","COL","LAA","S",,,0,1,2025,"-0.84","-0.47",-0.3649366339207707,2.2962675745967913,,,,0,5,"Top",,,,,,,-5.526596104630139,-120.28747942292637,-0.199152622094263,-7.140769720029836,21.998309270712475,-36.94235948915794,3.411,1.565,229,"103.5",13,"82.9",2346,"6.3",776232,690924,688760,690022,691720,678662,687597,686668,666160,"54.16",,,,,,,,33,2,"Sweeper",2,1,1,2,1,2,1,2,"Standard","Standard",321,"0.008","-0.055","75.3","8.3",,,"0.055","103.5",1,-1,0.643,0.357,32,21,32,21,2,1,5,1,6,2,"3.79","-0.84","0.84","24.1",19.007001978701947,-19.969775425125686,36.50983857662974,28.77761439015464,42.629370323071086
"FC","2025-09-21","85.5","2.67","5.78","Guzman, Denzer",694203,607536,,"called_strike",,,,,2,,"R","R","L","COL","LAA","S",,,0,0,2025,"-0.03","0.39",-0.15316106377655325,3.047972243152129,,,,0,5,"Top",,,,,,,-6.609790668721352,-124.5595229012416,-1.0309102983324934,0.7556475547863719,21.136796224139122,-28.109356257654504,3.56213117669885,1.75233900875127,,,,"86.4",2326,"6.4",776232,690924,688760,690022,691720,678662,687597,686668,666160,"54.07",,,,,,,,33,1,"Cutter",2,1,1,2,1,2,1,2,"Standard","Standard",142,"0.005","-0.039",,,,,"0.039",,1,-1,0.638,0.362,32,21,32,21,2,1,5,1,6,2,"2.69","-0.03","0.03","24.7",,,,,
"ST","2025-09-21","84","2.86","5.6","Guzman, Denzer",694203,607536,"field_out","hit_into_play",,,,,6,"Denzer Guzman grounds out, shortstop Ezequiel Tovar to first baseman Blaine Crim.","R","R","L","COL","LAA","X",6,"ground_ball",0,1,2025,"-0.73","-0.37",0.4325610863435899,2.2040880455842693,,,,1,2,"Top",98.1,154.72,,,,,-4.162855001023442,-122.42729947726878,-0.8079346588236778,-6.683220014586593,22.17288977265544,-35.96747316883891,3.411,1.565,8,"99.1",-16,"84.4",1963,"6.3",776232,690924,688760,690022,691720,678662,687597,686668,666160,"54.21",0.166,0.153,"0",1,0,0,2,11,2,"Sweeper",0,1,1,0,1,0,1,0,"Standard","Standard",315,"0.013","-0.215","70.6","8.0",,0.188,"0.215","99.1",-1,1,0.42,0.5800000000000001,32,21,32,21,1,0,5,1,6,2,"3.57","-0.73","0.73","23.3",6.0728808804959815,-3.549686262114593,35.48081261226575,37.39894728882484,30.368617305369597
"FC","2025-09-21","85.7","2.69","5.72","Guzman, Denzer",694203,607536,,"foul",,,,,7,,"R","R","L","COL","LAA","S",,,0,0,2025,"0.01","0.43",-0.5420032543253052,1.8682039689119811,,,,1,2,"Top",,,,,,,-7.700211081128402,-124.8178224753295,-3.8303880619234896,1.3783118076698544,20.40874628317861,-27.168198441441792,3.411,1.565,305,"83.6",30,"86.7",2244,"6.5",776232,690924,688760,690022,691720,678662,687597,686668,666160,"54.02",,,,,,,,11,1,"Cutter",0,1,1,0,1,0,1,0,"Standard","Standard",141,"0.002","-0.039","83.6","8.6",,,"0.039","88.0",-1,1,0.418,0.5820000000000001,32,21,32,21,1,0,5,1,6,2,"2.62","0.01","-0.01","24.5",20.763963685620727,-26.06367138471333,41.01183509781957,28.04601748336136,44.59194638973663
"SL","2025-09-21","86.2","-2.46","5.13","Guzman, Denzer",694203,623474,"strikeout","swinging_strike",,,,,9,"Denzer Guzman strikes out swinging.","R","R","R","COL","LAA","S",2,,2,2,2025,"0.32","0.36",0.40475116652632237,1.996602784534255,,,,2,7,"Top",,,,,,,6.018676782787506,-125.61545264903556,-2.001354023529008,2.351609911215667,22.52758995762572,-28.19841445461209,3.411,1.565,,,,"84.8",2713,"5.1",776232,690924,688760,690022,691720,678662,687597,686668,666160,"55.45",,0,"0",1,0,0,,50,5,"Slider",2,1,1,2,1,2,1,2,"Standard","Standard",204,"0.018","-0.224","70.7","8.8","5.793761532",,"0.224",,1,-1,0.771,0.22899999999999998,31,21,32,21,1,2,2,1,2,2,"2.67","-0.32","-0.32","5.4",28.067659817101855,-31.853287655126177,37.09034687372048,34.90999719542815,50.7247654008392
"SL","2025-09-21","87.4","-2.06","5.16","Guzman, Denzer",694203,623474,,"ball",,,,,14,,"R","R","R","COL","LAA","B",,,1,2,2025,"0.16","0.3",3.14808091899217,1.0394248039677745,,,,2,7,"Top",,,,,,,11.889192115255899,-126.99620204361769,-4.431198322076017,-0.12622368379480428,19.650378395776627,-28.268285250438915,3.60862739698004,1.75404984856188,,,,"85.9",2720,"4.9",776232,690924,688760,690022,691720,678662,687597,686668,666160,"55.6",,,,,,,,50,4,"Slider",2,1,1,2,1,2,1,2,"Standard","Standard",219,"-0.003","0.042",,,,,"-0.042",,1,-1,0.774,0.22599999999999998,31,21,32,21,1,2,2,1,2,2,"2.63","-0.16","-0.16","7.8",,,,,
"SI","2025-09-21","91.7","-2.7","4.33","Guzman, Denzer",694203,623474,,"called_strike",,,,,3,,"R","R","R","COL","LAA","S",,,1,1,2025,"-1.2","-0.01",0.6043816405294604,3.2321719105770725,,,,2,7,"Top",,,,,,,10.626611348604875,-133.2272607348767,2.9328205278588513,-16.398946888147776,24.291880742812527,-33.09917276250348,3.61123912060947,1.83056440377311,,,,"89.8",2590,"4.9",776232,690924,688760,690022,691720,678662,687597,686668,666160,"55.64",,,,,,,,50,3,"Sinker",2,1,1,2,1,2,1,2,"Standard","Standard",261,"0.005","-0.062",,,,,"0.062",,1,-1,0.769,0.23099999999999998,31,21,32,21,1,2,2,1,2,2,"2.7","1.2","1.2","-12.1",,,,,
"FF","2025-09-21","93.7","-2.03","5.41","Guzman, Denzer",694203,623474,,"ball",,,,,11,,"R","R","R","COL","LAA","B",,,0,1,2025,"-1.05","0.62",-0.35943572109703614,3.8251113569827844,,,,2,7,"Top",,,,,,,6.456914496044726,-136.48061925133825,0.15686771432660818,-14.547964439550318,25.877251729015665,-24.56332026523631,3.59933040636268,1.7449029350982,,,,"91.9",2497,"4.9",776232,690924,688760,690022,691720,678662,687597,686668,666160,"55.64",,,,,,,,50,2,"4-Seam Fastball",2,1,1,2,1,2,1,2,"Standard","Standard",242,"-0.002","0.027",,,,,"-0.027",,1,-1,0.771,0.22899999999999998,31,21,32,21,1,2,2,1,2,2,"1.94","1.05","1.05","10.7",,,,,
"ST","2025-09-21","78","-2.41","5.13","Guzman, Denzer",694203,623474,,"called_strike",,,,,9,,"R","R","R","COL","LAA","S",,,0,0,2025,"1.1","-0.22",0.45310247960005634,1.881356275765853,,,,2,7,"Top",,,,,,,4.042890750444874,-113.75491816653782,0.15244145915406326,9.00149135728481,17.887682441695706,-34.333023348171395,3.62840543812421,1.81103345615126,,,,"76.6",3119,"4.8",776232,690924,688760,690022,691720,678662,687597,686668,666160,"55.66",,,,,,,,50,1,"Sweeper",2,1,1,2,1,2,1,2,"Standard","Standard",79,"0.003","-0.043",,,,,"0.043",,1,-1,0.768,0.23199999999999998,31,21,32,21,1,2,2,1,2,2,"3.91","-1.1","-1.1","4.6",,,,,
"KC","2025-09-20","85.6","-1.79","6.17","Guzman, Denzer",694203,608566,"field_out","hit_into_play",,,,,6,"Denzer Guzman flies out sharply to left fielder Jordan Beck.","R","R","R","COL","LAA","X",7,"fly_ball",0,2,2025,"0.31","0.01",0.5402834477624504,2.5345955707610983,,681351,,2,7,"Top",62.46,56.76,,,,,4.812672465112937,-124.84046449223699,-2.436694804287929,2.5389639059266633,20.5003534032152,-31.88345446159745,3.411,1.565,384,"101",33,"85.3",2753,"5.6",776241,696100,688760,671289,606115,678662,687597,686668,666160,"54.93",0.47,0.9344062500000002,"0",1,0,0,6,47,3,"Knuckle Curve",0,2,2,0,2,0,2,0,"Infield shade","Standard",20,"0.016","-0.193","75.1","8.3",,1.842,"0.193","101.0",-2,2,0.205,0.795,30,21,30,21,3,2,6,1,6,1,"3.05","-0.31","-0.31","42.8",12.646138516220182,-11.36663150343524,31.884884110825496,37.53297473351904,35.14124618707403
"SI","2025-09-20","93.4","-1.92","6.12","Guzman, Denzer",694203,608566,,"called_strike",,,,,6,,"R","R","R","COL","LAA","S",,,0,1,2025,"-1.09","0.73",0.6981040010478188,2.601338122632848,,681351,,2,7,"Top",,,,,,,8.985429069013048,-135.8193081681683,-4.9372643214004714,-15.295891483210182,24.901697832964807,-22.21285031317325,3.65462977779481,1.67427326843866,,,,"92.6",2127,"5.5",776241,696100,688760,671289,606115,678662,687597,686668,666160,"54.99",,,,,,,,47,2,"Sinker",0,2,2,0,2,0,2,0,"Infield shade","Standard",222,"0.006","-0.056",,,,,"0.056",,-2,2,0.199,0.8009999999999999,30,21,30,21,3,2,6,1,6,1,"1.85","1.09","1.09","42.6",,,,,
"KC","2025-09-20","85.6","-1.93","6.23","Guzman, Denzer",694203,608566,,"foul",,,,,6,,"R","R","R","COL","LAA","S",,,0,0,2025,"0","0.25",0.7423553571828885,2.326300594806403,,681351,,2,7,"Top",,,,,,,6.244640324167837,-124.67630577379211,-3.510792568349221,-1.1172418994427264,21.448581656888013,-29.077942303390174,3.411,1.565,179,"69.8",60,"85.2",2671,"5.6",776241,696100,688760,671289,606115,678662,687597,686668,666160,"54.85",,,,,,,,47,1,"Knuckle Curve",0,2,2,0,2,0,2,0,"Infield shade","Standard",300,"0.004","-0.04","76.3","8.5",,,"0.04","88.0",-2,2,0.195,0.8049999999999999,30,21,30,21,3,2,6,1,6,1,"2.82","0","0","40.6",12.873825319314106,-9.720188790471202,32.32523318578904,40.17412116157331,33.0256200163649
"SI","2025-09-20","93.3","-1.98","6.12","Guzman, Denzer",694203,608566,"field_out","hit_into_play",,,,,2,"Denzer Guzman grounds out, second baseman Tyler Freeman to first baseman Blaine Crim. Logan O'Hoppe to 2nd.","R","R","R","COL","LAA","X",4,"ground_ball",0,0,2025,"-1.06","0.79",-0.1732639980295818,2.8813353569304647,,,681351,1,5,"Top",121.92,150.67,,,,,6.879371777390165,-135.7949865519126,-4.359804741656232,-14.532647987248252,24.17577786682013,-21.632171923554612,3.411,1.565,12,"76.8",-12,"92.9",2151,"5.6",776241,696100,688760,671289,606115,678662,687597,686668,666160,"54.89",0.06,0.058,"0",1,0,0,2,31,1,"Sinker",0,1,1,0,1,0,1,0,"Standard","Standard",226,"0.018","-0.318","69.8","7.2",,0.061,"0.318","88.0",-1,1,0.36,0.64,30,21,30,21,2,1,6,1,6,1,"1.79","1.06","1.06","40.2",-7.313341668718089,8.707903706749349,31.85955168802179,31.207934897045504,21.750501233746846
"KC","2025-09-20","88.1","-1.84","6.24","Guzman, Denzer",694203,608566,"field_out","hit_into_play",,,,,8,"Denzer Guzman pops out to second baseman Tyler Freeman.","R","R","R","COL","LAA","X",4,"popup",0,2,2025,"-0.33","0.42",0.1709397456966129,1.5749393026602956,,,,0,3,"Top",138.64,158.27,,,,,5.467202155953756,-128.22556097593966,-6.09011482644027,-4.6713876953670495,23.814935635842637,-26.53825639066751,3.411,1.565,121,"77.1",68,"87.2",2580,"5.5",776241,696100,688760,671289,606115,678662,687597,686668,666160,"55.04",0.001,0,"0",1,0,0,3,15,3,"Knuckle Curve",0,1,1,0,1,0,1,0,"Standard","Standard",256,"0.013","-0.165","68.5","8.9",,0.001,"0.165","88.0",-1,1,0.397,0.603,30,21,30,21,1,0,6,1,6,1,"2.49","0.33","0.33","45.0",24.00612122843358,-15.719892882534532,44.40294718693455,32.84952772156837,38.0286101188329
"SI","2025-09-20","93.4","-2.04","6.16","Guzman, Denzer",694203,608566,,"foul",,,,,1,,"R","R","R","COL","LAA","S",,,0,1,2025,"-1.06","0.82",-0.2977344348520077,2.8893258232490626,,,,0,3,"Top",,,,,,,6.726587410220371,-136.027657944704,-4.511480885872226,-14.614662458081149,25.625604014020556,-21.140559866727955,3.411,1.565,212,"70.8",29,"92.8",2195,"5.6",776241,696100,688760,671289,606115,678662,687597,686668,666160,"54.95",,,,,,,,15,2,"Sinker",0,1,1,0,1,0,1,0,"Standard","Standard",222,"0.006","-0.055","71.6","7.1",,,"0.055","88.0",-1,1,0.391,0.609,30,21,30,21,1,0,6,1,6,1,"1.75","1.06","1.06","43.7",1.0845291484996167,3.794216218704561,35.35836701400664,27.406681562335052,21.001625940574137
"CH","2025-09-20","88.1","-1.5","5.81","Guzman, Denzer",694203,683409,"strikeout","swinging_strike",,,,,9,"Denzer Guzman strikes out swinging.","R","R","R","COL","LAA","S",2,,1,2,2025,"-0.93","0.73",0.30879907458745626,2.029086156937899,,695681,681351,0,9,"Top",,,,,,,6.306515269898956,-128.3321862787977,-4.711683314635167,-11.440249750460385,21.95627709327793,-23.319104449922776,3.411,1.565,,,,"88.6",1922,"6.1",776241,696100,688760,671289,606115,678662,687597,686668,666160,"54.35",,0,"0",1,0,0,,62,4,"Changeup",0,3,3,0,3,0,3,0,"Infield shade","Standard",249,"0.005","-0.194","60.6","9.6","5.43364926",,"0.194",,-3,3,0.024,0.976,22,21,23,21,1,3,3,1,4,1,"2.16","0.93","0.93","35.9",30.69078140649833,-49.62319811721383,36.47251993190658,35.01057250490922,55.412314841605635
"SL","2025-09-20","90.4","-1.6","5.73","Guzman, Denzer",694203,683409,,"ball",,,,,14,,"R","R","R","COL","LAA","B",,,0,2,2025,"0.22","0.19",0.4753389225366266,1.3278511959202426,,695681,681351,0,9,"Top",,,,,,,4.715197993900775,-131.6890955809512,-5.555022807080876,1.7961127229201732,21.981866024182544,-29.208396129816908,3.76500910199029,1.68648911565703,,,,"91.1",2258,"6.2",776241,696100,688760,671289,606115,678662,687597,686668,666160,"54.3",,,,,,,,62,3,"Slider",0,3,3,0,3,0,3,0,"Standard","Standard",214,"-0.001","0.015",,,,,"-0.015",,-3,3,0.025,0.975,22,21,23,21,1,3,3,1,4,1,"2.55","-0.22","-0.22","35.2",,,,,
"FF","2025-09-20","92","-2.17","6.17","Guzman, Denzer",694203,608566,,"called_strike",,,,,9,,"R","R","R","COL","LAA","S",,,0,0,2025,"-0.68","1.11",0.6201471478563305,2.0118682708681703,,,,0,3,"Top",,,,,,,8.444962913373118,-133.75937043359664,-7.104122789305443,-9.843077755780964,24.512954790878116,-17.476820927520397,3.61225293756942,1.71329896326156,,,,"91.4",2140,"5.6",776241,696100,688760,671289,606115,678662,687597,686668,666160,"54.88",,,,,,,,15,1,"4-Seam Fastball",0,1,1,0,1,0,1,0,"Standard","Standard",223,"0.003","-0.039",,,,,"0.039",,-1,1,0.388,0.612,30,21,30,21,1,0,6,1,6,1,"1.55","0.68","0.68","46.5",,,,,
"SL","2025-09-20","90.9","-1.63","5.78","Guzman, Denzer",694203,683409,,"swinging_strike",,,,,14,,"R","R","R","COL","LAA","S",,,0,1,2025,"0.2","0.63",1.1026030545356424,2.0028169898649875,,695681,681351,0,9,"Top",,,,,,,6.42059423547868,-132.314228574449,-5.010768622480776,1.2524050342929804,22.844231504884203,-23.961799721809427,3.411,1.565,,,,"91.6",2144,"6.3",776241,696100,688760,671289,606115,678662,687597,686668,666160,"54.24",,,,,,,,62,2,"Slider",0,3,3,0,3,0,3,0,"Standard","Standard",224,"0.002","-0.053","62.6","8.9","1.343082492",,"0.053",,-3,3,0.023,0.977,22,21,23,21,1,3,3,1,4,1,"2.09","-0.2","-0.2","36.7",18.701094684222536,-28.171493641405316,32.63890953640179,45.17449985137454,39.92672002337458
"FF","2025-09-20","98.5","-1.46","5.77","Guzman, Denzer",694203,683409,,"foul",,,,,9,,"R","R","R","COL","LAA","S",,,0,0,2025,"-0.93","0.6",0.7686549976860618,1.989140666805462,,695681,681351,0,9,"Top",,,,,,,8.190662829782072,-143.18689987453047,-6.2428381215831275,-14.579723641591652,29.658941122915973,-22.759787700020556,3.411,1.565,212,"79.2",23,"98.9",2294,"6.3",776241,696100,688760,671289,606115,678662,687597,686668,666160,"54.19",,,,,,,,62,1,"4-Seam Fastball",0,3,3,0,3,0,3,0,"Strategic","Standard",233,"0.001","-0.053","67.6","7.7",,,"0.053","88.0",-3,3,0.022,0.978,22,21,23,21,1,3,3,1,4,1,"1.74","0.93","0.93","35.6",-7.333009846556123,11.293029538162052,37.12796110743876,42.53322551766191,13.007981948944515
"FC","2025-09-19","90.6","-1.63","6.18","Guzman, Denzer",694203,687134,"walk","blocked_ball",,,,,14,"Denzer Guzman walks.","R","R","R","COL","LAA","B",,,3,2,2025,"0.37","0.58",1.1943013416343256,0.745341294412857,,,,0,5,"Top",,,,,,,6.3082389681213495,-131.85909979396365,-9.072449709596468,3.285844144980233,21.856477233741476,-23.90841212496805,3.7704731846437,1.83237292059277,,,,"92",2539,"6.6",776253,696100,688760,690022,691720,678662,666160,686668,671289,"53.88",,0.691497,"0.7",1,0,0,,35,7,"Cutter",3,3,3,3,3,3,3,3,"Infield shade","Standard",161,"-0.041","0.356",,,,,"-0.356",,0,0,0.493,0.507,24,21,25,21,2,1,6,1,6,1,"2.15","-0.37","-0.37","64.5",,,,,
"SL","2025-09-19","84.3","-1.89","6.18","Guzman, Denzer",694203,687134,,"ball",,,,,14,,"R","R","R","COL","LAA","B",,,2,2,2025,"0.36","-0.27",1.0641383794780743,2.1012026291475165,,,,0,5,"Top",,,,,,,6.186073393633472,-122.7910007652603,-2.7176834497766658,2.6959424645338035,19.55078004890716,-34.68615531781567,3.81895037521641,1.88093756423797,,,,"85.3",2586,"6.4",776253,696100,688760,690022,691720,678662,666160,686668,671289,"54.08",,,,,,,,35,6,"Slider",3,3,3,3,3,3,3,3,"Standard","Standard",70,"-0.011","0.112",,,,,"-0.112",,0,0,0.504,0.496,24,21,25,21,2,1,6,1,6,1,"3.42","-0.36","-0.36","59.7",,,,,
"FS","2025-09-19","87.9","-1.72","6.28","Guzman, Denzer",694203,687134,,"ball",,,,,13,,"R","R","R","COL","LAA","B",,,1,2,2025,"-0.53","0.33",-0.20552358600111964,1.180194677817882,,,,0,5,"Top",,,,,,,4.796426870615886,-127.95007994366495,-7.0813704753811155,-6.748769315265257,21.277045025528057,-27.42308950261871,3.82543161947288,1.92442202153076,,,,"88.9",1265,"6.5",776253,696100,688760,690022,691720,678662,666160,686668,671289,"54.03",,,,,,,,35,5,"Split-Finger",3,3,3,3,3,3,3,3,"Infield shade","Standard",210,"-0.005","0.043",,,,,"-0.043",,0,0,0.509,0.491,24,21,25,21,2,1,6,1,6,1,"2.57","0.53","0.53","59.0",,,,,
"FF","2025-09-19","95.3","-1.34","6.33","Guzman, Denzer",694203,687134,,"foul",,,,,3,,"R","R","R","COL","LAA","S",,,1,2,2025,"-0.21","1.26",0.5794963882219561,3.4028645845253145,,,,0,5,"Top",,,,,,,5.53356873264516,-138.85563874504416,-5.009786332523671,-3.8160070489567004,26.657209588977675,-14.837144293833001,3.411,1.565,,,,"96.4",2122,"6.5",776253,696100,688760,690022,691720,678662,666160,686668,671289,"53.97",,,,,,,,35,4,"4-Seam Fastball",3,3,3,3,3,3,3,3,"Infield shade","Standard",202,"0","0","70.8","7.0",,,"0",,0,0,0.509,0.491,24,21,25,21,2,1,6,1,6,1,"1.21","0.21","0.21","64.2",-4.109589264711978,19.02673082495863,29.99377060099317,40.213400338192514,10.752792007168354
"SL","2025-09-19","84.1","-1.84","6.15","Guzman, Denzer",694203,687134,,"foul",,,,,5,,"R","R","R","COL","LAA","S",,,1,1,2025,"0.25","-0.38",-0.14934327924711677,2.317305358873467,,,,0,5,"Top",,,,,,,3.428113084565533,-122.56768823718484,-1.8814240499312165,2.057678640157683,19.56790000113046,-35.97393645039983,3.411,1.565,,,,"85.2",2593,"6.5",776253,696100,688760,690022,691720,678662,666160,686668,671289,"54.03",,,,,,,,35,3,"Slider",3,3,3,3,3,3,3,3,"Infield shade","Standard",55,"0.008","-0.061","74.5","7.8",,,"0.061",,0,0,0.501,0.499,24,21,25,21,2,1,6,1,6,1,"3.55","-0.25","-0.25","59.8",1.8891392243397431,1.0149196743393971,38.500682443761114,32.45766888247379,24.166432408158027
"FC","2025-09-19","88","-1.75","6.23","Guzman, Denzer",694203,687134,,"called_strike",,,,,3,,"R","R","R","COL","LAA","S",,,1,0,2025,"0.56","0.36",0.5843440426404405,3.311097363902589,,,,0,5,"Top",,,,,,,4.524742248222369,-128.277130035192,-1.8316787835083947,5.4506193374449765,22.527616577553417,-28.007837140645442,3.71467425806512,1.85060420510561,,,,"89",2401,"6.5",776253,696100,688760,690022,691720,678662,666160,686668,671289,"54.04",,,,,,,,35,2,"Cutter",3,3,3,3,3,3,3,3,"Infield shade","Standard",160,"0.006","-0.05",,,,,"0.05",,0,0,0.495,0.505,24,21,25,21,2,1,6,1,6,1,"2.54","-0.56","-0.56","60.8",,,,,
"SL","2025-09-19","83.1","-1.83","6.26","Guzman, Denzer",694203,687134,,"ball",,,,,14,,"R","R","R","COL","LAA","B",,,0,0,2025,"0.38","-0.2",0.9426035118194476,2.0399089893888758,,,,0,5,"Top",,,,,,,5.665277770273625,-121.11567074962858,-2.9459440878131242,2.841162544587571,19.639202615213,-33.836891754036486,3.79502158782107,1.78182302337046,,,,"84.3",2456,"6.6",776253,696100,688760,690022,691720,678662,666160,686668,671289,"53.91",,,,,,,,35,1,"Slider",3,3,3,3,3,3,3,3,"Standard","Standard",83,"-0.005","0.041",,,,,"-0.041",,0,0,0.5,0.5,24,21,25,21,2,1,6,1,6,1,"3.44","-0.38","-0.38","59.6",,,,,
"FF","2025-09-19","93.4","-1.18","6.37","Guzman, Denzer",694203,687134,"home_run","hit_into_play",,,,,5,"Denzer Guzman homers (2) on a fly ball to left field.","R","R","R","COL","LAA","X",,"fly_ball",3,2,2025,"-0.09","1.35",0.21731541630498633,2.6616039322063525,,,,2,2,"Top",14.78,71.3,,,,,3.819583970737345,-136.04566157408817,-6.91767806018747,-1.8427816595753805,24.032190821498368,-14.100417647070012,3.411,1.565,415,"104.9",28,"94.7",1942,"6.5",776253,696100,688760,690022,691720,678662,666160,686668,671289,"53.97",0.768,1.5246037735849056,"2",1,0,3,6,13,6,"4-Seam Fastball",2,2,2,2,3,2,3,2,"Standard","Standard",189,"-0.105","2.528","71.6","8.3",,3.007,"-2.528","104.9",0,0,0.538,0.46199999999999997,24,21,25,21,1,0,6,1,6,1,"1.22","0.09","0.09","70.4",18.00673866891048,-13.011276290648304,33.70226155241265,34.92974014688937,35.85294410477198
"CU","2025-09-19","83.7","-1.45","6.32","Guzman, Denzer",694203,687134,,"ball",,,,,14,,"R","R","R","COL","LAA","B",,,2,2,2025,"-0.13","-0.55",0.5890358559214218,1.0765387019914114,,,,2,2,"Top",,,,,,,4.967281702284137,-121.90343271384508,-4.750161900707844,-2.0704489127396966,18.933797785870286,-37.140869981684126,3.77523931586912,1.8833927548821,,,,"84.7",2517,"6.5",776253,696100,688760,690022,691720,678662,666160,686668,671289,"54.04",,,,,,,,13,5,"Curveball",2,2,2,2,2,2,2,2,"Standard","Standard",18,"-0.004","0.104",,,,,"-0.104",,0,0,0.542,0.45799999999999996,24,21,25,21,1,0,6,1,6,1,"3.74","0.13","0.13","70.3",,,,,
"FF","2025-09-19","94.9","-1.14","6.42","Guzman, Denzer",694203,687134,,"foul",,,,,3,,"R","R","R","COL","LAA","S",,,2,1,2025,"-0.15","1.35",0.4411380937173226,2.9709692220455612,,,,2,2,"Top",,,,,,,4.5071155616071605,-138.25971510908198,-6.562915455430379,-2.7873334917139796,24.625456195325356,-13.563481566927189,3.411,1.565,228,"76.7",25,"96.6",2020,"6.7",776253,696100,688760,690022,691720,678662,666160,686668,671289,"53.78",,,,,,,,13,4,"4-Seam Fastball",2,2,2,2,2,2,2,2,"Standard","Standard",190,"0.003","-0.073","73.8","7.6",,,"0.073","88.0",0,0,0.539,0.46099999999999997,24,21,25,21,1,0,6,1,6,1,"1.13","0.15","0.15","69.6",-1.467246623085511,8.799893251217194,32.26912207625459,38.93873719855978,17.858350258075838
"FF","2025-09-19","95","-1.23","6.42","Guzman, Denzer",694203,687134,,"foul",,,,,3,,"R","R","R","COL","LAA","S",,,2,0,2025,"-0.25","1.17",0.43600755624678966,3.30125269682452,,,,2,2,"Top",,,,,,,4.939932939333159,-138.42554455610525,-5.281121789412869,-4.106208241866073,24.393611463421564,-16.15439972151826,3.411,1.565,157,"78.2",73,"96.4",2027,"6.5",776253,696100,688760,690022,691720,678662,666160,686668,671289,"53.96",,,,,,,,13,3,"4-Seam Fastball",2,2,2,2,2,2,2,2,"Standard","Standard",190,"0.003","-0.066","67.3","8.1",,,"0.066","88.0",0,0,0.536,0.46399999999999997,24,21,25,21,1,0,6,1,6,1,"1.31","0.25","0.25","68.3",5.3870962459749165,-4.692154919995317,27.442614772272332,38.97540828521636,27.146766318798555
"FF","2025-09-19","95.4","-1.27","6.39","Guzman, Denzer",694203,687134,,"ball",,,,,12,,"R","R","R","COL","LAA","B",,,1,0,2025,"-0.06","1.2",1.9278247996608366,3.415226532333934,,,,2,2,"Top",,,,,,,8.583988840071454,-138.77350621524062,-5.0100648401069945,-2.388634412927172,26.280202774785362,-15.662817282562964,3.76260546530564,1.90731502944315,,,,"96.5",2065,"6.6",776253,696100,688760,690022,691720,678662,666160,686668,671289,"53.89",,,,,,,,13,2,"4-Seam Fastball",2,2,2,2,2,2,2,2,"Infield shade","Standard",184,"-0.003","0.065",,,,,"-0.065",,0,0,0.539,0.46099999999999997,24,21,25,21,1,0,6,1,6,1,"1.27","0.06","0.06","67.8",,,,,
"SL","2025-09-19","86.7","-1.69","6.24","Guzman, Denzer",694203,687134,,"ball",,,,,14,,"R","R","R","COL","LAA","B",,,0,0,2025,"0.31","-0.03",1.118614841115171,2.109840412447046,,,,2,2,"Top",,,,,,,6.107001175210521,-126.36883454932101,-3.781064118714225,2.3867761446497813,20.449943438879714,-32.059680898409894,3.79786377646643,1.9046400772141,,,,"87.9",2537,"6.5",776253,696100,688760,690022,691720,678662,666160,686668,671289,"53.98",,,,,,,,13,1,"Slider",2,2,2,2,2,2,2,2,"Infield shade","Standard",82,"-0.001","0.037",,,,,"-0.037",,0,0,0.54,0.45999999999999996,24,21,25,21,1,0,6,1,6,1,"3","-0.31","-0.31","62.4",,,,,
"FF","2025-09-19","97.4","-1.71","5.73","Guzman, Denzer",694203,680767,"field_out","hit_into_play",,,,,6,"Denzer Guzman lines out sharply to center fielder Brenton Doyle.","R","R","R","COL","LAA","X",8,"line_drive",1,1,2025,"-0.46","1.15",0.6764316911275363,2.3235939112991453,,,672724,1,9,"Top",103.57,57.24,,,,,7.513315539283683,-141.64321803095922,-6.387050147230913,-7.778599073643011,28.185687043655236,-15.349710576854243,3.411,1.565,356,"100.3",17,"98.5",2376,"6.7",776253,696100,606115,690022,691720,678662,666160,686668,671289,"53.85",0.481,0.527,"0",1,0,0,4,71,3,"4-Seam Fastball",7,6,6,7,6,7,6,7,"Standard","Standard",208,"0.091","-0.235","69.6","8.4",,0.766,"0.235","100.3",1,-1,0.83,0.17000000000000004,25,21,26,21,1,3,3,1,2,1,"1.23","0.46","0.46","55.1",10.789463557802527,-4.941816881721047,31.813416287143223,41.41925818645041,27.255704029423008
"CH","2025-09-19","91.7","-1.91","5.45","Guzman, Denzer",694203,680767,,"ball",,,,,14,,"R","R","R","COL","LAA","B",,,0,1,2025,"-1.16","0.31",0.7930854646653138,1.2909153543530736,,,672724,1,9,"Top",,,,,,,9.417611177164538,-133.2681677095502,-5.460859611055038,-15.619879893290816,23.366423914884162,-27.601219699557255,3.76706556154668,1.7538050222177,,,,"93.1",2023,"6.8",776253,696100,606115,690022,691720,678662,666160,686668,671289,"53.69",,,,,,,,71,2,"Changeup",7,6,6,7,6,7,6,7,"Standard","Standard",234,"-0.009","0.019",,,,,"-0.019",,1,-1,0.839,0.16100000000000003,25,21,26,21,1,3,3,1,2,1,"2.37","1.16","1.16","43.6",,,,,
"FF","2025-09-19","97.6","-1.96","5.67","Guzman, Denzer",694203,680767,,"called_strike",,,,,9,,"R","R","R","COL","LAA","S",,,0,0,2025,"-0.27","1.17",0.6970369418587024,2.3696237921967196,,,672724,1,9,"Top",,,,,,,7.844904296252365,-142.01437527388885,-6.207656035334699,-5.279162604549164,28.05013706444141,-15.040872071079395,3.74531517641716,1.86898887683981,,,,"99.1",2308,"6.8",776253,696100,606115,690022,691720,678662,666160,686668,671289,"53.68",,,,,,,,71,1,"4-Seam Fastball",7,6,6,7,6,7,6,7,"Standard","Standard",215,"0.014","-0.04",,,,,"0.04",,1,-1,0.825,0.17500000000000004,25,21,26,21,1,3,3,1,2,1,"1.19","0.27","0.27","49.5",,,,,
"ST","2025-09-19","81.6","-1.19","6.13","Guzman, Denzer",694203,675848,"strikeout","called_strike",,,,,4,"Denzer Guzman called out on strikes.","R","R","R","COL","LAA","S",2,,1,2,2025,"1","-0.41",-0.6856088817899042,2.5659156211086196,,,,0,7,"Top",,,,,,,-0.7633026884380747,-119.04337592648798,-0.7680173408307078,9.684563590393791,20.146135452601207,-36.124964199590835,3.72475081089652,1.67167996454656,,,,"81.6",2745,"5.9",776253,696100,688760,690022,691720,678662,666160,686668,671289,"54.65",,0,"0",1,0,0,,56,4,"Sweeper",7,6,6,7,6,7,6,7,"Standard","Standard",56,"0.031","-0.189",,,,,"0.189",,1,-1,0.705,0.29500000000000004,24,21,25,21,1,2,2,1,2,1,"3.78","-1","-1","37.5",,,,,
"FF","2025-09-19","95.8","-1.06","6.09","Guzman, Denzer",694203,675848,,"foul",,,,,6,,"R","R","R","COL","LAA","S",,,1,1,2025,"-0.01","0.82",0.7170543983386156,2.308559768960294,,,,0,7,"Top",,,,,,,4.684545609734391,-139.5582153993617,-6.304308021836691,-0.9874922367475688,24.7197286313555,-20.332362356081617,3.411,1.565,235,"76.8",27,"96.1",2586,"5.9",776253,696100,688760,690022,691720,678662,666160,686668,671289,"54.57",,,,,,,,56,3,"4-Seam Fastball",7,6,6,7,6,7,6,7,"Standard","Standard",199,"0.011","-0.061","67.9","7.4",,,"0.061","88.0",1,-1,0.694,0.30600000000000005,24,21,25,21,1,2,2,1,2,1,"1.62","0.01","0.01","40.6",-11.063991618158651,17.458719320757893,35.45789949022015,42.74343317440228,9.891323481775213
"ST","2025-09-19","83.8","-1.11","5.97","Guzman, Denzer",694203,675848,,"ball",,,,,14,,"R","R","R","COL","LAA","B",,,0,1,2025,"1.18","-0.12",1.461283813560941,0.4006686734960305,,,,0,7,"Top",,,,,,,3.5898159479867418,-122.04862480737658,-6.223283861489717,11.16674918448697,23.154854759399935,-32.36384591490818,3.6678898652106,1.68965185224605,,,,"83.3",2984,"5.8",776253,696100,688760,690022,691720,678662,666160,686668,671289,"54.68",,,,,,,,56,2,"Sweeper",7,6,6,7,6,7,6,7,"Standard","Standard",57,"-0.005","0.031",,,,,"-0.031",,1,-1,0.699,0.30100000000000005,24,21,25,21,1,2,2,1,2,1,"3.35","-1.18","-1.18","34.0",,,,,
"FF","2025-09-19","94.4","-1.08","6.05","Guzman, Denzer",694203,675848,,"foul",,,,,6,,"R","R","R","COL","LAA","S",,,0,0,2025,"-0.02","0.66",0.38715337547126644,2.3349364891230207,,,,0,7,"Top",,,,,,,3.846706444286005,-137.59960372485622,-5.522287379938879,-1.0220936318415859,25.23393766993241,-22.858717638729477,3.411,1.565,237,"75.1",45,"94.7",2495,"6",776253,696100,688760,690022,691720,678662,666160,686668,671289,"54.49",,,,,,,,56,1,"4-Seam Fastball",7,6,6,7,6,7,6,7,"Standard","Standard",193,"0.007","-0.039","67.2","7.9",,,"0.039","88.0",1,-1,0.692,0.30800000000000005,24,21,25,21,1,2,2,1,2,1,"1.86","0.02","0.02","38.9",-1.934808235959075,3.638662470954652,38.12223292120103,39.625037477011745,18.748703721650422
"FC","2025-09-18","93","-1.96","5.95","Guzman, Denzer",694203,682990,"force_out","hit_into_play",,,,,3,"Denzer Guzman grounds into a force out, third baseman Caleb Durbin to second baseman Brice Turang. Christian Moore out at 2nd.","R","R","R","MIL","LAA","X",5,"ground_ball",2,0,2025,"0.04","1.01",0.8224788759753637,2.9866179368794725,,,695681,2,5,"Top",103.17,164.86,,,,,7.046551966725625,-135.26811685375458,-4.019535316856286,-1.1447038892198727,30.533261793939847,-19.05435042928428,3.411,1.565,36,"78.2",-2,"92.7",2390,"6.2",776274,661388,683734,668930,702332,687401,686555,663368,694192,"54.26",0.129,0.116,"0",1,0,0,2,35,3,"Cutter",1,2,2,1,2,1,2,1,"Strategic","Standard",206,"0.031","-0.353","68.5","8.6",,0.13,"0.353","88.0",-1,1,0.384,0.616,24,21,25,21,2,1,6,1,8,1,"1.63","-0.04","-0.04","45.2",19.05424535217112,-12.140742480475154,26.967885009588585,44.06479211734634,33.65246067907417
"SL","2025-09-18","86.9","-2.08","5.87","Guzman, Denzer",694203,682990,,"ball",,,,,11,,"R","R","R","MIL","LAA","B",,,1,0,2025,"0.16","0.28",-1.246713046746049,2.5645633316897727,,,695681,2,5,"Top",,,,,,,1.6621254912630334,-126.63103174761143,-2.4063389892597193,1.4847611755904526,22.949464782481304,-28.851164652234527,3.57143529229512,1.5216059868394,,,,"87.4",2361,"6.3",776274,661388,683734,668930,702332,687401,686555,663368,694192,"54.21",,,,,,,,35,2,"Slider",1,2,2,1,2,1,2,1,"Strategic","Standard",131,"-0.005","0.048",,,,,"-0.048",,-1,1,0.389,0.611,24,21,25,21,2,1,6,1,8,1,"2.7","-0.16","-0.16","45.7",,,,,
"FC","2025-09-18","93.6","-1.96","5.89","Guzman, Denzer",694203,682990,,"ball",,,,,12,,"R","R","R","MIL","LAA","B",,,0,0,2025,"0","0.92",1.3158159668829477,2.6998816278775792,,,695681,2,5,"Top",,,,,,,8.408756497903232,-136.12964192958458,-4.525506819880514,-1.7044678915576015,28.479227023206644,-19.9634814661007,3.55073640157075,1.5733819534662,,,,"93.5",2435,"6.2",776274,661388,683734,668930,702332,687401,686555,663368,694192,"54.33",,,,,,,,35,1,"Cutter",1,2,2,1,2,1,2,1,"Standard","Standard",205,"-0.002","0.035",,,,,"-0.035",,-1,1,0.391,0.609,24,21,25,21,2,1,6,1,8,1,"1.68","0","0","46.6",,,,,
"SL","2025-09-18","86.3","-1.93","5.96","Guzman, Denzer",694203,682990,"strikeout","called_strike",,,,,7,"Denzer Guzman called out on strikes.","R","R","R","MIL","LAA","S",2,,0,2,2025,"0.13","-0.02",-0.38140184323984466,1.8309035983197361,,,,2,3,"Top",,,,,,,3.4203841137143596,-125.68446160114462,-3.5921312637996294,0.7250033689512316,24.204048991141658,-31.907814531230773,3.62568214942019,1.6567309558839,,,,"86.6",2431,"6.3",776274,661388,683734,668930,702332,687401,686555,663368,694192,"54.2",,0,"0",1,0,0,,17,3,"Slider",0,0,0,0,0,0,0,0,"Strategic","Standard",103,"0.007","-0.16",,,,,"0.16",,0,0,0.548,0.45199999999999996,24,21,25,21,1,0,6,1,8,1,"3.06","-0.13","-0.13","47.0",,,,,
"SL","2025-09-18","88.2","-1.89","5.98","Guzman, Denzer",694203,682990,,"called_strike",,,,,14,,"R","R","R","MIL","LAA","S",,,0,1,2025,"0.15","-0.04",0.24087330899201076,1.463999772760011,,,,2,3,"Top",,,,,,,4.863860524906445,-128.40081312669054,-4.839417838495905,0.73164260860178,25.88855594718808,-31.840971481143537,3.61717433313999,1.64815793540188,,,,"88.5",2593,"6.4",776274,661388,683734,668930,702332,687401,686555,663368,694192,"54.13",,,,,,,,17,2,"Slider",0,0,0,0,0,0,0,0,"Strategic","Standard",123,"0.003","-0.057",,,,,"0.057",,0,0,0.545,0.45499999999999996,24,21,25,21,1,0,6,1,8,1,"2.96","-0.15","-0.15","45.9",,,,,
"SL","2025-09-18","88.6","-2.04","6.02","Guzman, Denzer",694203,682990,,"called_strike",,,,,13,,"R","R","R","MIL","LAA","S",,,0,0,2025,"0.23","0.02",-0.2062379209628481,1.3462774303017464,,,,2,3,"Top",,,,,,,4.024429526784456,-128.98226295790596,-5.4353207416715765,1.7306088356061924,25.91913534668567,-31.02528791568752,3.61336830618313,1.6628512654471,,,,"88.9",2470,"6.4",776274,661388,683734,668930,702332,687401,686555,663368,694192,"54.11",,,,,,,,17,1,"Slider",0,0,0,0,0,0,0,0,"Strategic","Standard",117,"0.002","-0.043",,,,,"0.043",,0,0,0.543,0.45699999999999996,24,21,25,21,1,0,6,1,8,1,"2.87","-0.23","-0.23","49.9",,,,,
"CU","2025-09-18","84.5","0.16","6.47","Guzman, Denzer",694203,676879,"strikeout","swinging_strike",,,,,8,"Denzer Guzman strikes out swinging. Sebastián Rivero to 2nd. Christian Moore steals (1) 3rd base. Sebastián Rivero steals (1) 2nd base.","R","R","L","MIL","LAA","S",2,,1,2,2025,"-0.69","-1.46",0.07484582380741256,1.5044101108254155,,695681,665861,1,7,"Top",,,,,,,1.142089137979182,-122.96935378924427,-2.2011966322660186,-7.180486202425992,27.643730651445296,-46.61514862141886,3.411,1.565,,,,"82.7",2804,"5.4",776274,661388,683734,668930,702332,687401,686555,663368,694192,"55.1",,0,"0",1,0,0,,54,4,"Curveball",2,2,2,2,2,2,2,2,"Standard","Standard",335,"0.03","-0.174","71.9","8.8","0.849115212",,"0.174",,0,0,0.458,0.542,27,21,27,21,1,2,4,1,2,1,"4.69","-0.69","0.69","53.2",16.37297098489187,-15.812213393671525,37.165915040477294,33.14901983009401,36.13273234674562
"FF","2025-09-18","98.1","1.7","6.13","Guzman, Denzer",694203,657649,"strikeout","swinging_strike",,,,,11,"Denzer Guzman strikes out swinging.","R","R","L","MIL","LAA","S",2,,0,2,2025,"0.31","1.36",-0.16311070923642157,3.9037445821579326,,695681,,1,9,"Top",,,,,,,-5.739957669348233,-142.7423969887984,-3.6635867616591087,5.604183839037756,33.20832298299075,-12.936674748852923,3.411,1.565,,,,"97.6",2457,"6.1",776274,661388,683734,668930,702332,687401,686555,663368,694192,"54.45",,0,"0",1,0,0,,73,3,"4-Seam Fastball",5,2,2,5,2,5,2,5,"Strategic","Standard",150,"0.017","-0.185","70.1","6.7","1.182416796",,"0.185",,3,-3,0.97,0.030000000000000027,31,21,31,21,1,3,4,1,2,1,"1.01","0.31","-0.31","36.3",0.7114677198070193,12.428079653580838,27.36178841903388,30.938912391923537,17.620512568193778
"SI","2025-09-18","97.7","0","6.5","Guzman, Denzer",694203,676879,,"foul",,,,,9,,"R","R","L","MIL","LAA","S",,,1,1,2025,"1.2","0.6",0.7223462751743965,1.5198041981567227,,695681,665861,1,7,"Top",,,,,,,-0.8024603629807565,-142.1418881513111,-9.166023761338161,16.478579371905518,31.224804609953672,-22.18491058104424,3.411,1.565,125,"79.9",10,"96.4",2079,"5.4",776274,661388,683734,668930,702332,687401,686555,663368,694192,"55.06",,,,,,,,54,3,"Sinker",2,2,2,2,2,2,2,2,"Standard","Standard",147,"0.018","-0.058","66.4","8.6",,,"0.058","88.0",0,0,0.44,0.56,27,21,27,21,1,2,4,1,2,1,"1.78","1.2","-1.2","50.8",9.38837375928014,-8.83817831480075,41.05646698450181,42.12060028263943,28.476350572113443
"SI","2025-09-18","98.5","0.02","6.51","Guzman, Denzer",694203,676879,,"swinging_strike",,,,,6,,"R","R","L","MIL","LAA","S",,,1,0,2025,"1.24","0.79",0.3687913435237604,2.3715324736386783,,695681,665861,1,7,"Top",,,,,,,-1.9041690989510833,-143.34307809166106,-7.534583357880833,17.564149298947562,32.1882495184263,-19.780942620302802,3.411,1.565,,,,"97.3",2215,"5.5",776274,661388,683734,668930,702332,687401,686555,663368,694192,"54.97",,,,,,,,54,2,"Sinker",2,2,2,2,2,2,2,2,"Standard","Standard",143,"0.013","-0.045","74.1","6.8","1.228069596",,"0.045",,0,0,0.427,0.573,27,21,27,21,1,2,4,1,2,1,"1.55","1.24","-1.24","54.2",-15.45889679579375,25.63929698257405,39.02356263098448,38.62395111020904,8.692062805381951
"SI","2025-09-18","97.8","1.78","6.04","Guzman, Denzer",694203,657649,,"swinging_strike",,,,,2,,"R","R","L","MIL","LAA","S",,,0,1,2025,"1.27","0.93",0.1714421618637647,3.51920127390495,,695681,,1,9,"Top",,,,,,,-7.238641145276389,-142.16325484465477,-3.401873814391588,18.856952073768902,33.774151533355614,-19.026516222736404,3.411,1.565,,,,"97.4",2248,"6.2",776274,661388,683734,668930,702332,687401,686555,663368,694192,"54.32",,,,,,,,73,2,"Sinker",5,2,2,5,2,5,2,5,"Standard","Standard",148,"0.007","-0.052","68.5","6.1","1.062807852",,"0.052",,3,-3,0.963,0.03700000000000003,31,21,31,21,1,3,4,1,2,1,"1.47","1.27","-1.27","35.2",-16.22378204513085,28.80516781225268,33.04817526210936,34.59556445745104,7.1643864188993
"SI","2025-09-18","94.6","1.76","6.2","Guzman, Denzer",694203,657649,,"foul_tip",,,,,12,,"R","R","L","MIL","LAA","S",,,0,0,2025,"1.19","0.85",0.9652538859284594,2.598261158870406,,695681,,1,9,"Top",,,,,,,-4.699295532211702,-137.56945650414374,-5.560127239419611,16.16441152108454,30.997285121528154,-20.375599391499104,3.411,1.565,,,,"94.2",2159,"6.1",776274,661388,683734,668930,702332,687401,686555,663368,694192,"54.35",,,,,,,,73,1,"Sinker",5,2,2,5,2,5,2,5,"Standard","Standard",147,"0.004","-0.038","72.5","7.9",,,"0.038",,3,-3,0.959,0.041000000000000036,31,21,31,21,1,3,4,1,2,1,"1.71","1.19","-1.19","37.5",-0.9717617782922702,6.500702709761979,33.989928562264865,45.51975551998126,15.044476302587594
"SI","2025-09-18","97.2","0.2","6.53","Guzman, Denzer",694203,676879,,"ball",,,,,7,,"R","R","L","MIL","LAA","B",,,0,0,2025,"1.34","0.67",-0.5628041444498055,1.5733868058080962,,695681,665861,1,7,"Top",,,,,,,-5.008677868637897,-141.30227709379508,-9.17856954285692,19.096787781759243,30.455893387154845,-21.284135992239587,3.58267640811702,1.64770762711185,,,,"95.9",2204,"5.5",776274,661388,683734,668930,702332,687401,686555,663368,694192,"55.03",,,,,,,,54,1,"Sinker",2,2,2,2,2,2,2,2,"Standard","Standard",142,"-0.009","0.031",,,,,"-0.031",,0,0,0.436,0.5640000000000001,27,21,27,21,1,2,4,1,2,1,"1.73","1.34","-1.34","49.1",,,,,
"FF","2025-09-17","93.5","-1.49","5.85","Guzman, Denzer",694203,605540,"strikeout","foul_tip",,,,,3,"Denzer Guzman strikes out on a foul tip.","R","R","R","MIL","LAA","S",2,,1,2,2025,"-0.36","1.49",0.35993126699992023,3.15600752902762,,,,0,5,"Top",,,,,,,5.587179045010861,-136.0105146305594,-4.468984306113349,-5.748092491115879,30.880268635314458,-12.925924035254646,3.411,1.565,,,,"93.5",2460,"6.4",776291,661388,641343,668930,702332,655316,694192,663368,686217,"54.08",,0,"0",1,0,0,,33,4,"4-Seam Fastball",5,1,1,5,1,5,1,5,"Standard","Standard",197,"0.013","-0.189","69.3","7.2",,,"0.189",,4,-4,0.901,0.09899999999999998,32,21,32,21,2,1,11,1,,1,"1.13","0.36","0.36","39.8",-1.376727544403282,15.280514218968243,29.20697319389607,35.33012017792153,18.946173124567338
"ST","2025-09-17","80","-1.71","5.78","Guzman, Denzer",694203,605540,,"ball",,,,,14,,"R","R","R","MIL","LAA","B",,,0,2,2025,"1","-0.31",0.5140548280128426,0.04858782356810831,,,,0,5,"Top",,,,,,,3.02574549435923,-116.33943954332976,-5.210495621953154,8.277130979511222,25.64113679361582,-34.07756646274469,3.60383885541003,1.69987905764548,,,,"79.5",2351,"6.4",776291,661388,641343,668930,702332,655316,694192,663368,686217,"54.11",,,,,,,,33,3,"Sweeper",5,1,1,5,1,5,1,5,"Standard","Standard",74,"-0.002","0.024",,,,,"-0.024",,4,-4,0.903,0.09699999999999998,32,21,32,21,2,1,11,1,,1,"3.93","-1","-1","35.5",,,,,
"FC","2025-09-17","89.7","-1.61","5.89","Guzman, Denzer",694203,605540,,"foul",,,,,3,,"R","R","R","MIL","LAA","S",,,0,1,2025,"0.28","1.07",0.8077312577582396,2.908075720300022,,,,0,5,"Top",,,,,,,5.404504239563564,-130.62650477450973,-3.6961337960971647,2.118131523238384,25.526072993383973,-19.293322251128004,3.411,1.565,237,"71.9",37,"90.2",2323,"6.4",776291,661388,641343,668930,702332,655316,694192,663368,686217,"54.14",,,,,,,,33,2,"Cutter",5,1,1,5,1,5,1,5,"Standard","Standard",197,"0.004","-0.055","72.2","7.9",,,"0.055","88.0",4,-4,0.899,0.10099999999999998,32,21,32,21,2,1,11,1,,1,"1.74","-0.28","-0.28","40.5",2.0740231651739247,-1.3211003609438188,27.665825249712316,42.324761568876674,27.371630316668604
"FC","2025-09-17","88.8","-1.55","5.96","Guzman, Denzer",694203,605540,,"foul",,,,,3,,"R","R","R","MIL","LAA","S",,,0,0,2025,"0.1","1.16",0.5205702352263852,3.0861725190916096,,,,0,5,"Top",,,,,,,4.865408828996114,-129.28848645881524,-3.4069490099697655,0.08558383858880025,26.66277105560774,-18.704532279966568,3.411,1.565,73,"70.5",85,"88.8",2345,"6.3",776291,661388,641343,668930,702332,655316,694192,663368,686217,"54.24",,,,,,,,33,1,"Cutter",5,1,1,5,1,5,1,5,"Standard","Standard",193,"0.003","-0.039","73.9","8.3",,,"0.039","88.0",4,-4,0.896,0.10399999999999998,32,21,32,21,2,1,11,1,,1,"1.73","-0.1","-0.1","44.2",13.039483345297716,-20.827235267560738,27.481997616983257,38.966766556520774,43.2973202987135
"FF","2025-09-17","93","-1.28","5.92","Guzman, Denzer",694203,605540,"strikeout","swinging_strike",,,,,3,"Denzer Guzman strikes out swinging.","R","R","R","MIL","LAA","S",2,,0,2,2025,"-0.16","1.61",0.7698301129798821,3.1336036813380153,666176,,672724,1,2,"Top",,,,,,,5.64319990192356,-135.28438111769088,-4.893304645125204,-3.2738201897693218,30.296086285372766,-11.57882199194066,3.411,1.565,,,,"93.4",2395,"6.6",776291,661388,641343,668930,702332,655316,694192,663368,686217,"53.92",,0,"0",1,0,0,,10,3,"4-Seam Fastball",0,0,0,0,0,0,0,0,"Standard","Standard",198,"0.042","-0.254","71.1","7.6","0.36573678",,"0.254",,0,0,0.458,0.542,32,21,32,21,1,0,11,1,,1,"1.04","0.16","0.16","43.2",5.644724504789261,9.064697584210515,29.77440696140144,41.763441130853444,15.480442612047057
"FC","2025-09-17","90","-1.45","5.85","Guzman, Denzer",694203,605540,,"swinging_strike",,,,,6,,"R","R","R","MIL","LAA","S",,,0,1,2025,"0.16","1",0.6091324736358218,2.54534691351899,666176,,672724,1,2,"Top",,,,,,,4.785755492490674,-130.9982242275842,-4.401684958154624,0.833679918771717,26.62360810647236,-19.873903326663555,3.411,1.565,,,,"90.5",2426,"6.5",776291,661388,641343,668930,702332,655316,694192,663368,686217,"54.01",,,,,,,,10,2,"Cutter",0,0,0,0,0,0,0,0,"Standard","Standard",188,"0.017","-0.073","68.2","8.5","1.380599964",,"0.073",,0,0,0.441,0.5589999999999999,32,21,32,21,1,0,11,1,,1,"1.8","-0.16","-0.16","41.5",15.68140130972729,-19.301371601147316,32.17848820035346,39.987867764542045,35.66548364162169
"SI","2025-09-17","92.1","-1.41","5.85","Guzman, Denzer",694203,605540,,"called_strike",,,,,8,,"R","R","R","MIL","LAA","S",,,0,0,2025,"-1.21","1.14",-0.016522452428597845,1.645074324793179,666176,,672724,1,2,"Top",,,,,,,6.200970428863516,-133.80216614835726,-7.310710201041302,-15.938074771528296,29.283592669458336,-17.11508601855994,3.64132792219016,1.72083908031689,,,,"92.4",2323,"6.6",776291,661388,641343,668930,702332,655316,694192,663368,686217,"53.93",,,,,,,,10,1,"Sinker",0,0,0,0,0,0,0,0,"Standard","Standard",203,"0.011","-0.041",,,,,"0.041",,0,0,0.43,0.5700000000000001,32,21,32,21,1,0,11,1,,1,"1.56","1.21","1.21","40.5",,,,,
"ST","2025-09-17","81.8","-1.69","5.53","Guzman, Denzer",694203,607200,"strikeout","called_strike",,,,,7,"Denzer Guzman called out on strikes.","R","R","R","MIL","LAA","S",2,,2,2,2025,"1.06","-0.26",-0.548417171455941,2.0176680479893347,,,,2,7,"Top",,,,,,,0.5264718817482952,-119.12630522850546,-0.8435810593029913,10.005904698245521,23.59408097443942,-34.71853461351175,3.61098233586061,1.70202191641036,,,,"82.4",2567,"6.7",776291,661388,641343,668930,702332,655316,694192,663368,686217,"53.76",,0,"0",1,0,0,,51,5,"Sweeper",6,2,2,6,2,6,2,6,"Strategic","Standard",71,"0.004","-0.224",,,,,"0.224",,4,-4,0.967,0.03300000000000003,32,21,32,21,1,2,4,1,4,1,"3.67","-1.06","-1.06","28.4",,,,,
"FC","2025-09-17","92.5","-1.29","5.67","Guzman, Denzer",694203,607200,,"foul",,,,,9,,"R","R","R","MIL","LAA","S",,,2,1,2025,"-0.07","0.7",0.6519128413261083,2.04814700353809,,,,2,7,"Top",,,,,,,5.1533674384026495,-134.62381125011277,-5.056751002492097,-1.865219324745463,26.557134447736825,-22.782390504509163,3.411,1.565,184,"64.9",33,"93.9",2259,"6.9",776291,661388,641343,668930,702332,655316,694192,663368,686217,"53.58",,,,,,,,51,4,"Cutter",6,2,2,6,2,6,2,6,"Strategic","Standard",187,"0.002","-0.073","76.1","8.0",,,"0.073","88.0",4,-4,0.965,0.03500000000000003,32,21,32,21,1,2,4,1,4,1,"1.94","0.07","0.07","35.1",4.452925336851278,-7.990468717074494,39.35489068730974,38.22509479570461,34.311317123228896
"FC","2025-09-17","91.6","-1.21","5.69","Guzman, Denzer",694203,607200,,"ball",,,,,14,,"R","R","R","MIL","LAA","B",,,1,1,2025,"0.05","0.49",0.9994490918577974,1.7716029572226395,,,,2,7,"Top",,,,,,,5.532887958525968,-133.29969532517896,-5.185683447327577,-0.4842463735743172,25.848361497018008,-25.44840504647545,3.62108571458555,1.74676805386898,,,,"93",2300,"6.9",776291,661388,641343,668930,702332,655316,694192,663368,686217,"53.62",,,,,,,,51,3,"Cutter",6,2,2,6,2,6,2,6,"Standard","Standard",186,"-0.001","0.053",,,,,"-0.053",,4,-4,0.966,0.03400000000000003,32,21,32,21,1,2,4,1,4,1,"2.2","-0.05","-0.05","32.8",,,,,
"ST","2025-09-17","82.2","-1.68","5.41","Guzman, Denzer",694203,607200,,"swinging_strike",,,,,9,,"R","R","R","MIL","LAA","S",,,1,0,2025,"1.03","-0.21",0.41227072796896713,1.7205085616466178,,,,2,7,"Top",,,,,,,2.7488810983643694,-119.72656239994512,-1.4088251126071434,9.396547789538412,23.60779233518077,-34.15675147248122,3.411,1.565,,,,"82.9",2500,"6.7",776291,661388,641343,668930,702332,655316,694192,663368,686217,"53.78",,,,,,,,51,2,"Sweeper",6,2,2,6,2,6,2,6,"Standard","Standard",76,"0.001","-0.054","71.9","8.9","2.54630292",,"0.054",,4,-4,0.965,0.03500000000000003,32,21,32,21,1,2,4,1,4,1,"3.59","-1.03","-1.03","28.5",20.37949162519091,-31.207862334189574,34.085271253752374,36.69394471788434,47.937629196916475
"ST","2025-09-17","82.2","-1.65","5.47","Guzman, Denzer",694203,607200,,"ball",,,,,11,,"R","R","R","MIL","LAA","B",,,0,0,2025,"1.34","0.27",-1.0513044986894955,2.8050687200098627,,,,2,7,"Top",,,,,,,-1.2429567441427554,-119.74671630317951,-0.02376324996935475,13.086628359037029,23.306608987059608,-29.79769704547165,3.64617525446693,1.66719984550989,,,,"82.8",2484,"6.7",776291,661388,641343,668930,702332,655316,694192,663368,686217,"53.84",,,,,,,,51,1,"Sweeper",6,2,2,6,2,6,2,6,"Standard","Standard",75,"-0.001","0.037",,,,,"-0.037",,4,-4,0.966,0.03400000000000003,32,21,32,21,1,2,4,1,4,1,"3.1","-1.34","-1.34","29.3",,,,,
"FF","2025-09-16","92.8","-2.75","5.71","Guzman, Denzer",694203,642547,"home_run","hit_into_play",,,,,2,"Denzer Guzman homers (1) on a fly ball to center field.","R","R","R","MIL","LAA","X",,"fly_ball",1,1,2025,"-0.12","1.38",0.20461201532511245,3.5268780679009986,,,,1,5,"Top",116.65,33.97,,,,,7.865086639224799,-135.02693502828632,-2.8441539864651135,-3.129646739057982,28.04659129187306,-14.831138187411264,3.411,1.565,409,"101.9",32,"93.4",2228,"6.6",776295,661388,683734,668930,702332,687401,694192,663368,686217,"53.94",0.507,1.0065151515151516,"2",1,0,3,6,39,3,"4-Seam Fastball",5,0,0,5,1,5,1,5,"Strategic","Standard",199,"-0.035","1.593","72.7","7.4",,1.974,"-1.593","101.9",5,-5,0.949,0.051000000000000045,29,21,29,21,2,1,6,2,6,1,"1.26","0.12","0.12","50.9",11.160449331108913,-1.797987244056422,27.418969820644627,36.22571746464844,32.2554489997623
"CU","2025-09-16","78.5","-2.97","5.42","Guzman, Denzer",694203,642547,,"ball",,,,,14,,"R","R","R","MIL","LAA","B",,,0,1,2025,"0.31","-0.56",0.4676186758421718,0.5607711972612441,,,,1,5,"Top",,,,,,,6.921601220917236,-114.1026627691437,-2.637875053438905,1.4228506733066237,20.825635868354258,-36.78094654248599,3.72027424713361,1.76733237040302,,,,"79",2386,"6.7",776295,661388,683734,668930,702332,687401,694192,663368,686217,"53.81",,,,,,,,39,2,"Curveball",5,0,0,5,0,5,0,5,"Standard","Standard",63,"-0.001","0.029",,,,,"-0.029",,5,-5,0.95,0.050000000000000044,29,21,29,21,2,1,6,2,6,1,"4.26","-0.31","-0.31","40.6",,,,,
"FF","2025-09-16","95.2","-2.99","5.56","Guzman, Denzer",694203,642547,,"swinging_strike",,,,,4,,"R","R","R","MIL","LAA","S",,,0,0,2025,"-0.25","1.45",-0.5106449946841578,2.2020339347554065,,,,1,5,"Top",,,,,,,7.071499581578469,-138.33501562864012,-6.43504513839165,-4.732657250680947,30.82658681234985,-12.33500009663959,3.411,1.565,,,,"95.5",2458,"6.6",776295,661388,683734,668930,702332,687401,694192,663368,686217,"53.94",,,,,,,,39,1,"4-Seam Fastball",5,0,0,5,0,5,0,5,"Standard","Standard",203,"0.001","-0.039","73.5","7.6","1.014267336",,"0.039",,5,-5,0.949,0.051000000000000045,29,21,29,21,2,1,6,2,6,1,"1.08","0.25","0.25","43.0",5.5416022562180745,-2.5794656603930677,42.80000923559675,28.493623237370286,27.753765196418925
"FF","2025-09-16","95.7","-3.26","5.54","Guzman, Denzer",694203,642547,"strikeout","called_strike",,,,,13,"Denzer Guzman called out on strikes.","R","R","R","MIL","LAA","S",2,,1,2,2025,"-0.53","1.39",-0.05670154910964764,1.5908574425773636,,695681,666198,1,2,"Top",,,,,,,9.691722919199888,-138.86432671269526,-7.988790074386891,-8.970781790121082,29.851715348828645,-12.490064815124557,3.59139160616516,1.80558448948414,,,,"96.3",2508,"6.7",776295,661388,683734,668930,702332,687401,694192,663368,686217,"53.8",,0,"0",1,0,0,,14,4,"4-Seam Fastball",1,0,0,1,0,1,0,1,"Standard","Standard",203,"0.036","-0.174",,,,,"0.174",,1,-1,0.573,0.42700000000000005,29,21,29,21,1,0,6,2,6,1,"1.1","0.53","0.53","43.7",,,,,
"FF","2025-09-16","94.6","-3.29","5.59","Guzman, Denzer",694203,642547,,"swinging_strike",,,,,3,,"R","R","R","MIL","LAA","S",,,1,1,2025,"-0.41","1.55",0.3663427271321025,3.0315063761483136,,695681,666198,1,2,"Top",,,,,,,10.530069520100882,-137.42547310839774,-4.4774554274423615,-7.53587994889841,30.439497877099072,-11.677883097683456,3.411,1.565,,,,"95.2",2497,"6.8",776295,661388,683734,668930,702332,687401,694192,663368,686217,"53.75",,,,,,,,14,3,"4-Seam Fastball",1,0,0,1,0,1,0,1,"Standard","Standard",204,"0.012","-0.058","73.4","7.2","1.853421156",,"0.058",,1,-1,0.561,0.43899999999999995,29,21,29,21,1,0,6,2,6,1,"1","0.41","0.41","44.6",-2.3643366632642233,16.323316263781358,32.523592015898984,38.85386087337527,15.23481581206727
"CH","2025-09-16","89.5","-3.8","5.28","Guzman, Denzer",694203,642547,,"foul",,,,,2,,"R","R","R","MIL","LAA","S",,,1,0,2025,"-1.64","0.57",-0.19390831410384268,3.025433592100544,,695681,666198,1,2,"Top",,,,,,,12.388760740016984,-129.72535196336457,-0.6949519389689457,-21.1263662889459,27.678737620524704,-25.842232928651327,3.411,1.565,208,"66.1",35,"89.6",2160,"6.6",776295,661388,683734,668930,702332,687401,694192,663368,686217,"53.86",,,,,,,,14,2,"Changeup",1,0,0,1,0,1,0,1,"Standard","Standard",236,"0.01","-0.045","62.2","6.8",,,"0.045","88.0",1,-1,0.551,0.44899999999999995,29,21,29,21,1,0,6,2,6,1,"2.3","1.64","1.64","35.0",-8.047728842255287,23.974572317007993,27.825429849280685,31.747925878751964,15.572444280662364
"CU","2025-09-16","80.6","-3.51","5.45","Guzman, Denzer",694203,642547,,"ball",,,,,14,,"R","R","R","MIL","LAA","B",,,0,0,2025,"0.16","-0.34",1.0157814813556925,1.1616043414883461,,695681,666198,1,2,"Top",,,,,,,9.807925765004248,-117.02369147734429,-2.219527749184072,-0.3037322437795573,20.947438901169935,-35.143959061185775,3.69419299529896,1.80723362261003,,,,"81.2",2389,"6.7",776295,661388,683734,668930,702332,687401,694192,663368,686217,"53.77",,,,,,,,14,1,"Curveball",1,0,0,1,0,1,0,1,"Standard","Standard",68,"-0.007","0.031",,,,,"-0.031",,1,-1,0.558,0.44199999999999995,29,21,29,21,1,0,6,2,6,1,"3.85","-0.16","-0.16","40.5",,,,,
"ST","2025-09-16","78.7","-2.27","4.07","Guzman, Denzer",694203,681982,"strikeout","swinging_strike",,,,,14,"Denzer Guzman strikes out swinging.","R","R","R","MIL","LAA","S",2,,2,2,2025,"1.55","0.44",1.085757199833662,1.9798183472915039,,,,2,7,"Top",,,,,,,4.423686843756402,-114.54431831926732,1.538653926619709,12.753434146948267,22.31315789563877,-28.89065369251008,3.411,1.565,,,,"79",2619,"6.6",776295,661388,683734,668930,702332,687401,694192,663368,686217,"53.89",,0,"0",1,0,0,,55,6,"Sweeper",5,2,2,5,2,5,2,5,"Standard","Standard",82,"0.007","-0.224","58.4","8.4","1.785623508",,"0.224",,3,-3,0.934,0.06599999999999995,28,21,28,21,1,2,2,2,3,1,"3.26","-1.55","-1.55","0.8",21.936421537747066,-29.41509486831948,33.004606034268534,43.35982132857369,45.22430022056785
"ST","2025-09-16","79.7","-2.3","4.08","Guzman, Denzer",694203,681982,,"ball",,,,,14,,"R","R","R","MIL","LAA","B",,,1,2,2025,"1.57","0.41",1.4002308514816402,1.71230371920044,,,,2,7,"Top",,,,,,,5.203616583573799,-115.97704398065818,0.8146217588886935,13.086154512285779,22.86818474850782,-28.917575453932667,3.80971003391475,1.86709403441776,,,,"79.9",2601,"6.6",776295,661388,683734,668930,702332,687401,694192,663368,686217,"53.92",,,,,,,,55,5,"Sweeper",5,2,2,5,2,5,2,5,"Standard","Standard",79,"-0.001","0.042",,,,,"-0.042",,3,-3,0.935,0.06499999999999995,28,21,28,21,1,2,2,2,3,1,"3.2","-1.57","-1.57","0.1",,,,,
"FF","2025-09-16","92.4","-2.32","4.56","Guzman, Denzer",694203,681982,,"foul",,,,,1,,"R","R","R","MIL","LAA","S",,,1,2,2025,"-0.88","0.96",-0.2877040078072638,3.1242168423749335,,,,2,7,"Top",,,,,,,7.139586501399896,-134.4839300459378,0.08332597796738983,-12.217791104076138,29.21515919248956,-20.821204024286654,3.411,1.565,21,"69.5",-6,"92.9",2445,"6.6",776295,661388,683734,668930,702332,687401,694192,663368,686217,"53.92",,,,,,,,55,4,"4-Seam Fastball",5,2,2,5,2,5,2,5,"Standard","Standard",235,"0","0","69.7","7.8",,,"0","88.0",3,-3,0.935,0.06499999999999995,28,21,28,21,1,2,2,2,3,1,"1.71","0.88","0.88","9.1",9.551055365766373,-10.352948077801571,29.79739996168899,29.729536724907504,32.211972219669086
"ST","2025-09-16","77.5","-2.45","4.04","Guzman, Denzer",694203,681982,,"ball",,,,,14,,"R","R","R","MIL","LAA","B",,,0,2,2025,"1.82","0.3",0.733259796240219,1.5125184872861661,,,,2,7,"Top",,,,,,,3.5003073656341828,-112.74563580964988,1.069800052297391,14.682841137018416,22.662025718026538,-30.062670152453087,3.83047605141621,1.82498047723411,,,,"77.7",2769,"6.7",776295,661388,683734,668930,702332,687401,694192,663368,686217,"53.83",,,,,,,,55,3,"Sweeper",5,2,2,5,2,5,2,5,"Standard","Standard",81,"-0.001","0.022",,,,,"-0.022",,3,-3,0.936,0.06399999999999995,28,21,28,21,1,2,2,2,3,1,"3.53","-1.82","-1.82","3.2",,,,,
"ST","2025-09-16","79.2","-2.51","4.05","Guzman, Denzer",694203,681982,,"called_strike",,,,,14,,"R","R","R","MIL","LAA","S",,,0,1,2025,"1.8","0.49",0.4348987480821591,1.4285983984355237,,,,2,7,"Top",,,,,,,3.070455585563335,-115.2255247911976,0.23588388865753518,15.229512160127506,23.764707536303753,-28.168287029278986,3.61309655935401,1.74424809667185,,,,"78.9",2650,"6.4",776295,661388,683734,668930,702332,687401,694192,663368,686217,"54.12",,,,,,,,55,2,"Sweeper",5,2,2,5,2,5,2,5,"Standard","Standard",82,"0.002","-0.057",,,,,"0.057",,3,-3,0.934,0.06599999999999995,28,21,28,21,1,2,2,2,3,1,"3.18","-1.8","-1.8","2.4",,,,,
"ST","2025-09-16","79.3","-2.45","4.12","Guzman, Denzer",694203,681982,,"called_strike",,,,,9,,"R","R","R","MIL","LAA","S",,,0,0,2025,"1.62","0.5",0.5663693315405756,2.367155910359871,,,,2,7,"Top",,,,,,,3.5812878723591024,-115.36218929018214,2.101579324449088,13.637569716836383,23.50657030843833,-28.43320493794494,3.79473364575846,1.75450999030281,,,,"79.4",2664,"6.6",776295,661388,683734,668930,702332,687401,694192,663368,686217,"53.9",,,,,,,,55,1,"Sweeper",5,2,2,5,2,5,2,5,"Standard","Standard",84,"0.001","-0.043",,,,,"0.043",,3,-3,0.933,0.06699999999999995,28,21,28,21,1,2,2,2,3,1,"3.16","-1.62","-1.62","1.6",,,,,
"FF","2025-09-14","96.3","-1.84","5.63","Guzman, Denzer",694203,669923,"single","hit_into_play",,,,,2,"Denzer Guzman singles on a fly ball to left fielder Randy Arozarena.","R","R","R","SEA","LAA","X",7,"fly_ball",1,1,2025,"-1.02","1",-0.1363596232644566,3.0599011913454186,,,,2,5,"Top",95.14,95.85,,,,,6.855392618191987,-140.0595459483104,-3.526161860561323,-14.995258850641031,32.28072670985527,-18.400202869182205,3.411,1.565,249,"73.8",26,"96.6",2283,"6.5",776317,663728,647304,660844,553993,641487,668227,677594,686527,"53.98",0.825,0.78,"0.9",1,1,0,4,44,3,"4-Seam Fastball",11,1,1,11,1,11,1,11,"Standard","Standard",223,"0","0.342","71.6","7.6",,0.916,"-0.342","88.0",10,-10,0.998,0.0020000000000000018,27,21,27,21,2,1,5,1,6,2,"1.46","1.02","1.02","29.3",7.116691475903918,-1.123013723603768,28.086196063045033,30.319729312198646,29.732738813916352
"FF","2025-09-14","95.8","-1.87","5.64","Guzman, Denzer",694203,669923,,"swinging_strike",,,,,8,,"R","R","R","SEA","LAA","S",,,1,0,2025,"-0.79","1.12",0.10795629262993933,2.004586381013045,,,,2,5,"Top",,,,,,,7.05892350654009,-139.27291359589418,-6.543858764521516,-11.856451307024013,31.1893939059372,-16.33843283435296,3.411,1.565,,,,"96.3",2310,"6.6",776317,663728,647304,660844,553993,641487,668227,677594,686527,"53.87",,,,,,,,44,2,"4-Seam Fastball",11,1,1,11,1,11,1,11,"Standard","Standard",221,"0","-0.054","75.0","8.4","0.77020794",,"0.054",,10,-10,0.998,0.0020000000000000018,27,21,27,21,2,1,5,1,6,2,"1.37","0.79","0.79","29.5",11.81817016538938,-8.707210111685072,41.27380967522168,34.38185689938868,29.46473197232874
"FF","2025-09-14","95.3","-1.83","5.6","Guzman, Denzer",694203,669923,,"ball",,,,,11,,"R","R","R","SEA","LAA","B",,,0,0,2025,"-0.84","0.96",-0.19950750311016185,4.122502089118352,,,,2,5,"Top",,,,,,,6.192960735322439,-138.74036929533796,-0.41671721540173207,-12.171522372643706,30.74098404473642,-19.871195853213926,3.59877368397024,1.62843901583648,,,,"95.8",2247,"6.5",776317,663728,647304,660844,553993,641487,668227,677594,686527,"53.98",,,,,,,,44,1,"4-Seam Fastball",11,1,1,11,1,11,1,11,"Standard","Standard",222,"0","0.037",,,,,"-0.037",,10,-10,0.998,0.0020000000000000018,27,21,27,21,2,1,5,1,6,2,"1.54","0.84","0.84","30.1",,,,,
"FF","2025-09-14","97.2","-1.74","5.67","Guzman, Denzer",694203,669923,"strikeout","swinging_strike",,,,,2,"Denzer Guzman strikes out swinging.","R","R","R","SEA","LAA","S",2,,2,2,2025,"-0.75","1.16",0.014745714368225693,3.5013097774248125,,,,0,3,"Top",,,,,,,6.443068418998249,-141.49126443985378,-2.9648920954562525,-11.489129889923042,31.806521191836588,-16.096133885613728,3.411,1.565,,,,"97.6",2208,"6.5",776317,663728,647304,660844,553993,641487,668227,677594,686527,"54.04",,0,"0",1,0,0,,17,6,"4-Seam Fastball",2,0,0,2,0,2,0,2,"Standard","Standard",227,"0.02","-0.232","75.2","7.6","0.204682656",,"0.232",,2,-2,0.716,0.28400000000000003,27,21,27,21,1,0,5,1,6,2,"1.25","0.75","0.75","29.3",11.133920999627817,-4.2308470130346185,28.036339240840128,31.952383758318206,26.68427356919426
"FF","2025-09-14","96.9","-1.86","5.64","Guzman, Denzer",694203,669923,,"ball",,,,,11,,"R","R","R","SEA","LAA","B",,,1,2,2025,"-0.75","1.1",-0.9620489159342197,3.4170233908908614,,,,0,3,"Top",,,,,,,4.120650022988231,-141.1085485442078,-2.922720280740616,-11.013157448237447,30.791383074446248,-17.037840495329164,3.56729880630877,1.62887285114137,,,,"97.1",2104,"6.3",776317,663728,647304,660844,553993,641487,668227,677594,686527,"54.2",,,,,,,,17,5,"4-Seam Fastball",2,0,0,2,0,2,0,2,"Standard","Standard",229,"-0.003","0.043",,,,,"-0.043",,2,-2,0.719,0.281,27,21,27,21,1,0,5,1,6,2,"1.32","0.75","0.75","28.4",,,,,
"ST","2025-09-14","88.3","-1.79","5.55","Guzman, Denzer",694203,669923,,"foul",,,,,9,,"R","R","R","SEA","LAA","S",,,1,2,2025,"0.63","-0.28",0.2909090809126312,1.839402429251935,,,,0,3,"Top",,,,,,,3.7816506753367847,-128.66665456297216,-2.398908485341977,6.194448516688648,26.02460664070246,-34.9668938755811,3.411,1.565,116,"74",75,"88.6",2408,"6.4",776317,663728,647304,660844,553993,641487,668227,677594,686527,"54.13",,,,,,,,17,4,"Sweeper",2,0,0,2,0,2,0,2,"Standard","Standard",30,"0","0","74.2","8.6",,,"0","88.0",2,-2,0.719,0.281,27,21,27,21,1,0,5,1,6,2,"3.19","-0.63","-0.63","28.8",14.78977061052528,-12.852382509597723,34.80492480344492,34.764938344052986,35.28433527567141
"FF","2025-09-14","97","-1.81","5.7","Guzman, Denzer",694203,669923,,"ball",,,,,12,,"R","R","R","SEA","LAA","B",,,0,2,2025,"-0.43","1.05",0.003487732831208179,4.269830108384635,,,,0,3,"Top",,,,,,,5.867572648788066,-141.31223795840114,-0.739705281326992,-7.123650070971447,30.74702418758036,-18.038307865151303,3.59830547044707,1.62877742957057,,,,"97.7",2330,"6.5",776317,663728,647304,660844,553993,641487,668227,677594,686527,"53.99",,,,,,,,17,3,"4-Seam Fastball",2,0,0,2,0,2,0,2,"Standard","Standard",214,"-0.003","0.024",,,,,"-0.024",,2,-2,0.722,0.278,27,21,27,21,1,0,5,1,6,2,"1.35","0.43","0.43","31.0",,,,,
"FF","2025-09-14","96.4","-1.76","5.75","Guzman, Denzer",694203,669923,,"swinging_strike",,,,,2,,"R","R","R","SEA","LAA","S",,,0,1,2025,"-0.68","1.21",0.08457223832813443,3.491112108536111,,,,0,3,"Top",,,,,,,6.471328665958942,-140.33409738519447,-3.2290592108472036,-10.37590033414582,29.68853146169642,-15.621766244697852,3.411,1.565,,,,"97.1",2342,"6.5",776317,663728,647304,660844,553993,641487,668227,677594,686527,"53.96",,,,,,,,17,2,"4-Seam Fastball",2,0,0,2,0,2,0,2,"Standard","Standard",219,"0.006","-0.055","72.4","6.9","0.942420888",,"0.055",,2,-2,0.716,0.28400000000000003,27,21,27,21,1,0,5,1,6,2,"1.23","0.68","0.68","32.3",2.7222982207264494,11.423061178901348,29.43150862007344,33.872628980672395,17.040610951820433
"SI","2025-09-14","96","-1.87","5.63","Guzman, Denzer",694203,669923,,"foul",,,,,6,,"R","R","R","SEA","LAA","S",,,0,0,2025,"-1.44","0.57",0.3584045699800442,2.6334976407487227,,,,0,3,"Top",,,,,,,9.167839599554295,-139.58632612773846,-3.6862529403527597,-20.80792151791296,27.804787608184785,-24.057857909771084,3.411,1.565,235,"78.3",48,"96.7",2284,"6.5",776317,663728,647304,660844,553993,641487,668227,677594,686527,"54.02",,,,,,,,17,1,"Sinker",2,0,0,2,0,2,0,2,"Standard","Strategic",227,"0.004","-0.039","69.2","7.5",,,"0.039","88.0",2,-2,0.712,0.28800000000000003,27,21,27,21,1,0,5,1,6,2,"1.88","1.44","1.44","32.0",-5.829098385032576,10.627972989845127,34.111060133110335,37.10119024415377,18.74396531499947
"SI","2025-09-14","94.9","-2.65","5.02","Guzman, Denzer",694203,676106,"single","hit_into_play",,,,,6,"Denzer Guzman singles on a ground ball to center fielder Victor Robles.","R","R","R","SEA","LAA","X",8,"ground_ball",3,2,2025,"-1.24","-0.07",0.470928997171548,2.3695742736447967,,,,0,8,"Top",111.2,133.08,,,,,10.856384169743881,-137.8058078883524,-1.0949592994774582,-18.18323105270359,30.99483039270171,-32.977996445620285,3.411,1.565,31,"103.5",-3,"94.2",2296,"6.1",776317,695670,647304,702284,553993,660844,668227,645302,686527,"54.45",0.369,0.337,"0.9",1,1,0,2,65,9,"Sinker",11,2,2,11,2,11,2,11,"Standard","Standard",249,"-0.001","0.353","72.2","7.7",,0.442,"-0.353","103.5",9,-9,0.999,0.0010000000000000009,26,21,26,21,1,2,4,1,2,2,"2.61","1.24","1.24","9.3",2.7100519476994007,4.417476556576754,34.522636504645476,38.6182282183574,25.787660784165453
"SI","2025-09-14","95.5","-2.67","5.06","Guzman, Denzer",694203,676106,,"foul",,,,,6,,"R","R","R","SEA","LAA","S",,,3,2,2025,"-1.28","-0.02",0.4908270056134836,2.5981425407044982,,,,0,8,"Top",,,,,,,11.146383965147306,-138.61690847758524,-0.7742503970703498,-19.011427100916773,30.17789850434407,-32.5135597651443,3.411,1.565,4,"81.4",-33,"95.2",2435,"6.2",776317,695670,647304,702284,553993,660844,668227,645302,686527,"54.33",,,,,,,,65,8,"Sinker",11,2,2,11,2,11,2,11,"Standard","Standard",246,"0","0","71.2","8.3",,,"0","88.0",9,-9,0.999,0.0010000000000000009,26,21,26,21,1,2,4,1,2,2,"2.53","1.28","1.28","10.2",18.35031632876289,-13.057407198871525,26.456000086951978,38.113703472394334,36.53345753239175
"SI","2025-09-14","96.9","-2.57","5.05","Guzman, Denzer",694203,676106,,"ball",,,,,11,,"R","R","R","SEA","LAA","B",,,2,2,2025,"-1.31","-0.17",-1.8121431564631783,3.7376195320526056,,,,0,8,"Top",,,,,,,4.984704727813533,-140.98414820781713,2.4231342167279353,-18.5433137382684,32.245971767549655,-35.25417528633552,3.68734710115208,1.65392094604152,,,,"96.4",2413,"6",776317,695670,647304,702284,553993,660844,668227,645302,686527,"54.48",,,,,,,,65,7,"Sinker",11,2,2,11,2,11,2,11,"Standard","Standard",246,"0","0.112",,,,,"-0.112",,9,-9,0.999,0.0010000000000000009,26,21,26,21,1,2,4,1,2,2,"2.6","1.31","1.31","11.6",,,,,
"FF","2025-09-14","96.2","-2.5","5.06","Guzman, Denzer",694203,676106,,"foul",,,,,5,,"R","R","R","SEA","LAA","S",,,2,2,2025,"-0.84","0.07",-0.1731710347020501,2.2120000880391,,,,0,8,"Top",,,,,,,8.043016926657309,-140.0137174145219,-2.162453996384949,-12.853731074571805,29.917497633834696,-30.924283723200556,3.411,1.565,2,"87.7",-45,"96.1",2405,"6.1",776317,695670,647304,702284,553993,660844,668227,645302,686527,"54.42",,,,,,,,65,6,"4-Seam Fastball",11,2,2,11,2,11,2,11,"Standard","Standard",244,"0","0","70.3","7.6",,,"0","88.0",9,-9,0.999,0.0010000000000000009,26,21,26,21,1,2,4,1,2,2,"2.38","0.84","0.84","9.3",13.301186923843892,-8.768748724479629,35.27568467158501,31.59835245855898,31.297981700003227
"FF","2025-09-14","96.9","-2.52","5.02","Guzman, Denzer",694203,676106,,"foul",,,,,3,,"R","R","R","SEA","LAA","S",,,2,2,2025,"-0.82","0.76",0.5853639421586122,3.2518163119795886,,,,0,8,"Top",,,,,,,10.134884768425982,-140.78583205804605,-0.9272256896710453,-13.133935438457305,31.046228727907476,-21.981956085073453,3.411,1.565,220,"76.5",51,"96.8",2400,"6.3",776317,695670,647304,702284,553993,660844,668227,645302,686527,"54.23",,,,,,,,65,5,"4-Seam Fastball",11,2,2,11,2,11,2,11,"Standard","Standard",241,"0","0","68.1","7.5",,,"0","88.0",9,-9,0.999,0.0010000000000000009,26,21,26,21,1,2,4,1,2,2,"1.66","0.82","0.82","9.1",0.6475821894269372,5.40008790555326,25.933228193193962,41.258526935698235,23.862303148000073
"SI","2025-09-14","94.3","-2.74","4.93","Guzman, Denzer",694203,676106,,"swinging_strike",,,,,8,,"R","R","R","SEA","LAA","S",,,2,1,2025,"-1.64","0.02",0.252759713316167,1.5448182313858183,,,,0,8,"Top",,,,,,,11.38415218263757,-136.9262763789016,-3.1231996446271246,-23.19390862844048,29.752988942409182,-31.423672542605587,3.411,1.565,,,,"94",2458,"6.2",776317,695670,647304,702284,553993,660844,668227,645302,686527,"54.33",,,,,,,,65,4,"Sinker",11,2,2,11,2,11,2,11,"Standard","Standard",254,"0","-0.073","73.7","9.0","0.632659704",,"0.073",,9,-9,0.999,0.0010000000000000009,26,21,26,21,1,2,4,1,2,2,"2.55","1.64","1.64","6.3",17.898450968900516,-14.001229325535041,36.698008096780256,36.69466269365334,30.66910680705101
"SI","2025-09-14","95.1","-2.69","4.93","Guzman, Denzer",694203,676106,,"called_strike",,,,,1,,"R","R","R","SEA","LAA","S",,,2,0,2025,"-1.42","-0.14",-0.6916204732760101,3.208220674803581,,,,0,8,"Top",,,,,,,8.375993003115257,-138.3160547967886,1.4540353335923442,-20.09134947463926,30.39326042618479,-34.546380180409564,3.58358948308356,1.71559931875439,,,,"94.7",2492,"6",776317,695670,647304,702284,553993,660844,668227,645302,686527,"54.45",,,,,,,,65,3,"Sinker",11,2,2,11,2,11,2,11,"Standard","Standard",248,"0","-0.072",,,,,"0.072",,9,-9,0.999,0.0010000000000000009,26,21,26,21,1,2,4,1,2,2,"2.66","1.42","1.42","8.3",,,,,
"SI","2025-09-14","95.3","-2.62","4.97","Guzman, Denzer",694203,676106,,"ball",,,,,13,,"R","R","R","SEA","LAA","B",,,1,0,2025,"-1.34","-0.04",-0.8603935706988768,1.5553575297928415,,,,0,8,"Top",,,,,,,7.579547304427383,-138.64653237880046,-3.2314444637742596,-18.9334582953017,31.07589890402025,-32.19413377613554,3.60341197876431,1.66893142247061,,,,"94.7",2402,"6",776317,695670,647304,702284,553993,660844,668227,645302,686527,"54.53",,,,,,,,65,2,"Sinker",11,2,2,11,2,11,2,11,"Standard","Standard",251,"0","0.077",,,,,"-0.077",,9,-9,0.999,0.0010000000000000009,26,21,26,21,1,2,4,1,2,2,"2.55","1.34","1.34","7.2",,,,,
"SI","2025-09-14","93.9","-2.63","4.98","Guzman, Denzer",694203,676106,,"ball",,,,,14,,"R","R","R","SEA","LAA","B",,,0,0,2025,"-1.37","-0.11",1.5136696771964147,2.5304720992817176,,,,0,8,"Top",,,,,,,13.64695621959444,-136.1752854013929,-0.35849594251183026,-19.925683187001354,28.381164345319306,-33.65461869279142,3.58610696712502,1.71791989355246,,,,"93.4",2456,"6.1",776317,695670,647304,702284,553993,660844,668227,645302,686527,"54.4",,,,,,,,65,1,"Sinker",11,2,2,11,2,11,2,11,"Standard","Standard",254,"0","0.041",,,,,"-0.041",,9,-9,0.999,0.0010000000000000009,26,21,26,21,1,2,4,1,2,2,"2.7","1.37","1.37","7.8",,,,,
"FF","2025-09-13","96.4","-1.58","4.99","Guzman, Denzer",694203,693433,"strikeout","swinging_strike",,,,,3,"Denzer Guzman strikes out swinging.","R","R","R","SEA","LAA","S",2,,3,2,2025,"-0.82","1.35",0.8028508666702378,3.3802072152823524,,,,2,4,"Top",,,,,,,8.200721542027468,-140.15799880831716,-1.7485016308242278,-12.724610321792918,32.69979672591473,-14.245694373903728,3.411,1.565,,,,"96.2",2462,"6.3",776333,663728,647304,593871,553993,641487,668227,677594,645302,"54.19",,0,"0",1,0,0,,31,8,"4-Seam Fastball",2,2,2,2,2,2,2,2,"Standard","Standard",229,"0.015","-0.328","65.9","7.0","2.355996108",,"0.328",,0,0,0.545,0.45499999999999996,25,21,25,21,2,1,5,,6,1,"1.12","0.82","0.82","20.6",-7.209551961123175,24.249087225405045,26.57049991432626,42.94073401883648,9.766409113855522
"FF","2025-09-13","96.3","-1.68","4.9","Guzman, Denzer",694203,693433,,"foul",,,,,1,,"R","R","R","SEA","LAA","S",,,3,2,2025,"-0.84","1.03",-0.5576492216509755,2.863459854199643,,,,2,4,"Top",,,,,,,4.916677748048104,-140.233421613846,-2.1758844813450273,-12.24686902854581,32.08624431637972,-18.290449026475425,3.411,1.565,203,"74.1",58,"96.6",2160,"6.5",776333,663728,647304,593871,553993,641487,668227,677594,645302,"54.03",,,,,,,,31,7,"4-Seam Fastball",2,2,2,2,2,2,2,2,"Standard","Standard",232,"0","0","75.5","7.5",,,"0","88.0",0,0,0.545,0.45499999999999996,25,21,25,21,2,1,5,,6,1,"1.43","0.84","0.84","18.6",6.257620731589374,-10.472522993937767,37.78346163428985,27.593998034265002,30.675664727131252
"FF","2025-09-13","96.6","-1.74","4.89","Guzman, Denzer",694203,693433,,"foul",,,,,5,,"R","R","R","SEA","LAA","S",,,3,2,2025,"-0.72","1.05",0.26993725170856775,2.3960005775182807,,,,2,4,"Top",,,,,,,6.983518227582854,-140.46887771349003,-3.431671080396395,-11.154073008666787,33.37114812767109,-17.732244807355297,3.411,1.565,63,"51.6",8,"96.4",2096,"6.3",776333,663728,647304,593871,553993,641487,668227,677594,645302,"54.2",,,,,,,,31,6,"4-Seam Fastball",2,2,2,2,2,2,2,2,"Standard","Standard",227,"0","0","76.4","7.8",,,"0","88.0",0,0,0.545,0.45499999999999996,25,21,25,21,2,1,5,,6,1,"1.41","0.72","0.72","19.5",1.6414407431967053,2.0721693362338134,35.267452010043485,37.09960505954352,25.656358342577935
"FF","2025-09-13","95.7","-1.59","4.94","Guzman, Denzer",694203,693433,,"ball",,,,,14,,"R","R","R","SEA","LAA","B",,,2,2,2025,"-0.84","1.05",1.112133922993893,2.575014282975194,,,,2,4,"Top",,,,,,,9.042912989872343,-139.15680298117357,-2.986689014703312,-13.022058881452283,31.611449090800928,-18.05720236950249,3.76330030081654,1.79024974539061,,,,"95.7",2128,"6.3",776333,663728,647304,593871,553993,641487,668227,677594,645302,"54.17",,,,,,,,31,5,"4-Seam Fastball",2,2,2,2,2,2,2,2,"Standard","Standard",233,"-0.004","0.104",,,,,"-0.104",,0,0,0.549,0.45099999999999996,25,21,25,21,2,1,5,,6,1,"1.45","0.84","0.84","25.5",,,,,
"FF","2025-09-13","96","-1.49","4.93","Guzman, Denzer",694203,693433,,"ball",,,,,12,,"R","R","R","SEA","LAA","B",,,1,2,2025,"-0.84","1.26",0.8900515860024716,3.0212889047235434,,,,2,4,"Top",,,,,,,8.195095641364958,-139.57207061254923,-2.29858940723379,-12.86017828431013,32.14029225446797,-15.374976215960412,3.68698550063846,1.78223292384074,,,,"95.9",2399,"6.3",776333,663728,647304,593871,553993,641487,668227,677594,645302,"54.19",,,,,,,,31,4,"4-Seam Fastball",2,2,2,2,2,2,2,2,"Standard","Standard",229,"-0.002","0.042",,,,,"-0.042",,0,0,0.551,0.44899999999999995,25,21,25,21,2,1,5,,6,1,"1.22","0.84","0.84","22.1",,,,,
"SI","2025-09-13","96.3","-1.32","4.95","Guzman, Denzer",694203,693433,,"foul",,,,,8,,"R","R","R","SEA","LAA","S",,,1,1,2025,"-1.28","0.54",0.19261496957943458,2.088654290303756,,,,2,4,"Top",,,,,,,6.937146583856014,-140.15571900769638,-3.2552739894471263,-18.3896693511854,31.723271963781055,-24.551366908470037,3.411,1.565,226,"78.3",50,"96.5",2445,"6.4",776333,663728,647304,593871,553993,641487,668227,677594,645302,"54.12",,,,,,,,31,3,"Sinker",2,2,2,2,2,2,2,2,"Standard","Standard",229,"0.003","-0.062","70.3","7.8",,,"0.062","88.0",0,0,0.548,0.45199999999999996,25,21,25,21,2,1,5,,6,1,"1.92","1.28","1.28","25.8",-2.0106568685451793,5.242851542615873,34.17473167900502,36.64338552146647,21.51759010879732
"SL","2025-09-13","89.4","-1.55","5.03","Guzman, Denzer",694203,693433,,"called_strike",,,,,8,,"R","R","R","SEA","LAA","S",,,1,0,2025,"0.4","0.51",-0.11025239661173092,2.107764912886898,,,,2,4,"Top",,,,,,,2.7075660327796767,-130.3051478004968,-2.338722827125723,4.094337272057324,24.674425267213156,-26.07530927929421,3.68244400940922,1.7764693309233,,,,"90.1",2301,"6.4",776333,663728,647304,593871,553993,641487,668227,677594,645302,"54.09",,,,,,,,31,2,"Slider",2,2,2,2,2,2,2,2,"Standard","Standard",185,"0.002","-0.054",,,,,"0.054",,0,0,0.546,0.45399999999999996,25,21,25,21,2,1,5,,6,1,"2.31","-0.4","-0.4","20.8",,,,,
"ST","2025-09-13","85.9","-1.57","4.86","Guzman, Denzer",694203,693433,,"ball",,,,,14,,"R","R","R","SEA","LAA","B",,,0,0,2025,"0.58","0.77",1.3398631574629338,0.9764545540279628,,,,2,4,"Top",,,,,,,5.721946809691468,-124.97260946734468,-4.463254366842528,4.83515040182888,27.268965858962048,-23.362470456997578,3.69911618433692,1.75808350717286,,,,"85.7",2642,"6.4",776333,663728,647304,593871,553993,641487,668227,677594,645302,"54.12",,,,,,,,31,1,"Sweeper",2,2,2,2,2,2,2,2,"Standard","Standard",58,"-0.001","0.037",,,,,"-0.037",,0,0,0.547,0.45299999999999996,25,21,25,21,2,1,5,,6,1,"2.34","-0.58","-0.58","21.5",,,,,
"ST","2025-09-13","84.5","-1.74","4.82","Guzman, Denzer",694203,693433,"strikeout","called_strike",,,,,4,"Denzer Guzman called out on strikes.","R","R","R","SEA","LAA","S",2,,1,2,2025,"1.21","0.4",-0.3184439878568177,2.8179170063513217,,,695681,1,2,"Top",,,,,,,0.8987031565892787,-123.11147619156753,0.9245509112169513,12.040529474959458,25.940046547501332,-28.582932814140566,3.73937840991703,1.7336657987389,,,,"84.8",2601,"6.5",776333,663728,647304,593871,553993,641487,668227,677594,645302,"53.97",,0,"0",1,0,0,,13,4,"Sweeper",2,1,1,2,1,2,1,2,"Standard","Standard",78,"0.022","-0.178",,,,,"0.178",,1,-1,0.61,0.39,25,21,25,21,1,0,5,,6,1,"2.8","-1.21","-1.21","20.9",,,,,
"SL","2025-09-13","89","-1.32","4.95","Guzman, Denzer",694203,693433,,"ball",,,,,14,,"R","R","R","SEA","LAA","B",,,0,2,2025,"0.22","0.5",1.3465511468160536,0.8757558568878612,,,695681,1,2,"Top",,,,,,,6.142932313200829,-129.5503721779571,-5.122497174316145,1.33342874886274,24.031180497355983,-25.72146579193527,3.74578713166338,1.84238568256651,,,,"90.1",2297,"6.7",776333,663728,647304,593871,553993,641487,668227,677594,645302,"53.82",,,,,,,,13,3,"Slider",2,1,1,2,1,2,1,2,"Standard","Standard",213,"-0.003","0.01",,,,,"-0.01",,1,-1,0.613,0.387,25,21,25,21,1,0,5,,6,1,"2.35","-0.22","-0.22","22.4",,,,,
"FF","2025-09-13","96.2","-1.58","4.91","Guzman, Denzer",694203,693433,,"foul",,,,,5,,"R","R","R","SEA","LAA","S",,,0,1,2025,"-1.05","1.19",-0.030830511147103,2.658750623880191,,,695681,1,2,"Top",,,,,,,6.519798049838067,-139.97164437260705,-3.0995787540545967,-15.29561565646317,32.42257528017357,-15.978878129353847,3.411,1.565,169,"78.6",15,"96.6",2474,"6.6",776333,663728,647304,593871,553993,641487,668227,677594,645302,"53.92",,,,,,,,13,2,"4-Seam Fastball",2,1,1,2,1,2,1,2,"Standard","Standard",228,"0.008","-0.047","73.7","7.7",,,"0.047","88.0",1,-1,0.605,0.395,25,21,25,21,1,0,5,,6,1,"1.27","1.05","1.05","20.5",3.5827074996395587,-3.519962705231246,35.12882597784008,33.87216262982587,28.351164133695
"FF","2025-09-13","96.5","-1.67","5","Guzman, Denzer",694203,693433,,"swinging_strike",,,,,2,,"R","R","R","SEA","LAA","S",,,0,0,2025,"-0.82","1.29",-0.06572867747680455,2.9662979229827307,,,695681,1,2,"Top",,,,,,,6.173059657856366,-140.3965353035849,-2.776183394544776,-12.254358350984061,32.219590431816634,-14.760399888756046,3.411,1.565,,,,"96.8",2264,"6.5",776333,663728,647304,593871,553993,641487,668227,677594,645302,"53.98",,,,,,,,13,1,"4-Seam Fastball",2,1,1,2,1,2,1,2,"Standard","Standard",225,"0.005","-0.04","69.4","6.2","1.642023528",,"0.04",,1,-1,0.6,0.4,25,21,25,21,1,0,5,,6,1,"1.17","0.82","0.82","22.5",-17.24973044383078,34.2370129004713,38.985718782076724,33.818909832535795,6.554048524501359
"SL","2025-09-13","86.6","-2.36","6.22","Guzman, Denzer",694203,592426,"field_out","hit_into_play",,,,,5,"Denzer Guzman grounds out, third baseman Eugenio Suárez to first baseman Josh Naylor.","R","R","R","SEA","LAA","X",5,"ground_ball",2,0,2025,"-0.02","-0.38",-0.21139334143828292,2.471880354672545,,,,2,7,"Top",103.86,165.27,,,,,5.239094235116164,-126.06131055188344,-1.968066725392782,-1.2822020529201907,26.039770685122058,-36.06374259777002,3.411,1.565,7,"95.1",-20,"87.6",2328,"6.9",776333,663728,647304,593871,553993,641487,668227,677594,645302,"53.56",0.09,0.086,"0",1,0,0,2,53,3,"Slider",5,2,2,5,2,5,2,5,"Standard","Standard",24,"0.012","-0.362","75.4","7.7",,0.091,"0.362","95.1",3,-3,0.929,0.07099999999999995,33,21,34,21,1,2,2,,3,1,"3.42","0.02","0.02","47.5",2.613650110877519,-2.7420517050888895,32.32178355003372,31.6172821860622,28.24946725130272
"SL","2025-09-13","86.1","-2.63","6.23","Guzman, Denzer",694203,592426,,"ball",,,,,11,,"R","R","R","SEA","LAA","B",,,1,0,2025,"0","-0.28",-1.456859523758206,2.9310251407357075,,,,2,7,"Top",,,,,,,2.8011969653255506,-125.46537922636186,-1.0776077676076128,-0.5695809156311977,24.340640850150365,-35.122793605543826,3.75941103870831,1.72219291978151,,,,"86.8",2281,"6.5",776333,663728,647304,593871,553993,641487,668227,677594,645302,"53.95",,,,,,,,53,2,"Slider",5,2,2,5,2,5,2,5,"Standard","Standard",34,"-0.003","0.065",,,,,"-0.065",,3,-3,0.932,0.06799999999999995,33,21,34,21,1,2,2,,3,1,"3.33","0","0","48.1",,,,,
"FF","2025-09-13","94.7","-2.12","6.3","Guzman, Denzer",694203,592426,,"ball",,,,,11,,"R","R","R","SEA","LAA","B",,,0,0,2025,"-0.42","1.62",-0.8636106029288133,4.369849985470415,,,,2,7,"Top",,,,,,,4.25184208894755,-137.850815830588,-2.984403131452365,-6.320571970392115,32.28512493702802,-11.115363195818855,3.67547667226402,1.80766384984288,,,,"95.5",2438,"6.8",776333,663728,647304,593871,553993,641487,668227,677594,645302,"53.67",,,,,,,,53,1,"4-Seam Fastball",5,2,2,5,2,5,2,5,"Standard","Standard",206,"-0.001","0.037",,,,,"-0.037",,3,-3,0.933,0.06699999999999995,33,21,34,21,1,2,2,,3,1,"0.93","0.42","0.42","56.2",,,,,