"pitch_type","game_date","release_speed","release_pos_x","release_pos_z","player_name","batter","pitcher","events","description","spin_dir","spin_rate_deprecated","break_angle_deprecated","break_length_deprecated","zone","des","game_type","stand","p_throws","home_team","away_team","type","hit_location","bb_type","balls","strikes","game_year","pfx_x","pfx_z","plate_x","plate_z","on_3b","on_2b","on_1b","outs_when_up","inning","inning_topbot","hc_x","hc_y","tfs_deprecated","tfs_zulu_deprecated","umpire","sv_id","vx0","vy0","vz0","ax","ay","az","sz_top","sz_bot","hit_distance_sc","launch_speed","launch_angle","effective_speed","release_spin_rate","release_extension","game_pk","fielder_2","fielder_3","fielder_4","fielder_5","fielder_6","fielder_7","fielder_8","fielder_9","release_pos_y","estimated_ba_using_speedangle","estimated_woba_using_speedangle","woba_value","woba_denom","babip_value","iso_value","launch_speed_angle","at_bat_number","pitch_number","pitch_name","home_score","away_score","bat_score","fld_score","post_away_score","post_home_score","post_bat_score","post_fld_score","if_fielding_alignment","of_fielding_alignment","spin_axis","delta_home_win_exp","delta_run_exp","bat_speed","swing_length","miss_distance","estimated_slg_using_speedangle","delta_pitcher_run_exp","hyper_speed","home_score_diff","bat_score_diff","home_win_exp","bat_win_exp","age_pit_legacy","age_bat_legacy","age_pit","age_bat","n_thruorder_pitcher","n_priorpa_thisgame_player_at_bat","pitcher_days_since_prev_game","batter_days_since_prev_game","pitcher_days_until_next_game","batter_days_until_next_game","api_break_z_with_gravity","api_break_x_arm","api_break_x_batter_in","arm_angle","attack_angle","attack_direction","swing_path_tilt","intercept_ball_minus_batter_pos_x_inches","intercept_ball_minus_batter_pos_y_inches"
"SL","2026-07-09","83.5","1.75","6.25","Whisenhunt, Carson",681198,687931,"field_out","hit_into_play",,,,,7,"TJ Rumfield lines out to center fielder Drew Gilbert.","R","L","L","SF","COL","X",8,"line_drive",2,1,2026,"-0.17","-0.02",-0.43675259894362434,2.247396507434167,,,696100,1,6,"Top",124.32,64.86,,,,,-4.648957712717686,-121.69968902665022,-2.629719339009122,-0.963287980757966,20.40463588009571,-32.1611224575829,3.422736221,1.727362205,333,"94",23,"84.6",2452,"6.6",823201,701852,805811,650333,669477,642715,671218,687551,808982,"53.88",0.14,0.161,"0",1,0,0,3,48,4,"Slider",4,2,2,4,2,4,2,4,"Standard","Standard",320,"0.047","-0.312","66.4","6.5",,0.259,"0.312","94.0",2,-2,0.768,0.23199999999999998,25,26,26,26,3,2,22,1,,1,"3.25","-0.17","-0.17","50.6",9.566609200550753,-0.12484750736861755,31.738188994482254,35.62314131924329,32.235027760908665
"SL","2026-07-09","84.7","1.9","6.16","Whisenhunt, Carson",681198,687931,,"ball",,,,,11,,"R","L","L","SF","COL","B",,,1,1,2026,"-0.29","-0.07",-0.0635139874437452,3.8124578469369013,,,696100,1,6,"Top",,,,,,,-3.9618890795762476,-123.41648058302998,1.109583382420701,-2.329958588584471,21.67849779339172,-33.2631540998905,3.422736221,1.727362205,,,,"85.8",2643,"6.7",823201,701852,805811,650333,669477,642715,671218,687551,808982,"53.83",,,,,,,,48,3,"Slider",4,2,2,4,2,4,2,4,"Standard","Standard",299,"-0.008","0.063",,,,,"-0.063",,2,-2,0.776,0.22399999999999998,25,26,26,26,3,2,22,1,,1,"3.21","-0.29","-0.29","51.7",,,,,
"FF","2026-07-09","91.3","1.78","6.34","Whisenhunt, Carson",681198,687931,,"called_strike",,,,,1,,"R","L","L","SF","COL","S",,,1,0,2026,"0.74","1.52",-0.8029775528108873,2.9696554677672693,,,696100,1,6,"Top",,,,,,,-8.101441422658691,-132.74692751391623,-5.767633332644961,10.413415724181142,26.968803837290277,-13.165089555553669,3.422736221,1.727362205,,,,"92.2",2185,"6.8",823201,701852,805811,650333,669477,642715,671218,687551,808982,"53.72",,,,,,,,48,2,"4-Seam Fastball",4,2,2,4,2,4,2,4,"Standard","Standard",141,"0.008","-0.045",,,,,"0.045",,2,-2,0.768,0.23199999999999998,25,26,26,26,3,2,22,1,,1,"1.21","0.74","0.74","51.3",,,,,
"SL","2026-07-09","87.1","1.64","6.21","Whisenhunt, Carson",681198,687931,,"blocked_ball",,,,,13,,"R","L","L","SF","COL","B",,,0,0,2026,"0.16","0.09",-0.7007233783570159,0.18588028979164806,,,696100,1,6,"Top",,,,,,,-5.940667567466351,-126.62680516447894,-8.266570463719638,2.927963048851692,24.560013348114122,-29.73582556516689,3.422736221,1.727362205,,,,"87.9",2365,"6.7",823201,701852,805811,650333,669477,642715,671218,687551,808982,"53.77",,,,,,,,48,1,"Slider",4,2,2,4,2,4,2,4,"Standard","Standard",129,"-0.006","0.033",,,,,"-0.033",,2,-2,0.774,0.22599999999999998,25,26,26,26,3,2,22,1,,1,"2.9","0.16","0.16","51.5",,,,,
"FF","2026-07-09","92.6","1.63","6.46","Whisenhunt, Carson",696100,687931,"walk","ball",,,,,12,"Hunter Goodman walks.","R","R","L","SF","COL","B",,,3,2,2026,"0.87","1.49",0.7269516067446411,3.8126269256069234,,,,1,6,"Top",,,,,,,-4.228679375953283,-134.6856487174158,-4.055304693486408,11.538700232125677,30.61145371150407,-13.399474678714215,3.178756562,1.604232283,,,,"93",2260,"6.6",823201,701852,805811,650333,669477,642715,671218,687551,808982,"53.86",,0.698079,"0.7",1,0,0,,47,7,"4-Seam Fastball",4,2,2,4,2,4,2,4,"Infield shade","Standard",140,"-0.031","0.339",,,,,"-0.339",,2,-2,0.805,0.19499999999999995,25,26,26,27,3,2,22,1,,1,"1.18","0.87","-0.87","54.0",,,,,
"CH","2026-07-09","81.8","2.02","6.07","Whisenhunt, Carson",696100,687931,,"foul",,,,,8,,"R","R","L","SF","COL","S",,,3,2,2026,"1.39","0.48",0.02547626781732526,1.7195314075482449,,,,1,6,"Top",,,,,,,-7.211046998825538,-118.85540865409406,-3.957336663994868,14.523139604590247,22.87198561273558,-27.033222942695417,3.178756562,1.604232283,166,"102",11,"82.5",1938,"6.8",823201,701852,805811,650333,669477,642715,671218,687551,808982,"53.69",,,,,,,,47,6,"Changeup",4,2,2,4,2,4,2,4,"Infield shade","Standard",111,"0","0","80.8","7.8",,,"0","102.0",2,-2,0.805,0.19499999999999995,25,26,26,27,3,2,22,1,,1,"2.94","1.39","-1.39","45.3",15.352459586523674,-13.57765319491486,27.937923622804526,37.472502710339754,51.32140849395627
"SL","2026-07-09","87.4","1.88","6.16","Whisenhunt, Carson",696100,687931,,"ball",,,,,13,,"R","R","L","SF","COL","B",,,2,2,2026,"-0.1","0.23",-0.2751397348852751,0.3700012980362457,,,,1,6,"Top",,,,,,,-4.960933381922906,-127.07649681129388,-8.108586711542587,-0.20444934984399635,23.2400676565973,-28.360285423109875,3.178756562,1.604232283,,,,"88.6",2580,"6.9",823201,701852,805811,650333,669477,642715,671218,687551,808982,"53.64",,,,,,,,47,5,"Slider",4,2,2,4,2,4,2,4,"Infield shade","Standard",102,"-0.008","0.112",,,,,"-0.112",,2,-2,0.813,0.18700000000000006,25,26,26,27,3,2,22,1,,1,"2.73","-0.1","0.1","52.0",,,,,
"FF","2026-07-09","92","1.7","6.4","Whisenhunt, Carson",696100,687931,,"swinging_strike",,,,,11,,"R","R","L","SF","COL","S",,,2,1,2026,"0.96","1.41",-0.1782012736618257,3.384267571497306,,,,1,6,"Top",,,,,,,-6.873917208432495,-133.78289602173024,-4.751739866226047,13.057144363960326,28.267682222968606,-14.447094601861902,3.178756562,1.604232283,,,,"92.7",2257,"6.7",823201,701852,805811,650333,669477,642715,671218,687551,808982,"53.79",,,,,,,,47,4,"4-Seam Fastball",4,2,2,4,2,4,2,4,"Infield shade","Standard",140,"0.007","-0.077","72.7","6.1","0.188945808",,"0.077",,2,-2,0.806,0.19399999999999995,25,26,26,27,3,2,22,1,,1,"1.29","0.96","-0.96","58.0",11.620926023209131,19.64369981400999,20.113885380084724,34.9318844387491,22.192131319467016
"CH","2026-07-09","82.1","2.04","6.12","Whisenhunt, Carson",696100,687931,,"called_strike",,,,,5,,"R","R","L","SF","COL","S",,,2,0,2026,"1.37","0.88",-0.04246085982778136,2.543493185141105,,,,1,6,"Top",,,,,,,-7.412206027266851,-119.43750766651475,-3.1113676011638787,14.551376258098083,21.941562227216806,-23.371108419784626,3.178756562,1.604232283,,,,"82.9",2011,"6.7",823201,701852,805811,650333,669477,642715,671218,687551,808982,"53.75",,,,,,,,47,3,"Changeup",4,2,2,4,2,4,2,4,"Infield shade","Standard",115,"0.007","-0.07",,,,,"0.07",,2,-2,0.799,0.20099999999999996,25,26,26,27,3,2,22,1,,1,"2.49","1.37","-1.37","45.5",,,,,
"FF","2026-07-09","92.3","1.69","6.41","Whisenhunt, Carson",696100,687931,,"ball",,,,,12,,"R","R","L","SF","COL","B",,,1,0,2026,"0.93","1.5",1.4940215079290473,2.5187288822273897,,,,1,6,"Top",,,,,,,-2.5852690026618723,-134.35313947197653,-7.25617915410288,11.86712209278029,27.384645406958878,-12.625212681242523,3.178756562,1.604232283,,,,"93.3",2342,"6.7",823201,701852,805811,650333,669477,642715,671218,687551,808982,"53.79",,,,,,,,47,2,"4-Seam Fastball",4,2,2,4,2,4,2,4,"Infield shade","Standard",141,"-0.007","0.077",,,,,"-0.077",,2,-2,0.806,0.19399999999999995,25,26,26,27,3,2,22,1,,1,"1.16","0.93","-0.93","54.2",,,,,
"SL","2026-07-09","85.3","1.93","6.08","Whisenhunt, Carson",696100,687931,,"ball",,,,,13,,"R","R","L","SF","COL","B",,,0,0,2026,"-0.09","0.14",-0.258876153246053,1.0181938419595187,,,,1,6,"Top",,,,,,,-4.945211776464546,-124.14856046956237,-5.6615793169392985,0.1242654679045627,25.342390465771675,-29.727270552355606,3.178756562,1.604232283,,,,"86",2478,"6.8",823201,701852,805811,650333,669477,642715,671218,687551,808982,"53.7",,,,,,,,47,1,"Slider",4,2,2,4,2,4,2,4,"Infield shade","Standard",26,"-0.004","0.043",,,,,"-0.043",,2,-2,0.81,0.18999999999999995,25,26,26,27,3,2,22,1,,1,"2.99","-0.09","0.09","51.0",,,,,
"CH","2026-07-09","83.1","2.03","6.12","Whisenhunt, Carson",694249,687931,"strikeout","swinging_strike",,,,,14,"Cole Carrigg strikes out swinging.","R","R","L","SF","COL","S",2,,0,2,2026,"1.41","0.61",1.1286767188887212,2.212661070373927,,,,0,6,"Top",,,,,,,-4.878761928848597,-120.96949878393217,-3.5325315883589257,14.804721537208392,22.34361870645874,-25.724645588348746,3.284949147,1.657824803,,,,"83.9",1976,"6.7",823201,701852,805811,650333,669477,642715,671218,687551,808982,"53.83",,0,"0",1,0,0,,46,3,"Changeup",4,2,2,4,2,4,2,4,"Standard","Standard",114,"0.019","-0.165","65.2","9.1","5.906779836",,"0.165",,2,-2,0.791,0.20899999999999996,25,24,26,24,3,2,22,1,,1,"2.68","1.41","-1.41","45.5",26.45421484661337,-32.50512435700794,27.244781922333107,48.666615209902695,53.43145074096569
"SL","2026-07-09","84.9","2.16","6.16","Whisenhunt, Carson",694249,687931,,"missed_bunt",,,,,6,,"R","R","L","SF","COL","S",,,0,1,2026,"-0.09","0.11",0.6312946145926828,2.405994565333354,,,,0,6,"Top",,,,,,,-3.38001649510343,-123.65558758831962,-2.5100974843179857,-0.26485580094103894,23.558432737539956,-30.771000681442523,3.284949147,1.657824803,,,,"85.7",2505,"6.7",823201,701852,805811,650333,669477,642715,671218,687551,808982,"53.83",,,,,,,,46,2,"Slider",4,2,2,4,2,4,2,4,"Strategic","Standard",255,"0.007","-0.056","7.6","1.5",,,"0.056",,2,-2,0.784,0.21599999999999997,25,24,26,24,3,2,22,1,,1,"3.04","-0.09","0.09","47.1",-24.087122794754418,-24.628162227365166,10.497523460632433,47.28654570032978,16.745097686279927
"SL","2026-07-09","85.5","2.07","6.15","Whisenhunt, Carson",694249,687931,,"foul",,,,,14,,"R","R","L","SF","COL","S",,,0,0,2026,"-0.02","0.26",0.4578901419753053,1.414544282481593,,,,0,6,"Top",,,,,,,-3.7514741607299076,-124.56823532272483,-5.269924463886871,0.5174420506548362,22.959189092804298,-28.671073449297822,3.284949147,1.657824803,,,,"86.6",2380,"6.7",823201,701852,805811,650333,669477,642715,671218,687551,808982,"53.77",,,,,,,,46,1,"Slider",4,2,2,4,2,4,2,4,"Standard","Standard",157,"0.005","-0.043","73.2","8.4",,,"0.043",,2,-2,0.779,0.22099999999999997,25,24,26,24,3,2,22,1,,1,"2.83","-0.02","0.02","53.1",15.677646008179735,-1.6315138706283159,33.719849785240896,42.06504850564236,32.538908913101615
"SL","2026-07-09","86.6","1.86","6.22","Whisenhunt, Carson",691720,687931,"field_out","hit_into_play",,,,,5,"Kyle Karros flies out sharply to center fielder Drew Gilbert.","R","R","L","SF","COL","X",8,"fly_ball",0,0,2026,"0.04","0.5",0.12889009264745432,2.7399451166403694,,,,2,5,"Top",73.96,57.69,,,,,-4.200801392256779,-126.05936314147829,-2.87980072460736,1.3863415974636186,28.3748979984528,-26.52137665261296,3.431512467,1.731791339,371,"101.5",39,"86.8",2374,"6.7",823201,701852,805811,650333,669477,642715,682674,687551,671218,"53.83",0.163,0.303,"0",1,0,0,5,37,1,"Slider",2,2,2,2,2,2,2,2,"Strategic","Standard",172,"0.015","-0.259","73.8","7.5",,0.6,"0.259","101.5",0,0,0.552,0.44799999999999995,25,23,26,24,3,2,22,1,,1,"2.57","0.04","-0.04","55.3",15.816238855605384,-15.221177554431275,30.324110877305923,35.93558753082544,34.198803435888685
"FF","2026-07-09","92.2","1.54","6.46","Whisenhunt, Carson",664983,687931,"field_out","hit_into_play",,,,,12,"Jake McCarthy bunt grounds out to first baseman Bryce Eldridge.","R","L","L","SF","COL","X",3,"ground_ball",0,0,2026,"1.01","1.28",1.1143963296755568,2.821770146899034,,,,1,5,"Top",146.33,172.19,,,,,-3.325015747479503,-134.22887824322564,-6.1156090353059405,12.962459881734192,28.053953127142183,-15.538560992359638,3.228781168,1.629478347,67,"45.4",10,"93.1",2232,"6.7",823201,701852,805811,650333,669477,642715,682674,687551,671218,"53.78",0.225,0.21,"0",1,0,0,1,36,1,"4-Seam Fastball",2,2,2,2,2,2,2,2,"Standard","Standard",139,"0.022","0.065","22.9","3.1",,0.247,"-0.065","88.0",0,0,0.53,0.47,25,28,26,29,3,2,22,1,,1,"1.39","1.01","1.01","56.3",-1.2856312140388664,-14.272486127937256,13.406664499989272,21.340818007732697,57.91744698179377
"FF","2026-07-09","91.4","1.69","6.3","Whisenhunt, Carson",690924,687931,"field_out","hit_into_play",,,,,12,"Braxton Fulford grounds out, shortstop Willy Adames to first baseman Bryce Eldridge.","R","R","L","SF","COL","X",6,"ground_ball",1,2,2026,"0.93","1.37",0.9785765770679083,2.5609287544494608,,,,0,5,"Top",109.24,157.76,,,,,-3.8446705363914013,-133.06169246463847,-6.45069317443067,11.852628534746854,25.92440493615752,-14.709813038337533,3.130487205,1.579872047,43,"80.6",1,"92.7",2257,"6.8",823201,701852,805811,650333,669477,642715,682674,687551,671218,"53.66",0.209,0.207,"0",1,0,0,2,35,4,"4-Seam Fastball",2,2,2,2,2,2,2,2,"Infield shade","Standard",140,"0.021","-0.188","73.6","6.9",,0.249,"0.188","88.0",0,0,0.509,0.491,25,27,26,28,2,1,22,1,,11,"1.34","0.93","-0.93","51.4",12.471325816717727,-0.7466290814707666,25.61678557744711,45.195008532417475,34.939415785447224
"SL","2026-07-09","85.9","1.85","6.17","Whisenhunt, Carson",690924,687931,,"swinging_strike",,,,,13,,"R","R","L","SF","COL","S",,,1,1,2026,"-0.07","0.22",-0.07264640982346057,0.36168508019447776,,,,0,5,"Top",,,,,,,-4.3904783202509545,-125.07724473285676,-7.86598601896063,-0.006786942625954645,19.641471199436083,-28.70661112393742,3.130487205,1.579872047,,,,"87.4",2433,"6.7",823201,701852,805811,650333,669477,642715,682674,687551,671218,"53.77",,,,,,,,35,3,"Slider",2,2,2,2,2,2,2,2,"Infield shade","Standard",148,"0.008","-0.062","65.4","8.0","7.800894888",,"0.062",,0,0,0.501,0.499,25,27,26,28,2,1,22,1,,11,"2.81","-0.07","0.07","50.6",23.458604875612217,-24.564636796840585,39.33540525749121,34.295417551445915,48.430237266047634
"SL","2026-07-09","86.3","1.96","6.2","Whisenhunt, Carson",690924,687931,,"foul",,,,,8,,"R","R","L","SF","COL","S",,,1,0,2026,"0.01","0.27",0.13478986943216018,2.0039194246996943,,,,0,5,"Top",,,,,,,-4.357864363649601,-125.76705218273314,-4.210206194447056,0.8933347285955932,21.66514409042512,-28.754248390558153,3.130487205,1.579872047,4,"66.6",-28,"87.6",2361,"6.7",823201,701852,805811,650333,669477,642715,682674,687551,671218,"53.79",,,,,,,,35,2,"Slider",2,2,2,2,2,2,2,2,"Infield shade","Standard",171,"0.006","-0.058","72.7","7.7",,,"0.058","88.0",0,0,0.495,0.505,25,27,26,28,2,1,22,1,,11,"2.75","0.01","-0.01","57.5",23.492383064645583,-19.87695023175552,30.12593917590819,36.8069016246675,44.876257114221744
"CH","2026-07-09","81","1.93","6.1","Whisenhunt, Carson",690924,687931,,"ball",,,,,4,,"R","R","L","SF","COL","B",,,0,0,2026,"1.38","0.67",-0.800124640816442,2.257675689160784,,,,0,5,"Top",,,,,,,-8.76849608257201,-117.7664910590435,-3.075208772901243,14.417440467559118,20.638810460576355,-25.53627040789149,3.130487205,1.579872047,,,,"82",1899,"6.8",823201,701852,805811,650333,669477,642715,682674,687551,671218,"53.7",,,,,,,,35,1,"Changeup",2,2,2,2,2,2,2,2,"Infield shade","Standard",112,"-0.005","0.044",,,,,"-0.044",,0,0,0.5,0.5,25,27,26,28,2,1,22,1,,11,"2.79","1.38","-1.38","45.7",,,,,
"FF","2026-07-09","92","1.62","6.35","Whisenhunt, Carson",678662,687931,"field_out","hit_into_play",,,,,12,"Ezequiel Tovar flies out to right fielder Heliot Ramos.","R","R","L","SF","COL","X",9,"fly_ball",1,1,2026,"1.04","1.53",0.41499913497609975,3.5715862452246543,,,,2,4,"Top",152.74,100.18,,,,,-5.370986532249601,-133.80234871251974,-4.398742373440887,13.647369560386391,30.12218626154046,-13.01701895576334,3.219127297,1.624606299,256,"94",57,"92.7",2206,"6.8",823201,701852,805811,650333,669477,642715,682674,687551,671218,"53.66",0.02,0.024,"0",1,0,0,3,30,3,"4-Seam Fastball",1,2,2,1,2,1,2,1,"Strategic","Standard",137,"0.01","-0.246","74.5","7.6",,0.032,"0.246","94.0",-1,1,0.418,0.5820000000000001,25,24,26,25,2,1,22,1,,1,"1.17","1.04","-1.04","56.5",12.841050111601993,-1.9379371108200318,23.182070672408358,40.583489614088215,30.652085919075905
"FF","2026-07-09","92.6","1.65","6.4","Whisenhunt, Carson",678662,687931,,"ball",,,,,11,,"R","R","L","SF","COL","B",,,0,1,2026,"0.87","1.59",-1.525760493187173,3.8101581576166437,,,,2,4,"Top",,,,,,,-10.00018482986256,-134.54600252031264,-4.166390670241869,12.689361690165532,28.86225588567409,-12.156358827803404,3.219127297,1.624606299,,,,"93.3",2257,"6.8",823201,701852,805811,650333,669477,642715,682674,687551,671218,"53.74",,,,,,,,30,2,"4-Seam Fastball",1,2,2,1,2,1,2,1,"Standard","Standard",145,"-0.001","0.031",,,,,"-0.031",,-1,1,0.419,0.581,25,24,26,25,2,1,22,1,,1,"1.08","0.87","-0.87","59.4",,,,,
"FF","2026-07-09","92.1","1.7","6.36","Whisenhunt, Carson",678662,687931,,"foul_tip",,,,,4,,"R","R","L","SF","COL","S",,,0,0,2026,"0.96","1.5",-0.48977441265446964,2.530046205286073,,,,2,4,"Top",,,,,,,-7.675192588177179,-133.88249385424368,-7.070767349160089,13.188781331041037,27.95122441422669,-12.728626877744224,3.219127297,1.624606299,,,,"93.1",2250,"6.9",823201,701852,805811,650333,669477,642715,682674,687551,671218,"53.63",,,,,,,,30,1,"4-Seam Fastball",1,2,2,1,2,1,2,1,"Standard","Standard",145,"0.002","-0.044","76.1","7.3",,,"0.044",,-1,1,0.417,0.583,25,24,26,25,2,1,22,1,,1,"1.18","0.96","-0.96","54.9",10.386002429946231,-4.951242036700492,38.52236099639927,28.90862561850859,30.145067869545308
"CH","2026-07-09","83","2.13","6.05","Whisenhunt, Carson",650489,687931,"home_run","hit_into_play",,,,,4,"Willi Castro homers (7) on a fly ball to left center field. Hunter Goodman scores.","R","R","L","SF","COL","X",,"fly_ball",1,2,2026,"1.46","0.7",-0.35340498354491845,2.6690559483752794,696100,,,2,4,"Top",57.56,65.03,,,,,-8.578436683939433,-120.66186129116386,-2.469097860422937,15.914261172538241,22.164599281161298,-25.0791816259453,3.203330053,1.616633858,391,"97.7",31,"83.8",1891,"6.7",823201,701852,805811,650333,669477,642715,682674,687551,671218,"53.78",0.3,0.542,"2",1,0,3,5,29,4,"Changeup",1,0,0,1,2,1,2,1,"Strategic","Standard",107,"-0.235","1.493","69.7","7.1",,1.043,"-1.493","97.7",1,-1,0.652,0.348,25,29,26,29,2,1,22,1,,1,"2.6","1.46","-1.46","44.8",10.315962839818718,-17.949787661381215,34.31571324796706,29.654353260338755,33.19207184891006
"CH","2026-07-09","82.5","2.17","6.04","Whisenhunt, Carson",650489,687931,,"blocked_ball",,,,,14,,"R","R","L","SF","COL","B",,,0,2,2026,"1.49","0.57",1.6477299630454212,0.024092610698975836,696100,,,2,4,"Top",,,,,,,-4.152585180343438,-120.0070603012486,-8.101645667365059,15.180027076032244,21.861741871370576,-25.353475643326195,3.203330053,1.616633858,,,,"83.3",1949,"6.7",823201,701852,805811,650333,669477,642715,682674,687551,671218,"53.79",,,,,,,,29,3,"Changeup",1,0,0,1,0,1,0,1,"Strategic","Standard",107,"-0.005","0.027",,,,,"-0.027",,1,-1,0.657,0.34299999999999997,25,29,26,29,2,1,22,1,,1,"2.77","1.49","-1.49","48.8",,,,,
"CH","2026-07-09","81.7","2.08","6.13","Whisenhunt, Carson",650489,687931,,"swinging_strike_blocked",,,,,14,,"R","R","L","SF","COL","S",,,0,1,2026,"1.12","0.48",0.8508043279532349,0.6599401436767893,696100,,,2,4,"Top",,,,,,,-4.954130407226509,-118.89471309553103,-6.508819990784405,11.59447232105519,20.88484493124517,-26.583927822552127,3.203330053,1.616633858,,,,"82.5",1792,"6.6",823201,701852,805811,650333,669477,642715,682674,687551,671218,"53.89",,,,,,,,29,2,"Changeup",1,0,0,1,0,1,0,1,"Standard","Standard",110,"0.012","-0.053","66.6","9.1","6.432654768",,"0.053",,1,-1,0.645,0.355,25,29,26,29,2,1,22,1,,1,"2.91","1.12","-1.12","47.7",23.095027925048853,-33.431401830945774,35.84541492502154,44.55093833000378,48.98364649306306
"FF","2026-07-09","92.5","1.79","6.28","Whisenhunt, Carson",650489,687931,,"called_strike",,,,,12,,"R","R","L","SF","COL","S",,,0,0,2026,"0.89","1.36",0.43387363292327574,3.5633832419674696,696100,,,2,4,"Top",,,,,,,-5.413174809634138,-134.60491709648636,-3.9902562737808847,11.931441260319563,28.488182312939212,-14.970598093748608,3.203330053,1.616633858,,,,"93.3",2204,"6.7",823201,701852,805811,650333,669477,642715,682674,687551,671218,"53.79",,,,,,,,29,1,"4-Seam Fastball",1,0,0,1,0,1,0,1,"Standard","Standard",139,"0.007","-0.036",,,,,"0.036",,1,-1,0.638,0.362,25,29,26,29,2,1,22,1,,1,"1.3","0.89","-0.89","53.1",,,,,
"CH","2026-07-09","83.2","2.05","6.1","Whisenhunt, Carson",671289,687931,"grounded_into_double_play","hit_into_play",,,,,14,"Tyler Freeman grounds into a double play, third baseman Casey Schmitt to second baseman Luis Arraez to first baseman Bryce Eldridge. Hunter Goodman to 3rd. TJ Rumfield out at 2nd. Tyler Freeman out at 1st.","R","R","L","SF","COL","X",5,"ground_ball",0,1,2026,"1.23","0.48",0.9163109284040003,2.252137660740343,,696100,681198,0,4,"Top",110.26,169.42,,,,,-5.064780525162537,-121.23329992231845,-3.2224426191618156,13.107520771701017,20.630161469193055,-26.982536690005904,3.150672572,1.590059055,6,"65.5",-23,"84.4",1923,"6.7",823201,701852,805811,650333,669477,642715,682674,687551,671218,"53.79",0.048,0.043,"0",1,0,0,2,28,2,"Changeup",1,0,0,1,0,1,0,1,"Strategic","Standard",106,"0.123","-0.287","75.8","7.9",,0.052,"0.287","88.0",1,-1,0.515,0.485,25,27,26,27,2,1,22,1,,1,"2.77","1.23","-1.23","47.2",8.459995749407438,-17.883321002602123,25.909765577424448,47.759316904872904,41.05709137671312
"CH","2026-07-09","82.2","2.09","6.07","Whisenhunt, Carson",671289,687931,,"foul_bunt",,,,,6,,"R","R","L","SF","COL","S",,,0,0,2026,"1.48","0.53",0.39555022972502063,2.518110060000267,,696100,681198,0,4,"Top",,,,,,,-6.774291904842993,-119.65077872105105,-2.4159843545879585,15.542495715454182,21.287032754409058,-26.78472903830559,3.150672572,1.590059055,,,,"83.1",1836,"6.7",823201,701852,805811,650333,669477,642715,682674,687551,671218,"53.78",,,,,,,,28,1,"Changeup",1,0,0,1,0,1,0,1,"Standard","Standard",108,"0.01","-0.059","6.9","1.6",,,"0.059","88.0",1,-1,0.505,0.495,25,27,26,27,2,1,22,1,,1,"2.82","1.48","-1.48","44.6",-69.76754286172599,-133.15014244822322,45.163560026696985,41.428093982442306,30.738482677171934
"FF","2026-07-09","92.4","1.72","6.31","Whisenhunt, Carson",681198,687931,"walk","ball",,,,,12,"TJ Rumfield walks. Hunter Goodman to 2nd.","R","L","L","SF","COL","B",,,3,0,2026,"0.91","1.52",0.5614070365768111,3.928413812165535,,,696100,0,4,"Top",,,,,,,-4.962142724497617,-134.4724638729498,-3.4706603711562245,12.119097137392478,28.585104327181682,-13.115920307468286,3.422736221,1.727362205,,,,"93",2258,"6.6",823201,701852,805811,650333,669477,642715,682674,687551,671218,"53.9",,0.698079,"0.7",1,0,0,,27,4,"4-Seam Fastball",1,0,0,1,0,1,0,1,"Standard","Standard",141,"-0.028","0.141",,,,,"-0.141",,1,-1,0.533,0.46699999999999997,25,26,26,26,2,1,22,1,,1,"1.14","0.91","0.91","51.8",,,,,
"SL","2026-07-09","85.4","1.75","6.15","Whisenhunt, Carson",681198,687931,,"blocked_ball",,,,,13,,"R","L","L","SF","COL","B",,,2,0,2026,"-0.1","0.32",-0.47116375000919103,1.089290998100605,,,696100,0,4,"Top",,,,,,,-4.983364551687701,-124.38285081431371,-6.174877539123221,-0.24274041091121895,20.80841470983835,-27.913570438810314,3.422736221,1.727362205,,,,"86.6",2372,"6.6",823201,701852,805811,650333,669477,642715,682674,687551,671218,"53.89",,,,,,,,27,3,"Slider",1,0,0,1,0,1,0,1,"Standard","Standard",145,"-0.022","0.15",,,,,"-0.15",,1,-1,0.555,0.44499999999999995,25,26,26,26,2,1,22,1,,1,"2.76","-0.1","-0.1","48.6",,,,,
"FF","2026-07-09","92.3","1.7","6.44","Whisenhunt, Carson",681198,687931,,"ball",,,,,3,,"R","L","L","SF","COL","B",,,1,0,2026,"0.83","1.47",0.7089543175026959,3.4526665482457695,,,696100,0,4,"Top",,,,,,,-4.361456595513419,-134.28649465200965,-4.889836636380315,11.01629010365406,28.35968492875981,-13.484044039519764,3.422736221,1.727362205,,,,"93",2246,"6.7",823201,701852,805811,650333,669477,642715,682674,687551,671218,"53.82",,,,,,,,27,2,"4-Seam Fastball",1,0,0,1,0,1,0,1,"Standard","Standard",143,"-0.014","0.079",,,,,"-0.079",,1,-1,0.569,0.43100000000000005,25,26,26,26,2,1,22,1,,1,"1.2","0.83","0.83","55.1",,,,,
"SL","2026-07-09","85.7","1.94","6.25","Whisenhunt, Carson",681198,687931,,"ball",,,,,11,,"R","L","L","SF","COL","B",,,0,0,2026,"-0.09","0.29",-0.25046000393359036,3.707178562837435,,,696100,0,4,"Top",,,,,,,-4.972735348846933,-124.90464248376627,-0.2418446105415868,-0.0479671088883684,21.653495051555765,-29.288078594801526,3.422736221,1.727362205,,,,"86.9",2491,"6.7",823201,701852,805811,650333,669477,642715,682674,687551,671218,"53.84",,,,,,,,27,1,"Slider",1,0,0,1,0,1,0,1,"Standard","Standard",218,"-0.007","0.039",,,,,"-0.039",,1,-1,0.576,0.42400000000000004,25,26,26,26,2,1,22,1,,1,"2.77","-0.09","-0.09","48.9",,,,,
"FF","2026-07-09","92.7","1.74","6.37","Whisenhunt, Carson",696100,687931,"single","hit_into_play",,,,,9,"Hunter Goodman singles on a sharp line drive to left fielder Victor Bericoto.","R","R","L","SF","COL","X",7,"line_drive",0,0,2026,"1.09","1.47",0.3466824750973716,1.9402852758249738,,,,0,4,"Top",79.97,77.12,,,,,-5.983920567188883,-134.74223267432058,-8.638652458349387,14.54425019770397,26.41276364723435,-12.627723865236677,3.178756562,1.604232283,281,"102.8",15,"93.8",2304,"6.8",823201,701852,805811,650333,669477,642715,682674,687551,671218,"53.73",0.637,0.675,"0.9",1,1,0,4,26,1,"4-Seam Fastball",1,0,0,1,0,1,0,1,"Infield shade","Standard",143,"-0.047","0.457","71.7","7.3",,0.953,"-0.457","102.8",1,-1,0.623,0.377,25,26,26,27,2,1,22,1,,1,"1.17","1.09","-1.09","55.8",10.587397699268854,2.2766613286020423,29.721664106415645,40.690579916169845,35.742198547247845
"CH","2026-07-09","84.1","2.02","5.98","Whisenhunt, Carson",694249,687931,"field_out","hit_into_play",,,,,13,"Cole Carrigg flies out to center fielder Drew Gilbert.","R","R","L","SF","COL","X",8,"fly_ball",1,2,2026,"1.38","0.76",-0.33431951822997075,1.1026070855688004,690924,664983,691720,2,3,"Top",91.59,45.32,,,,,-8.23825865064206,-122.04803059072958,-6.200690182287729,15.472319955585293,24.48988506620789,-23.470533082112492,3.284949147,1.657824803,387,"99.7",29,"84.5",1923,"6.8",823201,701852,805811,650333,669477,642715,682674,687551,671218,"53.73",0.531,0.98,"0",1,0,0,6,22,4,"Changeup",1,0,0,1,0,1,0,1,"Standard","Standard",103,"0.062","-0.164","73.7","8.3",,1.883,"0.164","99.7",1,-1,0.607,0.393,25,24,26,24,2,1,22,1,,1,"2.48","1.38","-1.38","44.5",15.4857481748072,-8.089073542210343,46.21323420144521,32.41290122258357,35.67143316201166
"FF","2026-07-09","93.2","1.77","6.38","Whisenhunt, Carson",694249,687931,,"ball",,,,,12,,"R","R","L","SF","COL","B",,,0,2,2026,"0.96","1.2",0.8755017203090091,4.121980440530235,690924,664983,691720,2,3,"Top",,,,,,,-4.447747632116523,-135.74328745170558,-2.591135348250051,12.875536016031484,29.047831906456675,-16.97355027883762,3.284949147,1.657824803,,,,"94",2178,"6.6",823201,701852,805811,650333,669477,642715,682674,687551,671218,"53.85",,,,,,,,22,3,"4-Seam Fastball",1,0,0,1,0,1,0,1,"Standard","Standard",142,"-0.009","0.006",,,,,"-0.006",,1,-1,0.616,0.384,25,24,26,24,2,1,22,1,,1,"1.42","0.96","-0.96","53.7",,,,,
"CH","2026-07-09","83","2.15","5.99","Whisenhunt, Carson",694249,687931,,"swinging_strike",,,,,14,,"R","R","L","SF","COL","S",,,0,1,2026,"1.53","0.85",0.24172846028092665,1.4857129953130084,690924,664983,691720,2,3,"Top",,,,,,,-7.40128572566961,-120.57381165623772,-5.311341462354376,16.371545333451742,22.18707732028828,-23.072377080965428,3.284949147,1.657824803,,,,"83.7",1896,"6.7",823201,701852,805811,650333,669477,642715,682674,687551,671218,"53.76",,,,,,,,22,2,"Changeup",1,0,0,1,0,1,0,1,"Standard","Standard",106,"0.022","-0.052","71.6","9.1","0.844140444",,"0.052",,1,-1,0.594,0.406,25,24,26,24,2,1,22,1,,1,"2.46","1.53","-1.53","45.4",29.619912977732362,-26.850734379652682,38.277176444983866,39.10229707685349,51.55768805433219
"CH","2026-07-09","82.4","2.02","6.07","Whisenhunt, Carson",694249,687931,,"swinging_strike",,,,,13,,"R","R","L","SF","COL","S",,,0,0,2026,"1.32","0.5",-0.1596750977207293,0.7000843776702075,690924,664983,691720,2,3,"Top",,,,,,,-7.5763425449666615,-119.72706250582732,-6.474321559245981,14.140817758938967,21.660839289202713,-26.322319914503964,3.284949147,1.657824803,,,,"83.4",1811,"6.9",823201,701852,805811,650333,669477,642715,682674,687551,671218,"53.63",,,,,,,,22,1,"Changeup",1,0,0,1,0,1,0,1,"Standard","Standard",107,"0.013","-0.035","68.1","9.2","9.059866836",,"0.035",,1,-1,0.581,0.41900000000000004,25,24,26,24,2,1,22,1,,1,"2.85","1.32","-1.32","46.1",36.62831141610459,-37.56822481274874,40.667907624622295,35.005385553948386,60.48990611465413
"CH","2026-07-09","82.5","2.13","6.06","Whisenhunt, Carson",691720,687931,"walk","blocked_ball",,,,,13,"Kyle Karros walks. Braxton Fulford to 3rd. Jake McCarthy to 2nd.","R","R","L","SF","COL","B",,,3,2,2026,"1.53","0.75",-0.6501257021011424,0.8359349932176596,,690924,664983,2,3,"Top",,,,,,,-9.30414188510125,-119.7179149554177,-6.609942402896677,16.46256864599714,22.13878774192102,-23.807801249657604,3.431512467,1.731791339,,,,"83",1958,"6.7",823201,701852,805811,650333,669477,642715,682674,687551,671218,"53.8",,0.698079,"0.7",1,0,0,,21,7,"Changeup",1,0,0,1,0,1,0,1,"Standard","Standard",112,"-0.031","0.167",,,,,"-0.167",,1,-1,0.612,0.388,25,23,26,24,2,1,22,1,,1,"2.6","1.53","-1.53","46.0",,,,,
"FF","2026-07-09","92","1.78","6.26","Whisenhunt, Carson",691720,687931,,"foul",,,,,4,,"R","R","L","SF","COL","S",,,3,2,2026,"0.81","1.36",-0.5481745280853484,2.383875681156381,,690924,664983,2,3,"Top",,,,,,,-7.669788200264654,-133.7532859549678,-6.80058185394683,11.311695524996226,27.942188737973435,-14.585761354091884,3.431512467,1.731791339,198,"81.4",59,"92.8",2276,"6.7",823201,701852,805811,650333,669477,642715,682674,687551,671218,"53.77",,,,,,,,21,6,"4-Seam Fastball",1,0,0,1,0,1,0,1,"Strategic","Standard",137,"0","0","77.1","7.1",,,"0","88.0",1,-1,0.612,0.388,25,23,26,24,2,1,22,1,,1,"1.33","0.81","-0.81","52.3",2.9548046905996905,-9.076474194776383,45.22575584320506,28.45023953662816,23.959355751853593
"FF","2026-07-09","93.3","1.74","6.41","Whisenhunt, Carson",691720,687931,,"ball",,,,,11,,"R","R","L","SF","COL","B",,,2,2,2026,"0.84","1.41",-0.2366972736089784,5.349676907028255,,690924,664983,2,3,"Top",,,,,,,-6.951749442859017,-135.77290332440919,0.030505286348603777,11.940492195826266,29.637574455740364,-14.998414678585672,3.431512467,1.731791339,,,,"93.8",2280,"6.6",823201,701852,805811,650333,669477,642715,682674,687551,671218,"53.92",,,,,,,,21,5,"4-Seam Fastball",1,0,0,1,0,1,0,1,"Standard","Standard",142,"-0.014","0.069",,,,,"-0.069",,1,-1,0.626,0.374,25,23,26,24,2,1,22,1,,1,"1.21","0.84","-0.84","52.9",,,,,
"CH","2026-07-09","81.2","2.11","6.06","Whisenhunt, Carson",691720,687931,,"swinging_strike",,,,,14,,"R","R","L","SF","COL","S",,,2,1,2026,"1.61","0.78",0.38594545894923105,1.5848013595902701,,690924,664983,2,3,"Top",,,,,,,-6.990473541973832,-118.08273841764822,-4.775730201783544,16.349702891949345,19.544386009617977,-24.160490939383255,3.431512467,1.731791339,,,,"82.1",1972,"6.7",823201,701852,805811,650333,669477,642715,682674,687551,671218,"53.83",,,,,,,,21,4,"Changeup",1,0,0,1,0,1,0,1,"Standard","Standard",107,"0.012","-0.077","67.2","8.7","14.357075856",,"0.077",,1,-1,0.614,0.386,25,23,26,24,2,1,22,1,,1,"2.64","1.61","-1.61","46.9",32.10721413991088,-51.18871424993508,38.32016396061856,38.310255883148855,60.03428433601628
"CH","2026-07-09","82","2.31","5.99","Whisenhunt, Carson",691720,687931,,"blocked_ball",,,,,14,,"R","R","L","SF","COL","B",,,1,1,2026,"1.43","0.75",0.3362036165779665,0.8307931862659585,,690924,664983,2,3,"Top",,,,,,,-7.2618024992283035,-119.09891087155586,-6.322918899418193,15.056247078654762,23.428014395474612,-23.927369868766405,3.431512467,1.731791339,,,,"82.4",2004,"6.7",823201,701852,805811,650333,669477,642715,682674,687551,671218,"53.79",,,,,,,,21,3,"Changeup",1,0,0,1,0,1,0,1,"Standard","Standard",107,"-0.007","0.029",,,,,"-0.029",,1,-1,0.621,0.379,25,23,26,24,2,1,22,1,,1,"2.65","1.43","-1.43","45.0",,,,,
"CH","2026-07-09","83.5","2.16","6.1","Whisenhunt, Carson",691720,687931,,"swinging_strike",,,,,9,,"R","R","L","SF","COL","S",,,1,0,2026,"1.37","0.72",0.3403140996910523,1.6489848847758397,,690924,664983,2,3,"Top",,,,,,,-6.887836256062444,-121.33977438454176,-5.013056519803179,14.833394229694695,23.64310425905581,-24.25116152354805,3.431512467,1.731791339,,,,"83.7",1938,"6.5",823201,701852,805811,650333,669477,642715,682674,687551,671218,"53.98",,,,,,,,21,2,"Changeup",1,0,0,1,0,1,0,1,"Standard","Standard",111,"0.007","-0.045","68.3","8.7","11.224185444",,"0.045",,1,-1,0.614,0.386,25,23,26,24,2,1,22,1,,1,"2.56","1.37","-1.37","47.4",32.62509558434155,-43.43455885701908,39.41496539673865,39.12071659600308,54.62353230950029
"FF","2026-07-09","93","1.76","6.37","Whisenhunt, Carson",691720,687931,,"ball",,,,,14,,"R","R","L","SF","COL","B",,,0,0,2026,"0.93","1.47",0.42559754190544363,1.2724958616851647,,690924,664983,2,3,"Top",,,,,,,-5.500751884091334,-134.98145560003374,-10.321858248257106,12.584085448650617,30.35132620268852,-12.112337027208696,3.431512467,1.731791339,,,,"93.6",2361,"6.8",823201,701852,805811,650333,669477,642715,682674,687551,671218,"53.67",,,,,,,,21,1,"4-Seam Fastball",1,0,0,1,0,1,0,1,"Standard","Standard",144,"-0.004","0.028",,,,,"-0.028",,1,-1,0.618,0.382,25,23,26,24,2,1,22,1,,1,"1.19","0.93","-0.93","52.9",,,,,
"FF","2026-07-09","93.4","1.61","6.42","Whisenhunt, Carson",664983,687931,"walk","ball",,,,,13,"Jake McCarthy walks.","R","L","L","SF","COL","B",,,3,2,2026,"1.05","1.43",-0.17360131696027414,1.1723321690901556,,690924,,2,3,"Top",,,,,,,-6.9267050163913035,-135.49628202215848,-10.693870249001911,14.45515457130955,30.06882114363525,-12.384789205299441,3.228781168,1.629478347,,,,"93.8",2395,"6.7",823201,701852,805811,650333,669477,642715,682674,687551,671218,"53.8",,0.698079,"0.7",1,0,0,,20,8,"4-Seam Fastball",1,0,0,1,0,1,0,1,"Standard","Standard",138,"-0.011","0.149",,,,,"-0.149",,1,-1,0.629,0.371,25,28,26,29,2,1,22,1,,1,"1.21","1.05","1.05","52.4",,,,,
"FF","2026-07-09","92.9","1.79","6.39","Whisenhunt, Carson",664983,687931,,"ball",,,,,11,,"R","L","L","SF","COL","B",,,2,2,2026,"0.98","1.46",-1.3146216992067732,2.8322005229403318,,690924,,2,3,"Top",,,,,,,-10.041469738362736,-134.7908063425845,-6.369631292299785,14.094324043297243,29.821183324782087,-13.0791796417508,3.228781168,1.629478347,,,,"93.1",2362,"6.6",823201,701852,805811,650333,669477,642715,682674,687551,671218,"53.88",,,,,,,,20,7,"4-Seam Fastball",1,0,0,1,0,1,0,1,"Standard","Standard",137,"-0.008","0.061",,,,,"-0.061",,1,-1,0.637,0.363,25,28,26,29,2,1,22,1,,1,"1.2","0.98","0.98","58.4",,,,,
"SL","2026-07-09","84.8","1.89","6.22","Whisenhunt, Carson",664983,687931,,"foul",,,,,14,,"R","L","L","SF","COL","S",,,2,2,2026,"-0.07","0",0.07969868126467275,1.2544264737099966,,690924,,2,3,"Top",,,,,,,-4.050792750588472,-123.45490641654752,-5.0910139021447085,-0.007241711930038443,22.031854632004965,-31.471919086412314,3.228781168,1.629478347,,,,"85.7",2448,"6.6",823201,701852,805811,650333,669477,642715,682674,687551,671218,"53.91",,,,,,,,20,6,"Slider",1,0,0,1,0,1,0,1,"Standard","Standard",318,"0","0","48.3","8.2",,,"0",,1,-1,0.637,0.363,25,28,26,29,2,1,22,1,,1,"3.14","-0.07","-0.07","54.8",19.03215610033511,-24.406313380660276,34.234648782431314,34.95794429284732,39.412054208038896
"SL","2026-07-09","87.1","1.7","6.3","Whisenhunt, Carson",664983,687931,,"foul",,,,,13,,"R","L","L","SF","COL","S",,,2,2,2026,"-0.14","0.04",-0.9279674085742894,2.094151736640022,,690924,,2,3,"Top",,,,,,,-5.985432724756143,-126.84512320562534,-3.851488447361188,-0.3665344436589166,23.408102130205084,-31.238750136848797,3.228781168,1.629478347,3,"89.9",-40,"88.1",2578,"6.7",823201,701852,805811,650333,669477,642715,682674,687551,671218,"53.82",,,,,,,,20,5,"Slider",1,0,0,1,0,1,0,1,"Standard","Standard",72,"0","0","65.8","7.5",,,"0","89.9",1,-1,0.637,0.363,25,28,26,29,2,1,22,1,,1,"2.94","-0.14","-0.14","53.4",12.540835002304666,-5.109106725350916,26.7076222068271,47.077478059996416,31.869931352345496
"CH","2026-07-09","82.2","2.06","6.06","Whisenhunt, Carson",664983,687931,,"ball",,,,,14,,"R","L","L","SF","COL","B",,,1,2,2026,"1.37","0.59",0.48648614340689655,1.3372519708050548,,690924,,2,3,"Top",,,,,,,-6.247436610944105,-119.53963391908361,-5.147594410950526,14.345539998312113,21.140953390300048,-25.74165456022292,3.228781168,1.629478347,,,,"82.9",1838,"6.6",823201,701852,805811,650333,669477,642715,682674,687551,671218,"53.88",,,,,,,,20,4,"Changeup",1,0,0,1,0,1,0,1,"Standard","Standard",109,"-0.005","0.026",,,,,"-0.026",,1,-1,0.642,0.358,25,28,26,29,2,1,22,1,,1,"2.77","1.37","1.37","45.5",,,,,
"SL","2026-07-09","85.8","1.9","6.27","Whisenhunt, Carson",664983,687931,,"swinging_strike",,,,,13,,"R","L","L","SF","COL","S",,,1,1,2026,"-0.08","0.14",-1.021823561637578,1.1540599828250797,,690924,,2,3,"Top",,,,,,,-6.687336356142849,-124.84524558946637,-5.9647330194903,0.3535961686323012,21.79480362045791,-29.796957256245086,3.228781168,1.629478347,,,,"86.8",2455,"6.6",823201,701852,805811,650333,669477,642715,682674,687551,671218,"53.9",,,,,,,,20,3,"Slider",1,0,0,1,0,1,0,1,"Standard","Standard",40,"0.009","-0.07","71.0","7.7","7.758963828",,"0.07",,1,-1,0.633,0.367,25,28,26,29,2,1,22,1,,1,"2.92","-0.08","-0.08","54.4",14.706442644594253,-11.617018699858095,32.53890678382057,47.387574921771645,37.72205232020811
"SL","2026-07-09","85.4","1.99","6.22","Whisenhunt, Carson",664983,687931,,"foul",,,,,11,,"R","L","L","SF","COL","S",,,1,0,2026,"-0.14","0.12",-0.6319531223714681,3.657429477621574,,690924,,2,3,"Top",,,,,,,-5.8313400190615825,-124.32687817808566,0.20219873048467818,-0.2981414685267198,24.85681953680269,-31.1467063261356,3.228781168,1.629478347,215,"83.2",56,"85.8",2333,"6.5",823201,701852,805811,650333,669477,642715,682674,687551,671218,"54.01",,,,,,,,20,2,"Slider",1,0,0,1,0,1,0,1,"Standard","Standard",240,"0.003","-0.049","70.7","6.3",,,"0.049","88.0",1,-1,0.63,0.37,25,28,26,29,2,1,22,1,,1,"3","-0.14","-0.14","49.9",6.602304552460974,12.284128483248443,20.451753445334045,42.961627511801524,22.159812190173447
"FF","2026-07-09","93.6","1.72","6.51","Whisenhunt, Carson",664983,687931,,"ball",,,,,11,,"R","L","L","SF","COL","B",,,0,0,2026,"0.9","1.32",-0.2631273375567824,4.380948144819868,,690924,,2,3,"Top",,,,,,,-7.117395818521568,-136.12236410519324,-2.5387473705288164,12.755968731172416,29.943402424828772,-15.45850616607218,3.228781168,1.629478347,,,,"94.1",2157,"6.6",823201,701852,805811,650333,669477,642715,682674,687551,671218,"53.91",,,,,,,,20,1,"4-Seam Fastball",1,0,0,1,0,1,0,1,"Standard","Standard",142,"-0.001","0.027",,,,,"-0.027",,1,-1,0.631,0.369,25,28,26,29,2,1,22,1,,1,"1.29","0.9","0.9","53.5",,,,,
"FF","2026-07-09","93.7","1.8","6.35","Whisenhunt, Carson",690924,687931,"double","hit_into_play",,,,,5,"Braxton Fulford doubles (4) on a fly ball to center fielder Drew Gilbert.","R","R","L","SF","COL","X",8,"fly_ball",0,0,2026,"1.07","1.31",0.15759179143150415,2.077420324291028,,,,2,3,"Top",127.55,38.87,,,,,-6.643692404789614,-136.2181649386915,-8.088083715494404,14.737054487125487,27.67433829570832,-14.279378348168386,3.130487205,1.579872047,395,"99.7",30,"94.6",2197,"6.7",823201,701852,805811,650333,669477,642715,682674,687551,671218,"53.8",0.509,0.942,"1.25",1,1,1,6,19,1,"4-Seam Fastball",1,0,0,1,0,1,0,1,"Infield shade","Strategic",135,"-0.026","0.55","75.9","6.8",,1.803,"-0.55","99.7",1,-1,0.657,0.34299999999999997,25,27,26,28,1,0,22,1,,11,"1.28","1.07","-1.07","56.1",5.169865123588343,-3.3981647822524255,31.27139967541607,36.852934335361056,34.56911141910453
"CH","2026-07-09","83","2.17","6.04","Whisenhunt, Carson",678662,687931,"field_out","hit_into_play",,,,,2,"Ezequiel Tovar grounds out, shortstop Willy Adames to first baseman Bryce Eldridge.","R","R","L","SF","COL","X",6,"ground_ball",0,1,2026,"1.45","0.63",-0.08634178672570214,2.85697294907768,,,,1,3,"Top",102.15,150.16,,,,,-8.017706016628056,-120.72835491745332,-1.94893088951127,15.6581144708637,20.234532883597538,-25.760683140717497,3.219127297,1.624606299,116,"105.5",6,"83.9",2102,"6.6",823201,701852,805811,650333,669477,642715,682674,687551,671218,"53.94",0.609,0.566,"0",1,0,0,4,18,2,"Changeup",1,0,0,1,0,1,0,1,"Standard","Standard",113,"0.016","-0.222","77.7","7.0",,0.702,"0.222","105.5",1,-1,0.641,0.359,25,24,26,25,1,0,22,1,,1,"2.64","1.45","-1.45","44.8",11.731791749746199,-2.3939407522184166,28.087488150217208,32.89668742195141,34.015120588989795
"FF","2026-07-09","93.8","1.84","6.31","Whisenhunt, Carson",678662,687931,,"foul",,,,,6,,"R","R","L","SF","COL","S",,,0,0,2026,"0.81","1.33",0.3598748554094845,2.520618021167626,,,,1,3,"Top",,,,,,,-5.653601323470522,-136.43311193288125,-6.919115572271732,11.399112074111441,28.76046950474091,-14.16829018967486,3.219127297,1.624606299,167,"78.5",15,"94.6",2342,"6.7",823201,701852,805811,650333,669477,642715,682674,687551,671218,"53.79",,,,,,,,18,1,"4-Seam Fastball",1,0,0,1,0,1,0,1,"Standard","Standard",141,"0.003","-0.042","72.8","7.4",,,"0.042","88.0",1,-1,0.638,0.362,25,24,26,25,1,0,22,1,,1,"1.25","0.81","-0.81","52.3",8.815213248470341,6.057988152539747,34.66909030144013,38.33502113179786,27.193169593394327
"CH","2026-07-09","82.8","2.32","6.04","Whisenhunt, Carson",650489,687931,"strikeout","swinging_strike",,,,,8,"Willi Castro strikes out swinging.","R","R","L","SF","COL","S",2,,0,2,2026,"1.59","0.66",0.1269342890103735,1.7608020772451671,,,,0,3,"Top",,,,,,,-8.115824674559896,-120.27275474314412,-4.347200706027476,16.956634716317065,23.036792273376285,-25.069042642613223,3.203330053,1.616633858,,,,"83.1",2146,"6.6",823201,701852,805811,650333,669477,642715,682674,687551,671218,"53.92",,0,"0",1,0,0,,17,3,"Changeup",1,0,0,1,0,1,0,1,"Strategic","Standard",106,"0.016","-0.165","57.0","9.1","16.543073832",,"0.165",,1,-1,0.622,0.378,25,29,26,29,1,0,22,1,,1,"2.67","1.59","-1.59","45.1",34.44204016119653,-64.92418343052785,35.560831323956904,36.38612869847104,68.95078410038423
"FF","2026-07-09","93.2","2.02","6.43","Whisenhunt, Carson",650489,687931,,"foul",,,,,11,,"R","R","L","SF","COL","S",,,0,1,2026,"0.95","1.42",-0.06736599943336141,3.4425829338104004,,,,0,3,"Top",,,,,,,-7.432419324145166,-135.5797799724735,-4.929160361842681,13.265883965945607,28.35482693786285,-13.7302256206839,3.203330053,1.616633858,183,"79.9",15,"93.8",2330,"6.6",823201,701852,805811,650333,669477,642715,682674,687551,671218,"53.94",,,,,,,,17,2,"4-Seam Fastball",1,0,0,1,0,1,0,1,"Standard","Standard",135,"0.006","-0.056","75.4","7.4",,,"0.056","88.0",1,-1,0.616,0.384,25,29,26,29,1,0,22,1,,1,"1.2","0.95","-0.95","51.8",17.539116912696425,-28.51460409624019,26.509233153940023,34.25686886842337,40.14133502963159
"CH","2026-07-09","82","2.31","6.02","Whisenhunt, Carson",650489,687931,,"called_strike",,,,,9,,"R","R","L","SF","COL","S",,,0,0,2026,"1.4","0.8",0.381590340995819,2.0133381083466673,,,,0,3,"Top",,,,,,,-7.0706241246661925,-119.20113652808827,-3.871106354235806,14.707998278230056,21.867549903750348,-23.946542410935905,3.203330053,1.616633858,,,,"82.4",1808,"6.5",823201,701852,805811,650333,669477,642715,682674,687551,671218,"53.99",,,,,,,,17,1,"Changeup",1,0,0,1,0,1,0,1,"Standard","Standard",106,"0.004","-0.043",,,,,"0.043",,1,-1,0.612,0.388,25,29,26,29,1,0,22,1,,1,"2.58","1.4","-1.4","45.0",,,,,
"FF","2026-07-09","93.9","1.67","6.32","Whisenhunt, Carson",671289,687931,"field_out","hit_into_play",,,,,8,"Tyler Freeman flies out to center fielder Drew Gilbert.","R","R","L","SF","COL","X",8,"fly_ball",3,2,2026,"1","1.43",0.19516363111017465,1.9749943468926805,,,,2,2,"Top",154.35,58.62,,,,,-6.064045112493004,-136.44398138012278,-8.539649409159075,13.825526177070053,29.831392586194973,-12.589531072982927,3.150672572,1.590059055,354,"98.5",36,"94.5",2265,"6.7",823201,701852,805811,650333,669477,642715,682674,687551,671218,"53.78",0.22,0.421,"0",1,0,0,5,11,8,"4-Seam Fastball",1,0,0,1,0,1,0,1,"Strategic","Standard",147,"0.013","-0.307","79.8","7.4",,0.828,"0.307","98.5",1,-1,0.643,0.357,25,27,26,27,1,0,22,1,,1,"1.16","1","-1","56.8",6.85573088623611,-3.981996389448092,33.89608244054092,38.71756243542977,33.32201703830273
"SL","2026-07-09","86.3","1.76","6.13","Whisenhunt, Carson",671289,687931,,"ball",,,,,13,,"R","R","L","SF","COL","B",,,2,2,2026,"-0.15","0.17",-0.41831276172126136,0.9413460096786261,,,,2,2,"Top",,,,,,,-4.840875060351193,-125.66966666076223,-6.287284200931196,-0.6673844413259147,23.30322472669374,-29.40694178971245,3.150672572,1.590059055,,,,"87.2",2419,"6.7",823201,701852,805811,650333,669477,642715,682674,687551,671218,"53.85",,,,,,,,11,7,"Slider",1,0,0,1,0,1,0,1,"Strategic","Standard",159,"-0.004","0.086",,,,,"-0.086",,1,-1,0.647,0.353,25,27,26,27,1,0,22,1,,1,"2.87","-0.15","0.15","54.7",,,,,
"FF","2026-07-09","94.2","1.65","6.43","Whisenhunt, Carson",671289,687931,,"foul",,,,,11,,"R","R","L","SF","COL","S",,,2,2,2026,"0.95","1.37",-0.9248746286353543,2.70824177931889,,,,2,2,"Top",,,,,,,-8.780142324765594,-136.89386797104981,-6.934540647240297,13.713978797048997,25.994935049642855,-13.50127003258092,3.150672572,1.590059055,188,"62.2",51,"95.3",2223,"6.7",823201,701852,805811,650333,669477,642715,682674,687551,671218,"53.82",,,,,,,,11,6,"4-Seam Fastball",1,0,0,1,0,1,0,1,"Strategic","Standard",148,"0","0","71.2","6.7",,,"0","88.0",1,-1,0.647,0.353,25,27,26,27,1,0,22,1,,1,"1.17","0.95","-0.95","55.6",5.012536155728747,-6.616804586739121,35.030206348128495,25.076845969538596,30.209182781764603
"CH","2026-07-09","84.7","2.03","6.04","Whisenhunt, Carson",671289,687931,,"ball",,,,,13,,"R","R","L","SF","COL","B",,,1,2,2026,"1.21","0.97",-0.12053277517661543,0.9429329992428634,,,,2,2,"Top",,,,,,,-7.454310027243764,-123.01303290834574,-7.3825190909050376,13.673253347733258,21.23385434550468,-21.03040022102288,3.150672572,1.590059055,,,,"85.7",2078,"6.8",823201,701852,805811,650333,669477,642715,682674,687551,671218,"53.75",,,,,,,,11,5,"Changeup",1,0,0,1,0,1,0,1,"Strategic","Standard",115,"-0.001","0.044",,,,,"-0.044",,1,-1,0.648,0.352,25,27,26,27,1,0,22,1,,1,"2.18","1.21","-1.21","48.9",,,,,
"FF","2026-07-09","94.2","1.76","6.44","Whisenhunt, Carson",671289,687931,,"foul",,,,,6,,"R","R","L","SF","COL","S",,,1,2,2026,"0.93","1.4",0.6225101713180241,2.5909058023494604,,,,2,2,"Top",,,,,,,-5.0446320808101515,-137.07366184340992,-7.30895399673331,12.784062248596914,28.495886739090764,-13.094356191963849,3.150672572,1.590059055,237,"72.8",34,"95",2349,"6.6",823201,701852,805811,650333,669477,642715,682674,687551,671218,"53.88",,,,,,,,11,4,"4-Seam Fastball",1,0,0,1,0,1,0,1,"Standard","Standard",145,"0","0","70.1","6.8",,,"0","88.0",1,-1,0.648,0.352,25,27,26,27,1,0,22,1,,1,"1.16","0.93","-0.93","58.4",-5.107171142987162,11.567825902237166,31.47325652483467,43.23478462421633,23.707077325329845
"CH","2026-07-09","85","2","6.1","Whisenhunt, Carson",671289,687931,,"foul",,,,,3,,"R","R","L","SF","COL","S",,,1,1,2026,"1.04","0.67",0.30243491641023956,2.9625912601528612,,,,2,2,"Top",,,,,,,-6.061217871577548,-123.74768487799182,-2.263608479078231,11.82742919450158,22.097410464975827,-25.02800798516987,3.150672572,1.590059055,230,"72",33,"85.8",1961,"6.6",823201,701852,805811,650333,669477,642715,682674,687551,671218,"53.93",,,,,,,,11,3,"Changeup",1,0,0,1,0,1,0,1,"Standard","Standard",113,"0.002","-0.069","62.0","6.2",,,"0.069","88.0",1,-1,0.646,0.354,25,27,26,27,1,0,22,1,,1,"2.46","1.04","-1.04","46.2",-14.402921997694394,36.448011086623936,27.164213810035132,40.46619863031136,10.38474178917501
"FF","2026-07-09","93.8","1.74","6.36","Whisenhunt, Carson",671289,687931,,"ball",,,,,11,,"R","R","L","SF","COL","B",,,0,1,2026,"0.6","1.31",-0.534814146234671,3.578414749199634,,,,2,2,"Top",,,,,,,-7.1891520470989905,-136.61104804195568,-4.3517088818083325,8.88045241594944,24.538881228838637,-14.872063718121755,3.150672572,1.590059055,,,,"95.2",2319,"6.6",823201,701852,805811,650333,669477,642715,682674,687551,671218,"53.86",,,,,,,,11,2,"4-Seam Fastball",1,0,0,1,0,1,0,1,"Standard","Standard",141,"-0.001","0.031",,,,,"-0.031",,1,-1,0.647,0.353,25,27,26,27,1,0,22,1,,1,"1.24","0.6","-0.6","60.7",,,,,
"FF","2026-07-09","93.8","1.77","6.33","Whisenhunt, Carson",671289,687931,,"foul",,,,,6,,"R","R","L","SF","COL","S",,,0,0,2026,"0.87","1.25",0.41970605735924194,2.3182216522928565,,,,2,2,"Top",,,,,,,-5.464737062984721,-136.44349734806633,-7.355503947860528,12.086012107756673,26.300270922072315,-15.095983700406588,3.150672572,1.590059055,233,"73.8",32,"95.1",2246,"6.8",823201,701852,805811,650333,669477,642715,682674,687551,671218,"53.74",,,,,,,,11,1,"4-Seam Fastball",1,0,0,1,0,1,0,1,"Standard","Standard",144,"0.002","-0.044","71.9","6.6",,,"0.044","88.0",1,-1,0.645,0.355,25,27,26,27,1,0,22,1,,1,"1.31","0.87","-0.87","59.1",-5.38839279292207,18.116094820996988,34.645295670395164,42.76948182698473,22.71812984610321
"SL","2026-07-09","86.9","1.75","6.24","Whisenhunt, Carson",681198,687931,"field_out","hit_into_play",,,,,13,"TJ Rumfield grounds out to first baseman Bryce Eldridge.","R","L","L","SF","COL","X",3,"ground_ball",1,0,2026,"-0.09","0.02",-0.5007675741091442,1.175971476904138,,,,1,2,"Top",147.76,167.9,,,,,-5.169026449370622,-126.38627854622743,-5.752129455349683,0.10447247322677301,25.024952796735747,-31.059330428996425,3.422736221,1.727362205,8,"65.7",-9,"87.3",2539,"6.5",823201,701852,805811,650333,669477,642715,682674,687551,671218,"53.97",0.054,0.049,"0",1,0,0,2,10,2,"Slider",1,0,0,1,0,1,0,1,"Standard","Standard",282,"0.021","-0.307","67.6","7.7",,0.054,"0.307","88.0",1,-1,0.624,0.376,25,26,26,26,1,0,22,1,,1,"3","-0.09","-0.09","59.0",21.41231663302401,-12.427370552981014,38.77695515643614,38.3029561220521,41.430224325314526
"SL","2026-07-09","88.9","1.79","6.32","Whisenhunt, Carson",681198,687931,,"ball",,,,,11,,"R","L","L","SF","COL","B",,,0,0,2026,"-0.36","0.12",-0.7305082024832631,3.7777838453877175,,,,1,2,"Top",,,,,,,-5.353498116470915,-129.48557182524576,-0.26839875256248624,-2.9836146768669742,26.37869255413486,-31.014854757988246,3.422736221,1.727362205,,,,"89.4",2375,"6.5",823201,701852,805811,650333,669477,642715,682674,687551,671218,"54.01",,,,,,,,10,1,"Slider",1,0,0,1,0,1,0,1,"Standard","Standard",168,"-0.003","0.043",,,,,"-0.043",,1,-1,0.627,0.373,25,26,26,26,1,0,22,1,,1,"2.76","-0.36","-0.36","59.1",,,,,
"CH","2026-07-09","85.1","2.03","6.16","Whisenhunt, Carson",696100,687931,"field_out","hit_into_play",,,,,5,"Hunter Goodman grounds out, third baseman Casey Schmitt to first baseman Bryce Eldridge.","R","R","L","SF","COL","X",5,"ground_ball",1,2,2026,"1.51","0.94",-0.08432350809015632,2.497415003089664,,,,0,2,"Top",90.49,163.84,,,,,-8.012583874878448,-123.78518547836121,-4.072450076074849,17.02045922353402,21.413386396445674,-21.892051233075136,3.178756562,1.604232283,89,"82.2",7,"86",2049,"6.6",823201,701852,805811,650333,669477,642715,682674,687551,671218,"53.91",0.4,0.407,"0",1,0,0,4,9,5,"Changeup",1,0,0,1,0,1,0,1,"Infield shade","Standard",116,"0.017","-0.188","81.8","7.7",,0.494,"0.188","88.0",1,-1,0.61,0.39,25,26,26,27,1,0,22,1,,1,"2.18","1.51","-1.51","47.5",21.76393359723335,-12.254989078003971,21.671341335535562,35.192349423961694,54.517824301978635
"CH","2026-07-09","85.4","2.18","6.06","Whisenhunt, Carson",696100,687931,,"ball",,,,,3,,"R","R","L","SF","COL","B",,,0,2,2026,"1.29","0.71",0.45472208305015305,3.215179066073635,,,,0,2,"Top",,,,,,,-6.677448391812356,-124.25237970562121,-1.6768034468000952,14.717961259963213,24.026221208896338,-24.711532733180174,3.178756562,1.604232283,,,,"85.9",2137,"6.5",823201,701852,805811,650333,669477,642715,682674,687551,671218,"53.96",,,,,,,,9,4,"Changeup",1,0,0,1,0,1,0,1,"Infield shade","Standard",117,"-0.003","0.023",,,,,"-0.023",,1,-1,0.613,0.387,25,26,26,27,1,0,22,1,,1,"2.41","1.29","-1.29","44.7",,,,,
"FF","2026-07-09","94.4","1.77","6.41","Whisenhunt, Carson",696100,687931,,"foul",,,,,14,,"R","R","L","SF","COL","S",,,0,2,2026,"0.96","1.41",0.9142535505399086,2.099287460875607,,,,0,2,"Top",,,,,,,-4.406392992648532,-137.2410379436471,-8.528240881473378,13.125696931189749,29.378806883118017,-12.66350446406566,3.178756562,1.604232283,238,"76.6",29,"95.2",2306,"6.7",823201,701852,805811,650333,669477,642715,682674,687551,671218,"53.77",,,,,,,,9,3,"4-Seam Fastball",1,0,0,1,0,1,0,1,"Infield shade","Standard",140,"0","0","72.0","7.2",,,"0","88.0",1,-1,0.613,0.387,25,26,26,27,1,0,22,1,,1,"1.15","0.96","-0.96","52.4",5.061578570268563,13.468814798963932,29.83869187048959,46.74162572572779,23.496478830380862
"CH","2026-07-09","83","2.31","6.08","Whisenhunt, Carson",696100,687931,,"swinging_strike",,,,,14,,"R","R","L","SF","COL","S",,,0,1,2026,"1.34","0.73",0.3050577909453418,1.15747922570876,,,,0,2,"Top",,,,,,,-7.212794082921479,-120.58525632570853,-6.043298144629815,14.43996006094798,21.31240244421115,-24.052977615125712,3.178756562,1.604232283,,,,"83.6",2126,"6.6",823201,701852,805811,650333,669477,642715,682674,687551,671218,"53.94",,,,,,,,9,2,"Changeup",1,0,0,1,0,1,0,1,"Infield shade","Standard",114,"0.006","-0.056","72.7","8.6","1.89681546",,"0.056",,1,-1,0.607,0.393,25,26,26,27,1,0,22,1,,1,"2.56","1.34","-1.34","49.2",22.615873153597807,-34.763017976231176,32.09011659673946,39.43672841675625,57.397284458377555
"CH","2026-07-09","83.6","2.12","6.05","Whisenhunt, Carson",696100,687931,,"called_strike",,,,,4,,"R","R","L","SF","COL","S",,,0,0,2026,"1.24","0.77",-0.3566934445191683,2.150559715009663,,,,0,2,"Top",,,,,,,-8.155342683633902,-121.52021074968314,-3.9134400573415093,13.836233850647124,22.328243255119457,-23.97080588191634,3.178756562,1.604232283,,,,"84.3",2058,"6.6",823201,701852,805811,650333,669477,642715,682674,687551,671218,"53.86",,,,,,,,9,1,"Changeup",1,0,0,1,0,1,0,1,"Infield shade","Standard",116,"0.004","-0.043",,,,,"0.043",,1,-1,0.603,0.397,25,26,26,27,1,0,22,1,,1,"2.48","1.24","-1.24","47.2",,,,,
"CH","2026-07-09","85.2","2.21","6.05","Whisenhunt, Carson",694249,687931,"field_out","hit_into_play",,,,,9,"Cole Carrigg flies out to left fielder Victor Bericoto.","R","R","L","SF","COL","X",7,"fly_ball",0,0,2026,"1.66","0.53",0.35742954573438057,1.9001887893008829,,,,2,1,"Top",62.08,123.16,,,,,-7.72740252664049,-123.83010900302315,-4.368516254605187,18.58605484297171,22.124407470692873,-26.04114986017661,3.284949147,1.657824803,246,"75",27,"86.1",1798,"6.7",823201,701852,805811,650333,669477,642715,682674,687551,671218,"53.78",0.657,0.625,"0",1,0,0,4,3,1,"Changeup",0,0,0,0,0,0,0,0,"Standard","Standard",110,"0.01","-0.259","77.2","8.7",,0.758,"0.259","88.0",0,0,0.538,0.46199999999999997,25,24,26,24,1,0,22,1,,1,"2.59","1.66","-1.66","45.7",24.7255841007863,-17.262023972857527,33.865424399845594,40.65939784950501,46.900891693805825
"FF","2026-07-09","94.4","1.71","6.48","Whisenhunt, Carson",691720,687931,"strikeout","swinging_strike",,,,,6,"Kyle Karros strikes out swinging.","R","R","L","SF","COL","S",2,,2,2,2026,"1.1","1.38",0.7333531480394897,2.626023039441262,,,,1,1,"Top",,,,,,,-5.022135702422126,-137.30237693999607,-7.347401924178483,15.028298123258622,27.268178055110063,-13.227161580899196,3.431512467,1.731791339,,,,"95.5",2292,"6.7",823201,701852,805811,650333,669477,642715,682674,687551,671218,"53.81",,0,"0",1,0,0,,2,8,"4-Seam Fastball",0,0,0,0,0,0,0,0,"Strategic","Standard",132,"0.014","-0.238","76.6","7.2","1.766079408",,"0.238",,0,0,0.524,0.476,25,23,26,24,1,0,22,1,,1,"1.15","1.1","-1.1","57.8",4.849726827208509,-5.664823407981836,36.944644352728844,42.1944066915062,26.449961517485097
"SL","2026-07-09","89","1.95","6.27","Whisenhunt, Carson",691720,687931,,"foul",,,,,5,,"R","R","L","SF","COL","S",,,2,2,2026,"-0.18","0.29",0.04383025420803095,2.817086753304257,,,,1,1,"Top",,,,,,,-4.2523330925186125,-129.68149326855473,-2.9433765996604593,-1.300294158973046,23.41515668383923,-28.54304576341862,3.431512467,1.731791339,9,"94.5",-17,"90.1",2474,"6.6",823201,701852,805811,650333,669477,642715,682674,687551,671218,"53.9",,,,,,,,2,7,"Slider",0,0,0,0,0,0,0,0,"Strategic","Standard",173,"0","0","71.5","6.8",,,"0","94.5",0,0,0.524,0.476,25,23,26,24,1,0,22,1,,1,"2.55","-0.18","0.18","52.2",9.117934095149723,-8.802707790034352,35.039114339165224,34.62830582751985,28.67071883120343
"CH","2026-07-09","84.8","2.29","6.03","Whisenhunt, Carson",691720,687931,,"foul",,,,,8,,"R","R","L","SF","COL","S",,,2,2,2026,"1.63","0.97",0.21593258265362714,2.028872123355971,,,,1,1,"Top",,,,,,,-8.167809568345504,-123.2398595628852,-4.838050986746134,18.197376242594267,21.99743691582737,-21.50745180215014,3.431512467,1.731791339,118,"52.8",25,"85.8",1917,"6.8",823201,701852,805811,650333,669477,642715,682674,687551,671218,"53.74",,,,,,,,2,6,"Changeup",0,0,0,0,0,0,0,0,"Strategic","Standard",109,"0","0","70.4","7.2",,,"0","88.0",0,0,0.524,0.476,25,23,26,24,1,0,22,1,,1,"2.18","1.63","-1.63","47.6",7.719034774097928,-19.34911390158842,44.98479589153452,36.176719272332946,32.460681711446306
"FF","2026-07-09","93.1","1.87","6.34","Whisenhunt, Carson",691720,687931,,"foul",,,,,2,,"R","R","L","SF","COL","S",,,2,2,2026,"1.06","1.32",-0.08334224087515318,3.551901312619215,,,,1,1,"Top",,,,,,,-7.357789908916353,-135.4999509674798,-4.244033501137388,14.532322395446892,25.605202647455886,-15.121931940717742,3.431512467,1.731791339,160,"80.9",68,"94.2",2076,"6.6",823201,701852,805811,650333,669477,642715,682674,687551,671218,"53.86",,,,,,,,2,5,"4-Seam Fastball",0,0,0,0,0,0,0,0,"Strategic","Standard",141,"0","0","63.6","5.9",,,"0","88.0",0,0,0.524,0.476,25,23,26,24,1,0,22,1,,1,"1.28","1.06","-1.06","54.0",0.34786500584805474,-3.694345333380072,35.695183298708514,31.4119260955768,20.850992883255678
"FF","2026-07-09","94.4","1.73","6.43","Whisenhunt, Carson",691720,687931,,"foul",,,,,5,,"R","R","L","SF","COL","S",,,2,1,2026,"0.78","1.53",-0.027388995640970415,2.581881581347374,,,,1,1,"Top",,,,,,,-6.316081910049715,-137.182463427729,-7.626582963221307,11.207509551597148,28.24751601097351,-11.310314615537283,3.431512467,1.731791339,,,,"95.1",2294,"6.6",823201,701852,805811,650333,669477,642715,682674,687551,671218,"53.88",,,,,,,,2,4,"4-Seam Fastball",0,0,0,0,0,0,0,0,"Strategic","Standard",144,"0.004","-0.077","74.3","6.7",,,"0.077",,0,0,0.52,0.48,25,23,26,24,1,0,22,1,,1,"1.02","0.78","-0.78","60.7",-2.820770713234043,3.744071395351549,46.47064962225452,32.17152959857735,19.71902459034428
"CH","2026-07-09","84.3","2.15","6.09","Whisenhunt, Carson",691720,687931,,"ball",,,,,13,,"R","R","L","SF","COL","B",,,1,1,2026,"1.39","0.71",-0.44028637858053266,1.1817901459377746,,,,1,1,"Top",,,,,,,-8.78612108038489,-122.38340351067716,-6.237691337937795,15.658740565707886,22.36852445493898,-24.020626230836466,3.431512467,1.731791339,,,,"84.9",1911,"6.6",823201,701852,805811,650333,669477,642715,682674,687551,671218,"53.87",,,,,,,,2,3,"Changeup",0,0,0,0,0,0,0,0,"Strategic","Standard",113,"-0.003","0.058",,,,,"-0.058",,0,0,0.523,0.477,25,23,26,24,1,0,22,1,,1,"2.5","1.39","-1.39","48.9",,,,,
"FF","2026-07-09","93.9","1.81","6.44","Whisenhunt, Carson",691720,687931,,"swinging_strike",,,,,1,,"R","R","L","SF","COL","S",,,1,0,2026,"0.78","1.57",-0.33758266194325215,3.431179019910072,,,,1,1,"Top",,,,,,,-7.28981952755697,-136.56965845011013,-5.435481111702783,11.41314631775562,30.300715131470746,-11.475261731682144,3.431512467,1.731791339,,,,"94.5",2276,"6.7",823201,701852,805811,650333,669477,642715,682674,687551,671218,"53.81",,,,,,,,2,2,"4-Seam Fastball",0,0,0,0,0,0,0,0,"Strategic","Standard",140,"0.003","-0.05","73.4","6.5","0.854064264",,"0.05",,0,0,0.52,0.48,25,23,26,24,1,0,22,1,,1,"1.02","0.78","-0.78","53.7",11.430417658130583,-2.737684718368164,38.42330361965545,28.590140070055355,23.38810914521778
"CH","2026-07-09","84.8","2.13","6.04","Whisenhunt, Carson",691720,687931,,"ball",,,,,14,,"R","R","L","SF","COL","B",,,0,0,2026,"1.31","0.86",0.8973897107440867,2.425831901745973,,,,1,1,"Top",,,,,,,-5.5519959829552405,-123.31819809931822,-3.672725740141622,14.516750868434656,24.33765891725501,-22.851863557595493,3.431512467,1.731791339,,,,"85.5",1923,"6.7",823201,701852,805811,650333,669477,642715,682674,687551,671218,"53.77",,,,,,,,2,1,"Changeup",0,0,0,0,0,0,0,0,"Strategic","Standard",114,"-0.002","0.043",,,,,"-0.043",,0,0,0.522,0.478,25,23,26,24,1,0,22,1,,1,"2.31","1.31","-1.31","46.7",,,,,
"SL","2026-07-09","88.2","1.99","6.33","Whisenhunt, Carson",664983,687931,"strikeout","called_strike",,,,,12,"Jake McCarthy called out on strikes.","R","L","L","SF","COL","S",2,,1,2,2026,"-0.12","0.16",0.2661326782561362,3.366517525071416,,,,0,1,"Top",,,,,,,-3.9240261430513623,-128.5278801108194,-1.3169341141025086,-0.5393469883005052,24.89836480401359,-30.344548517371805,3.228781168,1.629478347,,,,"89",2485,"6.5",823201,701852,805811,650333,669477,642715,682674,687551,671218,"53.96",,0,"0",1,0,0,,1,4,"Slider",0,0,0,0,0,0,0,0,"Standard","Standard",261,"0.015","-0.188",,,,,"0.188",,0,0,0.507,0.493,25,28,26,29,1,0,22,1,,1,"2.75","-0.12","-0.12","55.0",,,,,
"FF","2026-07-09","94.9","2","6.37","Whisenhunt, Carson",664983,687931,,"foul",,,,,12,,"R","L","L","SF","COL","S",,,1,1,2026,"0.83","1.53",0.23866443062716314,3.5843817432783442,,,,0,1,"Top",,,,,,,-6.466217814747503,-138.07649686851855,-4.981104216570115,12.000902314244875,29.279875819300077,-11.63656109001191,3.228781168,1.629478347,229,"78.6",24,"95.7",2378,"6.6",823201,701852,805811,650333,669477,642715,682674,687551,671218,"53.86",,,,,,,,1,3,"4-Seam Fastball",0,0,0,0,0,0,0,0,"Standard","Standard",142,"0.006","-0.062","72.2","7.2",,,"0.062","88.0",0,0,0.501,0.499,25,28,26,29,1,0,22,1,,1,"0.99","0.83","0.83","55.0",12.253395520823801,-17.412146292942737,24.54697276911381,33.60334479299123,34.52191992654437
"FF","2026-07-09","94.4","1.8","6.43","Whisenhunt, Carson",664983,687931,,"ball",,,,,14,,"R","L","L","SF","COL","B",,,0,1,2026,"0.87","1.48",0.3152095351842851,0.24223048562151817,,,,0,1,"Top",,,,,,,-5.787294278440496,-136.74993684260494,-13.467678167270044,12.147317787455785,29.054337501657386,-10.811358533287619,3.228781168,1.629478347,,,,"94.8",2277,"6.7",823201,701852,805811,650333,669477,642715,682674,687551,671218,"53.82",,,,,,,,1,2,"4-Seam Fastball",0,0,0,0,0,0,0,0,"Standard","Standard",148,"-0.002","0.029",,,,,"-0.029",,0,0,0.503,0.497,25,28,26,29,1,0,22,1,,1,"1.09","0.87","0.87","60.6",,,,,
"SL","2026-07-09","89.2","1.99","6.27","Whisenhunt, Carson",664983,687931,,"called_strike",,,,,7,,"R","L","L","SF","COL","S",,,0,0,2026,"-0.2","0.44",-0.5565423597479404,1.7882998192151485,,,,0,1,"Top",,,,,,,-5.786041574740201,-129.84742602642285,-5.818910133356848,-1.2710092204312677,23.50733398692014,-26.225453868491936,3.228781168,1.629478347,,,,"90.3",2416,"6.6",823201,701852,805811,650333,669477,642715,682674,687551,671218,"53.88",,,,,,,,1,1,"Slider",0,0,0,0,0,0,0,0,"Standard","Standard",164,"0.003","-0.043",,,,,"0.043",,0,0,0.5,0.5,25,28,26,29,1,0,22,1,,1,"2.39","-0.2","-0.2","55.6",,,,,
"CH","2026-06-17","82.9","2.17","5.97","Whisenhunt, Carson",663586,687931,"single","hit_into_play",,,,,14,"Austin Riley singles on a ground ball to left fielder Casey Schmitt. Matt Olson scores. Ozzie Albies to 2nd.","R","R","L","ATL","SF","X",7,"ground_ball",3,1,2026,"1.11","0.14",0.1193760593961235,1.5007747073590285,,621566,645277,0,6,"Bot",70.16,106.87,,,,,-6.843971058214624,-120.44160718761479,-3.707261869121675,12.147439695859795,25.235762902535747,-30.224605958838392,3.273540026,1.652066929,15,"104.3",-6,"82.9",1638,"6.5",824913,606992,805811,650333,656305,642715,669477,687551,808982,"53.96",0.302,0.279,"0.9",1,1,0,2,48,5,"Changeup",0,5,0,5,5,1,1,5,"Standard","Standard",115,"0.044","0.266","77.0","8.1",,0.335,"-0.266","104.3",-5,-5,0.149,0.149,25,29,26,29,3,2,,1,22,2,"3.21","1.11","-1.11","48.9",12.142638677525486,-11.296320457322501,35.953242655510216,37.381042002981246,38.817560895678525
"CH","2026-06-17","81.9","2.34","5.93","Whisenhunt, Carson",663586,687931,,"ball",,,,,12,,"R","R","L","ATL","SF","B",,,2,1,2026,"1.23","0.29",1.8914112271123138,2.8583321182751287,,621566,645277,0,6,"Bot",,,,,,,-3.4412977191275194,-119.28753312694434,-0.7656082528427108,12.410823564170467,22.927098260362932,-29.44092836410509,3.273540026,1.652066929,,,,"82.3",1712,"6.5",824913,606992,805811,650333,656305,642715,669477,687551,808982,"54",,,,,,,,48,4,"Changeup",0,5,0,5,5,0,0,5,"Standard","Standard",114,"0.019","0.171",,,,,"-0.171",,-5,-5,0.13,0.13,25,29,26,29,3,2,,1,22,2,"3.1","1.23","-1.23","44.9",,,,,
"FF","2026-06-17","92.1","1.69","6.31","Whisenhunt, Carson",663586,687931,,"ball",,,,,14,,"R","R","L","ATL","SF","B",,,1,1,2026,"0.93","1.43",0.8420385462145951,0.8203758178147728,,621566,645277,0,6,"Bot",,,,,,,-4.186969931948621,-133.71631064394737,-11.015615528657838,12.064439872315889,27.916244989755395,-12.795580226211438,3.273540026,1.652066929,,,,"92.5",2235,"6.6",824913,606992,805811,650333,656305,642715,669477,687551,808982,"53.91",,,,,,,,48,3,"4-Seam Fastball",0,5,0,5,5,0,0,5,"Standard","Standard",143,"0.009","0.057",,,,,"-0.057",,-5,-5,0.121,0.121,25,29,26,29,3,2,,1,22,2,"1.26","0.93","-0.93","55.1",,,,,
"CH","2026-06-17","84.7","2.29","5.96","Whisenhunt, Carson",663586,687931,,"ball",,,,,14,,"R","R","L","ATL","SF","B",,,0,1,2026,"1.14","0.42",0.7292346936112584,1.1685532845004944,,621566,645277,0,6,"Bot",,,,,,,-5.9188099111685295,-123.1373935741056,-5.453048472840756,12.736421091084145,24.161887994473652,-27.03702481056379,3.273540026,1.652066929,,,,"85",1715,"6.5",824913,606992,805811,650333,656305,642715,669477,687551,808982,"53.98",,,,,,,,48,2,"Changeup",0,5,0,5,5,0,0,5,"Standard","Standard",114,"0.004","0.048",,,,,"-0.048",,-5,-5,0.117,0.117,25,29,26,29,3,2,,1,22,2,"2.76","1.14","-1.14","45.1",,,,,
"CH","2026-06-17","85.5","2.24","6.04","Whisenhunt, Carson",663586,687931,,"swinging_strike",,,,,14,,"R","R","L","ATL","SF","S",,,0,0,2026,"1.1","0.3",0.8516522682792973,1.6045836868289451,,621566,645277,0,6,"Bot",,,,,,,-5.524118330889235,-124.31067435680282,-4.551725670033321,12.572519995006116,25.546905634691164,-28.293177733221306,3.273540026,1.652066929,,,,"85.9",1798,"6.6",824913,606992,805811,650333,656305,642715,669477,687551,808982,"53.86",,,,,,,,48,1,"Changeup",0,5,0,5,5,0,0,5,"Standard","Standard",116,"-0.006","-0.059","80.9","8.5","2.610305868",,"0.059",,-5,-5,0.123,0.123,25,29,26,29,3,2,,1,22,2,"2.83","1.1","-1.1","47.3",18.3092150735373,-16.153922719743584,31.459389116707857,45.50944940821497,45.08315047843513
"FF","2026-06-17","92.9","1.78","6.3","Whisenhunt, Carson",645277,687931,"single","hit_into_play",,,,,1,"Ozzie Albies singles on a line drive to left fielder Casey Schmitt. Matt Olson to 2nd.","R","R","L","ATL","SF","X",7,"line_drive",1,0,2026,"0.54","1.55",-0.41468458885703374,2.861305634948312,,,621566,0,6,"Bot",59.76,111.78,,,,,-6.7897167562064515,-135.07819805731606,-6.314086132200535,8.059112628692214,26.899738071043352,-12.022099216220722,2.984801509,1.506348425,204,"96.8",13,"93.7",2298,"6.6",824913,606992,805811,650333,656305,642715,669477,687551,808982,"53.9",0.954,0.907,"0.9",1,1,0,4,47,2,"4-Seam Fastball",0,5,0,5,5,0,0,5,"Standard","Standard",153,"0.038","0.429","71.1","6.4",,1.133,"-0.429","96.8",-5,-5,0.085,0.085,25,29,26,29,3,2,,1,22,2,"1.08","0.54","-0.54","54.2",10.412462707900659,-2.9120029799802944,30.673651639360905,19.838451641275036,35.95686995333877
"FF","2026-06-17","92.1","1.72","6.26","Whisenhunt, Carson",645277,687931,,"ball",,,,,11,,"R","R","L","ATL","SF","B",,,0,0,2026,"0.46","1.47",-2.1258445343990284,2.6345162411887912,,,621566,0,6,"Bot",,,,,,,-10.674763975811413,-133.73920987761062,-6.469539847533626,7.60947626732122,25.800033480989402,-13.215959730867231,2.984801509,1.506348425,,,,"92.7",2328,"6.5",824913,606992,805811,650333,656305,642715,669477,687551,808982,"53.96",,,,,,,,47,1,"4-Seam Fastball",0,5,0,5,5,0,0,5,"Standard","Standard",147,"0.004","0.039",,,,,"-0.039",,-5,-5,0.081,0.081,25,29,26,29,3,2,,1,22,2,"1.2","0.46","-0.46","56.5",,,,,
"SL","2026-06-17","84.4","1.88","6.13","Whisenhunt, Carson",621566,687931,"single","hit_into_play",,,,,13,"Matt Olson singles on a ground ball to left fielder Casey Schmitt.","R","L","L","ATL","SF","X",7,"ground_ball",1,1,2026,"-0.09","0.12",-0.808344969723996,1.4728118380660553,,,,0,6,"Bot",72.58,116.55,,,,,-6.016284018857545,-122.85385788656204,-4.545208623492866,0.14352666310436346,21.57354703893358,-30.315133155042894,3.37183399,1.701673228,85,"74",7,"85.1",2530,"6.5",824913,606992,805811,650333,656305,642715,669477,687551,808982,"54.03",0.203,0.183,"0.9",1,1,0,2,46,3,"Slider",0,5,0,5,5,0,0,5,"Infield shade","Standard",320,"0.025","0.47",,,,0.232,"-0.47","88.0",-5,-5,0.056,0.056,25,32,26,32,3,2,,1,22,2,"3.05","-0.09","-0.09","52.7",,,,,
"FF","2026-06-17","92.5","1.6","6.41","Whisenhunt, Carson",621566,687931,,"ball",,,,,11,,"R","L","L","ATL","SF","B",,,0,1,2026,"0.59","1.47",-1.6353999955932097,2.96723826656635,,,,0,6,"Bot",,,,,,,-9.455195704307764,-134.37092846719227,-6.022476010902328,9.165130147753471,27.91102305184059,-13.169012646382958,3.37183399,1.701673228,,,,"92.6",2289,"6.4",824913,606992,805811,650333,656305,642715,669477,687551,808982,"54.12",,,,,,,,46,2,"4-Seam Fastball",0,5,0,5,5,0,0,5,"Infield shade","Standard",149,"0.001","0.029",,,,,"-0.029",,-5,-5,0.055,0.055,25,32,26,32,3,2,,1,22,2,"1.19","0.59","0.59","58.1",,,,,
"FF","2026-06-17","91.8","1.67","6.42","Whisenhunt, Carson",621566,687931,,"called_strike",,,,,5,,"R","L","L","ATL","SF","S",,,0,0,2026,"0.96","1.59",0.11950729848556962,2.356931020153041,,,,0,6,"Bot",,,,,,,-6.010434049429879,-133.2960014181425,-7.653895836727721,12.784606047221137,30.053607964783488,-11.738968079301975,3.37183399,1.701673228,,,,"91.7",2279,"6.5",824913,606992,805811,650333,656305,642715,669477,687551,808982,"54.02",,,,,,,,46,1,"4-Seam Fastball",0,5,0,5,5,0,0,5,"Infield shade","Standard",146,"-0.002","-0.043",,,,,"0.043",,-5,-5,0.057,0.057,25,32,26,32,3,2,,1,22,2,"1.14","0.96","0.96","56.0",,,,,
"CH","2026-06-17","83.7","2.13","5.98","Whisenhunt, Carson",686948,687931,"field_out","hit_into_play",,,,,9,"Drake Baldwin grounds out softly, pitcher Carson Whisenhunt to first baseman Bryce Eldridge.","R","L","L","ATL","SF","X",1,"ground_ball",3,1,2026,"1.18","0.57",0.36971990270332133,1.6412427650998134,,,,2,5,"Bot",125.65,181.23,,,,,-6.390870585614616,-121.73292480231461,-4.568475193429077,12.912999818295106,21.758454006347563,-25.822835796287567,3.205962927,1.617962598,5,"49",-21,"84.3",1666,"6.5",824913,606992,805811,650333,656305,642715,669477,687551,808982,"53.99",0.118,0.106,"0",1,0,0,1,42,5,"Changeup",0,5,0,5,5,0,0,5,"Infield shade","Standard",120,"-0.007","-0.401","77.9","8.5",,0.118,"0.401","88.0",-5,-5,0.055,0.055,25,25,26,25,3,2,,1,22,2,"2.66","1.18","1.18","48.9",33.45753426096553,-29.405968483674933,35.07296321674736,31.09582848000014,54.88996861510457
"SL","2026-06-17","85","1.87","6.08","Whisenhunt, Carson",686948,687931,,"ball",,,,,13,,"R","L","L","ATL","SF","B",,,2,1,2026,"-0.14","-0.06",-0.6445667806154785,0.4087622818774803,,,,2,5,"Bot",,,,,,,-5.567165279635653,-123.58853589705811,-6.573252477104502,-0.3139123161455544,25.045501896845476,-31.636642060501607,3.205962927,1.617962598,,,,"85.5",2457,"6.7",824913,606992,805811,650333,656305,642715,669477,687551,808982,"53.79",,,,,,,,42,4,"Slider",0,5,0,5,5,0,0,5,"Infield shade","Standard",319,"0.002","0.098",,,,,"-0.098",,-5,-5,0.053,0.053,25,25,26,25,3,2,,1,22,2,"3.22","-0.14","-0.14","53.3",,,,,
"SL","2026-06-17","85.9","1.81","5.93","Whisenhunt, Carson",686948,687931,,"ball",,,,,13,,"R","L","L","ATL","SF","B",,,1,1,2026,"-0.05","-0.08",-1.0168201474538068,-1.4322869557533093,,,,2,5,"Bot",,,,,,,-6.55429811729197,-124.67486244908592,-10.752938219254458,0.7262493163356957,23.218238084151622,-31.176134727657658,3.205962927,1.617962598,,,,"86.6",2498,"6.7",824913,606992,805811,650333,656305,642715,669477,687551,808982,"53.77",,,,,,,,42,3,"Slider",0,5,0,5,5,0,0,5,"Infield shade","Standard",32,"0.001","0.057",,,,,"-0.057",,-5,-5,0.052,0.052,25,25,26,25,3,2,,1,22,2,"3.17","-0.05","-0.05","49.8",,,,,
"CH","2026-06-17","82.6","2.19","5.99","Whisenhunt, Carson",686948,687931,,"foul",,,,,9,,"R","L","L","ATL","SF","S",,,1,0,2026,"1.19","0.68",0.7261885923782911,1.507032132539186,,,,2,5,"Bot",,,,,,,-5.672212796952944,-120.20475382056125,-4.916798466420964,12.615269857966217,19.74396941565594,-24.84501814458282,3.205962927,1.617962598,328,"105.5",24,"83.5",1800,"6.6",824913,606992,805811,650333,656305,642715,669477,687551,808982,"53.95",,,,,,,,42,2,"Changeup",0,5,0,5,5,0,0,5,"Infield shade","Standard",119,"-0.001","-0.054","74.3","8.4",,,"0.054","105.5",-5,-5,0.053,0.053,25,25,26,25,3,2,,1,22,2,"2.62","1.19","1.19","45.6",25.271856683213805,-19.977068553357004,39.048210774553695,29.63563914124275,46.53632728311544
"FF","2026-06-17","92.6","1.74","6.26","Whisenhunt, Carson",686948,687931,,"ball",,,,,14,,"R","L","L","ATL","SF","B",,,0,0,2026,"0.82","1.41",0.06033872475822177,1.4120607494815323,,,,2,5,"Bot",,,,,,,-6.084619452047371,-134.5757092214257,-9.572940561298692,11.194729796614963,24.3053983795148,-13.177195323784211,3.205962927,1.617962598,,,,"93.8",2303,"6.7",824913,606992,805811,650333,656305,642715,669477,687551,808982,"53.8",,,,,,,,42,1,"4-Seam Fastball",0,5,0,5,5,0,0,5,"Infield shade","Standard",144,"0.001","0.041",,,,,"-0.041",,-5,-5,0.052,0.052,25,25,26,25,3,2,,1,22,2,"1.22","0.82","0.82","57.1",,,,,
"SL","2026-06-17","85.1","1.79","6.11","Whisenhunt, Carson",643289,687931,"field_out","hit_into_play",,,,,7,"Mauricio Dubón flies out to left fielder Casey Schmitt.","R","R","L","ATL","SF","X",7,"fly_ball",1,2,2026,"0.03","0.15",-0.4480631856184025,1.733283720247047,,,,1,5,"Bot",71.38,52.83,,,,,-5.2682073675974515,-123.82513535532324,-4.067392057660648,1.3397167381639146,23.485401007185125,-30.065435996313344,3.17085794,1.600246063,384,"97.2",34,"85.7",2569,"6.6",824913,606992,805811,650333,656305,642715,669477,687551,808982,"53.94",0.194,0.375,"0",1,0,0,5,41,5,"Slider",0,5,0,5,5,0,0,5,"Standard","Standard",241,"-0.006","-0.183","73.8","8.3",,0.693,"0.183","97.2",-5,-5,0.058,0.058,25,31,26,32,3,2,,1,22,2,"2.99","0.03","-0.03","53.9",16.75910663958482,-19.323591811819277,38.21116479486354,29.16823574688522,37.06177449420488
"FF","2026-06-17","92.1","1.82","6.25","Whisenhunt, Carson",643289,687931,,"foul",,,,,5,,"R","R","L","ATL","SF","S",,,1,2,2026,"0.86","1.4",0.08459813788257498,2.153230265504201,,,,1,5,"Bot",,,,,,,-6.267019093691125,-133.91730542796824,-7.487474895122307,11.625596627270872,27.4457759581635,-13.916029175323555,3.17085794,1.600246063,,,,"92.8",2289,"6.7",824913,606992,805811,650333,656305,642715,669477,687551,808982,"53.84",,,,,,,,41,4,"4-Seam Fastball",0,5,0,5,5,0,0,5,"Standard","Standard",141,"0","0","73.8","7.6",,,"0",,-5,-5,0.058,0.058,25,31,26,32,3,2,,1,22,2,"1.28","0.86","-0.86","51.6",-5.022680500526159,8.38468487050792,37.52047110350566,35.1458078733135,19.491694617481333
"FF","2026-06-17","92.3","1.54","6.32","Whisenhunt, Carson",643289,687931,,"foul",,,,,8,,"R","R","L","ATL","SF","S",,,1,1,2026,"0.72","1.49",-0.07052354694711283,1.5436013294970505,,,,1,5,"Bot",,,,,,,-5.664434817853182,-134.08563500092865,-9.447035441601978,9.80589576559881,26.503611968365714,-12.350147475385455,3.17085794,1.600246063,143,"75.1",13,"93.1",2311,"6.7",824913,606992,805811,650333,656305,642715,669477,687551,808982,"53.82",,,,,,,,41,3,"4-Seam Fastball",0,5,0,5,5,0,0,5,"Standard","Standard",149,"-0.003","-0.074","71.3","8.5",,,"0.074","88.0",-5,-5,0.061,0.061,25,31,26,32,3,2,,1,22,2,"1.17","0.72","-0.72","57.6",10.017846396556795,-11.294898687329708,42.431905353132905,33.75310900108582,30.82049877901604
"SL","2026-06-17","85.8","1.96","6.09","Whisenhunt, Carson",643289,687931,,"ball",,,,,13,,"R","R","L","ATL","SF","B",,,0,1,2026,"0.04","0.07",-0.7789518208265009,-0.7626907888421948,,,,1,5,"Bot",,,,,,,-6.495600310592442,-124.31881639452676,-9.607042941626192,1.9901062429801755,30.135605609739272,-29.295900278960215,3.17085794,1.600246063,,,,"85.2",2527,"6.6",824913,606992,805811,650333,656305,642715,669477,687551,808982,"53.86",,,,,,,,41,2,"Slider",0,5,0,5,5,0,0,5,"Standard","Standard",14,"0.001","0.035",,,,,"-0.035",,-5,-5,0.06,0.06,25,31,26,32,3,2,,1,22,2,"3.1","0.04","-0.04","53.1",,,,,
"SL","2026-06-17","84","1.97","6.04","Whisenhunt, Carson",643289,687931,,"foul",,,,,5,,"R","R","L","ATL","SF","S",,,0,0,2026,"-0.21","0",0.15952583769151,2.6079535878247393,,,,1,5,"Bot",,,,,,,-3.735408944153388,-122.31001556111471,-1.2822606375278016,-1.2503947872430492,26.640014433855296,-32.133315572643134,3.17085794,1.600246063,185,"66.2",46,"84.2",2395,"6.7",824913,606992,805811,650333,656305,642715,669477,687551,808982,"53.85",,,,,,,,41,1,"Slider",0,5,0,5,5,0,0,5,"Standard","Standard",215,"-0.001","-0.042","70.6","7.3",,,"0.042","88.0",-5,-5,0.061,0.061,25,31,26,32,3,2,,1,22,2,"3.25","-0.21","0.21","52.4",-5.451081452308626,16.936996084498155,28.88689307154523,37.260874562492994,17.34834380359777
"CH","2026-06-17","82.1","2.12","6.05","Whisenhunt, Carson",506702,687931,"field_out","hit_into_play",,,,,3,"Sandy León grounds out, shortstop Willy Adames to first baseman Bryce Eldridge.","R","R","L","ATL","SF","X",6,"ground_ball",3,2,2026,"1.17","0.55",0.823498405766997,2.7652465620972246,,,,0,5,"Bot",100,151,,,,,-5.223019801792851,-119.42966595051371,-1.7193854134978637,12.222760655998105,23.828160548947835,-26.831262355782332,3.094504593,1.561712598,53,"75.9",2,"82.2",1680,"6.5",824913,606992,805811,650333,656305,642715,669477,687551,808982,"54.02",0.104,0.094,"0",1,0,0,2,40,7,"Changeup",0,5,0,5,5,0,0,5,"Strategic","Standard",118,"-0.018","-0.35","62.3","6.7",,0.117,"0.35","88.0",-5,-5,0.079,0.079,25,37,26,37,2,1,,3,22,,"2.85","1.17","-1.17","49.7",13.000486866464238,-8.352754757803226,25.061365315538893,44.75144537809123,36.21741109981333
"CH","2026-06-17","83.4","2.18","6.03","Whisenhunt, Carson",506702,687931,,"ball",,,,,14,,"R","R","L","ATL","SF","B",,,2,2,2026,"1.33","0.62",1.1469541486997321,1.0792381547554482,,,,0,5,"Bot",,,,,,,-5.035542090881121,-121.26772541606107,-5.9010034690161906,14.14713013959397,24.41378287064752,-25.111064620605823,3.094504593,1.561712598,,,,"83.5",1656,"6.5",824913,606992,805811,650333,656305,642715,669477,687551,808982,"54.01",,,,,,,,40,6,"Changeup",0,5,0,5,5,0,0,5,"Strategic","Standard",119,"0.006","0.115",,,,,"-0.115",,-5,-5,0.073,0.073,25,37,26,37,2,1,,3,22,,"2.67","1.33","-1.33","49.5",,,,,
"FF","2026-06-17","92.8","1.7","6.39","Whisenhunt, Carson",506702,687931,,"ball",,,,,12,,"R","R","L","ATL","SF","B",,,1,2,2026,"0.77","1.53",1.2641859642494477,4.105385213058943,,,,0,5,"Bot",,,,,,,-2.833471401169168,-135.1604537975172,-3.298217112756228,10.051792071060458,29.72665335125344,-12.883925314010826,3.094504593,1.561712598,,,,"93.3",2303,"6.5",824913,606992,805811,650333,656305,642715,669477,687551,808982,"53.96",,,,,,,,40,5,"4-Seam Fastball",0,5,0,5,5,0,0,5,"Strategic","Standard",148,"0.002","0.046",,,,,"-0.046",,-5,-5,0.071,0.071,25,37,26,37,2,1,,3,22,,"1.11","0.77","-0.77","58.5",,,,,
"FF","2026-06-17","92.5","1.72","6.32","Whisenhunt, Carson",506702,687931,,"foul",,,,,1,,"R","R","L","ATL","SF","S",,,1,2,2026,"0.65","1.71",-0.6341736613681564,2.925688412754715,,,,0,5,"Bot",,,,,,,-7.413949800116124,-134.508112689815,-6.47630961567768,9.48154879125294,27.22712563828892,-10.155441853613697,3.094504593,1.561712598,192,"66.9",28,"93.1",2345,"6.6",824913,606992,805811,650333,656305,642715,669477,687551,808982,"53.94",,,,,,,,40,4,"4-Seam Fastball",0,5,0,5,5,0,0,5,"Strategic","Standard",146,"0","0","54.9","5.5",,,"0","88.0",-5,-5,0.071,0.071,25,37,26,37,2,1,,3,22,,"0.94","0.65","-0.65","56.4",-2.5840368971846353,12.498414820978129,41.69054637026499,27.970902810008965,23.830870289376573
"SL","2026-06-17","84.8","1.76","6.19","Whisenhunt, Carson",506702,687931,,"called_strike",,,,,5,,"R","R","L","ATL","SF","S",,,1,1,2026,"-0.32","-0.05",0.24284758728002703,2.181088046759854,,,,0,5,"Bot",,,,,,,-2.872854113580568,-123.56085088675988,-2.771279770171998,-2.7380698960904706,22.787830111003906,-32.395686497792646,3.094504593,1.561712598,,,,"85.4",2548,"6.4",824913,606992,805811,650333,656305,642715,669477,687551,808982,"54.09",,,,,,,,40,3,"Slider",0,5,0,5,5,0,0,5,"Strategic","Standard",284,"-0.003","-0.062",,,,,"0.062",,-5,-5,0.074,0.074,25,37,26,37,2,1,,3,22,,"3.19","-0.32","0.32","54.2",,,,,
"FF","2026-06-17","92.1","1.67","6.42","Whisenhunt, Carson",506702,687931,,"ball",,,,,12,,"R","R","L","ATL","SF","B",,,0,1,2026,"0.66","1.64",0.91056562818654,3.224599382135223,,,,0,5,"Bot",,,,,,,-3.3707657327960043,-134.04449101169448,-5.737380377475771,8.687975302477817,27.91879770201064,-11.305426121111324,3.094504593,1.561712598,,,,"92.7",2297,"6.5",824913,606992,805811,650333,656305,642715,669477,687551,808982,"53.96",,,,,,,,40,2,"4-Seam Fastball",0,5,0,5,5,0,0,5,"Strategic","Standard",148,"0.001","0.029",,,,,"-0.029",,-5,-5,0.073,0.073,25,37,26,37,2,1,,3,22,,"1.03","0.66","-0.66","59.1",,,,,
"FF","2026-06-17","92","1.68","6.36","Whisenhunt, Carson",506702,687931,,"called_strike",,,,,9,,"R","R","L","ATL","SF","S",,,0,0,2026,"0.86","1.48",0.5085738076392301,1.5084401615775898,,,,0,5,"Bot",,,,,,,-4.851230505251973,-133.65197378998982,-9.494072996898,11.377924001358686,27.895016496513488,-12.568203466328958,3.094504593,1.561712598,,,,"92.4",2323,"6.6",824913,606992,805811,650333,656305,642715,669477,687551,808982,"53.94",,,,,,,,40,1,"4-Seam Fastball",0,5,0,5,5,0,0,5,"Standard","Standard",146,"-0.002","-0.043",,,,,"0.043",,-5,-5,0.075,0.075,25,37,26,37,2,1,,3,22,,"1.21","0.86","-0.86","57.9",,,,,
"SL","2026-06-17","80.7","2.03","6.06","Whisenhunt, Carson",573262,687931,"field_out","hit_into_play",,,,,3,"Mike Yastrzemski flies out to left fielder Casey Schmitt.","R","L","L","ATL","SF","X",7,"fly_ball",1,0,2026,"-0.19","-0.16",0.5892143179760626,2.6988481697580915,,,642201,2,4,"Bot",69.48,108.54,,,,,-2.8213333065137096,-117.60998551619733,-0.3810986830014409,-1.302917277616168,19.66466999332009,-33.832069604835446,3.125221457,1.577214567,266,"83.8",46,"81.6",2575,"6.5",824913,606992,805811,650333,656305,642715,669477,687551,808982,"53.98",0.009,0.008,"0",1,0,0,3,36,2,"Slider",0,5,0,5,5,0,0,5,"Infield shade","Standard",324,"-0.013","-0.32","70.7","6.7",,0.009,"0.32","88.0",-5,-5,0.077,0.077,25,35,26,36,2,1,,1,22,2,"3.62","-0.19","-0.19","51.0",8.919486007014859,4.8192645977417445,31.84018636454252,26.284607923645993,28.55817445037946
"SL","2026-06-17","85.7","2.1","5.92","Whisenhunt, Carson",573262,687931,,"blocked_ball",,,,,14,,"R","L","L","ATL","SF","B",,,0,0,2026,"-0.14","-0.08",0.06367222529261722,0.49825687874725677,,,642201,2,4,"Bot",,,,,,,-4.484190861797682,-124.69307558524913,-6.170271179913241,-0.6125198494291814,23.26879247160861,-32.0009838312323,3.125221457,1.577214567,,,,"86.4",2631,"6.6",824913,606992,805811,650333,656305,642715,669477,687551,808982,"53.91",,,,,,,,36,1,"Slider",0,5,0,5,5,0,0,5,"Infield shade","Standard",304,"0.001","0.041",,,,,"-0.041",,-5,-5,0.076,0.076,25,35,26,36,2,1,,1,22,2,"3.16","-0.14","-0.14","48.2",,,,,
"SL","2026-06-17","83.5","1.95","6.01","Whisenhunt, Carson",622761,687931,"field_out","hit_into_play",,,,,4,"Jorge Mateo lines out to right fielder Jung Hoo Lee.","R","R","L","ATL","SF","X",9,"line_drive",0,1,2026,"-0.11","-0.06",-0.33098137349909684,2.4419472456340343,,,642201,1,4,"Bot",174.28,95.52,,,,,-4.975779762608489,-121.708223402488,-1.6188791987942337,-0.40977994315960203,18.15979456892317,-32.72725253930943,3.198064305,1.613976378,285,"94.2",18,"84.8",2518,"6.5",824913,606992,805811,650333,656305,642715,669477,687551,808982,"53.97",0.509,0.482,"0",1,0,0,4,35,2,"Slider",0,5,0,5,5,0,0,5,"Standard","Standard",314,"-0.016","-0.22","72.3","6.7",,0.642,"0.22","94.2",-5,-5,0.092,0.092,25,31,26,31,2,1,,3,22,2,"3.26","-0.11","0.11","47.6",-9.27153971684502,12.156779966691873,32.32440265136139,32.72451237631237,22.020080860461807
"SL","2026-06-17","83.2","1.92","6","Whisenhunt, Carson",622761,687931,,"swinging_strike_blocked",,,,,13,,"R","R","L","ATL","SF","S",,,0,0,2026,"-0.03","-0.12",-0.7895036745451396,0.3451516937432668,,,642201,1,4,"Bot",,,,,,,-6.121275099327032,-121.08808223959736,-6.144088116913851,0.7566814913997089,19.925787102021815,-32.48991841485932,3.198064305,1.613976378,,,,"84.3",2438,"6.6",824913,606992,805811,650333,656305,642715,669477,687551,808982,"53.85",,,,,,,,35,1,"Slider",0,5,0,5,5,0,0,5,"Standard","Standard",335,"-0.003","-0.041","36.7","7.3","13.943266452",,"0.041",,-5,-5,0.095,0.095,25,31,26,31,2,1,,3,22,2,"3.37","-0.03","0.03","47.9",3.088531982562358,7.968384669821778,38.56382567323264,25.594367559997522,20.918795699853415
"CH","2026-06-17","83.7","2.13","5.9","Whisenhunt, Carson",642201,687931,"force_out","hit_into_play",,,,,14,"Eli White grounds into a force out, shortstop Willy Adames to second baseman Luis Arraez. Austin Riley out at 2nd. Eli White to 1st.","R","R","L","ATL","SF","X",6,"ground_ball",1,2,2026,"1.23","0.8",0.0252514942867903,1.0651592685420854,,,663586,0,4,"Bot",102.84,141.96,,,,,-7.285981119082546,-121.64182313756112,-6.177659014020046,13.559817638459025,20.27634714094849,-23.25761332876075,3.315666011,1.673326772,3,"105.7",-21,"84.5",1839,"6.5",824913,606992,805811,650333,656305,642715,669477,687551,808982,"53.98",0.221,0.199,"0",1,0,0,2,34,4,"Changeup",0,5,0,5,5,0,0,5,"Standard","Standard",115,"-0.017","-0.282",,,,0.235,"0.282","105.7",-5,-5,0.112,0.112,25,32,26,32,2,1,,1,22,2,"2.42","1.23","-1.23","43.7",,,,,
"SL","2026-06-17","84.6","1.92","6.02","Whisenhunt, Carson",642201,687931,,"foul",,,,,7,,"R","R","L","ATL","SF","S",,,1,1,2026,"-0.28","-0.02",-0.6126769544740753,2.033997597534891,,,663586,0,4,"Bot",,,,,,,-5.296510127986626,-123.17950412760757,-2.7002337737226743,-1.8642597693626362,23.807819680631695,-32.09131081352035,3.315666011,1.673326772,4,"81.3",-32,"85.3",2492,"6.6",824913,606992,805811,650333,656305,642715,669477,687551,808982,"53.86",,,,,,,,34,3,"Slider",0,5,0,5,5,0,0,5,"Standard","Standard",293,"-0.006","-0.058","72.2","7.1",,,"0.058","88.0",-5,-5,0.118,0.118,25,32,26,32,2,1,,1,22,2,"3.2","-0.28","0.28","50.8",10.373112999544029,-0.1370093759534108,35.73626943866358,28.9686714086259,32.3432651233628
"CH","2026-06-17","83.8","2.29","5.96","Whisenhunt, Carson",642201,687931,,"ball",,,,,14,,"R","R","L","ATL","SF","B",,,0,1,2026,"1.49","0.28",1.2445003405363526,1.0321156664000672,,,663586,0,4,"Bot",,,,,,,-5.397819426609071,-121.8412076088289,-5.254322594955113,15.926668842975621,24.446136624443103,-28.55974817833291,3.315666011,1.673326772,,,,"83.9",1857,"6.4",824913,606992,805811,650333,656305,642715,669477,687551,808982,"54.07",,,,,,,,34,2,"Changeup",0,5,0,5,5,0,0,5,"Standard","Standard",114,"0.003","0.025",,,,,"-0.025",,-5,-5,0.115,0.115,25,32,26,32,2,1,,1,22,2,"2.98","1.49","-1.49","44.8",,,,,
"FF","2026-06-17","92.4","1.73","6.26","Whisenhunt, Carson",642201,687931,,"called_strike",,,,,4,,"R","R","L","ATL","SF","S",,,0,0,2026,"1.13","1.32",-0.6823633234250692,2.3331257979856184,,,663586,0,4,"Bot",,,,,,,-8.618968268937888,-134.1012612617705,-6.858076070639177,15.519208652367471,30.803834748282192,-14.950232697732421,3.315666011,1.673326772,,,,"92.7",2278,"6.7",824913,606992,805811,650333,656305,642715,669477,687551,808982,"53.75",,,,,,,,34,1,"4-Seam Fastball",0,5,0,5,5,0,0,5,"Standard","Standard",145,"-0.004","-0.043",,,,,"0.043",,-5,-5,0.119,0.119,25,32,26,32,2,1,,1,22,2,"1.38","1.13","-1.13","54.1",,,,,
"CH","2026-06-17","82.2","2.05","6.04","Whisenhunt, Carson",663586,687931,"single","hit_into_play",,,,,13,"Austin Riley singles on a line drive to center fielder Drew Gilbert.","R","R","L","ATL","SF","X",8,"line_drive",2,1,2026,"1.22","1.03",-0.3042667784898849,1.0275706096225634,,,,0,4,"Bot",99.58,103.78,,,,,-7.695376887197238,-119.51378163974769,-6.689812776632897,13.095793829134632,20.09151707139465,-21.18023347454842,3.273540026,1.652066929,168,"96.3",9,"82.9",2054,"6.5",824913,606992,805811,650333,656305,642715,669477,687551,808982,"53.99",0.629,0.584,"0.9",1,1,0,4,33,4,"Changeup",0,5,0,5,5,0,0,5,"Infield shade","Standard",120,"0.023","0.406","65.7","7.7",,0.701,"-0.406","96.3",-5,-5,0.096,0.096,25,29,26,29,2,1,,1,22,2,"2.31","1.22","-1.22","48.2",9.038215355750781,-8.594680978747142,42.813841135358054,33.79855508869574,35.84010692795278
"CH","2026-06-17","82.8","2.1","6.07","Whisenhunt, Carson",663586,687931,,"ball",,,,,13,,"R","R","L","ATL","SF","B",,,1,1,2026,"1.18","0.95",-0.8518295308555903,0.8600404238457182,,,,0,4,"Bot",,,,,,,-9.00718621481879,-120.33484952317987,-7.170820558865932,13.043078087547842,18.650507102856974,-21.733648122350257,3.273540026,1.652066929,,,,"83.8",2075,"6.5",824913,606992,805811,650333,656305,642715,669477,687551,808982,"53.96",,,,,,,,33,3,"Changeup",0,5,0,5,5,0,0,5,"Infield shade","Standard",120,"0.004","0.064",,,,,"-0.064",,-5,-5,0.092,0.092,25,29,26,29,2,1,,1,22,2,"2.32","1.18","-1.18","52.1",,,,,
"FF","2026-06-17","91.5","1.68","6.35","Whisenhunt, Carson",663586,687931,,"ball",,,,,14,,"R","R","L","ATL","SF","B",,,0,1,2026,"0.77","1.38",0.9061434090184398,1.7090216613645919,,,,0,4,"Bot",,,,,,,-3.629840338480397,-133.2487776120728,-8.796758583040253,9.921692877738892,22.51237733537051,-14.108233101481394,3.273540026,1.652066929,,,,"93",2295,"6.7",824913,606992,805811,650333,656305,642715,669477,687551,808982,"53.83",,,,,,,,33,2,"4-Seam Fastball",0,5,0,5,5,0,0,5,"Infield shade","Standard",146,"0.001","0.029",,,,,"-0.029",,-5,-5,0.091,0.091,25,29,26,29,2,1,,1,22,2,"1.29","0.77","-0.77","60.0",,,,,
"FF","2026-06-17","91.9","1.81","6.33","Whisenhunt, Carson",663586,687931,,"called_strike",,,,,14,,"R","R","L","ATL","SF","S",,,0,0,2026,"0.76","1.38",0.024878481225498406,1.527698180844159,,,,0,4,"Bot",,,,,,,-6.174063593345953,-133.64387387339062,-9.282271847366793,10.312962095676065,22.854010703113698,-13.862774372295796,3.273540026,1.652066929,,,,"93.3",2275,"6.7",824913,606992,805811,650333,656305,642715,669477,687551,808982,"53.8",,,,,,,,33,1,"4-Seam Fastball",0,5,0,5,5,0,0,5,"Infield shade","Standard",148,"-0.002","-0.043",,,,,"0.043",,-5,-5,0.093,0.093,25,29,26,29,2,1,,1,22,2,"1.27","0.76","-0.76","56.5",,,,,
"CH","2026-06-17","82.5","2.14","6.02","Whisenhunt, Carson",645277,687931,"field_out","hit_into_play",,,,,3,"Ozzie Albies flies out to left fielder Casey Schmitt.","R","R","L","ATL","SF","X",7,"fly_ball",2,0,2026,"1.34","0.85",0.3417405239542344,2.8527727630380673,,,,2,3,"Bot",75.06,119.79,,,,,-6.720296647221308,-120.10494250704903,-2.2311037837837744,14.254191642528644,21.65412405346992,-23.662457178044082,2.984801509,1.506348425,235,"82.3",52,"83.2",1962,"6.6",824913,606992,805811,650333,656305,642715,669477,687551,808982,"53.92",0.034,0.043,"0",1,0,0,3,29,3,"Changeup",0,5,0,5,5,0,0,5,"Standard","Standard",117,"-0.008","-0.365","65.9","7.1",,0.059,"0.365","88.0",-5,-5,0.087,0.087,25,29,26,29,2,1,,1,22,2,"2.47","1.34","-1.34","47.5",14.234867589877114,-10.928524464223687,28.48128189616137,29.201157285544966,42.22823079888906
"CH","2026-06-17","82.8","2.26","6.1","Whisenhunt, Carson",645277,687931,,"ball",,,,,12,,"R","R","L","ATL","SF","B",,,1,0,2026,"1.09","0.92",1.323801644439191,2.721136683828411,,,,2,3,"Bot",,,,,,,-4.279582077371363,-120.62179371267443,-2.8888215416141456,11.437027862525445,22.096969343519476,-22.864982471747545,2.984801509,1.506348425,,,,"83.3",1985,"6.4",824913,606992,805811,650333,656305,642715,669477,687551,808982,"54.09",,,,,,,,29,2,"Changeup",0,5,0,5,5,0,0,5,"Standard","Standard",117,"0.001","0.065",,,,,"-0.065",,-5,-5,0.086,0.086,25,29,26,29,2,1,,1,22,2,"2.39","1.09","-1.09","48.3",,,,,
"FF","2026-06-17","92.6","1.6","6.35","Whisenhunt, Carson",645277,687931,,"ball",,,,,14,,"R","R","L","ATL","SF","B",,,0,0,2026,"0.98","1.48",0.43612735000878167,0.8099128754448149,,,,2,3,"Bot",,,,,,,-5.139613757489117,-134.404088049524,-11.437935384661243,12.98375451807582,26.62494826748296,-11.972223479081492,2.984801509,1.506348425,,,,"93.4",2253,"6.7",824913,606992,805811,650333,656305,642715,669477,687551,808982,"53.77",,,,,,,,29,1,"4-Seam Fastball",0,5,0,5,5,0,0,5,"Standard","Standard",146,"0.001","0.041",,,,,"-0.041",,-5,-5,0.085,0.085,25,29,26,29,2,1,,1,22,2,"1.17","0.98","-0.98","58.9",,,,,
"FF","2026-06-17","92.9","1.63","6.4","Whisenhunt, Carson",621566,687931,"field_out","hit_into_play",,,,,4,"Matt Olson grounds out to first baseman Bryce Eldridge.","R","L","L","ATL","SF","X",3,"ground_ball",0,0,2026,"0.94","1.41",-0.4244228336981828,2.2567191395842086,,,,1,3,"Bot",157.91,167.38,,,,,-7.319656734323007,-135.11060186378614,-7.856619995404094,12.947376683124533,24.41473367810806,-13.43234219360252,3.37183399,1.701673228,3,"89.5",-42,"94",2392,"6.6",824913,606992,805811,650333,656305,642715,669477,687551,808982,"53.91",0.075,0.073,"0",1,0,0,2,28,1,"4-Seam Fastball",0,5,0,5,5,0,0,5,"Infield shade","Standard",148,"-0.01","-0.264","80.5","7.9",,0.075,"0.264","89.5",-5,-5,0.095,0.095,25,32,26,32,2,1,,1,22,2,"1.2","0.94","0.94","57.9",11.497125096190958,-5.867599214202412,30.309441641854832,41.84183779993178,35.376425636621235
"FF","2026-06-17","93.1","1.64","6.37","Whisenhunt, Carson",686948,687931,"strikeout","called_strike",,,,,7,"Drake Baldwin called out on strikes.","R","L","L","ATL","SF","S",2,,0,2,2026,"0.81","1.46",-0.46219700895170523,1.9288334555733562,,,,0,3,"Bot",,,,,,,-7.163814520552415,-135.30653896750772,-8.751385964683227,11.336266130378304,24.937920946876982,-12.539530441851896,3.205962927,1.617962598,,,,"94.2",2266,"6.6",824913,606992,805811,650333,656305,642715,669477,687551,808982,"53.85",,0,"0",1,0,0,,27,3,"4-Seam Fastball",0,5,0,5,5,0,0,5,"Infield shade","Standard",146,"-0.009","-0.165",,,,,"0.165",,-5,-5,0.104,0.104,25,25,26,25,2,1,,1,22,2,"1.14","0.81","0.81","57.2",,,,,
"SL","2026-06-17","84","1.71","6.23","Whisenhunt, Carson",686948,687931,,"foul",,,,,7,,"R","L","L","ATL","SF","S",,,0,1,2026,"0","-0.02",-0.4180741031588243,1.5208538969281542,,,,0,3,"Bot",,,,,,,-4.868656235493996,-122.22581887843705,-4.230530901891787,0.9111617180214956,23.728819810618212,-31.777954839173436,3.205962927,1.617962598,1,"85.5",-47,"84.4",2369,"6.5",824913,606992,805811,650333,656305,642715,669477,687551,808982,"53.98",,,,,,,,27,2,"Slider",0,5,0,5,5,0,0,5,"Infield shade","Standard",271,"-0.004","-0.056","70.6","8.4",,,"0.056","88.0",-5,-5,0.108,0.108,25,25,26,25,2,1,,1,22,2,"3.25","0","0","56.8",24.755932143751828,-8.965563549514991,32.49966137295932,41.34675981485546,37.264712910551715
"FF","2026-06-17","92.3","1.76","6.4","Whisenhunt, Carson",686948,687931,,"called_strike",,,,,9,,"R","L","L","ATL","SF","S",,,0,0,2026,"0.84","1.43",0.5036581093390804,2.0552344731910757,,,,0,3,"Bot",,,,,,,-5.054476144282685,-134.34145531496637,-8.286034664809764,11.217450394973037,24.489440371085834,-13.346446587751267,3.205962927,1.617962598,,,,"93.6",2322,"6.7",824913,606992,805811,650333,656305,642715,669477,687551,808982,"53.83",,,,,,,,27,1,"4-Seam Fastball",0,5,0,5,5,0,0,5,"Infield shade","Standard",149,"-0.002","-0.043",,,,,"0.043",,-5,-5,0.11,0.11,25,25,26,25,2,1,,1,22,2,"1.21","0.84","0.84","59.7",,,,,
"CH","2026-06-17","83.9","2.37","5.85","Whisenhunt, Carson",643289,687931,"field_out","hit_into_play",,,,,13,"Mauricio Dubón flies out to left fielder Casey Schmitt.","R","R","L","ATL","SF","X",7,"fly_ball",0,0,2026,"1.25","0.53",-0.1879799768498447,1.4237161604983068,642201,573262,,2,2,"Bot",55.23,64.11,,,,,-8.401923804848593,-121.86017533684652,-4.69758315931747,14.112993511497605,22.873032353831846,-26.111554854477582,3.17085794,1.600246063,375,"96",32,"84.5",1952,"6.7",824913,606992,805811,650333,656305,642715,669477,687551,808982,"53.83",0.2,0.362,"0",1,0,0,5,22,1,"Changeup",0,5,0,5,5,0,0,5,"Standard","Standard",114,"-0.037","-0.258","73.0","8.5",,0.66,"0.258","96.0",-5,-5,0.131,0.131,25,31,26,32,2,1,,1,22,2,"2.7","1.25","-1.25","45.0",10.952120083210312,-14.509175169533133,41.98465119251192,31.444799583795906,38.1174832978224
"CH","2026-06-17","83.5","2.17","5.9","Whisenhunt, Carson",506702,687931,"field_out","hit_into_play",,,,,13,"Sandy León grounds out, second baseman Luis Arraez to first baseman Bryce Eldridge. Eli White to 3rd. Mike Yastrzemski to 2nd.","R","R","L","ATL","SF","X",4,"ground_ball",0,2,2026,"1.46","0.62",-0.38281536764841606,1.032309400416457,,642201,573262,1,2,"Bot",145.81,154.67,,,,,-8.767727039536707,-121.36003653628877,-5.853319303814167,16.055382904288596,20.14015327380326,-25.14047457544418,3.094504593,1.561712598,2,"91.4",-28,"84.4",1956,"6.6",824913,606992,805811,650333,656305,642715,669477,687551,808982,"53.89",0.038,0.034,"0",1,0,0,2,21,3,"Changeup",0,5,0,5,5,0,0,5,"Standard","Standard",111,"-0.011","-0.212","61.1","7.8",,0.048,"0.212","91.4",-5,-5,0.142,0.142,25,37,26,37,1,0,,3,22,,"2.62","1.46","-1.46","44.8",28.344108970332492,-19.163962058168906,48.70431804125293,31.989697177584738,45.21625168783304
"CH","2026-06-17","83.2","2.26","5.95","Whisenhunt, Carson",506702,687931,,"foul_tip",,,,,13,,"R","R","L","ATL","SF","S",,,0,1,2026,"1.23","1.04",-0.04008713309241885,1.2294488214839052,,642201,573262,1,2,"Bot",,,,,,,-7.701256064599703,-120.9230815443855,-6.235794540466097,13.571431720436003,22.124597422226852,-20.946922234671217,3.094504593,1.561712598,,,,"83.7",2019,"6.5",824913,606992,805811,650333,656305,642715,669477,687551,808982,"53.96",,,,,,,,21,2,"Changeup",0,5,0,5,5,0,0,5,"Standard","Standard",115,"-0.009","-0.062","62.5","8.3",,,"0.062",,-5,-5,0.151,0.151,25,37,26,37,1,0,,3,22,,"2.25","1.23","-1.23","43.5",28.901534706450356,-29.288217392951974,48.26683718880674,34.24207432967425,45.2655878748961
"CH","2026-06-17","83.1","2.28","5.95","Whisenhunt, Carson",506702,687931,,"swinging_strike",,,,,7,,"R","R","L","ATL","SF","S",,,0,0,2026,"1.44","0.88",-0.32914568474659767,1.6857717505483012,,642201,573262,1,2,"Bot",,,,,,,-8.81796365761114,-120.77656076660898,-4.885433733404072,15.768826858317983,21.188834123855628,-22.779499168653963,3.094504593,1.561712598,,,,"83.9",2024,"6.6",824913,606992,805811,650333,656305,642715,669477,687551,808982,"53.85",,,,,,,,21,1,"Changeup",0,5,0,5,5,0,0,5,"Standard","Standard",114,"-0.005","-0.043","33.2","7.0","1.693953744",,"0.043",,-5,-5,0.156,0.156,25,37,26,37,1,0,,3,22,,"2.4","1.44","-1.44","45.1",25.210962237232547,-9.87158345088687,38.580009434795514,31.896459239809918,43.24083928504267
"FF","2026-06-17","92.4","1.79","6.31","Whisenhunt, Carson",573262,687931,"walk","ball",,,,,11,"Mike Yastrzemski walks. Eli White to 2nd.","R","L","L","ATL","SF","B",,,3,1,2026,"0.89","1.5",-0.18501640865701252,4.307435655720825,,,642201,1,2,"Bot",,,,,,,-6.959105536546315,-134.5840961883326,-2.526875110348937,12.223072922921357,25.701541939165388,-13.52808963101313,3.125221457,1.577214567,,,,"93.4",2270,"6.6",824913,606992,805811,650333,656305,642715,669477,687551,808982,"53.94",,0.698079,"0.7",1,0,0,,20,5,"4-Seam Fastball",0,5,0,5,5,0,0,5,"Infield shade","Standard",148,"0.017","0.174",,,,,"-0.174",,-5,-5,0.139,0.139,25,35,26,36,1,0,,1,22,2,"1.14","0.89","0.89","55.8",,,,,
"CH","2026-06-17","82.8","2.2","5.85","Whisenhunt, Carson",573262,687931,,"blocked_ball",,,,,13,,"R","L","L","ATL","SF","B",,,2,1,2026,"1.19","0.77",-0.5191872720887969,-0.07279126053331009,,,642201,1,2,"Bot",,,,,,,-8.48744367065786,-120.10419897025788,-8.309989585152692,13.07086570580914,21.372137428098114,-23.27268787479715,3.125221457,1.577214567,,,,"83.2",2093,"6.6",824913,606992,805811,650333,656305,642715,669477,687551,808982,"53.93",,,,,,,,20,4,"Changeup",0,5,0,5,5,0,0,5,"Infield shade","Standard",114,"0.009","0.095",,,,,"-0.095",,-5,-5,0.13,0.13,25,35,26,36,1,0,,1,22,2,"2.55","1.19","1.19","44.2",,,,,
"FF","2026-06-17","93.4","1.9","6.27","Whisenhunt, Carson",573262,687931,,"ball",,,,,11,,"R","L","L","ATL","SF","B",,,1,1,2026,"0.65","1.63",-0.1963266182712261,3.5178666668518064,,,642201,1,2,"Bot",,,,,,,-6.817897224586888,-135.81668950751552,-4.8301343156653465,9.54518699479526,28.23352872865564,-11.150678827219624,3.125221457,1.577214567,,,,"93.9",2390,"6.5",824913,606992,805811,650333,656305,642715,669477,687551,808982,"53.98",,,,,,,,20,3,"4-Seam Fastball",0,5,0,5,5,0,0,5,"Infield shade","Standard",145,"0.004","0.063",,,,,"-0.063",,-5,-5,0.126,0.126,25,35,26,36,1,0,,1,22,2,"0.98","0.65","0.65","54.7",,,,,
"FF","2026-06-17","93.4","1.83","6.25","Whisenhunt, Carson",573262,687931,,"ball",,,,,11,,"R","L","L","ATL","SF","B",,,0,1,2026,"0.76","1.44",-0.924070594884275,2.8420458525951986,,,642201,1,2,"Bot",,,,,,,-8.730618305429598,-135.70900135236093,-6.114612351786802,11.128103766401868,26.72066315927478,-13.163881146330791,3.125221457,1.577214567,,,,"94.2",2351,"6.6",824913,606992,805811,650333,656305,642715,669477,687551,808982,"53.89",,,,,,,,20,2,"4-Seam Fastball",0,5,0,5,5,0,0,5,"Infield shade","Standard",147,"0.002","0.029",,,,,"-0.029",,-5,-5,0.124,0.124,25,35,26,36,1,0,,1,22,2,"1.16","0.76","0.76","49.4",,,,,
"FF","2026-06-17","93.7","1.84","6.21","Whisenhunt, Carson",573262,687931,,"foul",,,,,7,,"R","L","L","ATL","SF","S",,,0,0,2026,"0.83","1.45",-0.662943820763121,1.7963505375293431,,,642201,1,2,"Bot",,,,,,,-8.286763393742817,-136.16126562923873,-8.769061847575625,12.026815379286438,25.95867995664849,-12.374830615141821,3.125221457,1.577214567,231,"76.5",37,"94.6",2263,"6.6",824913,606992,805811,650333,656305,642715,669477,687551,808982,"53.89",,,,,,,,20,1,"4-Seam Fastball",0,5,0,5,5,0,0,5,"Infield shade","Standard",142,"-0.003","-0.041","66.6","7.7",,,"0.041","88.0",-5,-5,0.127,0.127,25,35,26,36,1,0,,1,22,2,"1.12","0.83","0.83","51.4",2.0251951893584934,10.044319696634677,35.02365465992074,41.02177540877063,23.4014532781965
"CH","2026-06-17","83.2","2.25","5.98","Whisenhunt, Carson",622761,687931,"field_out","hit_into_play",,,,,9,"Jorge Mateo flies out to second baseman Luis Arraez.","R","R","L","ATL","SF","X",4,"fly_ball",0,1,2026,"1.35","0.47",0.31518848256911536,1.8734436651140758,,,642201,0,2,"Bot",140.33,118.39,,,,,-7.086887761335938,-121.20311652673934,-3.8444371410305176,14.604339316764367,17.96687685848324,-27.04998499368136,3.198064305,1.613976378,207,"68.4",39,"84.3",2013,"6.4",824913,606992,805811,650333,656305,642715,669477,687551,808982,"54.11",0.591,0.557,"0",1,0,0,4,19,2,"Changeup",0,5,0,5,5,0,0,5,"Standard","Standard",112,"-0.021","-0.214","74.0","8.3",,0.662,"0.214","88.0",-5,-5,0.148,0.148,25,31,26,31,1,0,,3,22,2,"2.75","1.35","-1.35","44.0",11.708173787693845,-17.842336940296533,31.15762765158848,38.978974703038396,39.542184647828144
"FF","2026-06-17","93.3","1.8","6.34","Whisenhunt, Carson",622761,687931,,"called_strike",,,,,2,,"R","R","L","ATL","SF","S",,,0,0,2026,"0.88","1.32",0.0353254148016815,3.0015597209910094,,,642201,0,2,"Bot",,,,,,,-6.484246322958821,-135.72090459885345,-5.600673670527455,12.289031280020708,29.143895765506546,-14.833129294399697,3.198064305,1.613976378,,,,"93.8",2299,"6.5",824913,606992,805811,650333,656305,642715,669477,687551,808982,"53.97",,,,,,,,19,1,"4-Seam Fastball",0,5,0,5,5,0,0,5,"Standard","Standard",146,"-0.004","-0.043",,,,,"0.043",,-5,-5,0.152,0.152,25,31,26,31,1,0,,3,22,2,"1.3","0.88","-0.88","52.8",,,,,
"FF","2026-06-17","93.6","1.85","6.31","Whisenhunt, Carson",642201,687931,"single","hit_into_play",,,,,14,"Eli White singles on a line drive to right fielder Jung Hoo Lee.","R","R","L","ATL","SF","X",9,"line_drive",2,2,2026,"0.93","1.34",0.26564208514750043,1.4886973113985593,,,,0,2,"Bot",173.84,111.96,,,,,-6.151430093884701,-135.96169126913466,-9.523063742384895,12.899256399843365,26.863075665931284,-13.687695823352707,3.315666011,1.673326772,248,"93.3",15,"94.4",2375,"6.6",824913,606992,805811,650333,656305,642715,669477,687551,808982,"53.85",0.926,0.874,"0.9",1,1,0,4,18,7,"4-Seam Fastball",0,5,0,5,5,0,0,5,"Strategic","Standard",147,"0.029","0.486",,,,1.088,"-0.486","93.3",-5,-5,0.123,0.123,25,32,26,32,1,0,,1,22,2,"1.25","0.93","-0.93","56.4",,,,,
"CH","2026-06-17","84","2.1","5.98","Whisenhunt, Carson",642201,687931,,"foul",,,,,14,,"R","R","L","ATL","SF","S",,,2,2,2026,"1.49","0.74",0.29265589836888783,0.8522694741943093,,,,0,2,"Bot",,,,,,,-7.15488335813932,-122.05340817230233,-6.761966626459282,16.312138269785983,22.21103089047193,-23.610240459830376,3.315666011,1.673326772,1,"69.9",-36,"84.5",2106,"6.5",824913,606992,805811,650333,656305,642715,669477,687551,808982,"54",,,,,,,,18,6,"Changeup",0,5,0,5,5,0,0,5,"Strategic","Standard",119,"0","0",,,,,"0","88.0",-5,-5,0.123,0.123,25,32,26,32,1,0,,1,22,2,"2.48","1.49","-1.49","47.7",,,,,
"CH","2026-06-17","83.8","1.99","6.03","Whisenhunt, Carson",642201,687931,,"ball",,,,,13,,"R","R","L","ATL","SF","B",,,1,2,2026,"1.43","0.92",-0.38006350485405593,1.2304502719973494,,,,0,2,"Bot",,,,,,,-8.291082383044248,-121.73599987462822,-6.301743762397166,15.79317495311065,22.674141487130477,-21.967269217813275,3.315666011,1.673326772,,,,"84.2",2046,"6.5",824913,606992,805811,650333,656305,642715,669477,687551,808982,"54",,,,,,,,18,5,"Changeup",0,5,0,5,5,0,0,5,"Strategic","Standard",125,"0.003","0.046",,,,,"-0.046",,-5,-5,0.12,0.12,25,32,26,32,1,0,,1,22,2,"2.32","1.43","-1.43","48.3",,,,,
"FF","2026-06-17","92.9","1.83","6.31","Whisenhunt, Carson",642201,687931,,"foul",,,,,14,,"R","R","L","ATL","SF","S",,,1,2,2026,"0.99","1.4",0.8300798071470288,2.2795801896542334,,,,0,2,"Bot",,,,,,,-4.726494039282481,-135.0145562534445,-7.435831325352357,13.081202667064597,29.16123601198101,-13.580598066020391,3.315666011,1.673326772,67,"76.1",36,"93.2",2410,"6.5",824913,606992,805811,650333,656305,642715,669477,687551,808982,"54",,,,,,,,18,4,"4-Seam Fastball",0,5,0,5,5,0,0,5,"Strategic","Standard",143,"0","0","65.4","6.7",,,"0","88.0",-5,-5,0.12,0.12,25,32,26,32,1,0,,1,22,2,"1.24","0.99","-0.99","52.0",-2.466278949457026,19.398515736080892,37.89466571101833,44.885546209618695,16.914691394776526
"CH","2026-06-17","83.5","2.2","6.06","Whisenhunt, Carson",642201,687931,,"swinging_strike",,,,,14,,"R","R","L","ATL","SF","S",,,1,1,2026,"1.39","0.3",0.0019612736700507227,0.9545216276911983,,,,0,2,"Bot",,,,,,,-7.774025052298712,-121.30113969588899,-5.642848847133523,15.218787032635234,23.270972306668202,-28.31517567149759,3.315666011,1.673326772,,,,"83.7",1837,"6.5",824913,606992,805811,650333,656305,642715,669477,687551,808982,"54.03",,,,,,,,18,3,"Changeup",0,5,0,5,5,0,0,5,"Standard","Standard",117,"-0.004","-0.062","73.2","8.3","7.404531528",,"0.062",,-5,-5,0.124,0.124,25,32,26,32,1,0,,1,22,2,"2.98","1.39","-1.39","46.2",24.641125094073452,-30.047730528342317,40.532939052945416,34.345744234189695,53.77822203171047
"CH","2026-06-17","83.1","2.12","6.01","Whisenhunt, Carson",642201,687931,,"ball",,,,,13,,"R","R","L","ATL","SF","B",,,0,1,2026,"1.22","1.06",-0.7248005533290345,0.1351383132459778,,,,0,2,"Bot",,,,,,,-8.872341088694212,-120.53628340959825,-8.831985993913648,13.551671855223713,21.448319020535713,-20.314792272714485,3.315666011,1.673326772,,,,"83.4",1991,"6.5",824913,606992,805811,650333,656305,642715,669477,687551,808982,"54",,,,,,,,18,2,"Changeup",0,5,0,5,5,0,0,5,"Standard","Standard",122,"0.001","0.029",,,,,"-0.029",,-5,-5,0.123,0.123,25,32,26,32,1,0,,1,22,2,"2.24","1.22","-1.22","49.6",,,,,
"FF","2026-06-17","92.5","1.88","6.44","Whisenhunt, Carson",642201,687931,,"called_strike",,,,,2,,"R","R","L","ATL","SF","S",,,0,0,2026,"0.64","1.59",0.03911909104462641,3.2594076495649857,,,,0,2,"Bot",,,,,,,-6.061202219579814,-134.61973147351426,-5.690359606056663,9.00556353319081,27.22799838029793,-11.812173062530611,3.315666011,1.673326772,,,,"93.2",2317,"6.5",824913,606992,805811,650333,656305,642715,669477,687551,808982,"53.96",,,,,,,,18,1,"4-Seam Fastball",0,5,0,5,5,0,0,5,"Standard","Standard",148,"-0.002","-0.043",,,,,"0.043",,-5,-5,0.125,0.125,25,32,26,32,1,0,,1,22,2,"1.06","0.64","-0.64","55.9",,,,,
"CH","2026-06-17","84.7","2.22","5.87","Whisenhunt, Carson",663586,687931,"field_out","hit_into_play",,,,,8,"Austin Riley flies out sharply to center fielder Drew Gilbert.","R","R","L","ATL","SF","X",8,"fly_ball",3,2,2026,"1.38","0.84",-0.14079389099412998,2.0654258560813545,643289,645277,,2,1,"Bot",108.25,57.54,,,,,-8.283121609102842,-123.15205101920868,-4.131888857694338,15.607570001934572,20.720113203065473,-22.952549769510018,3.273540026,1.652066929,352,"100",40,"85.7",1851,"6.6",824913,606992,805811,650333,656305,642715,669477,687551,808982,"53.87",0.154,0.303,"0",1,0,0,3,10,6,"Changeup",0,1,0,1,1,0,0,1,"Infield shade","Standard",121,"-0.063","-0.273","81.6","7.7",,0.572,"0.273","100.0",-1,-1,0.46,0.46,25,29,26,29,1,0,,1,22,2,"2.3","1.38","-1.38","46.7",3.817469957546102,-7.505320401729838,41.5337746931438,35.23246463354813,40.34497480628825
"SL","2026-06-17","86.3","1.84","6.1","Whisenhunt, Carson",663586,687931,,"blocked_ball",,,,,13,,"R","R","L","ATL","SF","B",,,2,2,2026,"0.17","-0.21",-0.4372177072529365,-0.3894050936089184,643289,645277,,2,1,"Bot",,,,,,,-5.736832190979068,-125.35852859257145,-8.520920729579498,2.958370748560469,24.535198633840427,-32.86806569199818,3.273540026,1.652066929,,,,"86.9",2627,"6.7",824913,606992,805811,650333,656305,642715,669477,687551,808982,"53.79",,,,,,,,10,5,"Slider",0,1,0,1,1,0,0,1,"Infield shade","Standard",30,"0.012","0.067",,,,,"-0.067",,-1,-1,0.448,0.448,25,29,26,29,1,0,,1,22,2,"3.27","0.17","-0.17","52.6",,,,,
"SL","2026-06-17","85.1","1.87","6.05","Whisenhunt, Carson",663586,687931,,"swinging_strike",,,,,13,,"R","R","L","ATL","SF","S",,,2,1,2026,"-0.19","-0.17",-1.338825933232005,1.1874987871759695,643289,645277,,2,1,"Bot",,,,,,,-7.101269663919873,-123.8246470764428,-4.600963601557688,-0.7568002623117724,21.444517839116816,-33.325173596137965,3.273540026,1.652066929,,,,"86.2",2519,"6.7",824913,606992,805811,650333,656305,642715,669477,687551,808982,"53.8",,,,,,,,10,4,"Slider",0,1,0,1,1,0,0,1,"Infield shade","Standard",349,"-0.011","-0.045","76.6","8.7","3.45733134",,"0.045",,-1,-1,0.459,0.459,25,29,26,29,1,0,,1,22,2,"3.29","-0.19","0.19","52.7",28.068732093809142,-28.49668778937086,36.905128122237045,22.266992323322555,49.61582390003555
"CH","2026-06-17","84.8","2.26","5.99","Whisenhunt, Carson",663586,687931,,"ball",,,,,12,,"R","R","L","ATL","SF","B",,,1,1,2026,"1.26","0.41",1.3842694001528157,2.96857153512303,643289,645277,,2,1,"Bot",,,,,,,-4.600704991612241,-123.5020526083738,-1.4540747161079026,13.796189457644639,21.007982808497573,-27.84873010256074,3.273540026,1.652066929,,,,"85.6",1897,"6.5",824913,606992,805811,650333,656305,642715,669477,687551,808982,"54.05",,,,,,,,10,3,"Changeup",0,1,0,1,1,0,0,1,"Infield shade","Standard",116,"0.005","0.002",,,,,"-0.002",,-1,-1,0.454,0.454,25,29,26,29,1,0,,1,22,2,"2.72","1.26","-1.26","45.2",,,,,
"CH","2026-06-17","85","2.22","5.82","Whisenhunt, Carson",663586,687931,,"ball",,,,,13,,"R","R","L","ATL","SF","B",,,0,1,2026,"1.32","0.61",-0.6476923074475489,0.311076487101718,,643289,645277,2,1,"Bot",,,,,,,-9.355361134409302,-123.22469635593664,-7.54773584712908,15.319193772363452,24.41772152553485,-24.59062131829142,3.273540026,1.652066929,,,,"85.3",1856,"6.7",824913,606992,805811,650333,656305,642715,669477,687551,808982,"53.79",,,,,,,,10,2,"Changeup",0,1,0,1,1,0,0,1,"Strategic","Standard",110,"0.019","0.017",,,,,"-0.017",,-1,-1,0.435,0.435,25,29,26,29,1,0,,1,22,2,"2.57","1.32","-1.32","43.9",,,,,
"CH","2026-06-17","83.4","2.33","5.96","Whisenhunt, Carson",663586,687931,,"called_strike",,,,,9,,"R","R","L","ATL","SF","S",,,0,0,2026,"1.24","0.45",0.3058429398932143,1.7330204022720737,,643289,645277,2,1,"Bot",,,,,,,-7.072003030723186,-121.31041714856282,-3.979479129738556,13.580383303965844,22.11347948962904,-27.172985257718,3.273540026,1.652066929,,,,"83.8",1923,"6.4",824913,606992,805811,650333,656305,642715,669477,687551,808982,"54.08",,,,,,,,10,1,"Changeup",0,1,0,1,1,0,0,1,"Standard","Standard",113,"-0.007","-0.033",,,,,"0.033",,-1,-1,0.442,0.442,25,29,26,29,1,0,,1,22,2,"2.81","1.24","-1.24","46.9",,,,,
"FF","2026-06-17","93.1","1.81","6.27","Whisenhunt, Carson",645277,687931,"single","hit_into_play",,,,,5,"Ozzie Albies singles on a line drive to center fielder Drew Gilbert. Mauricio Dubón to 2nd.","R","R","L","ATL","SF","X",8,"line_drive",0,0,2026,"0.66","1.53",-0.03559665623528541,2.3144628765530686,,,643289,2,1,"Bot",109.89,92.33,,,,,-6.17783920389715,-135.39522813071503,-7.647776480483706,9.395593634875562,27.372669107045876,-11.818205791249284,2.984801509,1.506348425,192,"91.1",11,"94",2267,"6.7",824913,606992,805811,650333,656305,642715,669477,687551,808982,"53.84",0.677,0.646,"0.9",1,1,0,4,9,1,"4-Seam Fastball",0,1,0,1,1,0,0,1,"Standard","Standard",146,"0.022","0.339","73.0","6.4",,0.771,"-0.339","91.1",-1,-1,0.42,0.42,25,29,26,29,1,0,,1,22,2,"1.08","0.66","-0.66","54.4",1.5616514395437735,1.4268633747253647,35.31405213326549,25.38648647420818,30.73790407484681
"SL","2026-06-17","84.5","2.09","6.09","Whisenhunt, Carson",621566,687931,"field_out","hit_into_play",,,,,2,"Matt Olson flies out to left fielder Casey Schmitt.","R","L","L","ATL","SF","X",7,"fly_ball",1,1,2026,"-0.22","-0.06",-0.2426329548274552,3.2040073269360634,,,643289,1,1,"Bot",78.03,114.13,,,,,-4.939702505594914,-122.99726606160189,-0.06636044694007315,-1.300546710952047,23.33089826623968,-33.015824295476776,3.37183399,1.701673228,225,"94.1",56,"84.9",2603,"6.4",824913,606992,805811,650333,656305,642715,669477,687551,808982,"54.06",0.011,0.01,"0",1,0,0,3,8,3,"Slider",0,1,0,1,1,0,0,1,"Infield shade","Standard",343,"-0.029","-0.249","72.1","7.0",,0.014,"0.249","94.1",-1,-1,0.449,0.449,25,32,26,32,1,0,,1,22,2,"3.24","-0.22","-0.22","49.7",12.03158792622898,-0.647539282838923,27.306722289545107,39.71374791945136,35.55834652160319
"CH","2026-06-17","84.5","2.2","5.89","Whisenhunt, Carson",621566,687931,,"blocked_ball",,,,,14,,"R","L","L","ATL","SF","B",,,0,1,2026,"1.41","0.53",0.0335159615667906,0.6191653819242937,,,643289,1,1,"Bot",,,,,,,-7.850693010086065,-122.74204130630203,-6.806002211850558,15.767018876001858,21.60961122608744,-25.658770030297234,3.37183399,1.701673228,,,,"85.1",1965,"6.5",824913,606992,805811,650333,656305,642715,669477,687551,808982,"53.99",,,,,,,,8,2,"Changeup",0,1,0,1,1,0,0,1,"Infield shade","Standard",114,"0.003","0.029",,,,,"-0.029",,-1,-1,0.446,0.446,25,32,26,32,1,0,,1,22,2,"2.64","1.41","1.41","42.5",,,,,
"FF","2026-06-17","94","1.83","6.21","Whisenhunt, Carson",621566,687931,,"called_strike",,,,,7,,"R","L","L","ATL","SF","S",,,0,0,2026,"0.88","1.47",-0.8202255169160346,2.030704597038386,,,643289,1,1,"Bot",,,,,,,-8.81045393034417,-136.4987585623672,-8.262442476423367,12.849475274395814,27.445487964970336,-12.13794245747292,3.37183399,1.701673228,,,,"94.8",2348,"6.7",824913,606992,805811,650333,656305,642715,669477,687551,808982,"53.83",,,,,,,,8,1,"4-Seam Fastball",0,1,0,1,1,0,0,1,"Infield shade","Standard",142,"-0.004","-0.041",,,,,"0.041",,-1,-1,0.45,0.45,25,32,26,32,1,0,,1,22,2,"1.1","0.88","0.88","51.0",,,,,
"CH","2026-06-17","83.6","2.1","5.93","Whisenhunt, Carson",686948,687931,"strikeout","swinging_strike_blocked",,,,,13,"Drake Baldwin strikes out swinging.","R","L","L","ATL","SF","S",2,,2,2,2026,"1.39","0.46",-0.03946711090068966,0.5546800974227963,,,643289,0,1,"Bot",,,,,,,-7.677517162704057,-121.40032827934519,-6.653817031266926,15.26870387908473,22.4513336217705,-26.487122341027934,3.205962927,1.617962598,,,,"84",1979,"6.5",824913,606992,805811,650333,656305,642715,669477,687551,808982,"53.96",,0,"0",1,0,0,,7,5,"Changeup",0,1,0,1,1,0,0,1,"Infield shade","Standard",113,"-0.031","-0.222","77.3","8.7","1.611357816",,"0.222",,-1,-1,0.481,0.481,25,25,26,25,1,0,,1,22,2,"2.8","1.39","1.39","43.1",29.410890158210158,-9.169794738081375,43.14597521869023,36.21065865657677,41.41312418710153
"SL","2026-06-17","84.7","1.93","6.07","Whisenhunt, Carson",686948,687931,,"ball",,,,,13,,"R","L","L","ATL","SF","B",,,1,2,2026,"-0.2","-0.11",-1.0612625573875452,1.7384170962588144,,,643289,0,1,"Bot",,,,,,,-6.533152097328188,-123.3851375798648,-3.433131750897487,-0.9215819312533233,21.11717005943424,-32.8756271639314,3.205962927,1.617962598,,,,"85.8",2576,"6.7",824913,606992,805811,650333,656305,642715,669477,687551,808982,"53.85",,,,,,,,7,4,"Slider",0,1,0,1,1,0,0,1,"Infield shade","Standard",7,"0.006","0.045",,,,,"-0.045",,-1,-1,0.475,0.475,25,25,26,25,1,0,,1,22,2,"3.24","-0.2","-0.2","50.8",,,,,
"SL","2026-06-17","82.9","2","6.06","Whisenhunt, Carson",686948,687931,,"foul",,,,,4,,"R","L","L","ATL","SF","S",,,1,1,2026,"-0.23","0.07",-0.6713283922725447,2.573856260968996,,,643289,0,1,"Bot",,,,,,,-5.581916926631632,-120.70663290982291,-1.4539495590443678,-1.2237929896213895,22.210234564016616,-31.451773104065555,3.205962927,1.617962598,190,"69.2",25,"83.4",2584,"6.5",824913,606992,805811,650333,656305,642715,669477,687551,808982,"54.01",,,,,,,,7,3,"Slider",0,1,0,1,1,0,0,1,"Infield shade","Standard",277,"-0.009","-0.058","75.8","7.1",,,"0.058","88.0",-1,-1,0.484,0.484,25,25,26,25,1,0,,1,22,2,"3.23","-0.23","-0.23","49.0",13.022132295415528,11.01109947507492,29.710981500351995,47.78917287924776,27.2586308716693
"CH","2026-06-17","83.3","2.19","5.99","Whisenhunt, Carson",686948,687931,,"foul",,,,,5,,"R","L","L","ATL","SF","S",,,1,0,2026,"1.39","0.9",-0.09480263881495188,2.290014713398836,,,643289,0,1,"Bot",,,,,,,-7.966046586018419,-121.04783493364708,-3.6326474787320886,15.237286611397856,22.590471059819706,-22.795520324679867,3.205962927,1.617962598,19,"78.5",-6,"83.5",1980,"6.4",824913,606992,805811,650333,656305,642715,669477,687551,808982,"54.08",,,,,,,,7,2,"Changeup",0,1,0,1,1,0,0,1,"Infield shade","Standard",118,"-0.008","-0.057","78.7","8.5",,,"0.057","88.0",-1,-1,0.492,0.492,25,25,26,25,1,0,,1,22,2,"2.38","1.39","1.39","45.2",23.915011410122528,-27.37358502621703,30.851108401926584,40.43991076906134,45.64191856939209
"FF","2026-06-17","93.8","1.69","6.31","Whisenhunt, Carson",686948,687931,,"ball",,,,,13,,"R","L","L","ATL","SF","B",,,0,0,2026,"1","1.53",-1.1278644565179259,2.27661023658842,,,643289,0,1,"Bot",,,,,,,-9.503487992998048,-136.11197210759474,-7.961858114857008,14.483879981535047,27.821680828510512,-11.53155337544519,3.205962927,1.617962598,,,,"94.5",2248,"6.7",824913,606992,805811,650333,656305,642715,669477,687551,808982,"53.79",,,,,,,,7,1,"4-Seam Fastball",0,1,0,1,1,0,0,1,"Infield shade","Standard",141,"0.006","0.039",,,,,"-0.039",,-1,-1,0.486,0.486,25,25,26,25,1,0,,1,22,2,"1.06","1","1","50.9",,,,,
"CH","2026-06-17","82.6","2.08","6","Whisenhunt, Carson",643289,687931,"walk","ball",,,,,13,"Mauricio Dubón walks.","R","R","L","ATL","SF","B",,,3,2,2026,"1.34","0.69",-1.448933322381823,0.6083500439686289,,,,0,1,"Bot",,,,,,,-10.602566628401126,-119.76594754037875,-6.927787386721863,14.798985903536607,20.17459552251329,-24.335263620622424,3.17085794,1.600246063,,,,"83.2",2027,"6.6",824913,606992,805811,650333,656305,642715,669477,687551,808982,"53.89",,0.698079,"0.7",1,0,0,,6,6,"Changeup",0,1,0,1,1,0,0,1,"Standard","Standard",118,"0.032","0.373",,,,,"-0.373",,-1,-1,0.454,0.454,25,31,26,32,1,0,,1,22,2,"2.64","1.34","-1.34","46.8",,,,,
"CH","2026-06-17","83.5","2.07","6.06","Whisenhunt, Carson",643289,687931,,"called_strike",,,,,5,,"R","R","L","ATL","SF","S",,,3,1,2026,"1.43","0.58",0.12986373183066213,2.295005829754531,,,,0,1,"Bot",,,,,,,-7.317771690003722,-121.43114751317157,-3.250718212036901,15.522368844374707,21.046467625526002,-25.974028036488246,3.17085794,1.600246063,,,,"84.4",2058,"6.6",824913,606992,805811,650333,656305,642715,669477,687551,808982,"53.86",,,,,,,,6,5,"Changeup",0,1,0,1,1,0,0,1,"Standard","Standard",119,"-0.009","-0.108",,,,,"0.108",,-1,-1,0.463,0.463,25,31,26,32,1,0,,1,22,2,"2.66","1.43","-1.43","45.9",,,,,
"FF","2026-06-17","94.2","1.84","6.35","Whisenhunt, Carson",643289,687931,,"called_strike",,,,,7,,"R","R","L","ATL","SF","S",,,3,0,2026,"0.83","1.44",-0.6414697840302301,1.9438309190218104,,,,0,1,"Bot",,,,,,,-8.262251134860279,-136.8138926998498,-8.848027442371338,12.086958109704877,25.727008457620606,-12.27459921303854,3.17085794,1.600246063,,,,"95.1",2472,"6.6",824913,606992,805811,650333,656305,642715,669477,687551,808982,"53.93",,,,,,,,6,4,"4-Seam Fastball",0,1,0,1,1,0,0,1,"Standard","Standard",143,"-0.008","-0.089",,,,,"0.089",,-1,-1,0.471,0.471,25,31,26,32,1,0,,1,22,2,"1.1","0.83","-0.83","60.0",,,,,
"FF","2026-06-17","92.7","1.91","6.3","Whisenhunt, Carson",643289,687931,,"ball",,,,,14,,"R","R","L","ATL","SF","B",,,2,0,2026,"1.11","1.51",0.7215150209260768,0.8211775249467979,,,,0,1,"Bot",,,,,,,-5.493296646742376,-134.53727086991242,-11.351739561475439,14.703364925437524,25.720980745283537,-11.613501124885687,3.17085794,1.600246063,,,,"93.4",2437,"6.6",824913,606992,805811,650333,656305,642715,669477,687551,808982,"53.89",,,,,,,,6,3,"4-Seam Fastball",0,1,0,1,1,0,0,1,"Standard","Standard",146,"0.012","0.155",,,,,"-0.155",,-1,-1,0.459,0.459,25,31,26,32,1,0,,1,22,2,"1.13","1.11","-1.11","59.0",,,,,
"FF","2026-06-17","93.3","1.93","6.33","Whisenhunt, Carson",643289,687931,,"ball",,,,,13,,"R","R","L","ATL","SF","B",,,1,0,2026,"0.8","1.46",-0.06993782622977662,0.7883433160752733,,,,0,1,"Bot",,,,,,,-6.8747798831837255,-135.44791933909357,-11.532832493602617,11.280331436963499,26.582998949098172,-11.952382762399122,3.17085794,1.600246063,,,,"93.9",2371,"6.6",824913,606992,805811,650333,656305,642715,669477,687551,808982,"53.94",,,,,,,,6,2,"4-Seam Fastball",0,1,0,1,1,0,0,1,"Standard","Standard",148,"0.007","0.084",,,,,"-0.084",,-1,-1,0.452,0.452,25,31,26,32,1,0,,1,22,2,"1.15","0.8","-0.8","54.7",,,,,
"FF","2026-06-17","93.5","2","6.37","Whisenhunt, Carson",643289,687931,,"ball",,,,,14,,"R","R","L","ATL","SF","B",,,0,0,2026,"1.16","1.24",1.3568005487224999,1.1270416172604647,,,,0,1,"Bot",,,,,,,-4.265839727414836,-135.94136939673407,-10.386392833736299,15.33249452912313,25.011291434578887,-14.873190171163664,3.17085794,1.600246063,,,,"94.6",2389,"6.6",824913,606992,805811,650333,656305,642715,669477,687551,808982,"53.86",,,,,,,,6,1,"4-Seam Fastball",0,1,0,1,1,0,0,1,"Standard","Standard",148,"0.004","0.044",,,,,"-0.044",,-1,-1,0.448,0.448,25,31,26,32,1,0,,1,22,2,"1.34","1.16","-1.16","55.1",,,,,