"pitch_type","game_date","release_speed","release_pos_x","release_pos_z","player_name","batter","pitcher","events","description","spin_dir","spin_rate_deprecated","break_angle_deprecated","break_length_deprecated","zone","des","game_type","stand","p_throws","home_team","away_team","type","hit_location","bb_type","balls","strikes","game_year","pfx_x","pfx_z","plate_x","plate_z","on_3b","on_2b","on_1b","outs_when_up","inning","inning_topbot","hc_x","hc_y","tfs_deprecated","tfs_zulu_deprecated","umpire","sv_id","vx0","vy0","vz0","ax","ay","az","sz_top","sz_bot","hit_distance_sc","launch_speed","launch_angle","effective_speed","release_spin_rate","release_extension","game_pk","fielder_2","fielder_3","fielder_4","fielder_5","fielder_6","fielder_7","fielder_8","fielder_9","release_pos_y","estimated_ba_using_speedangle","estimated_woba_using_speedangle","woba_value","woba_denom","babip_value","iso_value","launch_speed_angle","at_bat_number","pitch_number","pitch_name","home_score","away_score","bat_score","fld_score","post_away_score","post_home_score","post_bat_score","post_fld_score","if_fielding_alignment","of_fielding_alignment","spin_axis","delta_home_win_exp","delta_run_exp","bat_speed","swing_length","miss_distance","estimated_slg_using_speedangle","delta_pitcher_run_exp","hyper_speed","home_score_diff","bat_score_diff","home_win_exp","bat_win_exp","age_pit_legacy","age_bat_legacy","age_pit","age_bat","n_thruorder_pitcher","n_priorpa_thisgame_player_at_bat","pitcher_days_since_prev_game","batter_days_since_prev_game","pitcher_days_until_next_game","batter_days_until_next_game","api_break_z_with_gravity","api_break_x_arm","api_break_x_batter_in","arm_angle","attack_angle","attack_direction","swing_path_tilt","intercept_ball_minus_batter_pos_x_inches","intercept_ball_minus_batter_pos_y_inches"
"KC","2026-07-25","77.2","2.55","6.13","Siri, Jose",642350,592662,"double","hit_into_play",,,,,8,"Jose Siri doubles (5) on a fly ball to first baseman Rafael Devers, deflected by right fielder Jung Hoo Lee.","R","R","L","SF","LAA","X",9,"fly_ball",1,2,2026,"-0.7","-0.82",0.12009842645148494,1.858983653694617,,,,0,5,"Top",181.16,145.98,,,,,-3.7995551972112187,-112.55591084039756,-0.48279147661690414,-5.351903124492272,18.22059133038775,-39.32822471635349,3.305134514,1.668011811,191,"80.1",55,"77.2",2130,"6",823197,691740,646240,650333,669477,642715,671218,687551,808982,"54.53",0.031,0.028,"1.25",1,1,1,3,40,4,"Knuckle Curve",9,0,0,9,0,9,0,9,"Standard","Standard",314,"-0.006","0.798","77.1","7.8",,0.031,"-0.798","88.0",9,-9,0.994,0.006000000000000005,34,30,35,31,2,1,,,,,"4.6","-0.7","0.7",,9.007207848262343,-0.21728128040097625,34.577718161397875,36.03486628457333,31.972247651485954
"FF","2026-07-25","92.1","2.74","6.09","Siri, Jose",642350,592662,,"swinging_strike",,,,,12,,"R","R","L","SF","LAA","S",,,1,1,2026,"0.77","1.35",0.8427300026999944,3.24281798941956,,,,0,5,"Top",,,,,,,-6.408331510164096,-134.12555306979496,-4.239166477282517,10.558800400887238,26.25580325115657,-15.102263115033152,3.305134514,1.668011811,,,,"92.2",2344,"6.1",823197,691740,646240,650333,669477,642715,671218,687551,808982,"54.42",,,,,,,,40,3,"4-Seam Fastball",9,0,0,9,0,9,0,9,"Standard","Standard",147,"0.001","-0.062","69.4","6.4","0.560272128",,"0.062",,9,-9,0.993,0.007000000000000006,34,30,35,31,2,1,,,,,"1.31","0.77","-0.77",,-5.99174257093209,36.54217810685735,28.394171881014692,44.06015594749206,2.2271444856245566
"CH","2026-07-25","82.9","2.93","6.12","Siri, Jose",642350,592662,,"called_strike",,,,,2,,"R","R","L","SF","LAA","S",,,1,0,2026,"1.19","0.77",0.25292073913571,3.250778367327711,,,,0,5,"Top",,,,,,,-8.345267051710033,-120.69249013779088,-1.541415536047209,13.031694626548289,17.93677994754519,-24.4756003122198,3.305134514,1.668011811,,,,"83.4",1629,"6.1",823197,691740,646240,650333,669477,642715,671218,687551,808982,"54.4",,,,,,,,40,2,"Changeup",9,0,0,9,0,9,0,9,"Standard","Standard",139,"0","-0.058",,,,,"0.058",,9,-9,0.993,0.007000000000000006,34,30,35,31,2,1,,,,,"2.48","1.19","-1.19",,,,,,
"FF","2026-07-25","88.3","2.96","6.08","Siri, Jose",642350,592662,,"ball",,,,,14,,"R","R","L","SF","LAA","B",,,0,0,2026,"0.88","1.32",2.1773700591856304,1.6768170152499156,,,,0,5,"Top",,,,,,,-3.7217577301935205,-128.63834687327568,-7.287076322629147,10.539264918829968,21.687525033164505,-16.18983978719747,3.305134514,1.668011811,,,,"88.7",2246,"6.1",823197,691740,646240,650333,669477,642715,671218,687551,808982,"54.45",,,,,,,,40,1,"4-Seam Fastball",9,0,0,9,0,9,0,9,"Standard","Standard",143,"0","0.044",,,,,"-0.044",,9,-9,0.993,0.007000000000000006,34,30,35,31,2,1,,,,,"1.55","0.88","-0.88",,,,,,
"KC","2026-07-25","79.9","2.78","6.17","Siri, Jose",642350,592662,"field_out","hit_into_play",,,,,14,"Jose Siri flies out to right fielder Jung Hoo Lee in foul territory.","R","R","L","SF","LAA","X",9,"fly_ball",0,1,2026,"-0.15","-0.73",0.5777656051856533,1.4840397967364924,,,666176,2,2,"Top",196.4,144.59,,,,,-4.483028123966675,-116.4306842847613,-2.068609983688738,-0.692943268304085,18.798308194575984,-38.74187567509114,3.305134514,1.668011811,216,"85.6",57,"80.2",2275,"6.1",823197,691740,646240,650333,669477,642715,671218,687551,808982,"54.4",0.029,0.035,"0",1,0,0,3,12,2,"Knuckle Curve",0,0,0,0,0,0,0,0,"Standard","Standard",316,"0.02","-0.237","78.2","8.7",,0.044,"0.237","88.0",0,0,0.531,0.469,34,30,35,31,1,0,,,,,"4.25","-0.15","0.15",,20.772914934330473,-0.8082785426482056,34.94450639820405,41.3680019864576,35.16940271341514
"FF","2026-07-25","92.6","2.78","6.16","Siri, Jose",642350,592662,,"called_strike",,,,,3,,"R","R","L","SF","LAA","S",,,0,0,2026,"0.6","1.62",0.7958049187971888,3.3190965488568405,,,666176,2,2,"Top",,,,,,,-6.309518008050032,-134.7694691152443,-4.866855657559931,8.619463696617453,27.589340376611737,-11.564455471105386,3.305134514,1.668011811,,,,"92.6",2296,"6.2",823197,691740,646240,650333,669477,642715,671218,687551,808982,"54.33",,,,,,,,12,1,"4-Seam Fastball",0,0,0,0,0,0,0,0,"Standard","Standard",136,"0.003","-0.042",,,,,"0.042",,0,0,0.528,0.472,34,30,35,31,1,0,,,,,"1.03","0.6","-0.6",,,,,,
"FF","2026-07-25","95.2","-2.44","5.99","Siri, Jose",642350,663941,"walk","ball",,,,,11,"Jose Siri walks.","R","R","R","SF","LAA","B",,,3,1,2026,"-0.83","1.21",-0.7855407053088643,3.6658452353865854,,,,0,7,"Top",,,,,,,6.243760127062169,-138.5115367493891,-3.0595157177547994,-12.137686634387428,30.996260097484672,-16.084038879113276,3.305134514,1.668011811,,,,"96",2109,"6.8",823197,691740,646240,650333,669477,642715,671218,687551,808982,"53.73",,0.698079,"0.7",1,0,0,,56,5,"4-Seam Fastball",9,0,0,9,0,9,0,9,"Standard","Standard",218,"-0.001","0.264",,,,,"-0.264",,9,-9,0.997,0.0030000000000000027,30,30,30,31,1,2,,,,,"1.3","0.83","0.83",,,,,,
"SL","2026-07-25","88.9","-1.37","6.26","Siri, Jose",642350,676775,"single","hit_into_play",,,,,14,"Umpire reviewed (play at 1st), call on the field was overturned: Jose Siri singles on a ground ball to third baseman Christian Koss.","R","R","R","SF","LAA","X",5,"ground_ball",0,1,2026,"0.15","0.02",0.9314628924082461,1.103422729550255,,,,1,9,"Top",103.33,177.13,,,,,5.2336968802894726,-129.36849341066062,-6.411903243375418,0.714425871014155,25.024122246778777,-30.905007740441455,3.305134514,1.668011811,2,"34.1",-25,"89",2323,"6.2",823197,691740,669477,683679,683766,642715,671218,687551,687529,"54.29",0.376,0.338,"0.9",1,1,0,1,74,2,"Slider",9,1,1,9,1,9,1,9,"Standard","Standard",42,"0","0.461","71.4","8.2",,0.381,"-0.461","88.0",8,-8,0.999,0.0010000000000000009,28,30,28,31,1,3,,,,,"2.85","-0.15","-0.15",,8.032481389545765,9.384160062573002,38.07721589574494,43.547016977064054,21.09944513877967
"FF","2026-07-25","96.1","-2.52","5.87","Siri, Jose",642350,663941,,"ball",,,,,12,,"R","R","R","SF","LAA","B",,,2,1,2026,"-0.68","1.16",0.8701365066734333,3.741685071055527,,,,0,7,"Top",,,,,,,10.481040730539084,-139.65151957760324,-2.6152816700689736,-10.980925691311231,27.036269801131727,-16.51294401822787,3.305134514,1.668011811,,,,"97.2",2179,"6.7",823197,691740,646240,650333,669477,642715,671218,687551,808982,"53.8",,,,,,,,56,4,"4-Seam Fastball",9,0,0,9,0,9,0,9,"Standard","Standard",215,"-0.001","0.144",,,,,"-0.144",,9,-9,0.998,0.0020000000000000018,30,30,30,31,1,2,,,,,"1.29","0.68","0.68",,,,,,
"FS","2026-07-25","88.7","-1.44","6.3","Siri, Jose",642350,676775,,"swinging_strike_blocked",,,,,14,,"R","R","R","SF","LAA","S",,,0,0,2026,"-0.86","-0.09",1.0014187098454181,0.8453180814956771,,,,1,9,"Top",,,,,,,7.696844093960879,-128.9302257308194,-6.801150315029975,-11.139930203093575,26.460153749224318,-31.894915829724205,3.305134514,1.668011811,,,,"88.6",1362,"6.3",823197,691740,669477,683679,683766,642715,671218,687551,687529,"54.23",,,,,,,,74,1,"Split-Finger",9,1,1,9,1,9,1,9,"Standard","Standard",240,"0","-0.042","64.6","9.0","7.613709144",,"0.042",,8,-8,0.999,0.0010000000000000009,28,30,28,31,1,3,,,,,"2.99","0.86","0.86",,22.31510695566812,-23.86407098719938,31.90971178881651,45.011148360868134,46.61202319950559
"ST","2026-07-25","84.3","-2.52","5.69","Siri, Jose",642350,663941,,"ball",,,,,12,,"R","R","R","SF","LAA","B",,,1,1,2026,"1.67","0.02",1.315710082589459,3.239407513235272,,,,0,7,"Top",,,,,,,5.455641755219199,-122.59167094073115,0.9255895625770456,15.481170450830124,26.896050120111642,-32.44270087748548,3.305134514,1.668011811,,,,"84.5",2904,"6.7",823197,691740,646240,650333,669477,642715,671218,687551,808982,"53.78",,,,,,,,56,3,"Sweeper",9,0,0,9,0,9,0,9,"Standard","Standard",56,"0","0.064",,,,,"-0.064",,9,-9,0.998,0.0020000000000000018,30,30,30,31,1,2,,,,,"3.22","-1.67","-1.67",,,,,,
"ST","2026-07-25","82.8","-2.57","5.69","Siri, Jose",642350,663941,,"called_strike",,,,,8,,"R","R","R","SF","LAA","S",,,1,0,2026,"1.4","-0.27",-0.0020807413651704465,2.1665811607896033,,,,0,7,"Top",,,,,,,3.030895598036849,-120.65439034126938,-0.8603982123227765,13.111644584176423,22.520829424594766,-34.824160053674795,3.305134514,1.668011811,,,,"83.8",2781,"6.8",823197,691740,646240,650333,669477,642715,671218,687551,808982,"53.73",,,,,,,,56,2,"Sweeper",9,0,0,9,0,9,0,9,"Standard","Standard",56,"0","-0.058",,,,,"0.058",,9,-9,0.998,0.0020000000000000018,30,30,30,31,1,2,,,,,"3.57","-1.4","-1.4",,,,,,
"SL","2026-07-25","89.5","-2.4","5.92","Siri, Jose",642350,663941,,"ball",,,,,12,,"R","R","R","SF","LAA","B",,,0,0,2026,"0.5","0.16",1.1375626586454783,2.961487934307792,,,,0,7,"Top",,,,,,,7.5982296468004105,-130.35800322392024,-1.584567856539235,4.553238926215747,21.49948282438601,-30.246380437210213,3.305134514,1.668011811,,,,"91.1",2653,"6.7",823197,691740,646240,650333,669477,642715,671218,687551,808982,"53.77",,,,,,,,56,1,"Slider",9,0,0,9,0,9,0,9,"Infield shade","Standard",107,"0","0.044",,,,,"-0.044",,9,-9,0.998,0.0020000000000000018,30,30,30,31,1,2,,,,,"2.63","-0.5","-0.5",,,,,,
"SL","2026-07-21","85","0.71","6.48","Siri, Jose",642350,669461,"single","hit_into_play",,,,,8,"Jose Siri singles on a line drive to left fielder Lars Nootbaar. Jo Adell to 3rd.","R","R","L","LAA","STL","X",7,"line_drive",0,2,2026,"-0.43","-0.38",-0.241744510803664,1.9345190418779965,,,666176,1,4,"Bot",92.2,75.33,,,,,-1.3099288766120374,-123.96465917694783,-3.385032826258366,-4.2642771124532945,22.50314870714672,-35.734409394455426,3.305134514,1.668011811,318,"95.1",20,"85.5",2785,"6.3",824005,671056,676475,802139,691458,691026,663457,701675,691023,"54.23",0.309,0.342,"0.9",1,1,0,4,32,4,"Slider",5,0,5,0,0,5,5,0,"Standard","Standard",289,"0.015","0.503","78.8","7.8",,0.514,"-0.503","95.1",5,5,0.945,0.945,26,30,27,31,2,1,10,2,,,"3.5","-0.43","0.43","44.9",14.377807792900512,-0.3438397576422864,37.036402658931074,31.666381690613186,29.369081463950238
"CU","2026-07-21","80.6","0.71","6.58","Siri, Jose",642350,669461,,"foul",,,,,8,,"R","R","L","LAA","STL","S",,,0,2,2026,"-0.94","-1.62",0.13998922600592056,1.5830856449428587,,,666176,1,4,"Bot",,,,,,,0.5707329321800039,-117.23319954816075,-0.8455026284740528,-8.66720916261984,28.042743759928374,-46.8736405900249,3.305134514,1.668011811,,,,"79.4",3281,"6.1",824005,671056,676475,802139,691458,691026,663457,701675,691023,"54.39",,,,,,,,32,3,"Curveball",5,0,5,0,0,5,5,0,"Standard","Standard",324,"0","0","76.5","8.0",,,"0",,5,5,0.945,0.945,26,30,27,31,2,1,10,2,,,"5.21","-0.94","0.94","45.1",10.324810588612374,-0.9847675192369079,33.99578545142361,37.21300168466037,29.842479885308705
"FF","2026-07-21","94.3","0.75","6.57","Siri, Jose",642350,669461,,"swinging_strike",,,,,12,,"R","R","L","LAA","STL","S",,,0,1,2026,"0.59","1.34",0.38059421887600375,3.678159955185265,,,666176,1,4,"Bot",,,,,,,-2.2615962441022517,-137.21791133371494,-4.61941686409041,7.921754467718979,31.82036586760251,-14.42839416543504,3.305134514,1.668011811,,,,"94",2123,"6.2",824005,671056,676475,802139,691458,691026,663457,701675,691023,"54.3",,,,,,,,32,2,"4-Seam Fastball",5,0,5,0,0,5,5,0,"Standard","Standard",150,"-0.001","-0.054","47.8","5.4","4.552141428",,"0.054",,5,5,0.946,0.946,26,30,27,31,2,1,10,2,,,"1.23","0.59","-0.59","45.3",-9.100668312551953,52.69011744660323,28.151867299740374,39.549650909474906,-5.202507225775229
"SI","2026-07-21","94.5","0.6","6.51","Siri, Jose",642350,669461,,"called_strike",,,,,4,,"R","R","L","LAA","STL","S",,,0,0,2026,"1.06","1.26",-0.5898644145546339,2.45165588967483,,,666176,1,4,"Bot",,,,,,,-5.448615913916026,-137.3080232446032,-7.464867007056227,14.568658457973854,32.36233910596609,-14.768669178406618,3.305134514,1.668011811,,,,"94.3",2170,"6.4",824005,671056,676475,802139,691458,691026,663457,701675,691023,"54.12",,,,,,,,32,1,"Sinker",5,0,5,0,0,5,5,0,"Standard","Standard",149,"-0.001","-0.041",,,,,"0.041",,5,5,0.947,0.947,26,30,27,31,2,1,10,2,,,"1.32","1.06","-1.06","45.3",,,,,
"SI","2026-07-21","94.3","-1.77","6.15","Siri, Jose",642350,656240,"double","hit_into_play",,,,,4,"Jose Siri doubles (4) on a ground ball to left fielder Lars Nootbaar.","R","R","R","LAA","STL","X",7,"ground_ball",0,0,2026,"-1.03","1.09",-0.7406541458306142,2.405332171938865,,,,2,8,"Bot",37.09,115.09,,,,,5.065743147140987,-137.24145507923504,-6.39242999648367,-14.165505290138675,29.99924165964681,-17.12805149374497,3.305134514,1.668011811,31,"96.2",-3,"95.8",2108,"7.1",824005,671056,676475,802139,691458,691026,663457,665877,691023,"53.38",0.356,0.335,"1.25",1,1,1,2,65,1,"Sinker",5,1,5,1,1,5,5,1,"Standard","Standard",207,"0.001","0.55",,,,0.408,"-0.55","96.2",4,4,0.986,0.986,30,30,30,31,1,3,,2,,,"1.47","1.03","1.03","46.6",,,,,
"SL","2026-07-21","86.7","0.73","6.47","Siri, Jose",642350,669461,"strikeout","swinging_strike",,,,,13,"Jose Siri strikes out swinging.","R","R","L","LAA","STL","S",2,,0,2,2026,"-0.37","-0.04",-0.6619380474121673,1.3592706158258157,,,,2,1,"Bot",,,,,,,-2.505387819106945,-126.2502981445367,-5.709487049709068,-3.5259744759582934,24.23696518736584,-31.74904579094282,3.305134514,1.668011811,,,,"87.1",2726,"6.4",824005,671056,676475,802139,691458,691026,663457,701675,691023,"54.13",,0,"0",1,0,0,,13,4,"Slider",5,0,5,0,0,5,5,0,"Standard","Standard",259,"-0.002","-0.152","75.7","8.5","0.687228504",,"0.152",,5,5,0.893,0.893,26,30,27,31,1,0,10,2,,,"3.06","-0.37","0.37","44.0",16.136244480920993,-15.032518244120322,36.7646828157473,30.63556838956157,34.42732681685061
"CU","2026-07-21","79.9","0.61","6.62","Siri, Jose",642350,669461,,"foul",,,,,8,,"R","R","L","LAA","STL","S",,,0,2,2026,"-0.91","-1.57",0.19101236142227618,1.6550073659152291,,,,2,1,"Bot",,,,,,,0.8360530116397042,-116.19174073915165,-0.7541427141946541,-8.26607963774452,27.485351167997376,-46.17765617361474,3.305134514,1.668011811,1,"60",-49,"78.7",3078,"6.1",824005,671056,676475,802139,691458,691026,663457,701675,691023,"54.39",,,,,,,,13,3,"Curveball",5,0,5,0,0,5,5,0,"Standard","Standard",330,"0","0","66.4","8.1",,,"0","88.0",5,5,0.893,0.893,26,30,27,31,1,0,10,2,,,"5.22","-0.91","0.91","47.9",6.462372964162627,-5.805349337236682,31.003889951264227,37.95297502369002,28.966765504778394
"FF","2026-07-21","94.1","0.46","6.58","Siri, Jose",642350,669461,,"foul_tip",,,,,4,,"R","R","L","LAA","STL","S",,,0,1,2026,"0.53","1.27",-0.4290888375957771,2.262882065787692,,,,2,1,"Bot",,,,,,,-3.493983730076499,-136.77571665130333,-8.035276048312095,7.501030108924471,33.17844249454709,-14.647371932654394,3.305134514,1.668011811,,,,"93.8",2042,"6.4",824005,671056,676475,802139,691458,691026,663457,701675,691023,"54.11",,,,,,,,13,2,"4-Seam Fastball",5,0,5,0,0,5,5,0,"Standard","Standard",156,"-0.001","-0.063","77.4","7.8",,,"0.063",,5,5,0.894,0.894,26,30,27,31,1,0,10,2,,,"1.33","0.53","-0.53","47.8",9.340848138343345,0.3251946926779259,40.30016850846238,30.768929073294448,20.283475567080817
"SL","2026-07-21","85.6","0.73","6.5","Siri, Jose",642350,669461,,"swinging_strike",,,,,14,,"R","R","L","LAA","STL","S",,,0,0,2026,"-0.39","-0.13",0.12676857368550848,1.0191136167130814,,,,2,1,"Bot",,,,,,,-0.6210868684598376,-124.58885946613337,-6.1352511154541425,-3.882336059448589,25.458222527844825,-32.46510913262159,3.305134514,1.668011811,,,,"86",2727,"6.6",824005,671056,676475,802139,691458,691026,663457,701675,691023,"53.92",,,,,,,,13,1,"Slider",5,0,5,0,0,5,5,0,"Standard","Standard",244,"-0.001","-0.044","73.9","9.3","8.070319212",,"0.044",,5,5,0.895,0.895,26,30,27,31,1,0,10,2,,,"3.24","-0.39","0.39","43.3",24.167389321213253,-32.423127004054805,35.067441258825504,38.51168095249888,46.35978600602462
"ST","2026-07-21","85.4","-1.6","5.79","Siri, Jose",642350,694335,"field_out","hit_into_play",,,,,14,"Jose Siri flies out to center fielder Nathan Church.","R","R","R","LAA","STL","X",8,"fly_ball",0,1,2026,"0.86","0.04",1.163175338146778,2.066616637475025,,,672724,1,6,"Bot",115.52,87.54,,,,,4.674818255793761,-124.19014481417744,-2.264057376192733,7.748921998529633,27.51997866819651,-31.521683019792665,3.305134514,1.668011811,280,"77.9",30,"85.2",2286,"6.5",824005,671056,676475,802139,691458,691026,663457,701675,691023,"54.04",0.174,0.169,"0",1,0,0,3,50,2,"Sweeper",5,1,5,1,1,5,5,1,"Standard","Standard",71,"-0.004","-0.22","73.4","8.2",,0.227,"0.22","88.0",4,4,0.95,0.95,27,30,27,31,1,2,3,2,2,,"3.12","-0.86","-0.86","31.2",15.287008263241642,-3.5420229815520856,30.474053472353116,47.70216020264756,33.447711242183274
"FC","2026-07-21","89.8","-1.6","5.71","Siri, Jose",642350,694335,,"called_strike",,,,,2,,"R","R","R","LAA","STL","S",,,0,0,2026,"0.39","0.36",-0.04081625396752758,2.8557083636476586,,,672724,1,6,"Bot",,,,,,,2.9888082850255975,-130.8918756451918,-1.725617071575105,3.8543112332243625,26.231725073818094,-27.850952991036106,3.305134514,1.668011811,,,,"90.6",2354,"6.6",824005,671056,676475,802139,691458,691026,663457,701675,691023,"53.94",,,,,,,,50,1,"Cutter",5,1,5,1,1,5,5,1,"Standard","Standard",182,"-0.001","-0.041",,,,,"0.041",,4,4,0.951,0.951,27,30,27,31,1,2,3,2,2,,"2.44","-0.39","-0.39","30.7",,,,,
"CU","2026-07-19","81.2","1.53","6","Siri, Jose",642350,663947,"hit_by_pitch","hit_by_pitch",,,,,13,"Jose Siri hit by pitch. Denzer Guzman to 2nd.","R","R","L","LAA","DET","B",,,0,0,2026,"-0.63","-1.11",-1.7072528420847113,0.5619647676387842,,,694203,1,7,"Bot",,,,,,,-5.946094086814697,-118.18270915466161,-3.098366277905339,-4.674958803627596,23.473265575747515,-42.154930564968275,3.305134514,1.668011811,,,,"81.4",2704,"6.5",824007,680664,679529,701678,805808,656716,682985,663837,681481,"53.98",,0.728904,"0.7",1,0,0,,60,1,"Curveball",3,1,3,1,1,3,3,1,"Standard","Standard",323,"0.016","0.322",,,,,"-0.322",,2,2,0.887,0.887,30,30,30,31,1,0,8,1,1,2,"4.58","-0.63","0.63","44.9",,,,,
"CH","2026-07-18","86.6","2.22","6.06","Siri, Jose",642350,669373,"field_out","hit_into_play",,,,,14,"Jose Siri grounds out, third baseman Colt Keith to first baseman Spencer Torkelson.","R","R","L","LAA","DET","X",5,"ground_ball",2,1,2026,"1.4","-0.1",0.9245441044416494,1.9443189181056137,,,,2,5,"Bot",114,168.08,,,,,-5.9641989333957985,-125.89818418254941,-3.0989937235711595,16.13967357245579,28.23140932529364,-32.7804124469913,3.305134514,1.668011811,2,"65.6",-41,"86.2",1637,"6.3",824008,693307,679529,656716,690993,805808,682985,681546,663837,"54.18",0.19,0.176,"0",1,0,0,2,44,4,"Changeup",0,7,0,7,7,0,0,7,"Standard","Standard",124,"-0.002","-0.303","71.3","7.6",,0.195,"0.303","88.0",-7,-7,0.017,0.017,29,30,30,31,2,1,6,1,6,1,"3.17","1.4","-1.4","41.9",14.203524096184983,8.256135817744909,32.09028552013258,46.91651412021804,25.76584496411914
"FF","2026-07-18","96.2","1.74","6.39","Siri, Jose",642350,669373,,"ball",,,,,12,,"R","R","L","LAA","DET","B",,,1,1,2026,"0.5","1.48",1.0639914932648935,3.735464899379084,,,,2,5,"Bot",,,,,,,-2.9110200717536037,-139.96897485867404,-4.671126206204911,7.202029478178578,33.093470234050756,-11.842023709882554,3.305134514,1.668011811,,,,"96.2",2290,"6.4",824008,693307,679529,656716,690993,805808,682985,681546,663837,"54.11",,,,,,,,44,3,"4-Seam Fastball",0,7,0,7,7,0,0,7,"Standard","Standard",154,"0","0.057",,,,,"-0.057",,-7,-7,0.017,0.017,29,30,30,31,2,1,6,1,6,1,"0.99","0.5","-0.5","51.8",,,,,
"FF","2026-07-18","96.3","1.72","6.37","Siri, Jose",642350,669373,,"ball",,,,,11,,"R","R","L","LAA","DET","B",,,0,1,2026,"0.13","1.37",-0.8313203548161279,3.8230238391581786,,,,2,5,"Bot",,,,,,,-6.99052989637798,-140.08355081887802,-4.156490433537207,3.3258063381492775,31.46186947273808,-13.399557501080036,3.305134514,1.668011811,,,,"96.3",2310,"6.3",824008,693307,679529,656716,690993,805808,682985,681546,663837,"54.21",,,,,,,,44,2,"4-Seam Fastball",0,7,0,7,7,0,0,7,"Standard","Standard",156,"0","0.031",,,,,"-0.031",,-7,-7,0.017,0.017,29,30,30,31,2,1,6,1,6,1,"1.09","0.13","-0.13","50.0",,,,,
"SL","2026-07-18","90.7","2.1","6.03","Siri, Jose",642350,669373,,"swinging_strike",,,,,13,,"R","R","L","LAA","DET","S",,,0,0,2026,"-0.22","0.4",-0.8892817294429731,0.6973826616271512,,,,2,5,"Bot",,,,,,,-6.906803231078335,-131.8374383696228,-8.076954313757142,-1.2525161055200655,25.89363806570154,-26.00556408167552,3.305134514,1.668011811,,,,"91.2",2215,"6.5",824008,693307,679529,656716,690993,805808,682985,681546,663837,"53.99",,,,,,,,44,1,"Slider",0,7,0,7,7,0,0,7,"Standard","Standard",148,"0","-0.044","64.6","8.0","5.488700736",,"0.044",,-7,-7,0.017,0.017,29,30,30,31,2,1,6,1,6,1,"2.36","-0.22","0.22","44.8",8.813993140528876,-4.168675413014321,44.798570356094366,24.54080517915144,23.057058961079328
"CH","2026-07-18","87.1","2.09","6.07","Siri, Jose",642350,669373,"strikeout","swinging_strike",,,,,7,"Jose Siri strikes out swinging.","R","R","L","LAA","DET","S",2,,2,2,2026,"0.99","0.61",-0.2971539461907273,1.9247792669519401,,,,0,3,"Bot",,,,,,,-7.721783196505607,-126.59379764149689,-4.791288974996823,12.228034204712136,26.34453091893138,-24.84072125953874,3.305134514,1.668011811,,,,"87",1860,"6.4",824008,693307,679529,656716,690993,805808,682985,681546,663837,"54.14",,0,"0",1,0,0,,26,6,"Changeup",0,6,0,6,6,0,0,6,"Standard","Standard",137,"-0.009","-0.234","74.8","8.4","5.398261608",,"0.234",,-6,-6,0.07,0.07,29,30,30,31,1,0,6,1,6,1,"2.41","0.99","-0.99","46.9",29.742125914337915,-32.3096828860626,32.00908717095301,32.984543172505596,50.93283317898742
"CH","2026-07-18","89.5","2.29","6.15","Siri, Jose",642350,669373,,"ball",,,,,14,,"R","R","L","LAA","DET","B",,,1,2,2026,"1.17","0.94",2.277025711545331,1.6302820821757509,,,,0,3,"Bot",,,,,,,-2.556036023521012,-130.15430943725505,-6.868885837030988,13.86934062649221,28.741827895724644,-20.19904460250757,3.305134514,1.668011811,,,,"89",2042,"6.2",824008,693307,679529,656716,690993,805808,682985,681546,663837,"54.35",,,,,,,,26,5,"Changeup",0,6,0,6,6,0,0,6,"Standard","Standard",135,"0.001","0.046",,,,,"-0.046",,-6,-6,0.069,0.069,29,30,30,31,1,0,6,1,6,1,"1.92","1.17","-1.17","40.8",,,,,
"CH","2026-07-18","88.6","2.04","6.23","Siri, Jose",642350,669373,,"ball",,,,,14,,"R","R","L","LAA","DET","B",,,0,2,2026,"1.24","0.38",1.8594623319011874,2.352192397627678,,,,0,3,"Bot",,,,,,,-3.056887851745347,-128.98780204336592,-3.9408958144386963,14.459437593045788,28.91052354328232,-27.26621046369739,3.305134514,1.668011811,,,,"88",1901,"6",824008,693307,679529,656716,690993,805808,682985,681546,663837,"54.46",,,,,,,,26,4,"Changeup",0,6,0,6,6,0,0,6,"Standard","Standard",142,"0.001","0.023",,,,,"-0.023",,-6,-6,0.068,0.068,29,30,30,31,1,0,6,1,6,1,"2.54","1.24","-1.24","43.7",,,,,
"FF","2026-07-18","97.1","1.72","6.45","Siri, Jose",642350,669373,,"foul",,,,,2,,"R","R","L","LAA","DET","S",,,0,2,2026,"0.5","1.29",0.057030472976980606,3.3902018113011634,,,,0,3,"Bot",,,,,,,-5.549080492285064,-141.25172654329137,-5.424557151541486,7.965241530378062,33.47538569472381,-13.897951300159017,3.305134514,1.668011811,226,"77.8",51,"97",2301,"6.3",824008,693307,679529,656716,690993,805808,682985,681546,663837,"54.18",,,,,,,,26,3,"4-Seam Fastball",0,6,0,6,6,0,0,6,"Standard","Standard",155,"0","0","65.1","6.1",,,"0","88.0",-6,-6,0.068,0.068,29,30,30,31,1,0,6,1,6,1,"1.14","0.5","-0.5","50.2",0.4164922849010094,23.878196434272805,26.751984008647135,35.30809751262341,12.928591326500822
"SI","2026-07-18","97","1.69","6.28","Siri, Jose",642350,669373,,"called_strike",,,,,11,,"R","R","L","LAA","DET","S",,,0,1,2026,"1.07","0.98",-0.83435650435648,2.8697827946225276,,,,0,3,"Bot",,,,,,,-9.185212842509719,-140.90146341940726,-5.620772159072861,16.437284896890535,33.34386813267055,-17.931886507519714,3.305134514,1.668011811,,,,"97",2157,"6.5",824008,693307,679529,656716,690993,805808,682985,681546,663837,"54",,,,,,,,26,2,"Sinker",0,6,0,6,6,0,0,6,"Standard","Standard",154,"-0.002","-0.056",,,,,"0.056",,-6,-6,0.07,0.07,29,30,30,31,1,0,6,1,6,1,"1.45","1.07","-1.07","48.6",,,,,
"FF","2026-07-18","96.5","1.64","6.33","Siri, Jose",642350,669373,,"called_strike",,,,,6,,"R","R","L","LAA","DET","S",,,0,0,2026,"0.4","1.2",0.3496183333290185,2.77175555070357,,,,0,3,"Bot",,,,,,,-4.329873005682878,-140.3079878159814,-6.438374864255504,6.340516808091664,32.9434642172902,-15.091506275926024,3.305134514,1.668011811,,,,"96.6",2270,"6.5",824008,693307,679529,656716,690993,805808,682985,681546,663837,"54.01",,,,,,,,26,1,"4-Seam Fastball",0,6,0,6,6,0,0,6,"Standard","Standard",155,"-0.002","-0.043",,,,,"0.043",,-6,-6,0.072,0.072,29,30,30,31,1,0,6,1,6,1,"1.26","0.4","-0.4","51.8",,,,,
"SI","2026-07-17","95.7","-2.22","5.79","Siri, Jose",642350,672456,"single","hit_into_play",,,,,3,"Jose Siri singles on a line drive to center fielder James Outman. Wade Meckler to 2nd.","R","R","R","LAA","DET","X",8,"line_drive",1,2,2026,"-1.21","1.03",0.3991727393120854,2.861214464990997,,,685133,0,9,"Bot",120.62,86.65,,,,,9.660703139331096,-139.01909378965522,-4.24678740631268,-17.88485344727807,33.44943963850137,-18.106931574828863,3.305134514,1.668011811,271,"82.1",22,"96.2",2347,"6.8",824009,668670,679529,701678,805808,656716,682985,681546,663837,"53.69",0.671,0.645,"0.9",1,1,0,4,67,4,"Sinker",1,2,1,2,2,1,1,2,"Standard","Standard",210,"0.214","0.544","73.4","7.6",,0.802,"-0.544","88.0",-1,-1,0.301,0.301,25,30,26,31,1,0,5,8,5,1,"1.49","1.21","1.21","42.3",16.721342105148313,12.35902790948904,26.34346661868522,39.504686090636206,24.597695214242
"SI","2026-07-17","95.9","-2.11","5.79","Siri, Jose",642350,672456,,"blocked_ball",,,,,14,,"R","R","R","LAA","DET","B",,,0,2,2026,"-1.4","1.16",0.14017651276157816,0.6193623050879886,,,685133,0,9,"Bot",,,,,,,9.178904819301309,-138.99253786042374,-10.469595941883167,-20.24754507262866,33.516707510493084,-14.87190613010316,3.305134514,1.668011811,,,,"96.4",2446,"7",824009,668670,679529,701678,805808,656716,682985,681546,663837,"53.54",,,,,,,,67,3,"Sinker",1,2,1,2,2,1,1,2,"Standard","Standard",205,"0.012","0.017",,,,,"-0.017",,-1,-1,0.289,0.289,25,30,26,31,1,0,5,8,5,1,"1.36","1.4","1.4","45.1",,,,,
"SI","2026-07-17","95.8","-2.51","5.79","Siri, Jose",642350,672456,,"foul_bunt",,,,,13,,"R","R","R","LAA","DET","S",,,0,1,2026,"-1.53","1.07",-1.214548505455639,2.134771034092992,,,685133,0,9,"Bot",,,,,,,6.951491259248417,-139.184236549058,-6.2242545239079545,-21.451631096928597,36.0642896950006,-17.00896508521367,3.305134514,1.668011811,,,,"95.7",2426,"6.7",824009,668670,679529,701678,805808,656716,682985,681546,663837,"53.83",,,,,,,,67,2,"Sinker",1,2,1,2,2,1,1,2,"Standard","Standard",217,"-0.031","-0.051","5.8","1.1",,,"0.051",,-1,-1,0.32,0.32,25,30,26,31,1,0,5,8,5,1,"1.45","1.53","1.53","36.3",-81.12836863980445,-74.21861556872173,60.195009626510156,24.940150744211916,21.44913040297461
"SI","2026-07-17","94.9","-2.34","5.79","Siri, Jose",642350,672456,,"called_strike",,,,,8,,"R","R","R","LAA","DET","S",,,0,0,2026,"-1.43","1.12",-0.09073850139773265,1.8366364964513286,,,685133,0,9,"Bot",,,,,,,9.110207353655767,-137.61300116384453,-6.924334591689313,-20.234626510069404,34.06309919054888,-16.549572835657933,3.305134514,1.668011811,,,,"95",2453,"6.8",824009,668670,679529,701678,805808,656716,682985,681546,663837,"53.71",,,,,,,,67,1,"Sinker",1,2,1,2,2,1,1,2,"Standard","Standard",221,"-0.019","-0.043",,,,,"0.043",,-1,-1,0.339,0.339,25,30,26,31,1,0,5,8,5,1,"1.46","1.43","1.43","36.0",,,,,
"CH","2026-07-09","87.9","1.83","5.79","Siri, Jose",642350,656641,"strikeout","swinging_strike",,,,,9,"Jose Siri strikes out swinging.","R","R","L","TEX","LAA","S",2,,2,2,2026,"1.31","1.08",0.6650234253594824,1.8413540130138821,,,,1,8,"Top",,,,,,,-5.559301455281518,-127.91209262974924,-5.54251649655831,15.474197057455479,25.645321037314922,-19.33875341620515,3.305134514,1.668011811,,,,"88.2",2014,"6.4",822877,543309,669394,679822,673962,677649,696030,695508,607043,"54.08",,0,"0",1,0,0,,68,8,"Changeup",6,6,6,6,6,6,6,6,"Infield shade","Standard",127,"0.031","-0.238","76.3","8.5","3.453966756",,"0.238",,0,0,0.551,0.44899999999999995,30,30,30,31,1,0,9,1,3,8,"1.86","1.31","-1.31","48.3",23.921651576086393,-15.038403917738476,34.458473109777856,42.75481953916631,42.40435292025652
"CU","2026-07-09","81.2","1.79","5.97","Siri, Jose",642350,656641,,"foul",,,,,6,,"R","R","L","TEX","LAA","S",,,2,2,2026,"-0.18","-0.94",0.7528292540367011,2.6415132060201323,,,,1,8,"Top",,,,,,,-1.9422642690053982,-118.31583055595452,1.1873028473237839,-1.3111220535751644,22.637975725344027,-41.44568208542865,3.305134514,1.668011811,166,"79.9",68,"81.3",2695,"6.3",822877,543309,669394,679822,673962,677649,696030,695508,607043,"54.18",,,,,,,,68,7,"Curveball",6,6,6,6,6,6,6,6,"Standard","Standard",328,"0","0","76.3","7.5",,,"0","88.0",0,0,0.551,0.44899999999999995,30,30,30,31,1,0,9,1,3,8,"4.39","-0.18","0.18","54.0",13.751113101479403,4.102363554848207,27.081046435316676,43.43893693285173,25.329090098500547
"FF","2026-07-09","94.6","1.73","5.94","Siri, Jose",642350,656641,,"foul",,,,,6,,"R","R","L","TEX","LAA","S",,,2,2,2026,"0.86","1.55",0.626216022826055,2.2724884560401613,,,,1,8,"Top",,,,,,,-4.823278113470508,-137.62043685802527,-7.214856222664129,12.006685550209463,30.026761578323676,-11.116989227776797,3.305134514,1.668011811,260,"76.8",40,"95.3",2268,"6.7",822877,543309,669394,679822,673962,677649,696030,695508,607043,"53.84",,,,,,,,68,6,"4-Seam Fastball",6,6,6,6,6,6,6,6,"Standard","Standard",149,"0","0","73.0","8.0",,,"0","88.0",0,0,0.551,0.44899999999999995,30,30,30,31,1,0,9,1,3,8,"1","0.86","-0.86","50.4",11.195682062041136,-0.32336893553218177,35.19505047845334,41.04521673187343,23.771045962525207
"CH","2026-07-09","87.9","1.86","5.79","Siri, Jose",642350,656641,,"foul",,,,,14,,"R","R","L","TEX","LAA","S",,,2,2,2026,"1.05","1.17",0.2585033926584632,0.6352517586404705,,,,1,8,"Top",,,,,,,-6.061116707578075,-127.72666095333709,-8.602429460602188,12.731644593398503,26.05659701122098,-17.7342175624155,3.305134514,1.668011811,4,"62.1",-10,"88.1",1981,"6.5",822877,543309,669394,679822,673962,677649,696030,695508,607043,"54.01",,,,,,,,68,5,"Changeup",6,6,6,6,6,6,6,6,"Standard","Standard",125,"0","0","79.9","8.6",,,"0","88.0",0,0,0.551,0.44899999999999995,30,30,30,31,1,0,9,1,3,8,"1.78","1.05","-1.05","47.3",12.920224526404303,-5.899750073698947,44.07741908792074,36.85973821142548,38.995142549549335
"CU","2026-07-09","79.6","1.87","6.02","Siri, Jose",642350,656641,,"ball",,,,,12,,"R","R","L","TEX","LAA","B",,,1,2,2026,"-0.48","-1.21",1.331159143383373,2.9608820070654644,,,,1,8,"Top",,,,,,,-0.2553681034923495,-115.89550516411461,2.5876409089794183,-4.2239306609756015,22.920550121289992,-43.79707899539116,3.305134514,1.668011811,,,,"79.2",2832,"6.1",822877,543309,669394,679822,673962,677649,696030,695508,607043,"54.41",,,,,,,,68,4,"Curveball",6,6,6,6,6,6,6,6,"Standard","Standard",329,"-0.006","0.055",,,,,"-0.055",,0,0,0.557,0.44299999999999995,30,30,30,31,1,0,9,1,3,8,"4.82","-0.48","0.48","55.2",,,,,
"FF","2026-07-09","95.2","1.77","6","Siri, Jose",642350,656641,,"swinging_strike",,,,,2,,"R","R","L","TEX","LAA","S",,,1,1,2026,"0.89","1.69",0.04807464857778121,3.316268823033045,,,,1,8,"Top",,,,,,,-6.497689061088382,-138.432204082805,-5.082880313142769,12.86141429649331,30.6484085978743,-9.465768670800346,3.305134514,1.668011811,,,,"95.3",2502,"6.3",822877,543309,669394,679822,673962,677649,696030,695508,607043,"54.16",,,,,,,,68,3,"4-Seam Fastball",6,6,6,6,6,6,6,6,"Standard","Standard",150,"0.009","-0.074","74.5","7.1","1.610433612",,"0.074",,0,0,0.548,0.45199999999999996,30,30,30,31,1,0,9,1,3,8,"0.83","0.89","-0.89","55.8",18.99482103363927,3.0752193078545926,27.809541813567176,35.474273474879304,26.147390130053914
"CH","2026-07-09","87.1","1.85","5.88","Siri, Jose",642350,656641,,"called_strike",,,,,9,,"R","R","L","TEX","LAA","S",,,1,0,2026,"1.03","1.22",0.47604586379076386,1.5562042713797741,,,,1,8,"Top",,,,,,,-5.414065593060805,-126.68176934520632,-6.525611064672157,12.194888218980399,25.360022918798467,-17.921915105879787,3.305134514,1.668011811,,,,"87.3",1986,"6.4",822877,543309,669394,679822,673962,677649,696030,695508,607043,"54.08",,,,,,,,68,2,"Changeup",6,6,6,6,6,6,6,6,"Standard","Standard",131,"0.007","-0.05",,,,,"0.05",,0,0,0.541,0.45899999999999996,30,30,30,31,1,0,9,1,3,8,"1.79","1.03","-1.03","50.4",,,,,
"CH","2026-07-09","86","1.99","5.88","Siri, Jose",642350,656641,,"ball",,,,,14,,"R","R","L","TEX","LAA","B",,,0,0,2026,"1.2","0.95",2.1819798730306905,2.481507432396888,,,,1,8,"Top",,,,,,,-2.033726520805538,-125.2989509128729,-3.553982314868355,13.06200746982401,25.825878913334552,-21.713657849331803,3.305134514,1.668011811,,,,"85.8",1997,"6.2",822877,543309,669394,679822,673962,677649,696030,695508,607043,"54.35",,,,,,,,68,1,"Changeup",6,6,6,6,6,6,6,6,"Standard","Standard",123,"-0.005","0.043",,,,,"-0.043",,0,0,0.546,0.45399999999999996,30,30,30,31,1,0,9,1,3,8,"2.13","1.2","-1.2","48.4",,,,,
"CU","2026-07-08","83.6","1.53","5.74","Siri, Jose",642350,669022,"field_out","hit_into_play",,,,,8,"Jose Siri grounds out, third baseman Ezequiel Duran to first baseman Jake Burger.","R","R","L","TEX","LAA","X",5,"ground_ball",1,2,2026,"0.08","-0.72",-0.16222027267355693,2.0902235204926543,,,,2,5,"Top",109.17,165.27,,,,,-4.025074105123711,-121.74287380446626,-0.3465474666593277,1.5454909913194514,23.27999253752411,-39.47316746141997,3.305134514,1.668011811,38,"75.4",0,"84.1",2293,"6.5",822880,553869,669394,669701,677649,670032,696030,694497,607043,"53.99",0.161,0.146,"0",1,0,0,2,42,5,"Curveball",0,7,7,0,7,0,7,0,"Standard","Standard",339,"0.001","-0.177","76.7","7.6",,0.175,"0.177","88.0",-7,7,0.025,0.975,27,30,27,31,3,2,7,1,4,1,"3.97","0.08","-0.08","54.2",11.034180422685862,3.284006700535032,33.722559710835405,33.072651151647904,28.64637179516908
"CH","2026-07-08","88.4","1.83","5.51","Siri, Jose",642350,669022,,"foul",,,,,14,,"R","R","L","TEX","LAA","S",,,1,2,2026,"1.04","0.78",0.03826855955209796,0.572979203722285,,,,2,5,"Top",,,,,,,-6.601077499783135,-128.5003416888707,-7.4231442271361106,12.914530317223553,26.275870875040468,-22.12302394155792,3.305134514,1.668011811,5,"78.3",-8,"89.5",2133,"7",822880,553869,669394,669701,677649,670032,696030,694497,607043,"53.52",,,,,,,,42,4,"Changeup",0,7,7,0,7,0,7,0,"Standard","Standard",122,"0","0","82.6","8.9",,,"0","88.0",-7,7,0.025,0.975,27,30,27,31,3,2,7,1,4,1,"2.14","1.04","-1.04","44.5",17.26941663605127,-4.974706860500128,43.110617602752654,36.85442387152037,35.5488872945036
"FF","2026-07-08","96.2","1.84","5.71","Siri, Jose",642350,669022,,"foul",,,,,4,,"R","R","L","TEX","LAA","S",,,1,1,2026,"0.28","1.46",-0.7328078495576205,2.6084423187430303,,,,2,5,"Top",,,,,,,-7.443451590431499,-139.86858649983918,-5.859251480537881,5.368893185627795,31.550044072769442,-11.845872920058934,3.305134514,1.668011811,153,"61",56,"97",2346,"6.8",822880,553869,669394,669701,677649,670032,696030,694497,607043,"53.73",,,,,,,,42,3,"4-Seam Fastball",0,7,7,0,7,0,7,0,"Standard","Standard",152,"0","-0.069","73.1","7.0",,,"0.069","88.0",-7,7,0.025,0.975,27,30,27,31,3,2,7,1,4,1,"1.01","0.28","-0.28","48.8",7.349661218881633,10.52918000871,35.660637693965825,27.50174271869993,22.385492094377764
"CH","2026-07-08","86.9","1.78","5.51","Siri, Jose",642350,669022,,"swinging_strike",,,,,6,,"R","R","L","TEX","LAA","S",,,1,0,2026,"1.09","0.69",0.4658767642395627,2.5880088671486967,,,,2,5,"Top",,,,,,,-5.4422896409131925,-126.55212440549086,-2.142037119723239,12.803035977467188,23.92907654258589,-24.4677616584113,3.305134514,1.668011811,,,,"88.3",2099,"7",822880,553869,669394,669701,677649,670032,696030,694497,607043,"53.54",,,,,,,,42,2,"Changeup",0,7,7,0,7,0,7,0,"Standard","Standard",122,"0","-0.054","79.4","8.9","5.790252888",,"0.054",,-7,7,0.025,0.975,27,30,27,31,3,2,7,1,4,1,"2.3","1.09","-1.09","48.0",29.819361460808285,-36.27922440963697,29.1866639617472,41.754459761311566,51.70558224799872
"FF","2026-07-08","95.8","1.62","5.7","Siri, Jose",642350,669022,,"ball",,,,,13,,"R","R","L","TEX","LAA","B",,,0,0,2026,"0.36","1.49",-1.5367135042305535,1.6185961893911531,,,,2,5,"Top",,,,,,,-9.159413467844576,-139.10953318578512,-8.449968029971446,6.699303722283649,29.847678869245005,-11.086292360281591,3.305134514,1.668011811,,,,"96.9",2348,"6.9",822880,553869,669394,669701,677649,670032,696030,694497,607043,"53.55",,,,,,,,42,1,"4-Seam Fastball",0,7,7,0,7,0,7,0,"Standard","Standard",152,"0","0.041",,,,,"-0.041",,-7,7,0.025,0.975,27,30,27,31,3,2,7,1,4,1,"1","0.36","-0.36","48.5",,,,,
"CU","2026-07-08","82.6","1.28","5.79","Siri, Jose",642350,669022,"single","hit_into_play",,,,,7,"Jose Siri singles on a ground ball to right fielder Brandon Nimmo. Denzer Guzman to 2nd.","R","R","L","TEX","LAA","X",9,"ground_ball",1,0,2026,"-0.22","-1.17",-0.4324119507732139,1.619527530130585,,,694203,1,4,"Top",170.01,110.52,,,,,-3.44275437804427,-120.3049101400929,-0.4424362911677935,-1.4286933690589374,23.510788658844817,-43.652072383138645,3.305134514,1.668011811,88,"81.9",5,"83.2",2362,"6.7",822880,553869,669394,669701,677649,670032,696030,694497,607043,"53.83",0.395,0.359,"0.9",1,1,0,2,28,2,"Curveball",0,3,3,0,3,0,3,0,"Standard","Standard",333,"-0.018","0.375","64.4","6.7",,0.431,"-0.375","88.0",-3,3,0.183,0.817,27,30,27,31,2,1,7,1,4,1,"4.51","-0.22","0.22","53.7",-3.418475164622759,19.8992695565673,36.690296717424374,31.277280907598787,19.376240592799615
"FC","2026-07-08","90.6","1.43","5.85","Siri, Jose",642350,669022,,"ball",,,,,11,,"R","R","L","TEX","LAA","B",,,0,0,2026,"0.05","0.76",-0.7742589751290564,3.438108161199681,,,694203,1,4,"Top",,,,,,,-5.578437729871876,-132.0298419732441,-1.6635464586859499,1.6261855383456558,24.924330390577914,-23.076046943765032,3.305134514,1.668011811,,,,"91.8",1902,"6.7",822880,553869,669394,669701,677649,670032,696030,694497,607043,"53.84",,,,,,,,28,1,"Cutter",0,3,3,0,3,0,3,0,"Standard","Standard",161,"-0.002","0.033",,,,,"-0.033",,-3,3,0.185,0.815,27,30,27,31,2,1,7,1,4,1,"1.98","0.05","-0.05","51.8",,,,,
"CH","2026-07-08","86.6","1.85","5.56","Siri, Jose",642350,669022,"strikeout","swinging_strike",,,,,3,"Jose Siri strikes out swinging.","R","R","L","TEX","LAA","S",2,,1,2,2026,"1.07","0.97",0.33837000044463306,3.0234017862342633,,,,1,2,"Top",,,,,,,-5.832816045587597,-125.98718493706258,-1.6805174725009233,12.564563029411795,25.189909976051784,-21.72253532220412,3.305134514,1.668011811,,,,"87.4",2019,"6.7",822880,553869,669394,669701,677649,670032,696030,694497,607043,"53.76",,0,"0",1,0,0,,11,4,"Changeup",0,1,1,0,1,0,1,0,"Infield shade","Standard",113,"0.011","-0.183","73.7","8.5","1.138218228",,"0.183",,-1,1,0.422,0.5780000000000001,27,30,27,31,1,0,7,1,4,1,"2.07","1.07","-1.07","47.6",28.930518494200296,-33.172655914742286,26.92630290512397,40.24491164737057,47.64178702006697
"FF","2026-07-08","96.1","1.98","5.68","Siri, Jose",642350,669022,,"ball",,,,,11,,"R","R","L","TEX","LAA","B",,,0,2,2026,"0.66","1.37",-0.8511678977853488,3.831083829835948,,,,1,2,"Top",,,,,,,-8.966821841541977,-139.71141338789613,-2.2987600824785805,10.663882012032937,32.67787036796238,-13.892835366167004,3.305134514,1.668011811,,,,"96.6",2329,"6.7",822880,553869,669394,669701,677649,670032,696030,694497,607043,"53.81",,,,,,,,11,3,"4-Seam Fastball",0,1,1,0,1,0,1,0,"Infield shade","Standard",151,"-0.002","0.018",,,,,"-0.018",,-1,1,0.424,0.5760000000000001,27,30,27,31,1,0,7,1,4,1,"1.11","0.66","-0.66","46.1",,,,,
"CH","2026-07-08","86.5","1.91","5.51","Siri, Jose",642350,669022,,"foul",,,,,14,,"R","R","L","TEX","LAA","S",,,0,1,2026,"0.77","0.39",1.1778161777114025,1.818731169684531,,,,1,2,"Top",,,,,,,-3.3543097356994362,-126.02349463522167,-3.2584828495158584,8.872116984904322,23.72696470976883,-27.583691522074815,3.305134514,1.668011811,,,,"87.7",1772,"6.8",822880,553869,669394,669701,677649,670032,696030,694497,607043,"53.7",,,,,,,,11,2,"Changeup",0,1,1,0,1,0,1,0,"Standard","Standard",107,"0.004","-0.057","72.2","8.4",,,"0.057",,-1,1,0.42,0.5800000000000001,27,30,27,31,1,0,7,1,4,1,"2.63","0.77","-0.77","46.0",24.340181467132524,-3.522004463849368,30.185272133094593,50.96035492465232,32.799499162136705
"CU","2026-07-08","81.4","1.62","5.64","Siri, Jose",642350,669022,,"called_strike",,,,,5,,"R","R","L","TEX","LAA","S",,,0,0,2026,"-0.03","-0.98",0.011597285315558897,2.597380128400869,,,,1,2,"Top",,,,,,,-3.550536303020634,-118.53677358832924,1.868492369419002,0.34867796834072895,21.588767602723102,-41.97035629636683,3.305134514,1.668011811,,,,"82.5",2221,"6.9",822880,553869,669394,669701,677649,670032,696030,694497,607043,"53.64",,,,,,,,11,1,"Curveball",0,1,1,0,1,0,1,0,"Standard","Standard",328,"0.002","-0.042",,,,,"0.042",,-1,1,0.418,0.5820000000000001,27,30,27,31,1,0,7,1,4,1,"4.4","-0.03","0.03","51.7",,,,,
"FA","2026-07-08","40.5","-1.98","7.2","Siri, Jose",642350,543309,"single","hit_into_play",,,,,1,"Jose Siri singles on a sharp line drive to left fielder Josh Smith. Denzer Guzman scores.","R","R","R","TEX","LAA","X",7,"line_drive",0,1,2026,"-0.23","1.42",-0.4863083127515417,3.1834044881600647,694203,,,1,9,"Top",72.13,111.85,,,,,1.7676789859569968,-58.07621000808056,7.666884903678053,-0.6900591143488133,5.851112986939334,-29.998438595137298,3.305134514,1.668011811,174,"106.7",12,"38.3",1072,"4.2",822880,553869,669394,679822,677649,695508,669701,694497,696030,"56.34",0.929,0.94,"0.9",1,1,0,5,74,2,"Other",1,12,12,1,13,1,13,1,"Standard","Standard",198,"0","0.508","77.7","7.7",,1.258,"-0.508","106.7",-11,11,0.001,0.999,36,30,36,31,1,4,22,1,9,1,"12.98","0.23","0.23","62.2",20.621202025534117,-15.099800049267028,26.686537690355667,28.379243769288745,35.79873493321931
"FA","2026-07-08","40.5","-1.88","7.28","Siri, Jose",642350,543309,,"foul",,,,,12,,"R","R","R","TEX","LAA","S",,,0,0,2026,"-0.05","1.79",0.23284652631653105,3.922799385655374,694203,,,1,9,"Top",,,,,,,2.2290305106861292,-58.0694982938511,7.946734113350452,-0.33117500180328363,5.8374130532492945,-29.187171420651783,3.305134514,1.668011811,118,"65.4",70,"38.1",1154,"3.8",822880,553869,669394,679822,677649,695508,669701,694497,696030,"56.72",,,,,,,,74,1,"Other",1,12,12,1,12,1,12,1,"Standard","Standard",190,"0","-0.051","74.1","7.4",,,"0.051","88.0",-11,11,0.001,0.999,36,30,36,31,1,4,22,1,9,1,"12.61","0.05","0.05","62.7",23.188532963424898,17.697089562795696,25.42571623829177,36.57933249250513,19.610439760688145
"SL","2026-07-08","88.9","-0.99","6.02","Siri, Jose",642350,687239,"strikeout","swinging_strike_blocked",,,,,14,"Jose Siri strikes out swinging.","R","R","R","TEX","LAA","S",2,,1,2,2026,"0.38","-0.13",0.5367197283043055,0.14127376501825584,,,,2,7,"Top",,,,,,,2.891782709673591,-129.31761160759675,-7.822011222988282,3.6075458951312176,26.929866687257224,-32.22090709786069,3.305134514,1.668011811,,,,"89.3",2553,"6.5",822880,553869,669394,679822,677649,670032,669701,694497,696030,"53.97",,0,"0",1,0,0,,57,4,"Slider",0,9,9,0,9,0,9,0,"Standard","Standard",120,"0","-0.177","75.8","8.8","14.492414712",,"0.177",,-9,9,0.003,0.997,25,30,25,31,1,3,4,1,4,1,"3.02","-0.38","-0.38","47.8",27.345856892566704,-22.242873632920098,38.6078577192767,40.245545809716226,49.37238669802583
"SL","2026-07-08","87.3","-1.01","5.98","Siri, Jose",642350,687239,,"foul",,,,,5,,"R","R","R","TEX","LAA","S",,,1,1,2026,"0.3","-0.39",-0.05215613530720192,2.1872753667418134,,,,2,7,"Top",,,,,,,1.666944002532941,-127.1747994087919,-1.9869110999734307,2.9448582393224894,24.17852244592662,-36.27006700546657,3.305134514,1.668011811,78,"73.5",12,"87.9",2547,"6.5",822880,553869,669394,679822,677649,670032,669701,694497,696030,"54.05",,,,,,,,57,3,"Slider",0,9,9,0,9,0,9,0,"Standard","Standard",67,"0","-0.069","73.4","6.9",,,"0.069","88.0",-9,9,0.003,0.997,25,30,25,31,1,3,4,1,4,1,"3.36","-0.3","-0.3","45.4",-2.903188267820642,20.985006865015293,34.68551501697141,36.99367233292702,15.743374753044636
"SL","2026-07-08","88.4","-1.18","5.87","Siri, Jose",642350,687239,,"called_strike",,,,,2,,"R","R","R","TEX","LAA","S",,,1,0,2026,"0.49","0.04",0.09019810269889156,3.2414093348993878,,,,2,7,"Top",,,,,,,2.009923839440935,-128.84426485161427,-0.29204107827610193,5.141467662495735,24.858405193282408,-31.87326117189805,3.305134514,1.668011811,,,,"88.9",2490,"6.3",822880,553869,669394,679822,677649,670032,669701,694497,696030,"54.16",,,,,,,,57,2,"Slider",0,9,9,0,9,0,9,0,"Standard","Standard",116,"0","-0.054",,,,,"0.054",,-9,9,0.003,0.997,25,30,25,31,1,3,4,1,4,1,"2.85","-0.49","-0.49","44.0",,,,,
"FF","2026-07-08","96.5","-0.83","6.05","Siri, Jose",642350,687239,,"ball",,,,,13,,"R","R","R","TEX","LAA","B",,,0,0,2026,"-0.1","1.17",-0.9333761175640064,1.686570583744745,,,,2,7,"Top",,,,,,,-0.0526688041405066,-140.45733287978624,-8.537813370664235,-1.2957774920679226,30.645909129644025,-15.046573675793665,3.305134514,1.668011811,,,,"97",2162,"6.5",822880,553869,669394,679822,677649,670032,669701,694497,696030,"54.01",,,,,,,,57,1,"4-Seam Fastball",0,9,9,0,9,0,9,0,"Standard","Standard",196,"0","0.041",,,,,"-0.041",,-9,9,0.003,0.997,25,30,25,31,1,3,4,1,4,1,"1.27","0.1","0.1","48.2",,,,,
"FC","2026-07-07","88.9","2.5","5.38","Siri, Jose",642350,641302,"strikeout","swinging_strike",,,,,13,"Jose Siri strikes out swinging.","R","R","L","TEX","LAA","S",2,,3,2,2026,"-0.25","0.6",-1.0600869895817921,1.5828224368308612,,,666176,1,9,"Top",,,,,,,-8.043173114516575,-129.2950937293126,-4.362760733000854,-1.3353542772998044,24.419035644975914,-24.71179278991276,3.305134514,1.668011811,,,,"89.1",2300,"6.2",822881,553869,669394,679822,669701,677649,696030,695508,607043,"54.29",,0,"0",1,0,0,,73,7,"Cutter",8,3,3,8,3,8,3,8,"Standard","Standard",145,"0.006","-0.315","76.1","7.9","1.985446548",,"0.315",,5,-5,0.993,0.007000000000000006,31,30,32,31,1,0,3,2,2,1,"2.26","-0.25","0.25","33.3",15.576372256885413,-8.328706962437101,43.331212507808424,22.904145362847963,26.71117758456112
"FF","2026-07-07","92.1","2.49","5.42","Siri, Jose",642350,641302,,"ball",,,,,11,,"R","R","L","TEX","LAA","B",,,2,2,2026,"0.59","1.26",-1.5299833530135953,3.0589989872969063,,,666176,1,9,"Top",,,,,,,-11.401483871561194,-133.77545444084367,-2.792694181236402,9.458731545438157,27.166332394144337,-16.516673114340986,3.305134514,1.668011811,,,,"92.5",2261,"6.5",822881,553869,669394,679822,669701,677649,696030,695508,607043,"54.01",,,,,,,,73,6,"4-Seam Fastball",8,3,3,8,3,8,3,8,"Standard","Standard",140,"-0.002","0.081",,,,,"-0.081",,5,-5,0.995,0.0050000000000000044,31,30,32,31,1,0,3,2,2,1,"1.42","0.59","-0.59","36.7",,,,,
"CH","2026-07-07","85.3","2.65","5.35","Siri, Jose",642350,641302,,"ball",,,,,14,,"R","R","L","TEX","LAA","B",,,1,2,2026,"0.9","-0.19",0.5555931298145164,1.0120742824429136,,,666176,1,9,"Top",,,,,,,-6.707047598101223,-124.11651567658026,-3.2843812798017162,10.583845507705579,24.151046046374816,-33.73345435008074,3.305134514,1.668011811,,,,"85.6",1372,"6.4",822881,553869,669394,679822,669701,677649,696030,695508,607043,"54.06",,,,,,,,73,5,"Changeup",8,3,3,8,3,8,3,8,"Standard","Standard",120,"0","0.057",,,,,"-0.057",,5,-5,0.995,0.0050000000000000044,31,30,32,31,1,0,3,2,2,1,"3.32","0.9","-0.9","35.2",,,,,
"CH","2026-07-07","84.8","2.74","5.32","Siri, Jose",642350,641302,,"foul",,,,,9,,"R","R","L","TEX","LAA","S",,,1,2,2026,"1.23","0.13",0.4489978662383858,1.899596709499741,,,666176,1,9,"Top",,,,,,,-7.777398252495943,-123.37248522321565,-1.7447451869756856,14.049193334640455,23.127111575484747,-30.70325823905549,3.305134514,1.668011811,,,,"85.1",1449,"6.3",822881,553869,669394,679822,669701,677649,696030,695508,607043,"54.16",,,,,,,,73,4,"Changeup",8,3,3,8,3,8,3,8,"Standard","Standard",119,"0","0","77.5","7.4",,,"0",,5,-5,0.995,0.0050000000000000044,31,30,32,31,1,0,3,2,2,1,"3.03","1.23","-1.23","32.6",5.595621903600816,16.630756233464208,34.36650636026126,40.72597393979677,20.18689403805776
"FC","2026-07-07","89.1","2.5","5.35","Siri, Jose",642350,641302,,"foul",,,,,8,,"R","R","L","TEX","LAA","S",,,1,1,2026,"0.31","1.12",0.07575388938384842,2.075847645045169,,,666176,1,9,"Top",,,,,,,-6.532235102363462,-129.59869400337888,-4.251653433983155,4.7228096115332105,25.095410042226334,-18.812351568141114,3.305134514,1.668011811,195,"69.6",35,"89.6",2507,"6.5",822881,553869,669394,679822,669701,677649,696030,695508,607043,"54.04",,,,,,,,73,3,"Cutter",8,3,3,8,3,8,3,8,"Standard","Standard",150,"0.001","-0.069","69.1","7.1",,,"0.069","88.0",5,-5,0.994,0.006000000000000005,31,30,32,31,1,0,3,2,2,1,"1.73","0.31","-0.31","31.5",-3.446215258841994,21.901235068173328,42.31689672011065,36.62867788153373,13.320757681956673
"CH","2026-07-07","85.6","2.67","5.29","Siri, Jose",642350,641302,,"ball",,,,,13,,"R","R","L","TEX","LAA","B",,,0,1,2026,"1.19","0.15",-0.0841830388913094,0.8910459742085832,,,666176,1,9,"Top",,,,,,,-8.828276999760819,-124.37764350906801,-4.129957060881746,14.155101095018802,25.645305505912177,-29.982570170395714,3.305134514,1.668011811,,,,"85.3",1305,"6.2",822881,553869,669394,679822,669701,677649,696030,695508,607043,"54.27",,,,,,,,73,2,"Changeup",8,3,3,8,3,8,3,8,"Standard","Standard",119,"-0.001","0.029",,,,,"-0.029",,5,-5,0.995,0.0050000000000000044,31,30,32,31,1,0,3,2,2,1,"2.98","1.19","-1.19","32.5",,,,,
"CH","2026-07-07","85.6","2.51","5.41","Siri, Jose",642350,641302,,"called_strike",,,,,8,,"R","R","L","TEX","LAA","S",,,0,0,2026,"1.35","0.28",0.2615950329103869,1.5790242291366878,,,666176,1,9,"Top",,,,,,,-8.028846433147748,-124.44603327728147,-3.095279912784088,15.603811499876501,25.232103326480487,-28.84014985990723,3.305134514,1.668011811,,,,"85.8",1427,"6.5",822881,553869,669394,679822,669701,677649,696030,695508,607043,"53.99",,,,,,,,73,1,"Changeup",8,3,3,8,3,8,3,8,"Infield shade","Standard",120,"0.001","-0.041",,,,,"0.041",,5,-5,0.994,0.006000000000000005,31,30,32,31,1,0,3,2,2,1,"2.84","1.35","-1.35","34.4",,,,,
"SI","2026-07-05","99.2","-1.59","6.4","Siri, Jose",642350,594027,"field_out","hit_into_play",,,,,5,"Jose Siri grounds out, third baseman Caleb Durbin to first baseman Willson Contreras.","R","R","R","LAA","BOS","X",5,"ground_ball",1,0,2026,"-1.27","1.05",0.14444284955355102,2.3211962786059073,,,,1,6,"Bot",110.17,172,,,,,7.825521511877565,-144.14580217996414,-8.113420596047305,-19.529270615335033,33.57519811959035,-15.861237475670475,3.305134514,1.668011811,2,"85.6",-46,"100.8",2212,"7.2",824010,665966,575929,678011,702332,691907,680776,678882,677800,"53.26",0.142,0.132,"0",1,0,0,2,52,2,"Sinker",3,5,3,5,5,3,3,5,"Standard","Standard",213,"-0.029","-0.307","72.1","7.5",,0.15,"0.307","88.0",-2,-2,0.229,0.229,35,30,35,31,1,2,6,1,4,2,"1.28","1.27","1.27","42.6",14.678841076944911,11.682131316766448,27.603644810376903,38.22104828456021,24.36285175394172
"SI","2026-07-05","99.1","-1.61","6.38","Siri, Jose",642350,594027,,"ball",,,,,12,,"R","R","R","LAA","BOS","B",,,0,0,2026,"-1.23","0.97",0.9985411062089229,3.1118200892493926,,,,1,6,"Bot",,,,,,,10.145564941769246,-143.88400392391762,-5.683891664776021,-19.431431571440367,32.94908418625973,-17.51925793030341,3.305134514,1.668011811,,,,"100.9",2094,"7.3",824010,665966,575929,678011,702332,691907,680776,678882,677800,"53.16",,,,,,,,52,1,"Sinker",3,5,3,5,5,3,3,5,"Standard","Standard",216,"0.004","0.043",,,,,"-0.043",,-2,-2,0.225,0.225,35,30,35,31,1,2,6,1,4,2,"1.36","1.23","1.23","43.5",,,,,
"CU","2026-07-05","74.7","2.23","6.01","Siri, Jose",642350,624133,"strikeout","swinging_strike",,,,,13,"Jose Siri strikes out swinging.","R","R","L","LAA","BOS","S",2,,2,2,2026,"-1.07","-1.08",-0.9102161149065816,1.0861203699169462,,624585,666176,2,1,"Bot",,,,,,,-4.468901237709144,-108.67536835397469,-0.6296723757548699,-7.441089059931913,22.08745400189709,-40.72395705957661,3.305134514,1.668011811,,,,"74.3",2215,"6.4",824010,665966,575929,678011,702332,691907,680776,678882,677800,"54.15",,0,"0",1,0,0,,10,5,"Curveball",2,0,2,0,0,2,2,0,"Standard","Standard",318,"-0.026","-0.22","75.8","8.4","1.987316472",,"0.22",,2,2,0.724,0.724,30,30,31,31,1,0,6,1,,2,"5.22","-1.07","1.07","45.7",29.751657757472827,-26.335286792314147,41.50651605616559,25.85795471985208,47.423150898619184
"CU","2026-07-05","76.6","2.29","5.95","Siri, Jose",642350,624133,,"foul",,,,,7,,"R","R","L","LAA","BOS","S",,,2,1,2026,"-1.03","-0.91",-0.7908030358326521,2.0199768170960164,,624585,666176,2,1,"Bot",,,,,,,-4.534403374730376,-111.47181330342474,0.6964003883746293,-7.638244503428083,21.904649202464068,-40.083803270428405,3.305134514,1.668011811,5,"81.5",-24,"76.3",2274,"6.3",824010,665966,575929,678011,702332,691907,680776,678882,677800,"54.19",,,,,,,,10,4,"Curveball",2,0,2,0,0,2,2,0,"Standard","Standard",313,"-0.006","-0.077","76.6","8.4",,,"0.077","88.0",2,2,0.73,0.73,30,30,31,31,1,0,6,1,,2,"4.82","-1.03","1.03","48.6",25.6915303255149,-25.930906605445998,33.76704161615271,28.729736405109545,46.90360464431845
"CH","2026-07-05","81.1","2.38","5.89","Siri, Jose",642350,624133,,"blocked_ball",,,,,13,,"R","R","L","LAA","BOS","B",,,1,1,2026,"0.82","-0.29",-0.339879247405376,0.12306591822743407,,624585,666176,2,1,"Bot",,,,,,,-7.587314217430195,-117.69750802350629,-5.270021874862561,9.211100691920478,25.27764708616222,-33.95301725133578,3.305134514,1.668011811,,,,"80.4",1247,"6.3",824010,665966,575929,678011,702332,691907,680776,678882,677800,"54.24",,,,,,,,10,3,"Changeup",2,0,2,0,0,2,2,0,"Standard","Standard",117,"0.003","0.029",,,,,"-0.029",,2,2,0.727,0.727,30,30,31,31,1,0,6,1,,2,"3.82","0.82","-0.82","39.4",,,,,
"CH","2026-07-05","80.4","2.35","5.85","Siri, Jose",642350,624133,,"ball",,,,,12,,"R","R","L","LAA","BOS","B",,,0,1,2026,"0.54","0.72",1.5278647207894265,3.2619546634325407,,624585,666176,2,1,"Bot",,,,,,,-2.8371058952935826,-117.06495712249126,-0.21197446241644247,5.51760519843389,23.992193987450264,-25.741671618591525,3.305134514,1.668011811,,,,"79.8",1234,"6",824010,665966,575929,678011,702332,691907,680776,678882,677800,"54.47",,,,,,,,10,2,"Changeup",2,0,2,0,0,2,2,0,"Standard","Standard",122,"0.003","0.017",,,,,"-0.017",,2,2,0.724,0.724,30,30,31,31,1,0,6,1,,2,"2.82","0.54","-0.54","41.8",,,,,
"CU","2026-07-05","77.3","2.31","5.96","Siri, Jose",642350,624133,,"called_strike",,,,,4,,"R","R","L","LAA","BOS","S",,,0,0,2026,"-0.86","-1.04",-0.4194350316755351,2.202361574766127,,624585,666176,2,1,"Bot",,,,,,,-4.129942879880604,-112.35191463104908,1.209041303414852,-6.364120861820547,23.27398584223195,-41.391026111334675,3.305134514,1.668011811,,,,"76.5",2275,"6.1",824010,665966,575929,678011,702332,691907,680776,678882,677800,"54.4",,,,,,,,10,1,"Curveball",2,0,2,0,0,2,2,0,"Standard","Standard",312,"-0.004","-0.033",,,,,"0.033",,2,2,0.728,0.728,30,30,31,31,1,0,6,1,,2,"4.91","-0.86","0.86","47.2",,,,,
"ST","2026-07-05","81.3","-2.8","4.63","Siri, Jose",642350,669711,"field_out","hit_into_play",,,,,3,"Jose Siri pops out to second baseman Anthony Seigler.","R","R","R","LAA","BOS","X",4,"popup",0,1,2026,"1.18","0.49",0.6824107355847412,3.220773365685268,,,666176,2,3,"Bot",146.93,122.44,,,,,5.343474250151355,-118.25208095194665,2.683389576838192,9.860858517805756,25.012925113973065,-28.43691474009518,3.305134514,1.668011811,201,"89.3",59,"80",2823,"5.7",824010,665966,575929,678011,702332,691907,680776,678882,677800,"54.82",0.023,0.031,"0",1,0,0,3,32,2,"Sweeper",3,5,3,5,5,3,3,5,"Standard","Standard",74,"-0.022","-0.237","72.7","7.5",,0.043,"0.237","89.3",-2,-2,0.293,0.293,31,30,31,31,1,1,1,1,3,2,"2.99","-1.18","-1.18","1.9",12.941580038946483,-5.590363551814594,24.45308785324534,44.164673201087915,29.92947076101807
"SI","2026-07-05","91.5","-2.36","5.03","Siri, Jose",642350,669711,,"called_strike",,,,,9,,"R","R","R","LAA","BOS","S",,,0,0,2026,"-1.57","0.27",0.4695686245528403,2.0985364180386683,,,666176,2,3,"Bot",,,,,,,10.428292996525041,-132.8821122571095,-1.8787311927360348,-20.787465027234855,28.618211905052625,-28.774346465988536,3.305134514,1.668011811,,,,"91",2163,"6.1",824010,665966,575929,678011,702332,691907,680776,678882,677800,"54.39",,,,,,,,32,1,"Sinker",3,5,3,5,5,3,3,5,"Standard","Standard",247,"-0.004","-0.042",,,,,"0.042",,-2,-2,0.297,0.297,31,30,31,31,1,1,1,1,3,2,"2.46","1.57","1.57","13.6",,,,,
"CH","2026-07-04","83.9","1.21","5.95","Siri, Jose",642350,663558,"strikeout","swinging_strike",,,,,8,"Jose Siri strikes out swinging.","R","R","L","LAA","BOS","S",2,,2,2,2026,"1.23","0.88",-0.1986202275265938,2.0366483150304324,,,,2,7,"Bot",,,,,,,-5.7000195236550395,-122.02114361945877,-4.141309813313239,13.458940247071489,25.334566713206552,-22.79481092104833,3.305134514,1.668011811,,,,"83.9",1798,"6.4",824012,657136,575929,678011,702332,655316,680776,678882,677800,"54.09",,0,"0",1,0,0,,59,5,"Changeup",1,7,1,7,7,1,1,7,"Standard","Standard",146,"-0.002","-0.221","77.1","8.7","0.396386736",,"0.221",,-6,-6,0.01,0.01,29,30,29,31,1,0,3,1,4,1,"2.38","1.23","-1.23","47.5",30.570224805474474,-31.540755961713046,36.14880463242948,31.57299751608022,46.59235300895152
"CH","2026-07-04","82","1.26","5.92","Siri, Jose",642350,663558,,"swinging_strike",,,,,14,,"R","R","L","LAA","BOS","S",,,2,1,2026,"1.2","0.94",0.7544226968417822,0.38581934310255495,,,,2,7,"Bot",,,,,,,-3.470034310701866,-119.05669044593304,-7.376695613254309,12.021426954801981,26.281177125084948,-21.95219085817991,3.305134514,1.668011811,,,,"81.4",1693,"6.3",824012,657136,575929,678011,702332,655316,680776,678882,677800,"54.18",,,,,,,,59,4,"Changeup",1,7,1,7,7,1,1,7,"Standard","Standard",143,"0","-0.082","68.6","9.5","15.2589117",,"0.082",,-6,-6,0.01,0.01,29,30,29,31,1,0,3,1,4,1,"2.51","1.2","-1.2","49.4",32.54391572357352,-42.00525897766446,39.13860621207258,43.39169002316032,55.308806468269296
"CH","2026-07-04","82.7","1.21","5.89","Siri, Jose",642350,663558,,"ball",,,,,13,,"R","R","L","LAA","BOS","B",,,1,1,2026,"1.3","0.75",-1.0387826800525213,2.129131338722193,,,,2,7,"Bot",,,,,,,-7.638575317646576,-120.07222050664167,-3.2560744379448687,14.11746397995799,25.455964202806484,-24.495462382583927,3.305134514,1.668011811,,,,"82.3",1788,"6.4",824012,657136,575929,678011,702332,655316,680776,678882,677800,"54.14",,,,,,,,59,3,"Changeup",1,7,1,7,7,1,1,7,"Standard","Standard",145,"0","0.057",,,,,"-0.057",,-6,-6,0.01,0.01,29,30,29,31,1,0,3,1,4,1,"2.62","1.3","-1.3","47.7",,,,,
"FF","2026-07-04","93.2","0.97","5.8","Siri, Jose",642350,663558,,"called_strike",,,,,6,,"R","R","L","LAA","BOS","S",,,1,0,2026,"0.11","1.72",0.5108227589299023,2.3856478193594977,,,,2,7,"Bot",,,,,,,-1.4296055268473942,-135.55245342607955,-6.613667174775272,1.6879363846913096,34.063685391276216,-9.742567041105287,3.305134514,1.668011811,,,,"93.3",2359,"6.7",824012,657136,575929,678011,702332,655316,680776,678882,677800,"53.78",,,,,,,,59,2,"4-Seam Fastball",1,7,1,7,7,1,1,7,"Standard","Standard",165,"0","-0.054",,,,,"0.054",,-6,-6,0.01,0.01,29,30,29,31,1,0,3,1,4,1,"0.94","0.11","-0.11","48.0",,,,,
"FC","2026-07-04","87.3","1.03","5.87","Siri, Jose",642350,663558,,"ball",,,,,14,,"R","R","L","LAA","BOS","B",,,0,0,2026,"0.06","0.91",0.8916337831457951,1.7613110462471062,,,,2,7,"Bot",,,,,,,-0.4503533340190329,-126.97020072778659,-5.3766420648836455,0.7254040678453794,28.720022377525826,-21.38416443632727,3.305134514,1.668011811,,,,"87.5",2707,"6.7",824012,657136,575929,678011,702332,655316,680776,678882,677800,"53.81",,,,,,,,59,1,"Cutter",1,7,1,7,7,1,1,7,"Standard","Standard",185,"0","0.041",,,,,"-0.041",,-6,-6,0.01,0.01,29,30,29,31,1,0,3,1,4,1,"2.11","0.06","-0.06","50.1",,,,,
"FF","2026-07-03","91.8","3.25","5.63","Siri, Jose",642350,687562,"home_run","hit_into_play",,,,,3,"Jose Siri homers (5) on a fly ball to right center field.","R","R","L","LAA","BOS","X",,"fly_ball",3,2,2026,"0.98","0.86",0.5805342031716307,2.8794095275490124,,,,1,8,"Bot",181.1,43.38,,,,,-8.956077043966566,-133.36307227608407,-2.8161470050069695,13.645994026807626,29.15557863682607,-21.50806862699185,3.305134514,1.668011811,408,"108",27,"93",2066,"7.1",824013,665966,575929,663853,702332,655316,680776,678882,681987,"53.37",0.966,1.962,"2",1,0,3,6,62,6,"4-Seam Fastball",0,5,0,5,5,1,1,5,"Standard","Standard",120,"0.014","1.498","78.1","7.2",,3.84,"-1.498","108.0",-5,-5,0.014,0.014,25,30,26,31,3,2,6,4,5,1,"1.86","0.98","-0.98","26.1",9.28554148440144,12.164601525599995,27.064683676858003,42.01711958765803,24.480204294304034
"SI","2026-07-03","91.2","3.21","5.64","Siri, Jose",642350,687562,,"called_strike",,,,,4,,"R","R","L","LAA","BOS","S",,,3,1,2026,"1.61","0.35",-0.5184654422072514,2.361962188122892,,,,1,8,"Bot",,,,,,,-13.018932814521175,-132.18429170784995,-2.922605174816319,21.576927951068395,27.68436227240834,-27.57010534548418,3.305134514,1.668011811,,,,"93",1965,"7.5",824013,665966,575929,663853,702332,655316,680776,678882,681987,"52.99",,,,,,,,62,5,"Sinker",0,5,0,5,5,0,0,5,"Standard","Standard",120,"-0.003","-0.092",,,,,"0.092",,-5,-5,0.017,0.017,25,30,26,31,3,2,6,4,5,1,"2.4","1.61","-1.61","32.5",,,,,
"FF","2026-07-03","91.2","3.16","5.64","Siri, Jose",642350,687562,,"called_strike",,,,,5,,"R","R","L","LAA","BOS","S",,,3,0,2026,"1.07","0.96",-0.12641608820722405,2.253380298256272,,,,1,8,"Bot",,,,,,,-10.638792435330695,-132.32193898350081,-4.5437419700141195,14.834501074515806,27.992193739670334,-20.099909153986605,3.305134514,1.668011811,,,,"92.5",2020,"7.2",824013,665966,575929,663853,702332,655316,680776,678882,681987,"53.29",,,,,,,,62,4,"4-Seam Fastball",0,5,0,5,5,0,0,5,"Standard","Standard",120,"-0.001","-0.084",,,,,"0.084",,-5,-5,0.018,0.018,25,30,26,31,3,2,6,4,5,1,"1.8","1.07","-1.07","29.1",,,,,
"FF","2026-07-03","92.5","3.12","5.7","Siri, Jose",642350,687562,,"ball",,,,,12,,"R","R","L","LAA","BOS","B",,,2,0,2026,"0.87","1.17",0.09598213888465068,4.238265887384505,,,,1,8,"Bot",,,,,,,-9.691605037429277,-134.3537400234548,-0.353375846764658,12.70552693601094,29.343611398814172,-18.112376905655772,3.305134514,1.668011811,,,,"93.8",2088,"7.2",824013,665966,575929,663853,702332,655316,680776,678882,681987,"53.3",,,,,,,,62,3,"4-Seam Fastball",0,5,0,5,5,0,0,5,"Standard","Standard",133,"0.002","0.14",,,,,"-0.14",,-5,-5,0.016,0.016,25,30,26,31,3,2,6,4,5,1,"1.5","0.87","-0.87","30.1",,,,,
"SI","2026-07-03","91.5","3.33","5.65","Siri, Jose",642350,687562,,"ball",,,,,12,,"R","R","L","LAA","BOS","B",,,1,0,2026,"1.41","0.34",1.5610443679340302,2.591362549986803,,,,1,8,"Bot",,,,,,,-7.641581756203523,-133.09324429256446,-2.4178788750656457,18.417753851492794,28.548899555067866,-27.83163062966896,3.305134514,1.668011811,,,,"93.2",1993,"7.3",824013,665966,575929,663853,702332,655316,680776,678882,681987,"53.18",,,,,,,,62,2,"Sinker",0,5,0,5,5,0,0,5,"Standard","Standard",123,"0.002","0.077",,,,,"-0.077",,-5,-5,0.014,0.014,25,30,26,31,3,2,6,4,5,1,"2.39","1.41","-1.41","30.4",,,,,
"SI","2026-07-03","93.3","3.21","5.69","Siri, Jose",642350,687562,,"ball",,,,,12,,"R","R","L","LAA","BOS","B",,,0,0,2026,"1.36","0.51",2.0657650013194058,2.824280387396011,,,,1,8,"Bot",,,,,,,-6.057513595952033,-135.81630944178016,-2.6045778450300663,18.112636745994042,29.265538060443586,-25.4883335524723,3.305134514,1.668011811,,,,"95",2014,"7.2",824013,665966,575929,663853,702332,655316,680776,678882,681987,"53.25",,,,,,,,62,1,"Sinker",0,5,0,5,5,0,0,5,"Standard","Standard",121,"0.001","0.043",,,,,"-0.043",,-5,-5,0.013,0.013,25,30,26,31,3,2,6,4,5,1,"2.1","1.36","-1.36","29.8",,,,,
"CU","2026-07-03","78","3.33","5.71","Siri, Jose",642350,687562,"force_out","hit_into_play",,,,,14,"Jose Siri grounds into a force out, shortstop Andruw Monasterio to second baseman Romy Gonzalez. Vaughn Grissom out at 2nd.","R","R","L","LAA","BOS","X",6,"ground_ball",1,2,2026,"-0.5","-0.76",0.1912020770775666,0.6561436294453098,,,687093,2,5,"Bot",110.04,156.86,,,,,-5.802144857910004,-113.36881683036033,-2.2412035992378962,-3.1027660191477224,22.387179679379045,-38.4536563521195,3.305134514,1.668011811,10,"71.2",-5,"78.8",2214,"7.1",824013,665966,575929,663853,702332,655316,680776,678882,681987,"53.43",0.079,0.072,"0",1,0,0,2,42,4,"Curveball",0,5,0,5,5,0,0,5,"Standard","Standard",320,"-0.008","-0.2","67.5","8.5",,0.09,"0.2","88.0",-5,-5,0.056,0.056,25,30,26,31,2,1,6,4,5,1,"4.54","-0.5","0.5","33.1",18.41415630002113,-13.545695332690729,40.58534613350584,39.48219007159974,43.81928067715558
"FF","2026-07-03","92","3.43","5.56","Siri, Jose",642350,687562,,"ball",,,,,14,,"R","R","L","LAA","BOS","B",,,0,2,2026,"1.13","0.84",1.4059692622106914,1.8224028540623516,,,687093,2,5,"Bot",,,,,,,-7.680701994173551,-133.66682892199984,-5.244657622043134,15.32986988359234,32.31245818713537,-21.123556663833316,3.305134514,1.668011811,,,,"92.9",2152,"7.2",824013,665966,575929,663853,702332,655316,680776,678882,681987,"53.33",,,,,,,,42,3,"4-Seam Fastball",0,5,0,5,5,0,0,5,"Standard","Standard",108,"0.001","0.025",,,,,"-0.025",,-5,-5,0.055,0.055,25,30,26,31,2,1,6,4,5,1,"1.89","1.13","-1.13","28.4",,,,,
"CH","2026-07-03","81.8","3.23","5.81","Siri, Jose",642350,687562,,"swinging_strike",,,,,14,,"R","R","L","LAA","BOS","S",,,0,1,2026,"1.15","0.4",1.2720292888525784,2.2123143323633405,,,687093,2,5,"Bot",,,,,,,-6.739363913825965,-118.91010721699979,-2.0851366629660815,12.262391489698679,24.059979861583262,-28.15909761870703,3.305134514,1.668011811,,,,"83",2092,"7.3",824013,665966,575929,663853,702332,655316,680776,678882,681987,"53.22",,,,,,,,42,2,"Changeup",0,5,0,5,5,0,0,5,"Standard","Standard",105,"-0.002","-0.061","77.4","8.0","1.037065836",,"0.061",,-5,-5,0.057,0.057,25,30,26,31,2,1,6,4,5,1,"3.03","1.15","-1.15","34.5",14.022374280989236,2.562564474081586,29.589818247390372,51.311437437733595,32.03367750366301
"FF","2026-07-03","92.9","3.24","5.72","Siri, Jose",642350,687562,,"swinging_strike",,,,,12,,"R","R","L","LAA","BOS","S",,,0,0,2026,"0.98","1.06",0.5327410489472717,3.729679979088045,,,687093,2,5,"Bot",,,,,,,-9.210256895729946,-134.92506398137843,-1.4559792793581643,14.12684917896291,32.11482497370368,-19.203066135109157,3.305134514,1.668011811,,,,"94.1",2166,"7.3",824013,665966,575929,663853,702332,655316,680776,678882,681987,"53.2",,,,,,,,42,1,"4-Seam Fastball",0,5,0,5,5,0,0,5,"Standard","Standard",121,"-0.002","-0.042","75.1","7.1","2.56116774",,"0.042",,-5,-5,0.059,0.059,25,30,26,31,2,1,6,4,5,1,"1.61","0.98","-0.98","30.2",9.225462296340064,21.87122743796437,25.447048704849305,42.8510568692078,14.644562196389892
"CH","2026-07-03","84","3.25","5.78","Siri, Jose",642350,687562,"field_out","hit_into_play",,,,,14,"Jose Siri grounds out, third baseman Caleb Durbin to first baseman Willson Contreras.","R","R","L","LAA","BOS","X",5,"ground_ball",1,2,2026,"0.84","0.66",0.5063484896845319,1.0385375212683279,,,,0,3,"Bot",107.61,161.1,,,,,-8.113843456505027,-121.90851005481086,-5.6402916716172795,10.129757752663815,26.925687856172477,-24.598324591512185,3.305134514,1.668011811,6,"71.2",-12,"85",2065,"7.3",824013,665966,575929,663853,702332,655316,680776,678882,681987,"53.15",0.061,0.055,"0",1,0,0,2,25,4,"Changeup",0,4,0,4,4,0,0,4,"Standard","Standard",100,"-0.014","-0.188","71.4","8.8",,0.069,"0.188","88.0",-4,-4,0.158,0.158,25,30,26,31,1,0,6,4,5,1,"2.62","0.84","-0.84","33.5",20.431539210752607,-8.596801568444647,38.56571181184783,42.84113183120628,40.58331825671846
"FF","2026-07-03","93.6","3.14","5.78","Siri, Jose",642350,687562,,"ball",,,,,12,,"R","R","L","LAA","BOS","B",,,0,2,2026,"0.95","1.07",1.236653949239955,4.0634734232847896,,,,0,3,"Bot",,,,,,,-7.0994433107046415,-135.99424264597553,-0.8322767817397734,13.461024731714767,34.423069544876846,-19.08618727508944,3.305134514,1.668011811,,,,"94.3",2212,"7.1",824013,665966,575929,663853,702332,655316,680776,678882,681987,"53.35",,,,,,,,25,3,"4-Seam Fastball",0,4,0,4,4,0,0,4,"Standard","Standard",122,"0.002","0.023",,,,,"-0.023",,-4,-4,0.156,0.156,25,30,26,31,1,0,6,4,5,1,"1.57","0.95","-0.95","35.0",,,,,
"CU","2026-07-03","78.6","3.21","5.78","Siri, Jose",642350,687562,,"foul",,,,,13,,"R","R","L","LAA","BOS","S",,,0,1,2026,"-0.27","-0.73",-0.04109815039788395,0.4444256455224731,,,,0,3,"Bot",,,,,,,-6.522705313842381,-114.23289589397798,-3.0212724920834257,-1.0126421591822605,22.716313955671684,-38.11660105060705,3.305134514,1.668011811,1,"60.3",-45,"79.2",2188,"6.9",824013,665966,575929,663853,702332,655316,680776,678882,681987,"53.57",,,,,,,,25,2,"Curveball",0,4,0,4,4,0,0,4,"Standard","Standard",321,"-0.005","-0.056","73.3","8.6",,,"0.056","88.0",-4,-4,0.161,0.161,25,30,26,31,1,0,6,4,5,1,"4.45","-0.27","0.27","31.8",16.581964690273843,-14.986866746754306,42.13526192882358,36.55585118411311,41.09602091581341
"FF","2026-07-03","93.4","3.12","5.75","Siri, Jose",642350,687562,,"called_strike",,,,,1,,"R","R","L","LAA","BOS","S",,,0,0,2026,"0.91","1.09",-0.3573897514344757,2.99969900415251,,,,0,3,"Bot",,,,,,,-11.03345879759096,-135.47092415826003,-3.5610411181916595,13.797702229380679,31.880393353254327,-18.15037791311807,3.305134514,1.668011811,,,,"94.4",2161,"7.2",824013,665966,575929,663853,702332,655316,680776,678882,681987,"53.3",,,,,,,,25,1,"4-Seam Fastball",0,4,0,4,4,0,0,4,"Standard","Standard",120,"-0.003","-0.043",,,,,"0.043",,-4,-4,0.164,0.164,25,30,26,31,1,0,6,4,5,1,"1.55","0.91","-0.91","32.0",,,,,
"SI","2026-06-29","97.6","2.81","5.78","Siri, Jose",642350,678606,"strikeout","called_strike",,,,,7,"Jose Siri challenged (pitch result), call on the field was confirmed: Jose Siri called out on strikes.","R","R","L","SEA","LAA","S",2,,1,2,2026,"1.62","0.62",-0.754944831289549,1.7372833598891726,,,624585,0,9,"Top",,,,,,,-13.180853498622094,-141.40372202966924,-6.495018912483815,24.824486362635817,33.2726529315552,-22.377797873625692,3.305134514,1.668011811,,,,"96.8",2214,"6.2",823121,663728,647304,702284,641487,806068,668227,677594,645302,"54.34",,0,"0",1,0,0,,65,4,"Sinker",6,2,2,6,2,6,2,6,"Standard","Standard",108,"0.013","-0.177",,,,,"0.177",,4,-4,0.972,0.028000000000000025,26,30,26,31,1,0,2,1,4,4,"1.8","1.62","-1.62","32.9",,,,,
"SI","2026-06-29","97.2","2.92","5.79","Siri, Jose",642350,678606,,"swinging_strike",,,,,5,,"R","R","L","SEA","LAA","S",,,1,1,2026,"1.63","0.53",0.2316801374750066,2.229957586523379,,,624585,0,9,"Top",,,,,,,-10.813667250731367,-141.0620364506829,-4.935373937470868,24.194445725395568,33.335464358163506,-24.171489640646257,3.305134514,1.668011811,,,,"96.5",2220,"6.1",823121,663728,647304,702284,641487,806068,668227,677594,645302,"54.4",,,,,,,,65,3,"Sinker",6,2,2,6,2,6,2,6,"Standard","Standard",113,"0.005","-0.058","72.9","6.9","1.738935192",,"0.058",,4,-4,0.967,0.03300000000000003,26,30,26,31,1,0,2,1,4,4,"1.91","1.63","-1.63","31.2",-2.5982132380348144,18.787285053486098,40.44854926203409,36.865980664887914,15.132177041865702
"SI","2026-06-29","97.7","2.96","5.72","Siri, Jose",642350,678606,,"ball",,,,,13,,"R","R","L","SEA","LAA","B",,,0,1,2026,"1.59","0.51",-0.6636100279364845,0.781178626134746,,,624585,0,9,"Top",,,,,,,-13.295488227696744,-141.44137506820684,-8.671350007767664,24.37608586126576,31.30745839092348,-23.380479436501012,3.305134514,1.668011811,,,,"97.3",2231,"6.3",823121,663728,647304,702284,641487,806068,668227,677594,645302,"54.22",,,,,,,,65,2,"Sinker",6,2,2,6,2,6,2,6,"Standard","Standard",110,"-0.002","0.025",,,,,"-0.025",,4,-4,0.969,0.031000000000000028,26,30,26,31,1,0,2,1,4,4,"1.89","1.59","-1.59","29.3",,,,,
"SI","2026-06-29","96.8","2.95","5.69","Siri, Jose",642350,678606,,"called_strike",,,,,8,,"R","R","L","SEA","LAA","S",,,0,0,2026,"1.64","0.62",-0.2657736839574769,1.597917043134623,,,624585,0,9,"Top",,,,,,,-12.2058117884093,-140.29930709317458,-6.511451232070746,24.405686191347616,31.091439571559743,-22.65329453063543,3.305134514,1.668011811,,,,"96.3",2224,"6.2",823121,663728,647304,702284,641487,806068,668227,677594,645302,"54.3",,,,,,,,65,1,"Sinker",6,2,2,6,2,6,2,6,"Standard","Standard",106,"0.003","-0.043",,,,,"0.043",,4,-4,0.966,0.03400000000000003,26,30,26,31,1,0,2,1,4,4,"1.83","1.64","-1.64","29.2",,,,,
"FF","2026-06-28","93.9","2.08","5.71","Siri, Jose",642350,660761,"strikeout","called_strike",,,,,2,"Jose Siri called out on strikes.","R","R","L","LAA","ATH","S",2,,2,2,2026,"0.7","1.43",0.08669944544638875,3.010768279778759,,,,0,7,"Bot",,,,,,,-6.62367646055899,-136.55121062277104,-4.227683158970044,10.291682201272007,31.17878304352669,-13.620098842113071,3.305134514,1.668011811,,,,"93",2454,"5.9",824011,669127,608841,643446,691777,675961,687515,703607,671732,"54.64",,0,"0",1,0,0,,53,5,"4-Seam Fastball",4,1,4,1,1,4,4,1,"Standard","Standard",146,"-0.004","-0.234",,,,,"0.234",,3,3,0.94,0.94,28,30,28,31,1,0,5,1,5,1,"1.17","0.7","-0.7","40.6",,,,,
"SL","2026-06-28","80.1","2.09","5.8","Siri, Jose",642350,660761,,"foul",,,,,8,,"R","R","L","LAA","ATH","S",,,2,1,2026,"-0.44","-0.44",-0.11239471365879417,1.6275555966540551,,,,0,7,"Bot",,,,,,,-3.9188600764349766,-116.59558124036785,-1.4210654395383133,-3.247897589082197,22.456790885545026,-36.11331042370799,3.305134514,1.668011811,,,,"79.4",2766,"5.8",824011,669127,608841,643446,691777,675961,687515,703607,671732,"54.65",,,,,,,,53,4,"Slider",4,1,4,1,1,4,4,1,"Standard","Standard",272,"-0.002","-0.08","76.8","8.5",,,"0.08",,3,3,0.942,0.942,28,30,28,31,1,0,5,1,5,1,"4","-0.44","0.44","41.2",25.32691444563311,-25.07073316099478,33.442642558063696,33.567279174349686,44.79941672750715
"FF","2026-06-28","93.5","1.93","5.72","Siri, Jose",642350,660761,,"ball",,,,,13,,"R","R","L","LAA","ATH","B",,,1,1,2026,"0.72","1.45",-0.5641903590367052,1.3630728131057974,,,,0,7,"Bot",,,,,,,-7.864185409462294,-135.7319299198902,-8.369945586028889,10.60727719974769,30.844995856710145,-12.607724676920101,3.305134514,1.668011811,,,,"92.5",2333,"5.9",824011,669127,608841,643446,691777,675961,687515,703607,671732,"54.57",,,,,,,,53,3,"4-Seam Fastball",4,1,4,1,1,4,4,1,"Standard","Standard",145,"0.001","0.064",,,,,"-0.064",,3,3,0.941,0.941,28,30,28,31,1,0,5,1,5,1,"1.18","0.72","-0.72","41.2",,,,,
"CH","2026-06-28","82.5","1.93","5.8","Siri, Jose",642350,660761,,"swinging_strike",,,,,14,,"R","R","L","LAA","ATH","S",,,1,0,2026,"0.88","0.46",1.00935660784205,1.9760436682461813,,,,0,7,"Bot",,,,,,,-3.782360975428913,-120.03725911485782,-2.8097108706219522,9.246151585915458,24.34164000345545,-27.424335320500884,3.305134514,1.668011811,,,,"81.9",1618,"6",824011,669127,608841,643446,691777,675961,687515,703607,671732,"54.5",,,,,,,,53,2,"Changeup",4,1,4,1,1,4,4,1,"Standard","Standard",122,"-0.001","-0.058","68.0","7.9","1.699047444",,"0.058",,3,3,0.942,0.942,28,30,28,31,1,0,5,1,5,1,"2.91","0.88","-0.88","46.1",7.902524814878214,13.630579076488866,35.26282222056955,46.59592101830237,22.09645597998018
"SL","2026-06-28","79.7","2.05","5.76","Siri, Jose",642350,660761,,"ball",,,,,14,,"R","R","L","LAA","ATH","B",,,0,0,2026,"-0.46","-0.46",0.913180424296496,1.1453715013883539,,,,0,7,"Bot",,,,,,,-1.5964114907577829,-116.12647367649983,-2.2431269331792194,-3.7933431945976617,22.80913996793106,-36.13405142356216,3.305134514,1.668011811,,,,"79.2",2845,"6",824011,669127,608841,643446,691777,675961,687515,703607,671732,"54.55",,,,,,,,53,1,"Slider",4,1,4,1,1,4,4,1,"Standard","Standard",269,"0.001","0.044",,,,,"-0.044",,3,3,0.941,0.941,28,30,28,31,1,0,5,1,5,1,"4.06","-0.46","0.46","40.9",,,,,
"ST","2026-06-27","83.4","-2.46","5.99","Siri, Jose",642350,686930,"grounded_into_double_play","hit_into_play",,,,,14,"Jose Siri grounds into a double play, third baseman Max Muncy to second baseman Jeff McNeil to first baseman Nick Kurtz. Logan O'Hoppe out at 2nd. Jose Siri out at 1st.","R","R","R","LAA","ATH","X",5,"ground_ball",0,2,2026,"0.98","-0.43",0.3841150097201034,1.2627503921970264,,672724,681351,1,8,"Bot",100.72,165.79,,,,,4.476140585259465,-121.25451577408839,-3.1561123663309365,8.505024030826537,28.231511294902663,-35.90043683025849,3.305134514,1.668011811,13,"101.2",-6,"82.5",2720,"6.2",824015,641680,701762,643446,691777,675961,666126,703607,671732,"54.33",0.334,0.301,"0",1,0,0,2,70,4,"Sweeper",5,2,5,2,2,5,5,2,"Infield shade","Standard",36,"-0.009","-0.212","77.0","8.2",,0.354,"0.212","101.2",3,3,0.975,0.975,25,30,26,31,1,0,2,4,6,1,"3.77","-0.98","-0.98","51.4",10.739466490524684,-9.585111948194925,38.579221364308324,37.169847649912505,33.84808243885942
"FF","2026-06-27","94.3","-2.38","5.97","Siri, Jose",642350,686930,,"foul",,,,,14,,"R","R","R","LAA","ATH","S",,,0,2,2026,"0.02","1.21",0.9328655206859583,2.202161876501611,,672724,681351,1,8,"Bot",,,,,,,8.427709202385552,-136.98841303929228,-6.566846798012118,-1.697901769093604,30.96255073632462,-15.617832470687857,3.305134514,1.668011811,232,"77.2",28,"94",2141,"6.2",824015,641680,701762,643446,691777,675961,666126,703607,671732,"54.26",,,,,,,,70,3,"4-Seam Fastball",5,2,5,2,2,5,5,2,"Infield shade","Standard",198,"0","0","70.5","7.4",,,"0","88.0",3,3,0.975,0.975,25,30,26,31,1,0,2,4,6,1,"1.36","-0.02","-0.02","54.3",2.4417117926234004,14.707883585380955,30.59385662269251,45.305832811819556,18.541052091234295
"ST","2026-06-27","84.5","-2.46","5.93","Siri, Jose",642350,686930,,"foul",,,,,9,,"R","R","R","LAA","ATH","S",,,0,1,2026,"1.28","-0.17",0.3283089210802348,2.046984908294815,,672724,681351,1,8,"Bot",,,,,,,3.8004955200389383,-122.89593147487226,-2.007342624697862,11.907284518732043,28.5037057419839,-33.62352107039306,3.305134514,1.668011811,198,"69.1",29,"83.6",2743,"6.1",824015,641680,701762,643446,691777,675961,666126,703607,671732,"54.42",,,,,,,,70,2,"Sweeper",5,2,5,2,2,5,5,2,"Infield shade","Standard",47,"-0.001","-0.062","77.2","7.9",,,"0.062","88.0",3,3,0.976,0.976,25,30,26,31,1,0,2,4,6,1,"3.41","-1.28","-1.28","49.5",10.97524511244232,-7.393769307005925,37.01069026104692,36.24049291825241,31.427840019847213
"SL","2026-06-27","88.1","-1.93","6.25","Siri, Jose",642350,686930,,"called_strike",,,,,2,,"R","R","R","LAA","ATH","S",,,0,0,2026,"0.48","-0.17",-0.26735257568044796,3.0451253038236032,,672724,681351,1,8,"Bot",,,,,,,2.9699495862738416,-128.23966916612144,-1.0886726329382885,4.574432901913898,28.427706492716602,-34.00565183532833,3.305134514,1.668011811,,,,"87.4",2416,"6",824015,641680,701762,643446,691777,675961,666126,703607,671732,"54.51",,,,,,,,70,1,"Slider",5,2,5,2,2,5,5,2,"Standard","Standard",79,"-0.001","-0.043",,,,,"0.043",,3,3,0.977,0.977,25,30,26,31,1,0,2,4,6,1,"3.12","-0.48","-0.48","60.6",,,,,
"KC","2026-06-23","86.5","-0.9","5.8","Siri, Jose",642350,669358,"single","hit_into_play",,,,,8,"Angels challenged (play at 1st), call on the field was overturned: Jose Siri singles on a ground ball to shortstop Gunnar Henderson.","R","R","R","LAA","BAL","X",6,"ground_ball",2,2,2026,"0.56","-0.94",0.20965195479350274,1.8105017881015368,,,,0,5,"Bot",110.77,155.65,,,,,1.4649601057851447,-125.96474143527632,-1.0920234321470947,5.624186210360773,26.2129619347785,-42.20912342833299,3.305134514,1.668011811,3,"80.3",-33,"87",2746,"6.6",824017,694212,624413,669236,691723,683002,621493,681297,665750,"53.87",0.067,0.063,"0.9",1,1,0,2,34,5,"Knuckle Curve",2,0,2,0,0,2,2,0,"Standard","Standard",23,"0.024","0.486","70.1","6.8",,0.075,"-0.486","88.0",2,2,0.81,0.81,27,30,27,31,2,1,5,1,6,4,"3.99","-0.56","-0.56","39.4",-4.994771018176004,19.86297543177539,34.792441534324205,35.39624132340556,17.43633030934787
"KC","2026-06-23","86.5","-0.79","5.78","Siri, Jose",642350,669358,,"ball",,,,,14,,"R","R","R","LAA","BAL","B",,,1,2,2026,"0.52","-0.73",2.1699473102897353,1.151995554645588,,,,0,5,"Bot",,,,,,,5.941442278207824,-125.86955650614355,-3.0573241239501217,4.2532565681234935,25.98147492786811,-39.48795288392173,3.305134514,1.668011811,,,,"87",2732,"6.6",824017,694212,624413,669236,691723,683002,621493,681297,665750,"53.86",,,,,,,,34,4,"Knuckle Curve",2,0,2,0,0,2,2,0,"Standard","Standard",30,"0.003","0.046",,,,,"-0.046",,2,2,0.807,0.807,27,30,27,31,2,1,5,1,6,4,"3.78","-0.52","-0.52","41.5",,,,,
"SI","2026-06-23","95.3","-1.11","5.65","Siri, Jose",642350,669358,,"foul",,,,,13,,"R","R","R","LAA","BAL","S",,,1,1,2026,"-1.21","0.83",-0.40921391269663043,1.4688149858702706,,,,0,5,"Bot",,,,,,,4.631148678313041,-138.61407032485198,-7.030511150908066,-16.66480935654386,31.4450109292852,-20.146839419502854,3.305134514,1.668011811,2,"98",-33,"96",2305,"6.7",824017,694212,624413,669236,691723,683002,621493,681297,665750,"53.78",,,,,,,,34,3,"Sinker",2,0,2,0,0,2,2,0,"Standard","Standard",214,"-0.004","-0.062","73.2","7.8",,,"0.062","98.0",2,2,0.811,0.811,27,30,27,31,2,1,5,1,6,4,"1.69","1.21","1.21","38.7",10.621476633232183,-4.522552828310879,38.96821030046795,29.116531276041385,28.07323154196525
"FF","2026-06-23","95.4","-0.87","5.74","Siri, Jose",642350,669358,,"ball",,,,,12,,"R","R","R","LAA","BAL","B",,,0,1,2026,"-0.52","1.65",1.4439479519825738,3.2173795845174724,,,,0,5,"Bot",,,,,,,7.254040487288953,-138.612152352379,-4.594329373131553,-8.418147476859252,32.864416142649645,-10.109414529589701,3.305134514,1.668011811,,,,"95.9",2402,"6.8",824017,694212,624413,669236,691723,683002,621493,681297,665750,"53.7",,,,,,,,34,2,"4-Seam Fastball",2,0,2,0,0,2,2,0,"Standard","Standard",212,"0.001","0.029",,,,,"-0.029",,2,2,0.81,0.81,27,30,27,31,2,1,5,1,6,4,"0.87","0.52","0.52","39.5",,,,,
"FF","2026-06-23","94","-0.92","5.72","Siri, Jose",642350,669358,,"swinging_strike",,,,,6,,"R","R","R","LAA","BAL","S",,,0,0,2026,"-0.53","1.62",0.763696508846199,2.3874802653437754,,,,0,5,"Bot",,,,,,,5.553455551594574,-136.62945190970984,-6.371300946010836,-7.93637161204444,31.65504867699237,-10.62616941264883,3.305134514,1.668011811,,,,"94.5",2337,"6.8",824017,694212,624413,669236,691723,683002,621493,681297,665750,"53.72",,,,,,,,34,1,"4-Seam Fastball",2,0,2,0,0,2,2,0,"Standard","Standard",222,"-0.002","-0.043","74.4","8.2","0.818644968",,"0.043",,2,2,0.812,0.812,27,30,27,31,2,1,5,1,6,4,"0.97","0.53","0.53","37.4",15.49091248568988,-5.612945352723022,34.08094251038617,42.464636701346436,32.11664037895331
"FF","2026-06-23","94.6","-1.08","5.71","Siri, Jose",642350,669358,"walk","ball",,,,,14,"Jose Siri walks. Christian Moore to 2nd.","R","R","R","LAA","BAL","B",,,3,1,2026,"-0.75","1.34",1.3924313074182568,2.2738189788541803,,,695681,1,2,"Bot",,,,,,,8.138987365236694,-137.46727622847737,-6.125573636179881,-11.391613228806168,31.634006204372756,-13.97951485746615,3.305134514,1.668011811,,,,"95.3",2351,"6.9",824017,694212,624413,669236,691723,683002,621493,681297,665750,"53.65",,0.698079,"0.7",1,0,0,,15,5,"4-Seam Fastball",2,0,2,0,0,2,2,0,"Standard","Standard",217,"0.015","0.174",,,,,"-0.174",,2,2,0.759,0.759,27,30,27,31,1,0,5,1,6,4,"1.22","0.75","0.75","45.4",,,,,
"FF","2026-06-23","95.1","-1.08","5.81","Siri, Jose",642350,669358,,"ball",,,,,11,,"R","R","R","LAA","BAL","B",,,2,1,2026,"-0.93","1.42",-0.2042620055975083,3.8252631933924963,,,695681,1,2,"Bot",,,,,,,4.415650923326015,-138.33717055037502,-2.5659719668410186,-12.87926742549878,34.20288438200109,-13.683221658361406,3.305134514,1.668011811,,,,"95.2",2364,"6.6",824017,694212,624413,669236,691723,683002,621493,681297,665750,"53.89",,,,,,,,15,4,"4-Seam Fastball",2,0,2,0,0,2,2,0,"Standard","Standard",216,"0.007","0.095",,,,,"-0.095",,2,2,0.752,0.752,27,30,27,31,1,0,5,1,6,4,"1.12","0.93","0.93","38.1",,,,,
"FC","2026-06-23","88.8","-1.39","5.74","Siri, Jose",642350,669358,,"ball",,,,,14,,"R","R","R","LAA","BAL","B",,,1,1,2026,"0.19","0.82",0.8952302110808198,1.4830681218023316,,,695681,1,2,"Bot",,,,,,,5.137025504386877,-129.1853053195487,-5.945932518986222,1.1335522811644845,24.87406045932568,-21.989821363025165,3.305134514,1.668011811,,,,"89.5",2305,"6.6",824017,694212,624413,669236,691723,683002,621493,681297,665750,"53.91",,,,,,,,15,3,"Cutter",2,0,2,0,0,2,2,0,"Standard","Standard",195,"0.004","0.063",,,,,"-0.063",,2,2,0.748,0.748,27,30,27,31,1,0,5,1,6,4,"2.06","-0.19","-0.19","35.3",,,,,
"SI","2026-06-23","94","-1.2","5.74","Siri, Jose",642350,669358,,"called_strike",,,,,5,,"R","R","R","LAA","BAL","S",,,1,0,2026,"-1.02","1.16",0.2292155892764438,2.751360713852279,,,695681,1,2,"Bot",,,,,,,5.990217805105715,-136.72020484447833,-4.417123837413395,-14.10701537592821,33.12859730435614,-16.86804366409747,3.305134514,1.668011811,,,,"94.2",2264,"6.7",824017,694212,624413,669236,691723,683002,621493,681297,665750,"53.84",,,,,,,,15,2,"Sinker",2,0,2,0,0,2,2,0,"Standard","Standard",216,"-0.004","-0.045",,,,,"0.045",,2,2,0.752,0.752,27,30,27,31,1,0,5,1,6,4,"1.44","1.02","1.02","35.7",,,,,
"FC","2026-06-23","89.2","-1.28","5.74","Siri, Jose",642350,669358,,"ball",,,,,14,,"R","R","R","LAA","BAL","B",,,0,0,2026,"0.37","0.45",0.40100338009370456,1.2362282821776698,,,695681,1,2,"Bot",,,,,,,3.3058202560463563,-129.88441592522716,-5.821281928581764,3.5736587551883345,26.634582445479616,-26.058742871020147,3.305134514,1.668011811,,,,"89.8",2338,"6.5",824017,694212,624413,669236,691723,683002,621493,681297,665750,"53.95",,,,,,,,15,1,"Cutter",2,0,2,0,0,2,2,0,"Standard","Standard",195,"0.003","0.033",,,,,"-0.033",,2,2,0.749,0.749,27,30,27,31,1,0,5,1,6,4,"2.4","-0.37","-0.37","37.3",,,,,
"CU","2026-06-23","79.2","-1.2","6.34","Siri, Jose",642350,544150,"field_out","hit_into_play",,,,,6,"Jose Siri pops out to catcher Samuel Basallo in foul territory.","R","R","R","LAA","BAL","X",2,"popup",0,2,2026,"0.77","-0.58",0.5617844087256213,2.6038550282811417,,,,2,6,"Bot",147.6,210.22,,,,,2.3572108918625765,-115.3999599002557,-0.009178370561419014,6.388608467041388,22.545310990588565,-37.59028443756281,3.305134514,1.668011811,54,"78.9",83,"79.6",2275,"6.6",824017,694212,624413,669236,691723,683002,621493,681297,665750,"53.88",0.001,0,"0",1,0,0,3,46,3,"Curveball",5,0,5,0,0,5,5,0,"Standard","Standard",46,"-0.001","-0.152","74.0","7.7",,0.001,"0.152","88.0",5,5,0.969,0.969,36,30,37,31,1,2,10,1,5,4,"4.22","-0.77","-0.77","41.9",11.194060308736038,-3.777540817493075,29.31530785520318,38.20526186238126,34.19630803920014
"FF","2026-06-23","93.6","-1.1","6.58","Siri, Jose",642350,544150,,"foul",,,,,6,,"R","R","R","LAA","BAL","S",,,0,1,2026,"-0.29","1.25",0.5389570186412885,2.749755617012273,,,,2,6,"Bot",,,,,,,4.882258905703404,-136.10473211346016,-6.761343636016061,-4.750295865492902,30.54068994446588,-15.334375073388502,3.305134514,1.668011811,237,"87.8",55,"94.2",2269,"6.7",824017,694212,624413,669236,691723,683002,621493,681297,665750,"53.76",,,,,,,,46,2,"4-Seam Fastball",5,0,5,0,0,5,5,0,"Standard","Standard",203,"0","-0.063","71.5","6.7",,,"0.063","88.0",5,5,0.969,0.969,36,30,37,31,1,2,10,1,5,4,"1.36","0.29","0.29","50.3",4.925740817510937,18.505813409486095,29.042836749837353,40.51586989578448,20.904618698465374
"FF","2026-06-23","93.1","-1.13","6.44","Siri, Jose",642350,544150,,"foul_tip",,,,,3,,"R","R","R","LAA","BAL","S",,,0,0,2026,"-0.14","1.34",0.5855995845804729,2.958757189302701,,,,2,6,"Bot",,,,,,,4.693272028668922,-135.47139274602998,-5.9923736659577544,-2.6882997390533636,29.25933384445062,-14.568734090875495,3.305134514,1.668011811,,,,"94",2289,"6.8",824017,694212,624413,669236,691723,683002,621493,681297,665750,"53.7",,,,,,,,46,1,"4-Seam Fastball",5,0,5,0,0,5,5,0,"Standard","Standard",205,"0","-0.044","78.3","7.3",,,"0.044",,5,5,0.969,0.969,36,30,37,31,1,2,10,1,5,4,"1.29","0.14","0.14","49.6",13.459331335922874,4.252824953841474,28.769908289444086,39.82656923240883,27.39364316325898
"SI","2026-06-22","93.6","-1.03","6.23","Siri, Jose",642350,680694,"field_out","hit_into_play",,,,,3,"Jose Siri pops out to second baseman Jeremiah Jackson.","R","R","R","LAA","BAL","X",4,"popup",0,0,2026,"-0.86","1.2",0.3020308469597235,2.957241079561207,,,,0,8,"Bot",129.33,142.54,,,,,5.333847419972276,-136.14519224585524,-5.1255493976375135,-11.924266149653297,33.238507468733935,-16.377092908691857,3.305134514,1.668011811,147,"86",65,"93.4",2119,"6.5",824016,669087,624413,669236,691723,683002,621493,665750,641933,"54.04",0.006,0.006,"0",1,0,0,3,62,1,"Sinker",0,6,0,6,6,0,0,6,"Standard","Standard",194,"-0.004","-0.264","74.1","7.5",,0.008,"0.264","88.0",-6,-6,0.01,0.01,29,30,30,31,3,2,5,1,6,1,"1.43","0.86","0.86","51.1",18.233283781871524,1.0283250316127368,25.921598297621077,36.50944740064921,30.290545190964973
"SI","2026-06-22","96.4","-0.85","6.17","Siri, Jose",642350,680694,"strikeout","called_strike",,,,,3,"Jose Siri called out on strikes.","R","R","R","LAA","BAL","S",2,,2,2,2026,"-0.77","1.03",0.4261351357144615,3.0121318992162798,,,,2,5,"Bot",,,,,,,5.1524356312007455,-140.21668752607022,-4.953632207642942,-11.41174728761967,34.62065776814855,-17.682587656597335,3.305134514,1.668011811,,,,"96.4",2160,"6.5",824016,669087,624413,669236,665750,683002,621493,681297,641933,"53.96",,0,"0",1,0,0,,40,8,"Sinker",0,5,0,5,5,0,0,5,"Standard","Standard",190,"-0.003","-0.221",,,,,"0.221",,-5,-5,0.051,0.051,29,30,30,31,2,1,5,1,6,1,"1.44","0.77","0.77","53.4",,,,,
"SI","2026-06-22","95.9","-0.94","6.22","Siri, Jose",642350,680694,,"foul",,,,,1,,"R","R","R","LAA","BAL","S",,,2,2,2026,"-1.04","1.02",-0.3088597046767162,3.2194257138956313,,,,2,5,"Bot",,,,,,,4.0627803044848,-139.44734273950303,-4.437109729411017,-14.454253160797428,34.5888218648671,-18.125974568115414,3.305134514,1.668011811,198,"69.1",28,"95.9",2132,"6.6",824016,669087,624413,669236,665750,683002,621493,681297,641933,"53.92",,,,,,,,40,7,"Sinker",0,5,0,5,5,0,0,5,"Standard","Standard",180,"0","0","71.1","6.5",,,"0","88.0",-5,-5,0.051,0.051,29,30,30,31,2,1,5,1,6,1,"1.49","1.04","1.04","53.4",6.060213781984581,18.125107388387388,30.4160310918125,30.24032860208004,20.31394461415525
"SL","2026-06-22","89.5","-1.32","6.17","Siri, Jose",642350,680694,,"foul",,,,,14,,"R","R","R","LAA","BAL","S",,,2,2,2026,"0.7","-0.19",0.31623684436435695,1.053344086461708,,,,2,5,"Bot",,,,,,,2.482038907550228,-130.15504326411886,-5.834741414871022,7.2294740277128415,31.443130470690733,-33.16187189165419,3.305134514,1.668011811,1,"62",-47,"88.9",2625,"6.3",824016,669087,624413,669236,665750,683002,621493,681297,641933,"54.17",,,,,,,,40,6,"Slider",0,5,0,5,5,0,0,5,"Standard","Standard",60,"0","0","70.5","8.3",,,"0","88.0",-5,-5,0.051,0.051,29,30,30,31,2,1,5,1,6,1,"3.08","-0.7","-0.7","48.0",16.438963270109262,-18.70022808643778,38.706941912758786,37.02832425964181,41.454259587811315
"CU","2026-06-22","86.2","-0.93","6.4","Siri, Jose",642350,680694,,"foul",,,,,9,,"R","R","R","LAA","BAL","S",,,2,2,2026,"0.3","-1.43",0.45471832700218817,1.573368047234366,,,,2,5,"Bot",,,,,,,2.647778302268676,-125.39055191107315,-1.9217262368483676,2.4822816461263413,28.65822094334279,-46.946534210719626,3.305134514,1.668011811,1,"78.3",-51,"86.1",2517,"6.5",824016,669087,624413,669236,665750,683002,621493,681297,641933,"53.96",,,,,,,,40,5,"Curveball",0,5,0,5,5,0,0,5,"Standard","Standard",22,"0","0",,,,,"0","88.0",-5,-5,0.051,0.051,29,30,30,31,2,1,5,1,6,1,"4.54","-0.3","-0.3","64.5",,,,,
"SI","2026-06-22","95.9","-0.96","6.15","Siri, Jose",642350,680694,,"foul",,,,,8,,"R","R","R","LAA","BAL","S",,,2,1,2026,"-1.27","1.04",-0.0052915808491671434,1.7879290336018454,,,,2,5,"Bot",,,,,,,5.417450948095206,-139.300147497752,-7.986339668337683,-17.722342994972333,35.818057926400044,-16.94626438303615,3.305134514,1.668011811,,,,"95.4",2167,"6.4",824016,669087,624413,669236,665750,683002,621493,681297,641933,"54.09",,,,,,,,40,4,"Sinker",0,5,0,5,5,0,0,5,"Standard","Standard",200,"-0.002","-0.082","74.3","8.0",,,"0.082",,-5,-5,0.053,0.053,29,30,30,31,2,1,5,1,6,1,"1.48","1.27","1.27","48.3",17.27734269256816,-1.545495205473907,32.763799209192,35.05697971778917,29.259380089036554
"SL","2026-06-22","90.3","-1.36","6.17","Siri, Jose",642350,680694,,"ball",,,,,14,,"R","R","R","LAA","BAL","B",,,1,1,2026,"0.81","-0.18",1.3495728609598463,0.8853548444900077,,,,2,5,"Bot",,,,,,,4.893393977151027,-131.1623815488793,-6.42286254331538,8.019145376477846,32.592944125470005,-32.872858180571065,3.305134514,1.668011811,,,,"89.8",2692,"6.5",824016,669087,624413,669236,665750,683002,621493,681297,641933,"54.02",,,,,,,,40,3,"Slider",0,5,0,5,5,0,0,5,"Standard","Standard",58,"0.001","0.057",,,,,"-0.057",,-5,-5,0.052,0.052,29,30,30,31,2,1,5,1,6,1,"3.03","-0.81","-0.81","53.5",,,,,
"SL","2026-06-22","87.9","-1.44","6.14","Siri, Jose",642350,680694,,"called_strike",,,,,14,,"R","R","R","LAA","BAL","S",,,1,0,2026,"0.81","-0.28",0.29805380248327296,1.4897153007479065,,,,2,5,"Bot",,,,,,,2.4464583583958945,-127.84695760415639,-4.2231774537558815,8.18805654790554,30.03499161225881,-34.42097971354922,3.305134514,1.668011811,,,,"87.2",2626,"6.2",824016,669087,624413,669236,665750,683002,621493,681297,641933,"54.34",,,,,,,,40,2,"Slider",0,5,0,5,5,0,0,5,"Standard","Standard",57,"-0.001","-0.054",,,,,"0.054",,-5,-5,0.053,0.053,29,30,30,31,2,1,5,1,6,1,"3.26","-0.81","-0.81","46.2",,,,,
"SL","2026-06-22","88.7","-1.38","6.17","Siri, Jose",642350,680694,,"ball",,,,,14,,"R","R","R","LAA","BAL","B",,,0,0,2026,"0.94","0",0.32184050918779505,0.37822928136473255,,,,2,5,"Bot",,,,,,,2.1064868050786165,-129.05785392356825,-7.795201454050343,10.055026491973138,27.59347498259104,-30.76758900216202,3.305134514,1.668011811,,,,"88.7",2546,"6.4",824016,669087,624413,669236,665750,683002,621493,681297,641933,"54.12",,,,,,,,40,1,"Slider",0,5,0,5,5,0,0,5,"Standard","Standard",44,"0.001","0.041",,,,,"-0.041",,-5,-5,0.052,0.052,29,30,30,31,2,1,5,1,6,1,"2.91","-0.94","-0.94","45.4",,,,,
"SI","2026-06-22","94.3","-1.11","6.24","Siri, Jose",642350,680694,"field_out","hit_into_play",,,,,1,"Jose Siri grounds out, third baseman Leody Taveras to first baseman Pete Alonso.","R","R","R","LAA","BAL","X",5,"ground_ball",1,1,2026,"-1.29","0.97",-0.6135506345600682,3.1118072153346406,,,,0,3,"Bot",94.43,167.74,,,,,4.214705610396593,-137.0824739351648,-4.336779435938277,-17.191253304476362,34.76200090010939,-19.15543770043416,3.305134514,1.668011811,52,"78.4",1,"93.8",2144,"6.4",824016,669087,624413,669236,665750,683002,621493,681297,641933,"54.14",0.207,0.195,"0",1,0,0,2,19,3,"Sinker",0,1,0,1,1,0,0,1,"Standard","Standard",304,"-0.027","-0.25","70.3","7.1",,0.243,"0.25","88.0",-1,-1,0.436,0.436,29,30,30,31,1,0,5,1,6,1,"1.63","1.29","1.29","51.2",17.60884493425459,-12.111578836382296,22.939490774826314,27.082023695557115,29.504568657177465
"SL","2026-06-22","85.8","-1.48","6.21","Siri, Jose",642350,680694,,"swinging_strike",,,,,14,,"R","R","R","LAA","BAL","S",,,1,0,2026,"0.63","-0.1",0.2853129351910404,1.268169847186197,,,,0,3,"Bot",,,,,,,2.8397088898767535,-124.75108404561303,-4.834319964659597,5.770344133421869,30.18687134236942,-32.293001363963505,3.305134514,1.668011811,,,,"85.5",2384,"6.6",824016,669087,624413,669236,665750,683002,621493,681297,641933,"53.88",,,,,,,,19,2,"Slider",0,1,0,1,1,0,0,1,"Standard","Standard",60,"-0.005","-0.058","67.8","8.6","1.377192876",,"0.058",,-1,-1,0.441,0.441,29,30,30,31,1,0,5,1,6,1,"3.25","-0.63","-0.63","51.7",30.21672963515368,-34.34949799833788,31.341822941569,36.94878326019891,49.32761205956426
"SL","2026-06-22","87.3","-1.48","6.2","Siri, Jose",642350,680694,,"ball",,,,,2,,"R","R","R","LAA","BAL","B",,,0,0,2026,"1.21","-0.04",-0.10909423445713529,3.3011647096236194,,,,0,3,"Bot",,,,,,,0.7077968348159864,-127.04555628642223,-0.4279646975440665,12.72423123132921,31.17053317500398,-32.76085061395746,3.305134514,1.668011811,,,,"86.4",2399,"6.2",824016,669087,624413,669236,665750,683002,621493,681297,641933,"54.31",,,,,,,,19,1,"Slider",0,1,0,1,1,0,0,1,"Standard","Standard",60,"0.004","0.044",,,,,"-0.044",,-1,-1,0.437,0.437,29,30,30,31,1,0,5,1,6,1,"3.08","-1.21","-1.21","51.6",,,,,
"SI","2026-06-21","94","-2.25","5.33","Siri, Jose",642350,678022,"single","hit_into_play",,,,,7,"Jose Siri singles on a ground ball to third baseman Max Muncy.","R","R","R","ATH","LAA","X",5,"ground_ball",0,0,2026,"-1.35","0.82",-0.28048277773521346,1.6530053518673842,,,,1,5,"Top",103.85,178.4,,,,,8.084097370208928,-136.60174303685523,-5.385033396324241,-18.695767175671698,31.78664478064318,-20.89536580903371,3.305134514,1.668011811,14,"102.1",-7,"93.8",2310,"6.4",824987,641680,701762,680869,691777,805779,691016,703607,687515,"54.13",0.434,0.391,"0.9",1,1,0,2,39,1,"Sinker",5,3,3,5,3,5,3,5,"Standard","Standard",228,"-0.033","0.419","78.7","8.1",,0.456,"-0.419","102.1",2,-2,0.78,0.21999999999999997,26,30,27,31,2,1,5,1,6,1,"1.78","1.35","1.35","30.6",14.48472378688394,-9.626979019401908,38.60907009346525,30.703282842236188,35.421049440552935
"FF","2026-06-21","94.9","-2.34","5.5","Siri, Jose",642350,678022,"field_out","hit_into_play",,,,,2,"Jose Siri pops out to second baseman Zack Gelof.","R","R","R","ATH","LAA","X",4,"popup",0,2,2026,"-1.09","0.9",-0.06446714082431404,2.8745899712624396,,,,2,2,"Top",146.45,142.39,,,,,8.328768776558315,-137.89301495424883,-3.0377100265181105,-15.783838154745148,31.804493801357733,-20.166435010467477,3.305134514,1.668011811,138,"88.2",67,"94.5",2290,"6.2",824987,641680,701762,680869,691777,805779,691016,703607,687515,"54.26",0.009,0.012,"0",1,0,0,3,18,3,"4-Seam Fastball",4,3,3,4,3,4,3,4,"Standard","Standard",223,"0.007","-0.152","75.3","7.6",,0.015,"0.152","88.2",1,-1,0.649,0.351,26,30,27,31,1,0,5,1,6,1,"1.64","1.09","1.09","31.2",15.79581933314252,-10.934512061227624,30.188297917916575,33.67682526455098,31.004377431868203
"ST","2026-06-21","86.3","-2.23","5.43","Siri, Jose",642350,678022,,"called_strike",,,,,3,,"R","R","R","ATH","LAA","S",,,0,1,2026,"0.54","0.72",0.5493027558113537,3.136234777508081,,,,2,2,"Top",,,,,,,5.386977190936065,-125.59781004162146,-0.4794383622141945,4.445202622957849,28.155383783728016,-24.74219746645108,3.305134514,1.668011811,,,,"85.7",2658,"6.1",824987,641680,701762,680869,691777,805779,691016,703607,687515,"54.39",,,,,,,,18,2,"Sweeper",4,3,3,4,3,4,3,4,"Standard","Standard",52,"0.002","-0.063",,,,,"0.063",,1,-1,0.647,0.353,26,30,27,31,1,0,5,1,6,1,"2.37","-0.54","-0.54","31.8",,,,,
"ST","2026-06-21","86.8","-2.18","5.51","Siri, Jose",642350,678022,,"swinging_strike",,,,,14,,"R","R","R","ATH","LAA","S",,,0,0,2026,"0.65","0.04",0.8269340063245436,0.6720268732614572,,,,2,2,"Top",,,,,,,5.7195783722314335,-126.12956287273597,-5.08342450762089,5.5437779142012165,28.960375495692602,-30.817663754027087,3.305134514,1.668011811,,,,"86",2629,"6.1",824987,641680,701762,680869,691777,805779,691016,703607,687515,"54.37",,,,,,,,18,1,"Sweeper",4,3,3,4,3,4,3,4,"Standard","Standard",54,"0.002","-0.044","69.0","9.1","26.359656648",,"0.044",,1,-1,0.645,0.355,26,30,27,31,1,0,5,1,6,1,"3.03","-0.65","-0.65","33.8",35.70662823124727,-60.915203216274605,34.980021714039324,,
"FF","2026-06-21","100.9","-1.29","6.08","Siri, Jose",642350,665622,"strikeout","swinging_strike",,,,,3,"Jose Siri strikes out swinging.","R","R","R","ATH","LAA","S",2,,1,2,2026,"-0.92","1.16",0.717648685756019,2.9688126192268602,,,681351,1,7,"Top",,,,,,,7.720787775814935,-146.67173583607547,-5.883503119412284,-15.108185983230424,35.48325184703973,-14.271188300611142,3.305134514,1.668011811,,,,"100.5",2367,"6.2",824987,641680,701762,680869,691777,805779,691016,703607,687515,"54.3",,0,"0",1,0,0,,54,6,"4-Seam Fastball",5,4,4,5,4,5,4,5,"Standard","Standard",213,"0.04","-0.177","43.7","5.5","3.751481472",,"0.177",,1,-1,0.703,0.29700000000000004,27,30,27,31,1,2,4,1,3,1,"1.09","0.92","0.92","39.3",-19.645364689061314,56.43385235308347,35.570761231247396,,
"CH","2026-06-21","91.2","-1.26","6.08","Siri, Jose",642350,665622,,"foul",,,,,9,,"R","R","R","ATH","LAA","S",,,1,2,2026,"-0.79","0.02",0.7341306512673326,1.5915312070342091,,,681351,1,7,"Top",,,,,,,6.674279039360771,-132.68368811895044,-5.192844939411403,-10.737637148831425,28.76094432883793,-30.99374721028011,3.305134514,1.668011811,1,"55.5",-51,"91.1",1767,"6.3",824987,641680,701762,680869,691777,805779,691016,703607,687515,"54.2",,,,,,,,54,5,"Changeup",5,4,4,5,4,5,4,5,"Standard","Standard",241,"0","0","70.5","8.1",,,"0","88.0",1,-1,0.703,0.29700000000000004,27,30,27,31,1,2,4,1,3,1,"2.72","0.79","0.79","41.3",18.82000235460364,4.46005395986478,32.38046812176171,43.16922780335458,24.638794225799316
"SI","2026-06-21","100.6","-1.27","6.1","Siri, Jose",642350,665622,,"foul",,,,,8,,"R","R","R","ATH","LAA","S",,,1,2,2026,"-1.28","0.94",-0.22163075384330666,1.8005945752747547,,,681351,1,7,"Top",,,,,,,5.94051125261106,-146.20509708137243,-8.527411010728862,-19.77077799310603,36.51777297987387,-16.861223773070968,3.305134514,1.668011811,1,"63.2",-51,"100.1",2447,"6.2",824987,641680,701762,680869,691777,805779,691016,703607,687515,"54.29",,,,,,,,54,4,"Sinker",5,4,4,5,4,5,4,5,"Standard","Standard",217,"0","0","72.8","7.0",,,"0","88.0",1,-1,0.703,0.29700000000000004,27,30,27,31,1,2,4,1,3,1,"1.33","1.28","1.28","42.7",-3.188083527144271,16.44807787179916,40.034005471525596,30.679269270982054,18.279238316487355
"SI","2026-06-21","98.8","-2.31","5.66","Siri, Jose",642350,665660,"single","hit_into_play",,,,,9,"Jose Siri singles on a ground ball to center fielder Henry Bolte.","R","R","R","ATH","LAA","X",8,"ground_ball",0,1,2026,"-1.26","0.75",0.36254452535173276,1.5730104682743022,,,,1,9,"Top",113.01,69.46,,,,,9.989157609799436,-143.41865062581383,-7.12807113285043,-19.682003244657146,31.37303544121069,-20.335386101016102,3.305134514,1.668011811,58,"106.8",1,"97.4",2400,"5.5",824987,641680,701762,643446,680869,805779,691016,703607,671732,"54.97",0.54,0.516,"0.9",1,1,0,4,72,2,"Sinker",7,7,7,7,7,7,7,7,"Standard","Standard",227,"-0.065","0.461","73.9","7.5",,0.619,"-0.461","106.8",0,0,0.565,0.43500000000000005,27,30,27,31,1,3,2,1,3,1,"1.59","1.26","1.26","19.1",0.32867066425061253,7.571921203044508,37.259346118781956,38.44076805692181,23.047508965364912
"SL","2026-06-21","89.2","-1.48","5.83","Siri, Jose",642350,665622,,"blocked_ball",,,,,14,,"R","R","R","ATH","LAA","B",,,0,2,2026,"0.63","-0.06",2.411135782079372,0.5207672471396725,,,681351,1,7,"Top",,,,,,,8.078545454565871,-129.54437029991448,-6.486271470178646,5.004404015784923,31.415759333093327,-31.484632949118726,3.305134514,1.668011811,,,,"88.4",2473,"6.3",824987,641680,701762,680869,691777,805779,691016,703607,687515,"54.22",,,,,,,,54,3,"Slider",5,4,4,5,4,5,4,5,"Standard","Standard",52,"-0.006","0.014",,,,,"-0.014",,1,-1,0.709,0.29100000000000004,27,30,27,31,1,2,4,1,3,1,"2.98","-0.63","-0.63","33.9",,,,,
"FF","2026-06-21","99.7","-2.34","5.58","Siri, Jose",642350,665660,,"swinging_strike",,,,,14,,"R","R","R","ATH","LAA","S",,,0,0,2026,"-1.28","1.21",0.700238583393989,1.5322268431425603,,,,1,9,"Top",,,,,,,11.146265579764275,-144.49416587602377,-8.228769974600437,-20.554604800230642,35.11358937197358,-13.334553570047827,3.305134514,1.668011811,,,,"98.2",2484,"5.7",824987,641680,701762,643446,680869,805779,691016,703607,671732,"54.76",,,,,,,,72,1,"4-Seam Fastball",7,7,7,7,7,7,7,7,"Standard","Standard",227,"0.007","-0.042","64.7","7.7","0.352891032",,"0.042",,0,0,0.558,0.44199999999999995,27,30,27,31,1,3,2,1,3,1,"1.11","1.28","1.28","17.6",0.614008263487396,7.156582508366164,39.82731188749513,41.84364803894266,19.0427015119031
"SL","2026-06-21","88.4","-1.47","5.79","Siri, Jose",642350,665622,,"swinging_strike",,,,,14,,"R","R","R","ATH","LAA","S",,,0,1,2026,"0.74","0.06",1.4865241285179338,1.02239298613519,,,681351,1,7,"Top",,,,,,,5.510498780130222,-128.4897183722174,-5.257002898019276,6.7406555003602575,31.50807635916663,-30.46967103680934,3.305134514,1.668011811,,,,"87.3",2522,"6.1",824987,641680,701762,680869,691777,805779,691016,703607,687515,"54.41",,,,,,,,54,2,"Slider",5,4,4,5,4,5,4,5,"Standard","Standard",42,"0.014","-0.054","70.1","8.4","6.995651076",,"0.054",,1,-1,0.695,0.30500000000000005,27,30,27,31,1,2,4,1,3,1,"2.91","-0.74","-0.74","34.2",22.02523382019194,-12.702891867022979,31.305718621468646,50.74399765827512,35.88964819170243
"FF","2026-06-21","99.7","-1.46","6.08","Siri, Jose",642350,665622,,"called_strike",,,,,5,,"R","R","R","ATH","LAA","S",,,0,0,2026,"-0.77","1.2",-0.008565102701046823,2.3236707335889824,,,681351,1,7,"Top",,,,,,,5.757005226057132,-144.8415962961839,-7.469603856330571,-12.275562196617111,36.681254297446486,-13.708736747304398,3.305134514,1.668011811,,,,"98.9",2479,"6.1",824987,641680,701762,680869,691777,805779,691016,703607,687515,"54.37",,,,,,,,54,1,"4-Seam Fastball",5,4,4,5,4,5,4,5,"Standard","Standard",218,"0.009","-0.041",,,,,"0.041",,1,-1,0.686,0.31399999999999995,27,30,27,31,1,2,4,1,3,1,"1.12","0.77","0.77","37.9",,,,,
"SI","2026-06-20","91.2","-1.17","5.64","Siri, Jose",642350,669372,"field_error","hit_into_play",,,,,8,"Jose Siri reaches on a throwing error by third baseman Max Muncy. Donovan Walton to 2nd.","R","R","R","ATH","LAA","X",5,"ground_ball",2,2,2026,"-0.93","0.22",-0.1333818469691349,1.9953954393971904,,,622268,1,6,"Top",92.64,166.38,,,,,4.659478652679098,-132.78832174395112,-3.527892950210907,-12.03960423128886,29.05832710250353,-29.054198202058284,3.305134514,1.668011811,4,"77.7",-28,"91.8",1909,"6.7",824988,669127,701762,643446,691777,805779,691016,703607,671732,"53.81",0.056,0.05,"0.9",1,0,0,2,46,6,"Sinker",0,2,2,0,2,0,2,0,"Standard","Standard",222,"-0.03","0.45","72.9","7.7",,0.061,"-0.45","88.0",-2,2,0.223,0.777,27,30,27,31,3,2,5,1,6,1,"2.53","0.93","0.93","39.1",6.223277396274307,-2.943060921269682,34.48708354291986,32.38115300090592,29.578896055718488
"SL","2026-06-20","86.9","-1.51","5.46","Siri, Jose",642350,669372,,"foul",,,,,14,,"R","R","R","ATH","LAA","S",,,2,2,2026,"0.39","-0.17",0.04152474356438135,1.455095520233522,,,622268,1,6,"Top",,,,,,,2.8500007241725958,-126.50028478445691,-2.7704081219091687,3.546814440643289,28.237763248406694,-33.59069717525981,3.305134514,1.668011811,,,,"86.7",2349,"6.3",824988,669127,701762,643446,691777,805779,691016,703607,671732,"54.17",,,,,,,,46,5,"Slider",0,2,2,0,2,0,2,0,"Standard","Standard",21,"0","0","73.5","7.7",,,"0",,-2,2,0.223,0.777,27,30,27,31,3,2,5,1,6,1,"3.21","-0.39","-0.39","36.6",11.145481918072061,-2.4137397466622654,35.42660295778939,34.267190440049276,29.565998154245527
"SI","2026-06-20","92.2","-1.25","5.63","Siri, Jose",642350,669372,,"called_strike",,,,,9,,"R","R","R","ATH","LAA","S",,,2,1,2026,"-0.99","0.49",0.5069522473812185,1.6034965139751705,,,622268,1,6,"Top",,,,,,,6.611613890520576,-133.9362082483264,-5.1507394545326015,-13.396847785297158,33.313788719931395,-25.255688836954356,3.305134514,1.668011811,,,,"91.8",2052,"6.5",824988,669127,701762,643446,691777,805779,691016,703607,671732,"54.01",,,,,,,,46,4,"Sinker",0,2,2,0,2,0,2,0,"Standard","Standard",220,"0.006","-0.076",,,,,"0.076",,-2,2,0.217,0.783,27,30,27,31,3,2,5,1,6,1,"2.23","0.99","0.99","42.4",,,,,
"SI","2026-06-20","92.3","-1.25","5.65","Siri, Jose",642350,669372,,"called_strike",,,,,7,,"R","R","R","ATH","LAA","S",,,2,0,2026,"-1.22","0.38",-0.820920771998108,2.071336145800626,,,622268,1,6,"Top",,,,,,,3.7801244484042953,-134.27250456379412,-3.8923041776051157,-15.506820195549633,30.279207813154198,-26.928505390811445,3.305134514,1.668011811,,,,"92.6",2099,"6.6",824988,669127,701762,643446,691777,805779,691016,703607,671732,"53.92",,,,,,,,46,3,"Sinker",0,2,2,0,2,0,2,0,"Standard","Standard",219,"0.005","-0.051",,,,,"0.051",,-2,2,0.212,0.788,27,30,27,31,3,2,5,1,6,1,"2.31","1.22","1.22","40.7",,,,,
"SI","2026-06-20","90.5","-1.08","5.68","Siri, Jose",642350,669372,,"ball",,,,,13,,"R","R","R","ATH","LAA","B",,,1,0,2026,"-1.4","0.24",-0.3078958265004694,1.3182108883762838,,,622268,1,6,"Top",,,,,,,4.988037135132386,-131.59931930253722,-5.206802393564282,-17.290229645380588,30.298936303972653,-28.416682392301045,3.305134514,1.668011811,,,,"90.9",2039,"6.8",824988,669127,701762,643446,691777,805779,691016,703607,671732,"53.75",,,,,,,,46,2,"Sinker",0,2,2,0,2,0,2,0,"Standard","Standard",224,"-0.005","0.07",,,,,"-0.07",,-2,2,0.217,0.783,27,30,27,31,3,2,5,1,6,1,"2.57","1.4","1.4","42.1",,,,,
"SI","2026-06-20","92.9","-1.13","5.68","Siri, Jose",642350,669372,,"ball",,,,,13,,"R","R","R","ATH","LAA","B",,,0,0,2026,"-1.31","0.39",-0.526640278175388,1.2771715039713025,,,622268,1,6,"Top",,,,,,,4.477590183776317,-135.04731638036,-6.0680486481913825,-17.029937903478032,32.28090465585299,-26.177492497051357,3.305134514,1.668011811,,,,"92.9",1968,"6.6",824988,669127,701762,643446,691777,805779,691016,703607,671732,"53.93",,,,,,,,46,1,"Sinker",0,2,2,0,2,0,2,0,"Standard","Standard",223,"-0.003","0.033",,,,,"-0.033",,-2,2,0.22,0.78,27,30,27,31,3,2,5,1,6,1,"2.28","1.31","1.31","42.0",,,,,
"SI","2026-06-20","93.4","-1.13","5.71","Siri, Jose",642350,669372,"field_out","hit_into_play",,,,,4,"Jose Siri grounds out to first baseman Nick Kurtz.","R","R","R","ATH","LAA","X",3,"ground_ball",0,1,2026,"-1.16","0.17",-0.7367204092439097,2.7630621041824477,685133,694203,622268,2,3,"Top",147.99,172.5,,,,,3.6344381998663016,-136.0438701898168,-2.0499270111122962,-15.262345182737013,29.788838934772336,-29.806341992149196,3.305134514,1.668011811,75,"39.9",22,"94",2075,"6.6",824988,669127,701762,643446,691777,805779,691016,703607,671732,"53.89",0.249,0.226,"0",1,0,0,1,26,2,"Sinker",0,2,2,0,2,0,2,0,"Standard","Standard",216,"0.049","-0.21","68.2","6.2",,0.263,"0.21","88.0",-2,2,0.279,0.721,27,30,27,31,2,1,5,1,6,1,"2.44","1.16","1.16","43.0",-1.5717032018427617,20.799303302760155,29.858533271285214,25.207871881558034,19.367909240871995
"FF","2026-06-20","91.3","-0.99","5.71","Siri, Jose",642350,669372,,"foul",,,,,2,,"R","R","R","ATH","LAA","S",,,0,0,2026,"-0.28","0.92",0.17800954639918676,3.1130804737995454,685133,694203,622268,2,3,"Top",,,,,,,3.5534474857717817,-133.04851398467449,-2.5464931404288107,-4.109021954036269,26.467217626088434,-20.84132865080392,3.305134514,1.668011811,251,"75.7",48,"92.3",1923,"6.7",824988,669127,701762,643446,691777,805779,691016,703607,671732,"53.84",,,,,,,,26,1,"4-Seam Fastball",0,2,2,0,2,0,2,0,"Standard","Standard",222,"0.009","-0.035","77.2","7.5",,,"0.035","88.0",-2,2,0.27,0.73,27,30,27,31,2,1,5,1,6,1,"1.79","0.28","0.28","47.0",14.091809752961588,-0.871172085567871,28.623381844985488,34.876341738212346,31.06162807120171
"SI","2026-06-20","92.1","-2.23","6.13","Siri, Jose",642350,664129,"field_out","hit_into_play",,,,,8,"Jose Siri grounds out, shortstop Jacob Wilson to first baseman Nick Kurtz.","R","R","R","ATH","LAA","X",6,"ground_ball",1,1,2026,"-1.05","0.48",-0.14065287499339596,1.555984076253101,,,,2,9,"Top",111.96,155.23,,,,,7.510743357208799,-133.86144728831644,-6.611320219253602,-14.178753964293598,26.632074513373087,-25.14493695913969,3.305134514,1.668011811,4,"94.8",-22,"91.9",2145,"6.1",824988,669127,701762,675961,691777,805779,691016,703607,687515,"54.42",0.134,0.136,"0",1,0,0,2,76,3,"Sinker",0,7,7,0,7,0,7,0,"Standard","Standard",222,"0","-0.246",,,,0.167,"0.246","94.8",-7,7,0.001,0.999,32,30,33,31,2,4,,1,5,1,"2.19","1.05","1.05","38.6",,,,,
"SI","2026-06-20","92.9","-2.12","6.13","Siri, Jose",642350,664129,,"ball",,,,,14,,"R","R","R","ATH","LAA","B",,,0,1,2026,"-1.18","0.97",0.07935695336771387,0.813259305130015,,,,2,9,"Top",,,,,,,8.120839381686261,-134.8681752453101,-9.629437815338962,-16.117051208425774,28.630005175630778,-18.44978882307112,3.305134514,1.668011811,,,,"92.4",2350,"6.1",824988,669127,701762,675961,691777,805779,691016,703607,687515,"54.44",,,,,,,,76,2,"Sinker",0,7,7,0,7,0,7,0,"Standard","Standard",215,"0","0.031",,,,,"-0.031",,-7,7,0.001,0.999,32,30,33,31,2,4,,1,5,1,"1.68","1.18","1.18","39.3",,,,,
"SL","2026-06-20","84.2","-1.92","6.27","Siri, Jose",642350,664129,,"swinging_strike",,,,,14,,"R","R","R","ATH","LAA","S",,,0,0,2026,"0.23","0.1",0.5865491336569257,1.409979496833491,,,,2,9,"Top",,,,,,,5.231191080243037,-122.38952153148206,-4.723642939491803,1.1550520943004403,27.21862812558344,-30.399007744675,3.305134514,1.668011811,,,,"83.3",2318,"6.1",824988,669127,701762,675961,691777,805779,691016,703607,687515,"54.44",,,,,,,,76,1,"Slider",0,7,7,0,7,0,7,0,"Standard","Standard",45,"0","-0.044","70.6","9.1","7.28412396",,"0.044",,-7,7,0.001,0.999,32,30,33,31,2,4,,1,5,1,"3.16","-0.23","-0.23","44.1",32.55955818965092,-44.05549281140339,33.19045397414438,38.83054104021116,56.79339897854392
"FC","2026-06-20","90.6","-1.39","5.54","Siri, Jose",642350,669372,"sac_fly","hit_into_play",,,,,9,"Jose Siri out on a sacrifice fly to left fielder Tyler Soderstrom. Wade Meckler scores.","R","R","R","ATH","LAA","X",7,"line_drive",3,2,2026,"0.16","0.72",0.4429949478519722,2.0700890627369626,685133,,622268,1,2,"Top",77.62,94.42,,,,,4.217724707574717,-132.0259734432236,-4.183256623646246,1.0286091442354166,25.096747209388017,-23.037360704686474,3.305134514,1.668011811,320,"86.2",24,"91.6",2198,"6.6",824988,669127,701762,643446,691777,805779,691016,703607,671732,"53.91",,0.227,"0",1,0,0,3,14,6,"Cutter",0,1,1,0,2,0,2,0,"Standard","Standard",220,"-0.007","-0.131","78.5","7.9",,,"0.131","88.0",-1,1,0.33,0.6699999999999999,27,30,27,31,1,0,5,1,6,1,"2.02","-0.16","-0.16","41.5",11.27648680465462,-10.587819040377612,29.177220063150653,40.60511891006721,34.2078602200422
"SI","2026-06-20","93.1","-1.3","5.68","Siri, Jose",642350,669372,,"foul",,,,,8,,"R","R","R","ATH","LAA","S",,,3,1,2026,"-1.02","0.61",0.09250044238159127,1.9078377962196433,685133,,622268,1,2,"Top",,,,,,,5.8308043047454445,-135.46245470525946,-5.080673356687884,-13.805879014187813,28.221796331213067,-23.806822301710152,3.305134514,1.668011811,,,,"93.7",2009,"6.6",824988,669127,701762,643446,691777,805779,691016,703607,671732,"53.94",,,,,,,,14,5,"Sinker",0,1,1,0,1,0,1,0,"Standard","Standard",217,"0.007","-0.14","77.3","8.2",,,"0.14",,-1,1,0.323,0.677,27,30,27,31,1,0,5,1,6,1,"2.01","1.02","1.02","47.2",18.84021925221391,-5.662918172251485,31.294388140139013,36.57391917006583,31.616074966402778
"SI","2026-06-20","93.5","-1.13","5.71","Siri, Jose",642350,669372,,"ball",,,,,11,,"R","R","R","ATH","LAA","B",,,2,1,2026,"-1.07","0.36",-1.272879626539627,3.3742102485959946,685133,,622268,1,2,"Top",,,,,,,2.031750200206928,-136.12469731130798,-0.8888843928247765,-13.716883775202797,30.653619260126654,-27.699818541293226,3.305134514,1.668011811,,,,"93.7",2020,"6.4",824988,669127,701762,643446,691777,805779,691016,703607,671732,"54.09",,,,,,,,14,4,"Sinker",0,1,1,0,1,0,1,0,"Standard","Standard",210,"-0.008","0.111",,,,,"-0.111",,-1,1,0.331,0.669,27,30,27,31,1,0,5,1,6,1,"2.25","1.07","1.07","45.0",,,,,
"FC","2026-06-20","89.6","-1.41","5.5","Siri, Jose",642350,669372,,"ball",,,,,11,,"R","R","R","ATH","LAA","B",,,1,1,2026,"-0.09","0.56",-1.2367168871059313,3.897754256708195,685133,,622268,1,2,"Top",,,,,,,0.6293262297547909,-130.64049406062438,0.9062418153474118,-1.212929372339794,24.169709407069657,-26.076722287610288,3.305134514,1.668011811,,,,"90.2",2298,"6.3",824988,669127,701762,643446,691777,805779,691016,703607,671732,"54.23",,,,,,,,14,3,"Cutter",0,1,1,0,1,0,1,0,"Standard","Standard",208,"-0.006","0.064",,,,,"-0.064",,-1,1,0.337,0.663,27,30,27,31,1,0,5,1,6,1,"2.24","0.09","0.09","36.6",,,,,
"SI","2026-06-20","91.2","-1.35","5.66","Siri, Jose",642350,669372,,"ball",,,,,13,,"R","R","R","ATH","LAA","B",,,0,1,2026,"-1.25","0.09",-1.7909074185861655,2.355867699139939,685133,,622268,1,2,"Top",,,,,,,1.6366251937698206,-132.80557913964734,-2.4182832218217793,-15.108394371056479,28.865168303685035,-30.794269562400714,3.305134514,1.668011811,,,,"91.6",1884,"6.5",824988,669127,701762,643446,691777,805779,691016,703607,671732,"54",,,,,,,,14,2,"Sinker",0,1,1,0,1,0,1,0,"Standard","Standard",222,"-0.006","0.01",,,,,"-0.01",,-1,1,0.343,0.657,27,30,27,31,1,0,5,1,6,1,"2.65","1.25","1.25","43.4",,,,,
"SI","2026-06-20","92.3","-1.04","5.72","Siri, Jose",642350,669372,,"foul_bunt",,,,,11,,"R","R","R","ATH","LAA","S",,,0,0,2026,"-1.22","0.2",-0.9151927517919483,2.8138013307117307,685133,,622268,1,2,"Top",,,,,,,3.049048940264166,-134.26722118967027,-1.7612835590236686,-15.394083002986926,32.39874662218697,-29.59102070642619,3.305134514,1.668011811,,,,"92.2",1972,"6.5",824988,669127,701762,643446,691777,805779,691016,703607,671732,"53.97",,,,,,,,14,1,"Sinker",0,1,1,0,1,0,1,0,"Standard","Standard",217,"0.009","-0.048","8.6","1.3",,,"0.048","88.0",-1,1,0.334,0.6659999999999999,27,30,27,31,1,0,5,1,6,1,"2.5","1.22","1.22","49.4",-68.65621269776928,-15.983977926463474,67.11545721042698,21.516657953253038,16.42978742643828
"FF","2026-06-20","95.9","-2.04","6.32","Siri, Jose",642350,664129,"field_out","hit_into_play",,,,,6,"Jose Siri flies out to right fielder Lawrence Butler.","R","R","R","ATH","LAA","X",9,"fly_ball",2,2,2026,"-0.26","1.31",0.6949221386437361,2.66163522777373,,622268,,1,7,"Top",172.08,137.4,,,,,7.73615232955363,-139.31724386066767,-6.7855835176437935,-5.280987559694788,33.23736884073675,-13.755045996264423,3.305134514,1.668011811,193,"90.3",58,"95.4",2296,"6.2",824988,669127,701762,643446,691777,805779,691016,703607,671732,"54.26",0.009,0.008,"0",1,0,0,3,58,6,"4-Seam Fastball",0,7,7,0,7,0,7,0,"Standard","Standard",211,"0.001","-0.226","70.8","7.6",,0.013,"0.226","90.3",-7,7,0.008,0.992,32,30,33,31,1,3,,1,5,1,"1.19","0.26","0.26","43.0",8.265857396696074,5.389828020743563,29.950564632347156,41.57682088846246,27.114607572984973
"SL","2026-06-20","84.7","-2.15","6.26","Siri, Jose",642350,664129,,"foul",,,,,14,,"R","R","R","ATH","LAA","S",,,2,2,2026,"0.65","-0.56",0.46101690448901883,1.3968347932177245,,622268,,1,7,"Top",,,,,,,4.663918707780295,-123.33269919880622,-3.5724595889433313,5.670213259241531,25.838359606793027,-37.38062269555709,3.305134514,1.668011811,251,"78.3",26,"84.2",2503,"6",824988,669127,701762,643446,691777,805779,691016,703607,671732,"54.48",,,,,,,,58,5,"Slider",0,7,7,0,7,0,7,0,"Standard","Standard",3,"0","0","64.3","6.8",,,"0","88.0",-7,7,0.008,0.992,32,30,33,31,1,3,,1,5,1,"3.75","-0.65","-0.65","45.5",-14.76606684284247,19.68685912691349,36.61480232782059,40.04394982509531,16.378442468465067
"SI","2026-06-20","93.8","-2.33","6.13","Siri, Jose",642350,664129,,"swinging_strike",,,,,13,,"R","R","R","ATH","LAA","S",,,2,1,2026,"-0.93","0.48",-0.31746979601165337,1.4045157480573263,,622268,,1,7,"Top",,,,,,,7.198539361225145,-136.40756933235528,-7.3290938047522705,-13.175956178518806,27.09888735807619,-24.830028092434905,3.305134514,1.668011811,,,,"93.9",2188,"6.2",824988,669127,701762,643446,691777,805779,691016,703607,671732,"54.35",,,,,,,,58,4,"Sinker",0,7,7,0,7,0,7,0,"Standard","Standard",220,"0","-0.076","78.0","7.4","0.400824624",,"0.076",,-7,7,0.008,0.992,32,30,33,31,1,3,,1,5,1,"2.09","0.93","0.93","41.2",0.37993481036894716,4.820265664488462,38.4375798273223,31.545977721119897,25.960930465879848
"FF","2026-06-20","94.4","-2.16","6.23","Siri, Jose",642350,664129,,"ball",,,,,12,,"R","R","R","ATH","LAA","B",,,1,1,2026,"-0.22","1.12",1.6167600742753818,2.8790721371794774,,622268,,1,7,"Top",,,,,,,10.187198839508762,-137.10540653244598,-5.3862962084065895,-4.9064215956476165,27.82879030184144,-16.935069890445412,3.305134514,1.668011811,,,,"94.5",2342,"6.3",824988,669127,701762,643446,691777,805779,691016,703607,671732,"54.24",,,,,,,,58,3,"4-Seam Fastball",0,7,7,0,7,0,7,0,"Standard","Standard",212,"0","0.033",,,,,"-0.033",,-7,7,0.008,0.992,32,30,33,31,1,3,,1,5,1,"1.43","0.22","0.22","43.6",,,,,
"SI","2026-06-20","93.9","-2.46","6.09","Siri, Jose",642350,664129,,"called_strike",,,,,7,,"R","R","R","ATH","LAA","S",,,1,0,2026,"-1.17","0.61",-0.4280008308813772,2.1401199804027717,,622268,,1,7,"Top",,,,,,,7.792588564260375,-136.3877049989444,-5.5729519553023845,-16.360303740237384,30.974333355321367,-23.551165771651046,3.305134514,1.668011811,,,,"93.3",2257,"6.1",824988,669127,701762,643446,691777,805779,691016,703607,671732,"54.38",,,,,,,,58,2,"Sinker",0,7,7,0,7,0,7,0,"Standard","Standard",219,"0","-0.048",,,,,"0.048",,-7,7,0.008,0.992,32,30,33,31,1,3,,1,5,1,"2","1.17","1.17","39.0",,,,,
"SI","2026-06-20","93.4","-2.39","6.24","Siri, Jose",642350,664129,,"ball",,,,,11,,"R","R","R","ATH","LAA","B",,,0,0,2026,"-1.04","0.65",-1.0522519460716184,3.3125111463649537,,622268,,1,7,"Top",,,,,,,5.728487175739141,-136.02797187350208,-3.0595107187791837,-14.200758640466221,28.38139443687806,-23.673395362974805,3.305134514,1.668011811,,,,"93.3",2252,"6.1",824988,669127,701762,643446,691777,805779,691016,703607,671732,"54.4",,,,,,,,58,1,"Sinker",0,7,7,0,7,0,7,0,"Standard","Standard",213,"0","0.038",,,,,"-0.038",,-7,7,0.008,0.992,32,30,33,31,1,3,,1,5,1,"1.95","1.04","1.04","40.9",,,,,
"CH","2026-06-19","78.9","2.39","6.27","Siri, Jose",642350,605488,"home_run","hit_into_play",,,,,5,"Jose Siri homers (4) on a fly ball to left center field. Logan O'Hoppe scores. Wade Meckler scores.","R","R","L","ATH","LAA","X",,"fly_ball",1,2,2026,"1.24","0.55",0.09200124367448126,2.1755164960822406,,681351,685133,2,4,"Top",39.95,40.15,,,,,-7.22108721306464,-114.72848357122916,-2.896759296097285,12.269560225158001,20.39261081121024,-26.97631768067781,3.305134514,1.668011811,444,"106.9",37,"78.5",1339,"6",824990,669127,701762,643446,680869,805779,691016,703607,671732,"54.53",1,2,"2",1,0,3,6,35,4,"Changeup",4,3,3,4,6,4,6,4,"Standard","Standard",123,"-0.344","1.728",,,,4,"-1.728","106.9",1,-1,0.646,0.354,33,30,34,31,2,1,5,1,6,1,"3.11","1.24","-1.24","42.2",,,,,
"CH","2026-06-19","78.5","2.47","6.22","Siri, Jose",642350,605488,,"swinging_strike",,,,,14,,"R","R","L","ATH","LAA","S",,,1,1,2026,"1.12","0.64",0.8474142662682356,1.5635498117805953,,681351,685133,2,4,"Top",,,,,,,-5.541675354047605,-114.268647754702,-4.195524373043557,10.794045339977059,20.244690728274634,-26.00135157011336,3.305134514,1.668011811,,,,"78.3",1370,"6",824990,669127,701762,643446,680869,805779,691016,703607,671732,"54.48",,,,,,,,35,3,"Changeup",4,3,3,4,3,4,3,4,"Standard","Standard",124,"0.014","-0.054","69.9","8.7","3.402521016",,"0.054",,1,-1,0.632,0.368,33,30,34,31,2,1,5,1,6,1,"3.05","1.12","-1.12","43.2",29.550871000695533,-31.567215036423185,32.98657197566719,44.514176238180774,47.72078621867172
"CH","2026-06-19","78.3","2.4","6.23","Siri, Jose",642350,605488,,"called_strike",,,,,9,,"R","R","L","ATH","LAA","S",,,1,0,2026,"0.95","0.45",0.7609300439687996,2.0152733549318085,,681351,685133,2,4,"Top",,,,,,,-5.250883743407322,-113.95312463638761,-2.916615585588639,9.182096511190665,18.516611499219486,-27.90415765218038,3.305134514,1.668011811,,,,"78.6",1345,"6.2",824990,669127,701762,643446,680869,805779,691016,703607,671732,"54.28",,,,,,,,35,2,"Changeup",4,3,3,4,3,4,3,4,"Standard","Standard",121,"0.007","-0.045",,,,,"0.045",,1,-1,0.625,0.375,33,30,34,31,2,1,5,1,6,1,"3.23","0.95","-0.95","43.0",,,,,
"SL","2026-06-19","83.4","2.23","6.13","Siri, Jose",642350,605488,,"ball",,,,,14,,"R","R","L","ATH","LAA","B",,,0,0,2026,"-0.42","0.49",0.8506270347466593,2.068549263333203,,681351,685133,2,4,"Top",,,,,,,-2.2945597630769705,-121.51652208781161,-3.722250120683635,-3.756447404498732,21.675929865787253,-26.80971270470682,3.305134514,1.668011811,,,,"83.6",2157,"6.1",824990,669127,701762,643446,680869,805779,691016,703607,671732,"54.36",,,,,,,,35,1,"Slider",4,3,3,4,3,4,3,4,"Standard","Standard",212,"-0.004","0.028",,,,,"-0.028",,1,-1,0.629,0.371,33,30,34,31,2,1,5,1,6,1,"2.75","-0.42","0.42","46.6",,,,,
"FF","2026-06-19","91.8","2.02","6.18","Siri, Jose",642350,605488,"field_out","hit_into_play",,,,,14,"Jose Siri flies out to right fielder Lawrence Butler.","R","R","L","ATH","LAA","X",9,"fly_ball",0,1,2026,"0.9","1.58",0.5728942351158764,1.5297226024884443,,,681351,1,3,"Top",165.24,111.47,,,,,-5.617436735454262,-133.28300712112053,-9.06001479874306,12.033689654711399,32.29332166007525,-11.579214006405495,3.305134514,1.668011811,240,"72.4",45,"91.6",2248,"6.6",824990,669127,701762,643446,680869,805779,691016,703607,671732,"53.9",0.243,0.246,"0",1,0,0,3,19,2,"4-Seam Fastball",1,0,0,1,0,1,0,1,"Standard","Standard",150,"0.029","-0.22","71.2","8.1",,0.318,"0.22","88.0",1,-1,0.614,0.386,33,30,34,31,1,0,5,1,6,1,"1.17","0.9","-0.9","51.3",13.920616687230615,-5.22124158263587,37.83541895284595,41.467171686491156,28.15144730409518
"FF","2026-06-19","92.2","2.04","6.16","Siri, Jose",642350,605488,,"called_strike",,,,,6,,"R","R","L","ATH","LAA","S",,,0,0,2026,"0.99","1.54",0.5855017919551149,2.6904070357458223,,,681351,1,3,"Top",,,,,,,-5.882154803285615,-133.974427223307,-6.093765906140657,13.284585225256524,34.17180006905384,-12.577883771992738,3.305134514,1.668011811,,,,"91.9",2344,"6.6",824990,669127,701762,643446,680869,805779,691016,703607,671732,"53.89",,,,,,,,19,1,"4-Seam Fastball",1,0,0,1,0,1,0,1,"Standard","Standard",150,"0.005","-0.041",,,,,"0.041",,1,-1,0.609,0.391,33,30,34,31,1,0,5,1,6,1,"1.19","0.99","-0.99","54.2",,,,,
"FC","2026-06-19","89.3","-2.82","5.3","Siri, Jose",642350,686993,"field_out","hit_into_play",,,,,14,"Jose Siri grounds out, third baseman Zack Gelof to first baseman Nick Kurtz.","R","R","R","ATH","LAA","X",5,"ground_ball",0,2,2026,"0.22","0.43",1.0414639270328216,1.81682473996351,,685133,,2,5,"Top",98.1,164.86,,,,,8.923143573512093,-129.81321453818614,-3.28974781157377,0.7218366545736917,25.546394946448856,-26.838068493733633,3.305134514,1.668011811,3,"90.1",-30,"89.5",2650,"6.4",824990,669127,701762,643446,680869,805779,691016,703607,671732,"54.14",0.097,0.095,"0",1,0,0,2,48,3,"Cutter",4,10,10,4,10,4,10,4,"Standard","Standard",186,"0.003","-0.182","73.0","8.0",,0.126,"0.182","90.1",-6,6,0.042,0.958,29,30,30,31,1,2,3,1,5,1,"2.42","-0.22","-0.22","35.1",17.003379119990786,-3.3573509462432645,30.01394527135754,42.91188246905756,34.97509524229058
"FF","2026-06-19","94.4","-2.79","5.31","Siri, Jose",642350,686993,,"foul",,,,,9,,"R","R","R","ATH","LAA","S",,,0,1,2026,"-0.47","1.68",0.7434117204528686,1.9681091299879205,,685133,,2,5,"Top",,,,,,,10.187847653350099,-136.9070784643669,-6.537228200139765,-8.431262242603383,33.82284924955892,-9.77294984209349,3.305134514,1.668011811,209,"74",27,"94.2",2391,"6.6",824990,669127,701762,643446,680869,805779,691016,703607,671732,"53.87",,,,,,,,48,2,"4-Seam Fastball",4,10,10,4,10,4,10,4,"Standard","Standard",215,"0.001","-0.056","72.0","7.7",,,"0.056","88.0",-6,6,0.041,0.959,29,30,30,31,1,2,3,1,5,1,"0.92","0.47","0.47","36.4",2.1030592301898365,3.9764911091803112,32.70006973050594,40.42426628567755,21.26300319849338
"FF","2026-06-19","94.9","-2.83","5.37","Siri, Jose",642350,686993,,"called_strike",,,,,6,,"R","R","R","ATH","LAA","S",,,0,0,2026,"-0.44","1.59",0.6380380527062549,2.3886622537300877,,685133,,2,5,"Top",,,,,,,10.016547519073312,-137.82124452778348,-5.54815621874483,-7.92049533162611,31.13976731202809,-10.825155438971159,3.305134514,1.668011811,,,,"95.3",2345,"6.7",824990,669127,701762,643446,680869,805779,691016,703607,671732,"53.85",,,,,,,,48,1,"4-Seam Fastball",4,10,10,4,10,4,10,4,"Standard","Standard",218,"0.001","-0.04",,,,,"0.04",,-6,6,0.04,0.96,29,30,30,31,1,2,3,1,5,1,"0.95","0.44","0.44","35.8",,,,,
"CU","2026-06-19","76.7","-1.6","5.35","Siri, Jose",642350,605130,"strikeout","swinging_strike_blocked",,,,,14,"Jose Siri strikes out swinging.","R","R","R","ATH","LAA","S",2,,0,2,2026,"1.33","-0.62",1.6756855455506319,0.3613030067051044,,,,0,8,"Top",,,,,,,4.427817783863856,-111.61861879518969,-2.1218334129523617,10.25457113407374,20.615813387355985,-37.17865632450225,3.305134514,1.668011811,,,,"77.1",2493,"6.6",824990,669127,701762,680869,691777,805779,691016,703607,671732,"53.87",,0,"0",1,0,0,,71,3,"Curveball",7,11,11,7,11,7,11,7,"Standard","Standard",68,"0.002","-0.165","59.9","9.0","15.051584748",,"0.165",,-4,4,0.038,0.962,33,30,34,31,1,3,2,1,1,1,"4.5","-1.33","-1.33","28.0",30.830244909166307,-55.20871324827495,35.28889413328111,47.38461441228744,62.610989160428815
"CU","2026-06-19","77","-1.73","5.2","Siri, Jose",642350,605130,,"swinging_strike",,,,,13,,"R","R","R","ATH","LAA","S",,,0,1,2026,"1.27","-0.56",-0.42405078339375235,1.0165900051846704,,,,0,8,"Top",,,,,,,0.38080098050830924,-112.14387496942501,-0.6564427761339074,10.684221908923,19.928984161453744,-37.01755152702382,3.305134514,1.668011811,,,,"77.5",2431,"6.6",824990,669127,701762,680869,691777,805779,691016,703607,671732,"53.94",,,,,,,,71,2,"Curveball",7,11,11,7,11,7,11,7,"Standard","Standard",67,"0.001","-0.056","66.4","8.7","2.205938124",,"0.056",,-4,4,0.037,0.963,33,30,34,31,1,3,2,1,1,1,"4.39","-1.27","-1.27","33.7",33.01112340118432,-46.2555802928096,39.16357104122226,25.406756966751086,53.406437168470035
"ST","2026-06-19","80.1","-2.01","4.9","Siri, Jose",642350,605130,,"called_strike",,,,,9,,"R","R","R","ATH","LAA","S",,,0,0,2026,"1.27","0.88",0.7021118141605307,1.8907156514683492,,,,0,8,"Top",,,,,,,3.4864790171538584,-116.6804210630278,-1.4975642815346992,11.047045050718502,20.43615690307335,-24.004439713165052,3.305134514,1.668011811,,,,"80.6",2434,"6.4",824990,669127,701762,680869,691777,805779,691016,703607,671732,"54.09",,,,,,,,71,1,"Sweeper",7,11,11,7,11,7,11,7,"Standard","Standard",91,"0.001","-0.043",,,,,"0.043",,-4,4,0.036,0.964,33,30,34,31,1,3,2,1,1,1,"2.64","-1.27","-1.27","15.5",,,,,
"CU","2026-06-18","81","1.97","5.68","Siri, Jose",642350,695611,"field_out","hit_into_play",,,,,14,"Jose Siri flies out to center fielder Henry Bolte.","R","R","L","ATH","LAA","X",8,"fly_ball",1,1,2026,"-0.75","-1.33",0.8579819428854256,2.4593647294035623,,,,2,5,"Top",130.81,48,,,,,-0.9844045028164591,-117.8277006757041,2.3727402878668555,-6.679241296038961,26.573816086706625,-45.19795320146535,3.305134514,1.668011811,373,"99",33,"80.3",2618,"6.2",824989,669127,701762,643446,680869,805779,691016,703607,666126,"54.28",0.297,0.536,"0",1,0,0,5,39,3,"Curveball",5,0,0,5,0,5,0,5,"Standard","Standard",316,"0.004","-0.246","74.5","8.0",,1.031,"0.246","99.0",5,-5,0.956,0.04400000000000004,23,30,23,31,2,1,6,1,6,1,"4.86","-0.75","0.75","49.8",20.199946309894372,7.6097096099676795,27.01489439445009,45.85447843290195,31.615685449715265
"CH","2026-06-18","89.8","2.17","5.42","Siri, Jose",642350,695611,,"ball",,,,,14,,"R","R","L","ATH","LAA","B",,,0,1,2026,"1.07","0.69",0.9280221934974922,0.3540366102245258,,,,2,5,"Top",,,,,,,-5.342676588863235,-130.56038710880128,-7.819266350325117,13.387699815059921,25.03450944429828,-22.93834954693416,3.305134514,1.668011811,,,,"90.1",1227,"6.3",824989,669127,701762,643446,680869,805779,691016,703607,666126,"54.17",,,,,,,,39,2,"Changeup",5,0,0,5,0,5,0,5,"Standard","Standard",128,"-0.001","0.031",,,,,"-0.031",,5,-5,0.957,0.04300000000000004,23,30,23,31,2,1,6,1,6,1,"2.13","1.07","-1.07","38.8",,,,,
"SL","2026-06-18","88.2","2","5.56","Siri, Jose",642350,695611,,"foul",,,,,13,,"R","R","L","ATH","LAA","S",,,0,0,2026,"-0.44","0",-0.8343809845188264,1.2247629509015594,,,,2,5,"Top",,,,,,,-5.870301049021189,-128.37379787118257,-4.174021286619224,-3.535718528679728,27.806547663170363,-31.532318317651278,3.305134514,1.668011811,82,"98.8",4,"88.1",2186,"6.3",824989,669127,701762,643446,680869,805779,691016,703607,666126,"54.2",,,,,,,,39,1,"Slider",5,0,0,5,0,5,0,5,"Standard","Standard",204,"0.001","-0.044","73.2","8.0",,,"0.044","98.8",5,-5,0.956,0.04400000000000004,23,30,23,31,2,1,6,1,6,1,"2.94","-0.44","0.44","43.7",9.597914918692853,-10.679479358580856,42.10897594126035,25.60351883866697,36.81035166400284
"FF","2026-06-18","93.2","2.12","5.5","Siri, Jose",642350,695611,"field_out","hit_into_play",,,,,9,"Jose Siri flies out to right fielder Carlos Cortes.","R","R","L","ATH","LAA","X",9,"fly_ball",2,0,2026,"0.41","1.37",0.41574869378895196,1.9369057407908103,,,694203,1,3,"Top",195.79,106.02,,,,,-5.231352751767896,-135.50625844869214,-6.251259668842633,6.1418618422761595,29.26472660289728,-14.082582623834098,3.305134514,1.668011811,288,"94.8",50,"93.3",2316,"6.4",824989,669127,701762,643446,680869,805779,691016,703607,666126,"54.14",0.003,0.003,"0",1,0,0,3,23,3,"4-Seam Fastball",5,0,0,5,0,5,0,5,"Standard","Standard",147,"0.024","-0.363","78.0","7.8",,0.003,"0.363","94.8",5,-5,0.897,0.10299999999999998,23,30,23,31,1,0,6,1,6,1,"1.25","0.41","-0.41","41.7",10.069747938030957,7.492912988576343,33.84583241337485,40.521075517301945,26.581026526504438
"FF","2026-06-18","93.3","2.04","5.47","Siri, Jose",642350,695611,,"ball",,,,,14,,"R","R","L","ATH","LAA","B",,,1,0,2026,"0.7","1.35",1.1437930674779255,2.1576708077055398,,,694203,1,3,"Top",,,,,,,-3.8658993608557344,-135.73646487009097,-5.568377141510018,9.563046597611104,29.94869797581298,-14.41882896172221,3.305134514,1.668011811,,,,"93.4",2307,"6.4",824989,669127,701762,643446,680869,805779,691016,703607,666126,"54.12",,,,,,,,23,2,"4-Seam Fastball",5,0,0,5,0,5,0,5,"Standard","Standard",148,"-0.004","0.07",,,,,"-0.07",,5,-5,0.901,0.09899999999999998,23,30,23,31,1,0,6,1,6,1,"1.27","0.7","-0.7","44.2",,,,,
"SL","2026-06-18","85.9","2.06","5.57","Siri, Jose",642350,695611,,"ball",,,,,13,,"R","R","L","ATH","LAA","B",,,0,0,2026,"-0.7","-0.06",-1.2302698013668145,1.5816675434214185,,,694203,1,3,"Top",,,,,,,-6.260411007075786,-125.03713999181002,-2.8629089946662454,-6.09668749113766,24.627704833847023,-32.414338879662075,3.305134514,1.668011811,,,,"86.2",2293,"6.4",824989,669127,701762,643446,680869,805779,691016,703607,666126,"54.09",,,,,,,,23,1,"Slider",5,0,0,5,0,5,0,5,"Standard","Standard",234,"-0.003","0.033",,,,,"-0.033",,5,-5,0.904,0.09599999999999997,23,30,23,31,1,0,6,1,6,1,"3.14","-0.7","0.7","44.5",,,,,
"CU","2026-06-17","79.5","1.33","6.1","Siri, Jose",642350,593958,"field_out","hit_into_play",,,,,13,"Jose Siri flies out to center fielder Jordan Lawlar. Denzer Guzman to 3rd.","R","R","L","AZ","LAA","X",8,"fly_ball",0,0,2026,"-0.28","-0.45",-0.03745066336488195,0.9281826044735664,,694203,,1,7,"Top",165.01,63.59,,,,,-2.436651162647906,-115.76333186211518,-3.43434820325794,-1.9943905389965286,22.525537006085425,-35.7246463847982,3.305134514,1.668011811,348,"97.1",24,"79.5",2250,"6.4",825072,672515,694410,545121,571448,672695,694371,691783,682998,"54.13",0.249,0.351,"0",1,0,0,5,58,1,"Curveball",8,1,1,8,1,8,1,8,"Standard","Standard",304,"0.004","-0.279","69.4","7.9",,0.598,"0.279","97.1",7,-7,0.99,0.010000000000000009,33,30,33,31,3,2,5,1,6,1,"4.06","-0.28","0.28","48.3",9.440543082920756,-0.47066597273391897,44.27575599386823,36.45207580029712,31.492232858743936
"CH","2026-06-17","85.2","1.36","6.02","Siri, Jose",642350,593958,"field_out","hit_into_play",,,,,14,"Jose Siri grounds out, second baseman Ildemaro Vargas to first baseman LuJames Groover.","R","R","L","AZ","LAA","X",4,"ground_ball",0,2,2026,"1.07","0.5",1.0189922289484437,2.319962851649392,,,,0,5,"Top",143.8,151.83,,,,,-2.980343835727871,-124.02478254576984,-3.2052585453513105,11.664595161908228,24.021512549875894,-26.56431301707861,3.305134514,1.668011811,24,"105",-4,"85.4",1623,"6.3",825072,672515,694410,545121,571448,672695,694371,691783,682998,"54.17",0.476,0.428,"0",1,0,0,2,39,3,"Changeup",6,1,1,6,1,6,1,6,"Standard","Standard",137,"0.008","-0.165","70.3","7.0",,0.509,"0.165","105.0",5,-5,0.941,0.05900000000000005,33,30,33,31,2,1,5,1,6,1,"2.63","1.07","-1.07","44.3",9.912165496294069,25.04029364490721,25.952473057089406,46.9086211436851,21.66391355148491
"CH","2026-06-17","85","1.51","6.05","Siri, Jose",642350,593958,,"swinging_strike",,,,,14,,"R","R","L","AZ","LAA","S",,,0,1,2026,"1.31","0.38",0.483229622267233,1.0546108221956967,,,,0,5,"Top",,,,,,,-5.042989835594951,-123.62333005087163,-5.909058359784303,14.409223174357699,24.44984662000297,-27.303947165941608,3.305134514,1.668011811,,,,"85.1",1704,"6.4",825072,672515,694410,545121,571448,672695,694371,691783,682998,"54.14",,,,,,,,39,2,"Changeup",6,1,1,6,1,6,1,6,"Standard","Standard",132,"0.003","-0.056","71.7","8.5","2.512385964",,"0.056",,5,-5,0.938,0.062000000000000055,33,30,33,31,2,1,5,1,6,1,"2.78","1.31","-1.31","43.0",22.137494481478335,-13.962128764336956,35.014507655847076,41.842819593466785,38.982389168929075
"FF","2026-06-17","89.5","1.52","6.03","Siri, Jose",642350,593958,,"foul",,,,,2,,"R","R","L","AZ","LAA","S",,,0,0,2026,"0.28","1.47",-0.14802379595780862,2.9996441624882855,,,,0,5,"Top",,,,,,,-4.666706377050671,-130.28071608338792,-4.42757927739475,4.235239971880864,28.674729737784027,-14.703060517564117,3.305134514,1.668011811,94,"77.9",81,"89.4",2296,"6.3",825072,672515,694410,545121,571448,672695,694371,691783,682998,"54.16",,,,,,,,39,1,"4-Seam Fastball",6,1,1,6,1,6,1,6,"Standard","Standard",153,"0.002","-0.043","79.3","7.4",,,"0.043","88.0",5,-5,0.936,0.06399999999999995,33,30,33,31,2,1,5,1,6,1,"1.38","0.28","-0.28","45.1",16.8036830343568,-4.633964689134992,29.065880140689305,33.24093090593955,30.390253116626834
"FF","2026-06-17","92.2","1.34","5.9","Siri, Jose",642350,593958,"strikeout","swinging_strike",,,,,11,"Jose Siri strikes out swinging.","R","R","L","AZ","LAA","S",2,,2,2,2026,"0.42","1.26",-0.1093560827515837,3.547778764865711,,,,2,2,"Top",,,,,,,-4.563381315225897,-134.23476263854982,-2.775702705670297,6.005955839305717,28.456220225525055,-16.574351352147463,3.305134514,1.668011811,,,,"92.4",2266,"6.4",825072,672515,694410,545121,571448,672695,694371,691783,682998,"54.14",,0,"0",1,0,0,,12,6,"4-Seam Fastball",0,1,1,0,1,0,1,0,"Standard","Standard",154,"0.009","-0.221","57.7","5.2","2.529222132",,"0.221",,-1,1,0.434,0.5660000000000001,33,30,33,31,1,0,5,1,6,1,"1.42","0.42","-0.42","40.9",-13.294750586160466,51.94884579272263,27.07238817772442,33.47569842189463,2.260676365465699
"CH","2026-06-17","85.9","1.36","5.93","Siri, Jose",642350,593958,,"foul",,,,,9,,"R","R","L","AZ","LAA","S",,,2,2,2026,"1.26","0.42",0.4273839781185127,1.9285396631005631,,,,2,2,"Top",,,,,,,-4.778256042607313,-124.99605114278437,-3.9025739981211665,14.129160888938335,24.04435280310233,-27.190238525669653,3.305134514,1.668011811,,,,"86.4",1720,"6.5",825072,672515,694410,545121,571448,672695,694371,691783,682998,"53.97",,,,,,,,12,5,"Changeup",0,1,1,0,1,0,1,0,"Standard","Standard",133,"0","0","76.8","7.6",,,"0",,-1,1,0.434,0.5660000000000001,33,30,33,31,1,0,5,1,6,1,"2.66","1.26","-1.26","45.5",12.170825126414092,6.460941271048566,31.191257382,40.832460016390286,25.373378189761738
"FC","2026-06-17","87.9","1.53","5.8","Siri, Jose",642350,593958,,"ball",,,,,13,,"R","R","L","AZ","LAA","B",,,1,2,2026,"-0.19","0.45",-0.06388728900974835,0.4294281117395635,,,,2,2,"Top",,,,,,,-3.4483821339469354,-127.90904856416337,-7.637242254710716,-1.3623478152676958,25.323346697645057,-25.874878386152066,3.305134514,1.668011811,,,,"88.5",2231,"6.6",825072,672515,694410,545121,571448,672695,694371,691783,682998,"53.92",,,,,,,,12,4,"Cutter",0,1,1,0,1,0,1,0,"Standard","Standard",164,"-0.002","0.044",,,,,"-0.044",,-1,1,0.436,0.5640000000000001,33,30,33,31,1,0,5,1,6,1,"2.49","-0.19","0.19","39.8",,,,,
"CH","2026-06-17","88","1.35","5.92","Siri, Jose",642350,593958,,"ball",,,,,14,,"R","R","L","AZ","LAA","B",,,0,2,2026,"1.29","0.53",0.01884885347780818,-0.6589818183033187,,,,2,2,"Top",,,,,,,-5.921837375265615,-127.62061468928887,-10.595060223951,15.29359037303298,27.826782567036975,-24.288529314225165,3.305134514,1.668011811,,,,"88",1847,"6.6",825072,672515,694410,545121,571448,672695,694371,691783,682998,"53.91",,,,,,,,12,3,"Changeup",0,1,1,0,1,0,1,0,"Standard","Standard",137,"-0.001","0.025",,,,,"-0.025",,-1,1,0.437,0.563,33,30,33,31,1,0,5,1,6,1,"2.45","1.29","-1.29","40.8",,,,,
"FF","2026-06-17","91.8","1.33","5.92","Siri, Jose",642350,593958,,"foul",,,,,1,,"R","R","L","AZ","LAA","S",,,0,1,2026,"0.54","1.36",-0.3879862262930903,2.9753622443692516,,,,2,2,"Top",,,,,,,-5.481363428193446,-133.60553755362076,-4.428184748981854,7.580401782269183,28.325576350688348,-15.05877337895744,3.305134514,1.668011811,220,"69.2",37,"92.1",2245,"6.4",825072,672515,694410,545121,571448,672695,694371,691783,682998,"54.08",,,,,,,,12,2,"4-Seam Fastball",0,1,1,0,1,0,1,0,"Standard","Standard",148,"0.003","-0.063","69.8","6.4",,,"0.063","88.0",-1,1,0.434,0.5660000000000001,33,30,33,31,1,0,5,1,6,1,"1.34","0.54","-0.54","42.2",1.941976090237545,17.419422693211395,32.52656002367052,30.157655989300128,18.45218257415704
"CU","2026-06-17","78.7","1.36","6.07","Siri, Jose",642350,593958,,"foul",,,,,9,,"R","R","L","AZ","LAA","S",,,0,0,2026,"-0.41","-0.68",0.7236548367282867,2.0403458466193958,,,,2,2,"Top",,,,,,,-0.5808966419327997,-114.58577208399625,-0.356594608865473,-3.4896661308713286,22.808260454023927,-38.27792682613315,3.305134514,1.668011811,5,"46.4",-21,"78.7",2379,"6.5",825072,672515,694410,545121,571448,672695,694371,691783,682998,"54.05",,,,,,,,12,1,"Curveball",0,1,1,0,1,0,1,0,"Standard","Standard",305,"0.001","-0.044","30.0","6.0",,,"0.044","88.0",-1,1,0.433,0.567,33,30,33,31,1,0,5,1,6,1,"4.38","-0.41","0.41","46.9",2.3594625691465785,40.66694318721568,29.177459349497603,43.39427740575036,7.308076143744059
"ST","2026-06-16","89.5","1.82","5.46","Siri, Jose",642350,805299,"strikeout","swinging_strike",,,,,7,"Jose Siri strikes out swinging.","R","R","L","AZ","LAA","S",2,,0,2,2026,"-0.86","0.31",-0.5893431255980394,1.658922310018112,,,,2,7,"Top",,,,,,,-3.9874311198756347,-130.25687987807865,-3.7736886651238493,-8.928682738473922,27.07411156605865,-28.08857705266865,3.305134514,1.668011811,,,,"88.4",2619,"5.6",825070,680728,545121,606466,571448,672695,666971,691783,682998,"54.92",,0,"0",1,0,0,,54,3,"Sweeper",0,6,6,0,6,0,6,0,"Standard","Standard",272,"0","-0.152","76.6","8.8","1.546187916",,"0.152",,-6,6,0.02,0.98,26,30,26,31,1,0,5,2,3,1,"2.53","-0.86","0.86","15.3",29.161286623218324,-33.846768861321614,32.40106902625617,29.248752877415544,45.519932757380985
"FC","2026-06-16","94.7","1.82","5.58","Siri, Jose",642350,805299,,"swinging_strike",,,,,2,,"R","R","L","AZ","LAA","S",,,0,1,2026,"0.11","0.52",0.24250239869195414,3.2601568615908034,,,,2,7,"Top",,,,,,,-4.235256974870414,-137.91530006877613,-1.430408898447339,2.2473901090336077,28.123550327036106,-25.444694427147535,3.305134514,1.668011811,,,,"93.7",2306,"5.5",825070,680728,545121,606466,571448,672695,666971,691783,682998,"55.03",,,,,,,,54,2,"Cutter",0,6,6,0,6,0,6,0,"Standard","Standard",138,"0","-0.063","71.9","6.1","3.159674532",,"0.063",,-6,6,0.02,0.98,26,30,26,31,1,0,5,2,3,1,"2","0.11","-0.11","16.8",-8.206201819505814,36.21369917268195,31.999123632137586,36.61897400388006,9.005376305749166
"ST","2026-06-16","86.6","1.8","5.5","Siri, Jose",642350,805299,,"swinging_strike",,,,,13,,"R","R","L","AZ","LAA","S",,,0,0,2026,"-1.25","0.09",-0.5394852272752457,1.1344704620955297,,,,2,7,"Top",,,,,,,-2.8761650356674426,-126.03770136691776,-4.066137535160991,-12.624189658739706,27.03856328874644,-30.616087857546308,3.305134514,1.668011811,,,,"85.2",2674,"5.5",825070,680728,545121,606466,571448,672695,666971,691783,682998,"55.02",,,,,,,,54,1,"Sweeper",0,6,6,0,6,0,6,0,"Standard","Standard",286,"0","-0.044","76.1","8.9","3.435011304",,"0.044",,-6,6,0.02,0.98,26,30,26,31,1,0,5,2,3,1,"2.97","-1.25","1.25","15.9",26.085868496023345,-25.82247295131189,37.235737282461045,29.698959448887873,42.14070891670228
"FF","2026-06-14","91.5","1.7","5.5","Siri, Jose",642350,693855,"walk","ball",,,,,12,"Jose Siri walks.","R","R","L","LAA","TB","B",,,3,2,2026,"0.55","1.37",1.5026437556247796,4.873410696761336,,682515,,2,5,"Bot",,,,,,,-1.7020924240124207,-133.185829310669,1.48813049698465,6.932086006608121,32.371703452222846,-16.627540010283987,3.305134514,1.668011811,,,,"91.1",2269,"6.3",824021,676439,666018,680700,691406,810938,802415,656775,683748,"54.18",,0.698079,"0.7",1,0,0,,44,6,"4-Seam Fastball",2,3,2,3,3,2,2,3,"Infield shade","Standard",148,"0.014","0.149",,,,,"-0.149",,-1,-1,0.393,0.393,27,30,28,31,2,0,6,1,6,2,"1.38","0.55","-0.55","39.1",,,,,
"ST","2026-06-14","79","1.69","5.59","Siri, Jose",642350,693855,,"called_strike",,,,,3,,"R","R","L","LAA","TB","S",,,3,1,2026,"-1.09","0.49",0.6004964937743328,2.9646216887679575,,682515,,2,5,"Bot",,,,,,,-0.26325559179726477,-114.99330692263864,0.4520808079653116,-9.517901876663826,24.65256804828614,-28.25036301514264,3.305134514,1.668011811,,,,"78.5",2130,"6.3",824021,676439,666018,680700,691406,810938,802415,656775,683748,"54.23",,,,,,,,44,5,"Sweeper",2,3,2,3,3,2,2,3,"Infield shade","Standard",259,"-0.004","-0.058",,,,,"0.058",,-1,-1,0.397,0.397,27,30,28,31,2,0,6,1,6,2,"3.21","-1.09","1.09","41.4",,,,,
"ST","2026-06-14","79.1","1.68","5.57","Siri, Jose",642350,693855,,"ball",,,,,12,,"R","R","L","LAA","TB","B",,,2,1,2026,"-1.44","0.57",0.869910482376967,2.903874968119123,,682515,,2,5,"Bot",,,,,,,0.9915237704913592,-115.16317506602044,0.1923936011751768,-12.86154991156435,24.6779356090993,-27.446292124491936,3.305134514,1.668011811,,,,"78.7",2199,"6.4",824021,676439,666018,680700,691406,810938,802415,656775,683748,"54.14",,,,,,,,44,4,"Sweeper",2,3,2,3,3,2,2,3,"Infield shade","Standard",265,"0.004","0.041",,,,,"-0.041",,-1,-1,0.393,0.393,27,30,28,31,2,0,6,1,6,2,"3.12","-1.44","1.44","38.4",,,,,
"FF","2026-06-14","92.7","1.39","5.61","Siri, Jose",642350,693855,,"ball",,,,,12,,"R","R","L","LAA","TB","B",,,1,1,2026,"0.52","1.36",0.5657107406921591,4.093271351734484,,682515,,2,5,"Bot",,,,,,,-3.2251635224178012,-134.94908479661507,-0.9107497191935355,7.105344306128261,32.43401207114315,-15.688568007137421,3.305134514,1.668011811,,,,"92.2",2241,"6.2",824021,676439,666018,680700,691406,810938,802415,656775,683748,"54.29",,,,,,,,44,3,"4-Seam Fastball",2,3,2,3,3,2,2,3,"Infield shade","Standard",148,"0.005","0.033",,,,,"-0.033",,-1,-1,0.388,0.388,27,30,28,31,2,0,6,1,6,2,"1.31","0.52","-0.52","40.5",,,,,
"CH","2026-06-14","84.3","1.55","5.66","Siri, Jose",642350,693855,,"ball",,,,,14,,"R","R","L","LAA","TB","B",,,0,1,2026,"1.24","0.56",0.2523550286384548,1.3449018932723762,,682515,,2,5,"Bot",,,,,,,-5.459427245445255,-122.6459354977824,-4.534650585808808,13.588543650075424,24.38340392214352,-25.77054327031858,3.305134514,1.668011811,,,,"84",1844,"6.1",824021,676439,666018,680700,691406,810938,802415,656775,683748,"54.39",,,,,,,,44,2,"Changeup",2,3,2,3,3,2,2,3,"Infield shade","Standard",123,"0.005","0.018",,,,,"-0.018",,-1,-1,0.383,0.383,27,30,28,31,2,0,6,1,6,2,"2.65","1.24","-1.24","38.9",,,,,
"ST","2026-06-14","80.9","1.63","5.58","Siri, Jose",642350,693855,,"called_strike",,,,,12,,"R","R","L","LAA","TB","S",,,0,0,2026,"-0.87","0.82",0.07623969936431552,3.6098220559110477,,682515,,2,5,"Bot",,,,,,,-1.7166345754959083,-117.79448283224382,0.895141556805985,-7.667562309335124,25.17759942628185,-25.04666067600299,3.305134514,1.668011811,,,,"80.3",2160,"6.1",824021,676439,666018,680700,691406,810938,802415,656775,683748,"54.38",,,,,,,,44,1,"Sweeper",2,3,2,3,3,2,2,3,"Infield shade","Standard",248,"-0.008","-0.04",,,,,"0.04",,-1,-1,0.391,0.391,27,30,28,31,2,0,6,1,6,2,"2.69","-0.87","0.87","40.4",,,,,
"SI","2026-06-14","92.8","-1.65","3.52","Siri, Jose",642350,687330,"strikeout","swinging_strike",,,,,14,"Jose Siri strikes out swinging.","R","R","R","LAA","TB","S",2,,1,2,2026,"-1.74","-0.57",0.5945648787167066,1.2993405610227953,,545361,,2,7,"Bot",,,,,,,9.644155464246833,-134.57920055940528,1.7315481273167157,-23.368325606749046,33.878871104247914,-39.76289533005456,3.305134514,1.668011811,,,,"93",2243,"7",824021,676439,666018,680700,691406,810938,802415,656775,683748,"53.54",,0,"0",1,0,0,,59,5,"Sinker",3,3,3,3,3,3,3,3,"Standard","Standard",259,"-0.045","-0.184","75.7","8.1","1.37985708",,"0.184",,0,0,0.545,0.545,28,30,29,31,1,1,5,1,3,2,"3.27","1.74","1.74","-2.9",12.25913665609888,3.5024169476779186,35.554445101869234,40.69308230776335,27.26856076944422
"SI","2026-06-14","91.5","-1.59","3.41","Siri, Jose",642350,687330,,"foul",,,,,9,,"R","R","R","LAA","TB","S",,,1,2,2026,"-1.25","-0.45",0.826835117342489,1.8126127971559134,,545361,,2,7,"Bot",,,,,,,8.859153527239176,-132.8628148821996,3.1148357193546103,-16.7809789896084,30.810235655129155,-38.4549102306215,3.305134514,1.668011811,,,,"92.2",2193,"7",824021,676439,666018,680700,691406,810938,802415,656775,683748,"53.48",,,,,,,,59,4,"Sinker",3,3,3,3,3,3,3,3,"Standard","Standard",258,"0","0","72.4","8.0",,,"0",,0,0,0.545,0.545,28,30,29,31,1,1,5,1,3,2,"3.2","1.25","1.25","-5.0",18.747689141212895,6.861818743238245,28.75817809760241,43.52215474570292,27.264746480540488
"FF","2026-06-14","94.3","-1.51","4.01","Siri, Jose",642350,687330,,"ball",,,,,12,,"R","R","R","LAA","TB","B",,,0,2,2026,"-1.13","0.96",1.2490769837182454,4.038973168318488,,545361,,2,7,"Bot",,,,,,,9.776734047181293,-136.83596545933955,3.901827948546133,-16.522376767070682,35.27369355792459,-21.607197176711416,3.305134514,1.668011811,,,,"95",2204,"7.2",824021,676439,666018,680700,691406,810938,802415,656775,683748,"53.27",,,,,,,,59,3,"4-Seam Fastball",3,3,3,3,3,3,3,3,"Standard","Standard",245,"0.006","0.004",,,,,"-0.004",,0,0,0.539,0.539,28,30,29,31,1,1,5,1,3,2,"1.66","1.13","1.13","12.8",,,,,
"SI","2026-06-14","91.5","-1.55","3.58","Siri, Jose",642350,687330,,"foul",,,,,6,,"R","R","R","LAA","TB","S",,,0,1,2026,"-1.36","-0.27",0.7237366026510548,2.190868763611677,,545361,,2,7,"Bot",,,,,,,8.751286314617614,-132.8740122167664,3.2253593482155916,-18.013351089433286,30.458255198150994,-36.38627148511746,3.305134514,1.668011811,1,"68.8",-61,"92.3",2156,"7",824021,676439,666018,680700,691406,810938,802415,656775,683748,"53.49",,,,,,,,59,2,"Sinker",3,3,3,3,3,3,3,3,"Standard","Standard",270,"-0.016","-0.056","72.6","7.2",,,"0.056","88.0",0,0,0.555,0.555,28,30,29,31,1,1,5,1,3,2,"3.02","1.36","1.36","-1.2",9.879893269165654,11.159927260370065,27.11146761609418,41.518111647908455,23.53894561881184
"SI","2026-06-14","91.9","-1.59","3.58","Siri, Jose",642350,687330,,"called_strike",,,,,5,,"R","R","R","LAA","TB","S",,,0,0,2026,"-1.18","-0.29",-0.16902250892061343,2.2763409510891193,,545361,,2,7,"Bot",,,,,,,6.24692016590971,-133.514876766453,3.5053116788624856,-15.524539171566362,32.92464071218639,-36.79968311157766,3.305134514,1.668011811,,,,"92.4",1931,"7",824021,676439,666018,680700,691406,810938,802415,656775,683748,"53.49",,,,,,,,59,1,"Sinker",3,3,3,3,3,3,3,3,"Standard","Standard",257,"-0.01","-0.04",,,,,"0.04",,0,0,0.565,0.565,28,30,29,31,1,1,5,1,3,2,"3.04","1.18","1.18","2.2",,,,,
"FF","2026-06-14","98.7","-0.51","6.62","Siri, Jose",642350,641329,"hit_by_pitch","hit_by_pitch",,,,,11,"Jose Siri hit by pitch.","R","R","R","LAA","TB","B",,,0,1,2026,"-0.27","1.37",-1.7317916352833962,4.1099302827424875,,,,2,9,"Bot",,,,,,,-2.6434768667617186,-143.6270880881276,-4.401264968173854,-2.9878522390162914,37.11356161498741,-12.47927211829555,3.305134514,1.668011811,,,,"98.3",2222,"6.3",824021,676439,666018,680700,691406,810938,802415,656775,683748,"54.16",,0.728904,"0.7",1,0,0,,80,2,"4-Seam Fastball",3,8,3,8,8,3,3,8,"Infield shade","Standard",198,"0","0.388",,,,,"-0.388",,-5,-5,0.001,0.001,31,30,32,31,1,2,5,1,5,2,"0.99","0.27","0.27","54.9",,,,,
"FF","2026-06-14","98.6","-0.19","6.59","Siri, Jose",642350,641329,,"swinging_strike",,,,,3,,"R","R","R","LAA","TB","S",,,0,0,2026,"-0.41","1.44",0.3046545242875099,3.037742688710369,,,,2,9,"Bot",,,,,,,2.289890383821308,-143.3853753738401,-7.379040272938107,-6.133838518302707,35.122950442239095,-10.787235873639084,3.305134514,1.668011811,,,,"98.7",2251,"6.5",824021,676439,666018,680700,691406,810938,802415,656775,683748,"53.99",,,,,,,,80,1,"4-Seam Fastball",3,8,3,8,8,3,3,8,"Infield shade","Standard",195,"0","-0.044","75.8","7.9","0.870298188",,"0.044",,-5,-5,0.001,0.001,31,30,32,31,1,2,5,1,5,2,"0.92","0.41","0.41","58.9",20.719520150302447,-4.208798258223231,31.621695011259504,36.9570287887886,30.838809574057407
"FC","2026-06-13","86.9","2.77","5.47","Siri, Jose",642350,592155,"walk","ball",,,,,12,"Jose Siri walks.","R","R","L","LAA","TB","B",,,3,2,2026,"-0.34","0.17",1.052495266442837,2.97235589059056,,,,2,8,"Bot",,,,,,,-3.3515471481244754,-126.55596817374547,0.05724231742674335,-2.9382955846746053,27.21245484055796,-30.59021858877802,3.305134514,1.668011811,,,,"86.9",1923,"6.4",824019,676439,666018,680700,691406,670764,802415,656775,683748,"54.13",,0.698079,"0.7",1,0,0,,71,7,"Cutter",8,0,8,0,0,8,8,0,"Infield shade","Standard",226,"0","0.296",,,,,"-0.296",,8,8,0.999,0.999,34,30,34,31,1,2,5,1,2,1,"2.86","-0.34","0.34","30.0",,,,,
"FC","2026-06-13","87.5","2.77","5.41","Siri, Jose",642350,592155,,"foul",,,,,8,,"R","R","L","LAA","TB","S",,,3,2,2026,"-0.28","0.19",0.1451076927546375,2.1444046289815417,,,,2,8,"Bot",,,,,,,-5.689920633420627,-127.31893115710874,-1.9532637042495689,-1.921874625309219,25.902634922972148,-29.87014999507012,3.305134514,1.668011811,,"98.6",14,"87.9",2110,"6.5",824019,676439,666018,680700,691406,670764,802415,656775,683748,"53.97",,,,,,,,71,6,"Cutter",8,0,8,0,0,8,8,0,"Infield shade","Standard",228,"0","0","65.9","8.5",,,"0","98.6",8,8,0.999,0.999,34,30,34,31,1,2,5,1,2,1,"2.78","-0.28","0.28","29.6",23.626325460189097,-26.958995391937158,28.17157200481088,35.8802545634686,45.62121559204671
"CH","2026-06-13","83.5","-1.55","5.75","Siri, Jose",642350,642121,"home_run","hit_into_play",,,,,9,"Jose Siri homers (3) on a fly ball to center field. Zach Neto scores.","R","R","R","LAA","TB","X",,"fly_ball",2,2,2026,"-1.02","0.35",0.32066450261314294,2.0320080056345113,,687263,,1,7,"Bot",114.08,23.74,,,,,6.282817783716308,-121.48416002708444,-2.618314911897343,-11.274282053741425,23.207166756950297,-28.44030005045737,3.305134514,1.668011811,431,"106",30,"83.7",1847,"6.4",824019,676439,666018,680700,691406,670764,802415,656775,683748,"54.1",1,2,"2",1,0,3,6,57,5,"Changeup",4,0,4,0,0,6,6,0,"Infield shade","Standard",238,"0.02","1.347","77.0","7.8",,4,"-1.347","106.0",4,4,0.972,0.972,36,30,36,31,1,1,3,1,4,1,"2.92","1.02","1.02","47.9",4.46480433048236,-9.552059261560197,40.34062207835175,36.84785813299311,32.14591940725811
"FC","2026-06-13","85.8","2.85","5.4","Siri, Jose",642350,592155,,"ball",,,,,14,,"R","R","L","LAA","TB","B",,,2,2,2026,"-0.21","0.19",1.2133018222999243,0.25193251179714293,,,,2,8,"Bot",,,,,,,-3.4157089865188253,-124.90015156214513,-6.044877450546486,-1.4540153053930627,25.92385909457618,-29.12227211726222,3.305134514,1.668011811,,,,"86.1",1814,"6.5",824019,676439,666018,680700,691406,670764,802415,656775,683748,"54",,,,,,,,71,5,"Cutter",8,0,8,0,0,8,8,0,"Infield shade","Standard",205,"0","0.086",,,,,"-0.086",,8,8,0.999,0.999,34,30,34,31,1,2,5,1,2,1,"2.91","-0.21","0.21","34.1",,,,,
"ST","2026-06-13","84.8","-1.94","5.53","Siri, Jose",642350,642121,,"ball",,,,,14,,"R","R","R","LAA","TB","B",,,1,2,2026,"0.07","0.88",1.5843078165454567,1.0402941600421658,,687263,,1,7,"Bot",,,,,,,7.975525195326069,-123.18484861377412,-5.698860328204624,-0.7782155083524868,23.794009032314268,-22.24491194445457,3.305134514,1.668011811,,,,"85",2514,"6.4",824019,676439,666018,680700,691406,670764,802415,656775,683748,"54.06",,,,,,,,57,4,"Sweeper",4,0,4,0,0,4,4,0,"Infield shade","Standard",140,"0","0.033",,,,,"-0.033",,4,4,0.972,0.972,36,30,36,31,1,1,3,1,4,1,"2.29","-0.07","-0.07","35.7",,,,,
"FF","2026-06-13","96.3","2.69","5.69","Siri, Jose",642350,592155,,"ball",,,,,12,,"R","R","L","LAA","TB","B",,,1,2,2026,"0.71","1.19",0.8028184135120463,4.018355130933695,,,,2,8,"Bot",,,,,,,-6.613228075706567,-140.10386552386234,-1.4391270916724055,10.873884124464468,32.4561181890404,-16.4316912237195,3.305134514,1.668011811,,,,"96.4",1705,"6.4",824019,676439,666018,680700,691406,670764,802415,656775,683748,"54.07",,,,,,,,71,4,"4-Seam Fastball",8,0,8,0,0,8,8,0,"Infield shade","Standard",142,"0","0.044",,,,,"-0.044",,8,8,0.999,0.999,34,30,34,31,1,2,5,1,2,1,"1.28","0.71","-0.71","35.0",,,,,
"FF","2026-06-13","93","-1.34","5.79","Siri, Jose",642350,642121,,"foul",,,,,6,,"R","R","R","LAA","TB","S",,,1,1,2026,"-0.78","1.54",0.6853062263282119,2.598668766919574,,687263,,1,7,"Bot",,,,,,,6.887770707325547,-135.09537069404197,-5.573144623337069,-11.140347812251525,32.793713051324815,-12.315134580945468,3.305134514,1.668011811,250,"74.1",40,"92.9",2544,"6.6",824019,676439,666018,680700,691406,670764,802415,656775,683748,"53.89",,,,,,,,57,3,"4-Seam Fastball",4,0,4,0,0,4,4,0,"Infield shade","Standard",212,"-0.001","-0.077","72.0","7.2",,,"0.077","88.0",4,4,0.973,0.973,36,30,36,31,1,1,3,1,4,1,"1.13","0.78","0.78","48.5",5.929184985118561,15.060853320869787,30.74233605478204,41.55453813626728,17.99072815318031
"FC","2026-06-13","85.6","2.73","5.44","Siri, Jose",642350,592155,,"swinging_strike",,,,,14,,"R","R","L","LAA","TB","S",,,1,1,2026,"-0.24","0.09",0.1636050453055546,1.3801218903775778,,,,2,8,"Bot",,,,,,,-5.500881117936085,-124.57815992943064,-3.292751938389988,-1.4466208393792745,24.552732212472062,-30.739007321089016,3.305134514,1.668011811,,,,"85.9",2079,"6.5",824019,676439,666018,680700,691406,670764,802415,656775,683748,"54.04",,,,,,,,71,3,"Cutter",8,0,8,0,0,8,8,0,"Infield shade","Standard",258,"0","-0.069","66.2","9.1","1.090482408",,"0.069",,8,8,0.999,0.999,34,30,34,31,1,2,5,1,2,1,"3.01","-0.24","0.24","31.9",24.451047219580406,-34.13446007617692,34.8479868107672,36.81892567853872,49.92524421633462
"FC","2026-06-13","86.5","2.81","5.44","Siri, Jose",642350,592155,,"called_strike",,,,,9,,"R","R","L","LAA","TB","S",,,1,0,2026,"-0.21","-0.04",0.6182005836243997,1.8942058240066095,,,,2,8,"Bot",,,,,,,-4.725339204515481,-125.8867352998312,-1.9286712923588563,-1.2684139905037208,26.409603425688754,-32.44649867174448,3.305134514,1.668011811,,,,"86.7",1787,"6.5",824019,676439,666018,680700,691406,670764,802415,656775,683748,"53.99",,,,,,,,71,2,"Cutter",8,0,8,0,0,8,8,0,"Infield shade","Standard",233,"0","-0.054",,,,,"0.054",,8,8,0.999,0.999,34,30,34,31,1,2,5,1,2,1,"3.1","-0.21","0.21","31.4",,,,,
"CH","2026-06-13","83.8","-1.71","5.64","Siri, Jose",642350,642121,,"swinging_strike",,,,,14,,"R","R","R","LAA","TB","S",,,1,0,2026,"-0.98","0.12",0.3855306804227512,0.6749064456397464,,687263,,1,7,"Bot",,,,,,,6.757695125401547,-121.78371603131254,-5.005702869308665,-11.090257000177955,24.674085010095244,-30.205417735755567,3.305134514,1.668011811,,,,"83.9",1718,"6.5",824019,676439,666018,680700,691406,670764,802415,656775,683748,"53.97",,,,,,,,57,2,"Changeup",4,0,4,0,0,4,4,0,"Infield shade","Standard",237,"0","-0.048","73.3","8.8","5.5083327",,"0.048",,4,4,0.973,0.973,36,30,36,31,1,1,3,1,4,1,"3.15","0.98","0.98","39.4",25.147794510355315,-22.673354173509715,37.26572267207755,37.777241675672784,46.48393760417733
"CH","2026-06-13","84.8","-1.63","5.72","Siri, Jose",642350,642121,,"ball",,,,,14,,"R","R","R","LAA","TB","B",,,0,0,2026,"-0.9","0.16",0.4520061558984241,1.4229168191429364,,,687263,1,7,"Bot",,,,,,,6.645284368860338,-123.34986109400798,-3.837276814001977,-10.518674941122304,23.025996330495328,-29.997095830664776,3.305134514,1.668011811,,,,"85.2",1752,"6.4",824019,676439,666018,680700,691406,670764,802415,656775,683748,"54.06",,,,,,,,57,1,"Changeup",4,0,4,0,0,4,4,0,"Infield shade","Standard",232,"0.002","0.033",,,,,"-0.033",,4,4,0.971,0.971,36,30,36,31,1,1,3,1,4,1,"3","0.9","0.9","43.2",,,,,
"FF","2026-06-13","95.9","2.71","5.63","Siri, Jose",642350,592155,,"ball",,,,,12,,"R","R","L","LAA","TB","B",,,0,0,2026,"0.8","0.93",1.0816247687039895,3.833875111693481,,,,2,8,"Bot",,,,,,,-6.114942619221437,-139.5849829264168,-1.1482123939176025,11.815252759206787,31.323071563506332,-19.90230015016443,3.305134514,1.668011811,,,,"96.2",1625,"6.5",824019,676439,666018,680700,691406,670764,802415,656775,683748,"54.03",,,,,,,,71,1,"4-Seam Fastball",8,0,8,0,0,8,8,0,"Infield shade","Standard",140,"0","0.041",,,,,"-0.041",,8,8,0.999,0.999,34,30,34,31,1,2,5,1,2,1,"1.54","0.8","-0.8","34.1",,,,,
"SI","2026-06-13","97.1","1.21","5.21","Siri, Jose",642350,664076,"strikeout","called_strike",,,,,4,"Jose Siri called out on strikes.","R","R","L","LAA","TB","S",2,,1,2,2026,"1.44","0.87",-0.29504606577989034,2.598061692572972,,,,0,6,"Bot",,,,,,,-7.278226519395666,-141.09068123387067,-3.1501014805696133,20.877954305583618,38.1819786968194,-20.144499916359575,3.305134514,1.668011811,,,,"95.9",2501,"6.1",824019,676439,666018,680700,691406,670764,802415,656775,683748,"54.39",,0,"0",1,0,0,,44,6,"Sinker",1,0,1,0,0,1,1,0,"Infield shade","Standard",134,"-0.015","-0.188",,,,,"0.188",,1,1,0.734,0.734,32,30,32,31,1,0,3,1,1,1,"1.6","1.44","-1.44","26.6",,,,,
"SL","2026-06-13","87","1.38","5.15","Siri, Jose",642350,664076,,"foul",,,,,13,,"R","R","L","LAA","TB","S",,,1,2,2026,"-0.63","-0.07",-0.07595705524403362,1.172350554876596,,,,0,6,"Bot",,,,,,,-2.1108615957403507,-126.67091556994309,-2.9911420873622574,-6.378869680288385,26.08375693021535,-32.493993210365076,3.305134514,1.668011811,1,"101.3",-44,"86.8",2671,"6.1",824019,676439,666018,680700,691406,670764,802415,656775,683748,"54.37",,,,,,,,44,5,"Slider",1,0,1,0,0,1,1,0,"Infield shade","Standard",265,"0","0","70.0","8.5",,,"0","101.3",1,1,0.734,0.734,32,30,32,31,1,0,3,1,1,1,"3.08","-0.63","0.63","28.9",18.80826879455374,-4.756533047874625,37.25107507135586,33.692873603026854,32.51052746936122
"FF","2026-06-13","97.3","1.08","5.41","Siri, Jose",642350,664076,,"foul",,,,,4,,"R","R","L","LAA","TB","S",,,1,2,2026,"0.54","1.24",-0.7425208644751088,2.721912457666255,,,,0,6,"Bot",,,,,,,-6.0550877427166645,-141.58703145056325,-4.39126139697115,8.590889498343294,32.04570706302509,-14.721511251884746,3.305134514,1.668011811,151,"59.6",37,"97.2",2377,"6.2",824019,676439,666018,680700,691406,670764,802415,656775,683748,"54.29",,,,,,,,44,4,"4-Seam Fastball",1,0,1,0,0,1,1,0,"Infield shade","Standard",142,"0","0","70.3","6.0",,,"0","88.0",1,1,0.734,0.734,32,30,32,31,1,0,3,1,1,1,"1.17","0.54","-0.54","35.2",-3.8215061284608702,21.464050666768916,37.0680544563085,24.811683774353547,19.409549717884502
"SL","2026-06-13","86.4","1.35","5.08","Siri, Jose",642350,664076,,"ball",,,,,13,,"R","R","L","LAA","TB","B",,,0,2,2026,"-0.62","-0.11",-0.8898127276856032,-0.3573284872639402,,,,0,6,"Bot",,,,,,,-3.966546771255816,-125.67246255496636,-6.195262116262961,-5.807701876038741,25.08929443664205,-32.29774055418311,3.305134514,1.668011811,,,,"86.1",2789,"6.1",824019,676439,666018,680700,691406,670764,802415,656775,683748,"54.44",,,,,,,,44,3,"Slider",1,0,1,0,0,1,1,0,"Infield shade","Standard",270,"0.002","0.023",,,,,"-0.023",,1,1,0.732,0.732,32,30,32,31,1,0,3,1,1,1,"3.16","-0.62","0.62","31.8",,,,,
"SL","2026-06-13","87.2","1.3","5.12","Siri, Jose",642350,664076,,"foul",,,,,13,,"R","R","L","LAA","TB","S",,,0,1,2026,"-0.48","0.03",-0.5774017453231303,1.5110672535018366,,,,0,6,"Bot",,,,,,,-3.455684210420131,-127.0740358004983,-2.376132392498925,-4.4451133754754,25.92384468141481,-31.537052935809637,3.305134514,1.668011811,3,"104.2",-29,"87",2730,"6.1",824019,676439,666018,680700,691406,670764,802415,656775,683748,"54.4",,,,,,,,44,2,"Slider",1,0,1,0,0,1,1,0,"Infield shade","Standard",260,"-0.005","-0.056","73.5","8.4",,,"0.056","104.2",1,1,0.737,0.737,32,30,32,31,1,0,3,1,1,1,"2.95","-0.48","0.48","28.7",17.02441879125572,-10.890217146259118,37.94680721307769,28.052351470684798,39.08539448417807
"SL","2026-06-13","88.7","1.27","5.26","Siri, Jose",642350,664076,,"swinging_strike",,,,,13,,"R","R","L","LAA","TB","S",,,0,0,2026,"-0.58","0.21",-1.0358253055622915,1.839647801457672,,,,0,6,"Bot",,,,,,,-4.314714055921366,-129.1276082865616,-2.54543223674739,-5.621702206421216,27.243099934260737,-29.46150934707342,3.305134514,1.668011811,,,,"88.5",2699,"6.2",824019,676439,666018,680700,691406,670764,802415,656775,683748,"54.31",,,,,,,,44,1,"Slider",1,0,1,0,0,1,1,0,"Infield shade","Standard",208,"-0.003","-0.043","74.5","8.4","1.966160388",,"0.043",,1,1,0.74,0.74,32,30,32,31,1,0,3,1,1,1,"2.68","-0.58","0.58","29.7",24.824894545549952,-28.02256912751306,38.30887800873135,22.195616788357402,42.75790310136731
"FF","2026-06-12","96.1","0.51","6.42","Siri, Jose",642350,663556,"field_out","hit_into_play",,,,,3,"Jose Siri flies out sharply to left fielder Ryan Vilade.","R","R","L","LAA","TB","X",7,"fly_ball",0,2,2026,"0.81","1.3",0.45952621461500004,3.1742376272347803,,,681351,2,3,"Bot",76.68,56.37,,,,,-2.0085665493563476,-139.85833779927964,-5.80818641655524,11.097825833084793,32.46546824174217,-14.016547524618646,3.305134514,1.668011811,372,"106.1",44,"96.3",2222,"6.5",824020,663743,666018,810938,691406,670764,668723,802415,596103,"54.02",0.243,0.49,"0",1,0,0,5,30,3,"4-Seam Fastball",4,0,4,0,0,4,4,0,"Infield shade","Standard",142,"-0.005","-0.176",,,,0.944,"0.176","106.1",4,4,0.881,0.881,29,30,29,31,2,1,6,2,5,1,"1.17","0.81","-0.81","42.4",,,,,
"SL","2026-06-12","89.3","0.96","6.12","Siri, Jose",642350,663556,,"foul",,,,,7,,"R","R","L","LAA","TB","S",,,0,1,2026,"-0.3","0.21",-0.41660378089510636,1.9076056813199465,,,681351,2,3,"Bot",,,,,,,-2.7370275355420515,-129.9694822620271,-4.5631598634935555,-2.7329933652546035,28.71635687622622,-29.015226146818872,3.305134514,1.668011811,5,"88.7",-21,"89.9",2287,"6.8",824020,663743,666018,810938,691406,670764,668723,802415,596103,"53.75",,,,,,,,30,2,"Slider",4,0,4,0,0,4,4,0,"Infield shade","Standard",169,"-0.003","-0.061","73.1","8.2",,,"0.061","88.7",4,4,0.884,0.884,29,30,29,31,2,1,6,2,5,1,"2.66","-0.3","0.3","33.9",19.854999518085908,-18.844746256448442,32.57702129938263,27.74303182555771,37.23589365725879
"CH","2026-06-12","87","0.86","6.22","Siri, Jose",642350,663556,,"called_strike",,,,,3,,"R","R","L","LAA","TB","S",,,0,0,2026,"1.4","0.87",0.4095176793359223,2.859765060869904,,,681351,2,3,"Bot",,,,,,,-3.9978175716755366,-126.60959957370396,-3.4351382838138362,15.807169353487035,28.720964130039093,-22.357906614647803,3.305134514,1.668011811,,,,"87",1753,"6.6",824020,663743,666018,810938,691406,670764,668723,802415,596103,"53.95",,,,,,,,30,1,"Changeup",4,0,4,0,0,4,4,0,"Infield shade","Standard",111,"-0.001","-0.042",,,,,"0.042",,4,4,0.885,0.885,29,30,29,31,2,1,6,2,5,1,"2.17","1.4","-1.4","37.9",,,,,
,"2026-06-12",,,,"Siri, Jose",642350,669438,"field_out","hit_into_play",,,,,,"Jose Siri grounds out to pitcher Mason Englert.","R","R","R","LAA","TB","X",1,"ground_ball",1,2,2026,,,,,,,,0,8,"Bot",139.68,187.46,,,,,,,,,,,,,,,,,,,824020,663743,666018,810938,691406,670764,668723,802415,596103,,,,"0",,0,0,,69,4,,4,2,4,2,2,4,4,2,,,,"-0.004","-0.188",,,,,"0.188",,2,2,0.936,0.936,26,30,27,31,2,3,9,2,23,1,,,,,,,,,
,"2026-06-12",,,,"Siri, Jose",642350,669438,,"ball",,,,,,,"R","R","R","LAA","TB","B",,,0,2,2026,,,,,,,,0,8,"Bot",,,,,,,,,,,,,,,,,,,,,824020,663743,666018,810938,691406,670764,668723,802415,596103,,,,,,,,,69,3,,4,2,4,2,2,4,4,2,,,,"0","0.023",,,,,"-0.023",,2,2,0.936,0.936,26,30,27,31,2,3,9,2,23,1,,,,,,,,,
,"2026-06-12",,,,"Siri, Jose",642350,669438,,"swinging_strike",,,,,,,"R","R","R","LAA","TB","S",,,0,1,2026,,,,,,,,0,8,"Bot",,,,,,,,,,,,,,,,,,,,,824020,663743,666018,810938,691406,670764,668723,802415,596103,,,,,,,,,69,2,,4,2,4,2,2,4,4,2,,,,"-0.001","-0.056",,,,,"0.056",,2,2,0.937,0.937,26,30,27,31,2,3,9,2,23,1,,,,,,,,,
,"2026-06-12",,,,"Siri, Jose",642350,669438,,"foul",,,,,,,"R","R","R","LAA","TB","S",,,0,0,2026,,,,,,,,0,8,"Bot",,,,,,,,,,,,,,,,,,,,,824020,663743,666018,810938,691406,670764,668723,802415,596103,,,,,,,,,69,1,,4,2,4,2,2,4,4,2,,,,"-0.001","-0.043",,,,,"0.043",,2,2,0.938,0.938,26,30,27,31,2,3,9,2,23,1,,,,,,,,,
"FF","2026-06-12","96.4","0.8","6.25","Siri, Jose",642350,663556,"single","hit_into_play",,,,,14,"Jose Siri singles on a ground ball to shortstop Taylor Walls, deflected by pitcher Shane McClanahan. Nick Madrigal to 2nd.","R","R","L","LAA","TB","X",1,"ground_ball",1,1,2026,"0.75","1.41",0.3789690093060727,1.3643287944995919,,,663611,1,2,"Bot",129.39,180.8,,,,,-2.887018351266384,-140.13472103181442,-10.53359138646866,10.598649914555294,29.566702507317743,-11.520378214492194,3.305134514,1.668011811,33,"107.4",-1,"97.8",2256,"7",824020,663743,666018,810938,691406,670764,668723,802415,596103,"53.54",0.483,0.447,"0.9",1,1,0,4,18,3,"4-Seam Fastball",2,0,2,0,0,2,2,0,"Infield shade","Standard",141,"0.026","0.42","79.3","7.6",,0.528,"-0.42","107.4",2,2,0.748,0.748,29,30,29,31,1,0,6,2,5,1,"1.04","0.75","-0.75","43.9",1.5719442540115542,13.139579694194216,38.37282917723292,38.158455446473084,23.768033548905432
"CH","2026-06-12","88.4","0.67","6.19","Siri, Jose",642350,663556,,"blocked_ball",,,,,14,,"R","R","L","LAA","TB","B",,,0,1,2026,"1.33","0.3",0.3006877003858125,-0.16073338839404983,,,663611,1,2,"Bot",,,,,,,-3.734104244770877,-128.3954681640128,-9.733829717882859,15.452111626247904,27.23445132956361,-26.951231891040447,3.305134514,1.668011811,,,,"88.7",1677,"6.6",824020,663743,666018,810938,691406,670764,668723,802415,596103,"53.85",,,,,,,,18,2,"Changeup",2,0,2,0,0,2,2,0,"Infield shade","Standard",106,"0.002","0.029",,,,,"-0.029",,2,2,0.746,0.746,29,30,29,31,1,0,6,2,5,1,"2.63","1.33","-1.33","35.2",,,,,
"FF","2026-06-12","96.5","0.44","6.4","Siri, Jose",642350,663556,,"foul",,,,,6,,"R","R","L","LAA","TB","S",,,0,0,2026,"0.74","1.23",0.2858466112249975,2.5122259600239625,,,663611,1,2,"Bot",,,,,,,-2.1372047982602145,-140.4405128679061,-7.435100894550246,10.242844506499909,32.81419172307248,-14.45610132245146,3.305134514,1.668011811,191,"84.8",67,"97.2",2214,"6.7",824020,663743,666018,810938,691406,670764,668723,802415,596103,"53.75",,,,,,,,18,1,"4-Seam Fastball",2,0,2,0,0,2,2,0,"Infield shade","Standard",146,"-0.003","-0.041","77.4","7.1",,,"0.041","88.0",2,2,0.749,0.749,29,30,29,31,1,0,6,2,5,1,"1.23","0.74","-0.74","41.6",-4.511636427348797,4.641468047641521,30.213228411794468,37.354142875167156,29.52904235145327
"FF","2026-06-12","92.5","-1.25","6.02","Siri, Jose",642350,669438,"sac_bunt","hit_into_play",,,,,7,"Jose Siri out on a sacrifice bunt, catcher Nick Fortes to second baseman Ben Williamson. Logan O'Hoppe to 3rd.","R","R","R","LAA","TB","X",2,"ground_ball",0,0,2026,"-0.82","1.58",-0.7668866781181022,2.014081396875297,,681351,,0,6,"Bot",126.87,199.91,,,,,3.0500367465839857,-134.32790595539015,-7.521338474489976,-10.625228939476926,35.21035728178283,-11.636111471062677,3.305134514,1.668011811,0,"41.4",-80,"91.6",2371,"6.4",824020,663743,666018,810938,691406,670764,668723,802415,596103,"54.14",,,"0.2",0,0,0,1,52,1,"4-Seam Fastball",4,2,4,2,2,4,4,2,"Strategic","Standard",213,"-0.002","-0.007",,,,,"0.007","88.0",2,2,0.881,0.881,26,30,27,31,1,2,9,2,23,1,"1.14","0.82","0.82","43.4",,,,,
"FF","2026-06-10","93.9","-2.31","6.17","Siri, Jose",642350,663567,"field_out","hit_into_play",,,,,2,"Jose Siri flies out sharply to center fielder Jake Meyers.","R","R","R","LAA","HOU","X",8,"fly_ball",0,2,2026,"-0.84","1.48",-0.06571739206387983,2.8374969882993843,,,,1,5,"Bot",101.51,50.75,,,,,7.59251431580157,-136.33102088895984,-5.920992502240816,-12.271451453620346,34.38601769755191,-12.583134807850273,3.305134514,1.668011811,371,"101.4",34,"92.9",2384,"6.2",824022,543877,572233,514888,670623,694376,694728,676694,701358,"54.34",0.411,0.836,"0",1,0,0,6,32,3,"4-Seam Fastball",1,0,1,0,0,1,1,0,"Standard","Standard",216,"-0.01","-0.165","80.1","7.4",,1.605,"0.165","101.4",1,1,0.681,0.681,29,30,29,31,2,1,5,1,7,2,"1.14","0.84","0.84","51.1",5.493709680341685,-1.6372597729730582,29.476547280010696,32.60038127003831,32.04263078354835
"FF","2026-06-10","93","-2.38","6.15","Siri, Jose",642350,663567,,"foul",,,,,6,,"R","R","R","LAA","HOU","S",,,0,1,2026,"-0.68","1.55",0.5543429300661401,2.7721320919747234,,,,1,5,"Bot",,,,,,,8.896513099567878,-135.0380259623589,-6.040207229920282,-10.334207465850321,31.607611269445524,-12.046613320188104,3.305134514,1.668011811,172,"79.8",68,"92.3",2356,"6.1",824022,543877,572233,514888,670623,694376,694728,676694,701358,"54.37",,,,,,,,32,2,"4-Seam Fastball",1,0,1,0,0,1,1,0,"Standard","Standard",211,"-0.004","-0.057","76.3","7.5",,,"0.057","88.0",1,1,0.685,0.685,29,30,29,31,2,1,5,1,7,2,"1.11","0.68","0.68","49.8",12.523229213120924,1.5497889799714875,27.895126278331045,39.66248809259077,27.333691339385346
"SI","2026-06-10","91.6","-2.95","5.87","Siri, Jose",642350,663567,,"called_strike",,,,,4,,"R","R","R","LAA","HOU","S",,,0,0,2026,"-1.4","1.05",-0.428133424826838,2.2431343522150895,,,,1,5,"Bot",,,,,,,9.337683246557205,-132.88987505180958,-5.306690285399249,-18.69768981006896,30.460385297480855,-18.712378844413024,3.305134514,1.668011811,,,,"91.1",2071,"6.3",824022,543877,572233,514888,670623,694376,694728,676694,701358,"54.22",,,,,,,,32,1,"Sinker",1,0,1,0,0,1,1,0,"Standard","Standard",217,"-0.002","-0.042",,,,,"0.042",,1,1,0.687,0.687,29,30,29,31,2,1,5,1,7,2,"1.7","1.4","1.4","44.7",,,,,
"SI","2026-06-10","94.4","-2.67","5.89","Siri, Jose",642350,663567,"field_out","hit_into_play",,,,,8,"Jose Siri flies out to right fielder Cam Smith.","R","R","R","LAA","HOU","X",9,"fly_ball",0,0,2026,"-1.37","1.36",-0.20486173055387358,2.13323210580353,,,641820,2,2,"Bot",164.04,117.39,,,,,9.43013110539692,-136.9098186690236,-6.859713736839146,-19.3828836774707,33.19572351101167,-13.660337484515686,3.305134514,1.668011811,226,"86.3",54,"93.9",2023,"6.4",824022,543877,572233,514888,670623,694376,694728,676694,701358,"54.1",0.017,0.018,"0",1,0,0,3,14,1,"Sinker",1,0,1,0,0,1,1,0,"Standard","Standard",220,"-0.02","-0.279","76.3","7.7",,0.027,"0.279","88.0",1,1,0.632,0.632,29,30,29,31,1,0,5,1,7,2,"1.23","1.37","1.37","43.1",10.968626678866563,0.03030571773185713,33.98524549940071,33.15775086144218,28.03236187864037
"FF","2026-06-10","96","-2.08","5.31","Siri, Jose",642350,660853,"walk","ball",,,,,11,"Christian Vázquez challenged (pitch result), call on the field was confirmed: Jose Siri walks.","R","R","R","LAA","HOU","B",,,3,1,2026,"-0.98","1.36",-0.4530403644041343,3.500670755468809,,,,0,8,"Bot",,,,,,,6.491709236025542,-139.61390268217963,-2.1376910721516795,-14.2542066277095,33.30614545968033,-14.141234572746392,3.305134514,1.668011811,,,,"95.8",2347,"6.3",824022,543877,572233,514888,670623,694376,694388,694728,701358,"54.19",,0.698079,"0.7",1,0,0,,52,5,"4-Seam Fastball",2,2,2,2,2,2,2,2,"Standard","Standard",230,"0.037","0.264",,,,,"-0.264",,0,0,0.633,0.633,30,30,31,31,1,2,2,1,2,2,"1.13","0.98","0.98","22.4",,,,,
"FF","2026-06-10","94.8","-1.94","5.29","Siri, Jose",642350,660853,,"ball",,,,,12,,"R","R","R","LAA","HOU","B",,,2,1,2026,"-0.97","1.24",1.349672211171169,3.5397362007064856,,,,0,8,"Bot",,,,,,,10.735091314371028,-137.5663315026032,-1.5097492582414298,-14.780185640081504,31.959531217624843,-16.328011722983398,3.305134514,1.668011811,,,,"95.1",2280,"6.7",824022,543877,572233,514888,670623,694376,694388,694728,701358,"53.8",,,,,,,,52,4,"4-Seam Fastball",2,2,2,2,2,2,2,2,"Standard","Standard",228,"0.019","0.144",,,,,"-0.144",,0,0,0.614,0.614,30,30,31,31,1,2,2,1,2,2,"1.32","0.97","0.97","22.3",,,,,
"SL","2026-06-10","86.6","-2.09","5.34","Siri, Jose",642350,660853,,"ball",,,,,14,,"R","R","R","LAA","HOU","B",,,1,1,2026,"0.32","0.43",0.5936537357322907,1.0760469791206386,,,,0,8,"Bot",,,,,,,5.667317400758125,-126.09479743912755,-4.66075813059979,2.3567174167745,24.792510673873082,-26.872376850729356,3.305134514,1.668011811,,,,"86.9",2240,"6.4",824022,543877,572233,514888,670623,694376,694388,694728,701358,"54.13",,,,,,,,52,3,"Slider",2,2,2,2,2,2,2,2,"Standard","Standard",209,"0.008","0.064",,,,,"-0.064",,0,0,0.606,0.606,30,30,31,31,1,2,2,1,2,2,"2.6","-0.32","-0.32","24.8",,,,,
"FF","2026-06-10","97.8","-2.14","5.64","Siri, Jose",642350,650556,"single","hit_into_play",,,,,3,"Jose Siri singles on a sharp line drive to left fielder Joey Loperfido. Nick Madrigal scores. Donovan Walton to 3rd.","R","R","R","LAA","HOU","X",7,"line_drive",0,2,2026,"-0.24","1.35",0.661885727194249,3.0798175381385864,663611,622268,,0,10,"Bot",65.29,110.55,,,,,8.067761478303524,-142.13114364440045,-4.349340966890855,-5.301940937237267,35.561084144270225,-13.177014030891945,3.305134514,1.668011811,191,"104.2",11,"98",2303,"6.7",824022,805672,670623,514888,694376,665161,694388,694728,701358,"53.81",0.929,0.911,"0.9",1,1,0,4,69,3,"4-Seam Fastball",2,2,2,2,2,3,3,2,"Strategic","Standard",211,"0.11","0.603","70.2","8.1",,1.174,"-0.603","104.2",0,0,0.89,0.89,29,30,29,31,1,3,2,1,3,2,"1.06","0.24","0.24","49.1",24.161285118773645,-14.570989172196066,24.44169407831237,41.70848461499709,35.238842959240515
"FF","2026-06-10","95.2","-2.03","5.41","Siri, Jose",642350,660853,,"swinging_strike",,,,,11,,"R","R","R","LAA","HOU","S",,,1,0,2026,"-0.78","1.44",-0.08316150164482494,3.725339321308275,,,,0,8,"Bot",,,,,,,6.839788133333515,-138.37203333501208,-1.829457713854289,-11.645107878096574,34.171728148341224,-13.605305968584045,3.305134514,1.668011811,,,,"94.9",2322,"6.4",824022,543877,572233,514888,670623,694376,694388,694728,701358,"54.1",,,,,,,,52,2,"4-Seam Fastball",2,2,2,2,2,2,2,2,"Standard","Standard",229,"-0.008","-0.058","71.5","6.7","0.99089142",,"0.058",,0,0,0.614,0.614,30,30,31,31,1,2,2,1,2,2,"1.1","0.78","0.78","27.4",13.990230124914866,6.324014351876382,24.490194003806852,33.5839099759206,23.705598415478022
"SL","2026-06-10","87.4","-2.11","5.37","Siri, Jose",642350,660853,,"ball",,,,,14,,"R","R","R","LAA","HOU","B",,,0,0,2026,"0.28","0.42",1.2222468587838338,2.462909050182791,,,,0,8,"Bot",,,,,,,7.358318372786692,-127.15008601664579,-1.5518681120516313,1.5564064679534606,26.064076128887862,-27.464747545884045,3.305134514,1.668011811,,,,"87.8",2308,"6.5",824022,543877,572233,514888,670623,694376,694388,694728,701358,"53.97",,,,,,,,52,1,"Slider",2,2,2,2,2,2,2,2,"Standard","Standard",211,"0.006","0.044",,,,,"-0.044",,0,0,0.608,0.608,30,30,31,31,1,2,2,1,2,2,"2.56","-0.28","-0.28","24.8",,,,,
"SL","2026-06-10","87.6","-2.77","5.71","Siri, Jose",642350,650556,,"swinging_strike",,,,,1,,"R","R","R","LAA","HOU","S",,,0,1,2026,"0.59","-0.39",-0.7400521331433525,2.9783208492367783,663611,,622268,0,10,"Bot",,,,,,,3.594694840706536,-127.4071441470294,0.6526581373262716,5.528795661567709,30.151480872976318,-36.79633160878803,3.305134514,1.668011811,,,,"87.3",3002,"6.5",824022,805672,670623,514888,694376,665161,694388,694728,701358,"54.03",,,,,,,,69,2,"Slider",2,2,2,2,2,2,2,2,"Strategic","Standard",56,"-0.022","-0.061","57.0","5.2","1.942456308",,"0.061",,0,0,0.912,0.912,29,30,29,31,1,3,2,1,3,2,"3.4","-0.59","-0.59","48.4",-11.541574507781307,42.46515394620407,32.60776216242256,27.388636601788853,6.03189265911282
"SL","2026-06-10","86.7","-2.94","5.53","Siri, Jose",642350,650556,,"foul_bunt",,,,,3,,"R","R","R","LAA","HOU","S",,,0,0,2026,"0.39","-0.41",0.4140094212351229,3.1987360592707352,663611,,622268,0,10,"Bot",,,,,,,7.1121185536354785,-126.00869357777025,1.7272033527752695,2.541114617406261,27.535158861839907,-37.16536531858249,3.305134514,1.668011811,,,,"86.6",2667,"6.5",824022,805672,670623,514888,694376,665161,694388,694728,701358,"54.01",,,,,,,,69,1,"Slider",2,2,2,2,2,2,2,2,"Strategic","Standard",61,"-0.015","-0.038","8.9","2.0",,,"0.038","88.0",0,0,0.927,0.927,29,30,29,31,1,3,2,1,3,2,"3.47","-0.39","-0.39","41.5",-43.52205142735038,-159.19731132543512,56.911178731740925,41.561471357730014,22.471884146145403
"ST","2026-06-09","84.5","-2.29","5.5","Siri, Jose",642350,678906,"strikeout","swinging_strike",,,,,14,"Jose Siri strikes out swinging.","R","R","R","LAA","HOU","S",2,,2,2,2026,"1.3","-0.06",2.187876704149508,1.0009680561352354,,,,0,3,"Bot",,,,,,,7.649751466465924,-122.6421616911,-3.5654558202704703,11.004495045755727,30.00220766665772,-32.12814079032824,3.305134514,1.668011811,,,,"83.7",2705,"6.5",824023,543877,572233,514888,670623,665161,694388,676694,701358,"54.04",,0,"0",1,0,0,,33,6,"Sweeper",7,0,7,0,0,7,7,0,"Standard","Standard",54,"-0.002","-0.234","44.4","8.5","15.12467388",,"0.234",,7,7,0.975,0.975,27,30,28,31,2,1,5,1,6,1,"3.33","-1.3","-1.3","22.8",19.93644184890567,-20.105116119396033,26.752418053206117,59.98993807401053,41.33021336899993
"ST","2026-06-09","85.4","-2.3","5.54","Siri, Jose",642350,678906,,"foul",,,,,6,,"R","R","R","LAA","HOU","S",,,2,2,2026,"0.94","0.04",0.7413450177560065,2.2800645645466115,,,,0,3,"Bot",,,,,,,5.103744260049196,-124.1558215554705,-1.1430965133772624,8.427689543977433,29.137493880990302,-31.696794240342584,3.305134514,1.668011811,5,"63.9",-25,"84.6",2618,"6.2",824023,543877,572233,514888,670623,665161,694388,676694,701358,"54.31",,,,,,,,33,5,"Sweeper",7,0,7,0,0,7,7,0,"Standard","Standard",53,"0","0","69.5","8.1",,,"0","88.0",7,7,0.975,0.975,27,30,28,31,2,1,5,1,6,1,"3.13","-0.94","-0.94","23.9",18.083827036722997,-22.748339123500394,27.96620774842429,42.217125412638815,47.48254390830749
"FF","2026-06-09","93.1","-2.27","5.55","Siri, Jose",642350,678906,,"ball",,,,,12,,"R","R","R","LAA","HOU","B",,,1,2,2026,"-0.6","1.04",1.0056461532679817,2.4926465140427796,,,,0,3,"Bot",,,,,,,9.634910966448361,-135.29179756352093,-4.178860566980727,-9.511378876325242,29.74183470734924,-18.6698520875927,3.305134514,1.668011811,,,,"93.1",2526,"6.4",824023,543877,572233,514888,670623,665161,694388,676694,701358,"54.13",,,,,,,,33,4,"4-Seam Fastball",7,0,7,0,0,7,7,0,"Standard","Standard",225,"0.001","0.046",,,,,"-0.046",,7,7,0.974,0.974,27,30,28,31,2,1,5,1,6,1,"1.6","0.6","0.6","29.5",,,,,
"FF","2026-06-09","92.6","-2.3","5.49","Siri, Jose",642350,678906,,"called_strike",,,,,1,,"R","R","R","LAA","HOU","S",,,1,1,2026,"-0.77","0.92",-0.6932406937588997,3.052668342234592,,,,0,3,"Bot",,,,,,,5.743779178051548,-134.77572205588436,-2.3087676864885593,-10.63494918529773,28.046316618087396,-20.600358480037894,3.305134514,1.668011811,,,,"92.6",2469,"6.2",824023,543877,572233,514888,670623,665161,694388,676694,701358,"54.32",,,,,,,,33,3,"4-Seam Fastball",7,0,7,0,0,7,7,0,"Standard","Standard",230,"-0.001","-0.062",,,,,"0.062",,7,7,0.975,0.975,27,30,28,31,2,1,5,1,6,1,"1.72","0.77","0.77","24.2",,,,,
"FF","2026-06-09","90.6","-2.23","5.5","Siri, Jose",642350,678906,,"ball",,,,,12,,"R","R","R","LAA","HOU","B",,,0,1,2026,"-0.59","0.99",0.8066902539145981,3.5477915832056413,,,,0,3,"Bot",,,,,,,8.736663428236978,-131.72084176435573,-0.9227064836010062,-8.68120672869329,28.0916840279083,-20.682188930555014,3.305134514,1.668011811,,,,"90.5",2373,"6.3",824023,543877,572233,514888,670623,665161,694388,676694,701358,"54.22",,,,,,,,33,2,"4-Seam Fastball",7,0,7,0,0,7,7,0,"Standard","Standard",224,"0","0.029",,,,,"-0.029",,7,7,0.975,0.975,27,30,28,31,2,1,5,1,6,1,"1.79","0.59","0.59","25.0",,,,,
"ST","2026-06-09","82.3","-2.34","5.45","Siri, Jose",642350,678906,,"foul",,,,,2,,"R","R","R","LAA","HOU","S",,,0,0,2026,"1.2","0.19",0.06764805947161223,2.801861934379105,,,,0,3,"Bot",,,,,,,3.0021616156290305,-119.82888349501023,0.3777150742473365,10.84085682286044,25.294896748104083,-30.65301535890431,3.305134514,1.668011811,182,"67.2",42,"81.5",2573,"5.9",824023,543877,572233,514888,670623,665161,694388,676694,701358,"54.58",,,,,,,,33,1,"Sweeper",7,0,7,0,0,7,7,0,"Standard","Standard",67,"0","-0.043","75.2","7.7",,,"0.043","88.0",7,7,0.975,0.975,27,30,28,31,2,1,5,1,6,1,"3.19","-1.2","-1.2","27.6",16.821433100763745,-5.506412352423219,31.36505849441706,35.25690429492294,31.00725644053112
"FF","2026-06-09","93.2","-2.32","5.4","Siri, Jose",642350,678906,"strikeout","swinging_strike",,,,,11,"Jose Siri strikes out swinging.","R","R","R","LAA","HOU","S",2,,0,2,2026,"-0.74","1.03",-0.22137310700804047,3.4878479338293835,,,,0,2,"Bot",,,,,,,6.959144309139273,-135.6543739711146,-1.287134104423727,-10.591678770243682,29.29406291726939,-19.381242135159617,3.305134514,1.668011811,,,,"93.1",2436,"6.2",824023,543877,572233,514888,670623,665161,694388,676694,701358,"54.32",,0,"0",1,0,0,,18,3,"4-Seam Fastball",2,0,2,0,0,2,2,0,"Standard","Standard",237,"-0.01","-0.165","65.0","5.3","2.815291848",,"0.165",,2,2,0.741,0.741,27,30,28,31,1,0,5,1,6,1,"1.59","0.74","0.74","19.9",-11.029984128632377,50.801940947587475,29.438856361798393,34.24401586767091,5.721347372696285
"SI","2026-06-09","92.8","-2.3","5.44","Siri, Jose",642350,678906,,"called_strike",,,,,8,,"R","R","R","LAA","HOU","S",,,0,1,2026,"-1.34","0.46",0.13953102979594756,1.8530249230198883,,,,0,2,"Bot",,,,,,,9.100974956288614,-134.82170355459255,-4.146297600559619,-18.323107046228326,30.626882995468716,-25.80839244909469,3.305134514,1.668011811,,,,"92.2",2369,"6.1",824023,543877,572233,514888,670623,665161,694388,676694,701358,"54.35",,,,,,,,18,2,"Sinker",2,0,2,0,0,2,2,0,"Standard","Standard",233,"-0.004","-0.056",,,,,"0.056",,2,2,0.745,0.745,27,30,28,31,1,0,5,1,6,1,"2.2","1.34","1.34","20.8",,,,,
"FF","2026-06-09","91.9","-2.23","5.56","Siri, Jose",642350,678906,,"called_strike",,,,,5,,"R","R","R","LAA","HOU","S",,,0,0,2026,"-0.36","1.05",0.23353654092281406,2.6820322811502857,,,,0,2,"Bot",,,,,,,6.958963195401107,-133.70842879492713,-3.5475883493380147,-5.857261315552052,28.452530744700415,-19.04077500123255,3.305134514,1.668011811,,,,"91.8",2427,"6.2",824023,543877,572233,514888,670623,665161,694388,676694,701358,"54.28",,,,,,,,18,1,"4-Seam Fastball",2,0,2,0,0,2,2,0,"Standard","Standard",230,"-0.002","-0.043",,,,,"0.043",,2,2,0.747,0.747,27,30,28,31,1,0,5,1,6,1,"1.65","0.36","0.36","23.7",,,,,
"ST","2026-06-09","83.6","-1.03","5.16","Siri, Jose",642350,695001,"field_out","hit_into_play",,,,,14,"Jose Siri flies out to left fielder Joey Loperfido.","R","R","R","LAA","HOU","X",7,"fly_ball",1,1,2026,"1.23","0.35",0.8335319455701512,1.9284787334795817,,,694203,2,8,"Bot",114.01,91.76,,,,,1.7610099121125278,-121.66258509873384,-1.4505480704414422,11.726494885942289,26.62961212109549,-28.60687954224863,3.305134514,1.668011811,271,"85.6",45,"83.3",2955,"6.4",824023,543877,805672,694728,670623,694376,694388,676694,701358,"54.13",0.006,0.006,"0",1,0,0,3,80,3,"Sweeper",10,1,10,1,1,10,10,1,"Standard","Standard",71,"0","-0.267","63.8","7.9",,0.007,"0.267","88.0",9,9,0.999,0.999,23,30,23,31,2,4,3,1,4,1,"2.94","-1.23","-1.23","24.7",11.706937229901289,-10.7011973337315,32.486407218414804,41.83352845205398,38.996876510758185
"ST","2026-06-09","84.4","-1.11","5.2","Siri, Jose",642350,695001,,"swinging_strike",,,,,14,,"R","R","R","LAA","HOU","S",,,1,0,2026,"1.04","0.3",0.8743550681927698,2.427484733984871,,,694203,2,8,"Bot",,,,,,,2.4487055561619364,-122.87908475396597,-0.43810078078158454,9.93323678258916,26.54258253478374,-29.29779920035975,3.305134514,1.668011811,,,,"84.2",2728,"6.3",824023,543877,805672,694728,670623,694376,694388,676694,701358,"54.18",,,,,,,,80,2,"Sweeper",10,1,10,1,1,10,10,1,"Standard","Standard",75,"0","-0.053","68.6","8.3","2.25910914",,"0.053",,9,9,0.999,0.999,23,30,23,31,2,4,3,1,4,1,"2.92","-1.04","-1.04","26.0",25.83349949145871,-32.41073624642203,28.811757034298445,42.259445415151724,49.76261065697517
"SI","2026-06-09","94","-0.88","5.46","Siri, Jose",642350,695001,"field_out","hit_into_play",,,,,4,"Jose Siri grounds out softly to first baseman Collin Price.","R","R","R","LAA","HOU","X",3,"ground_ball",1,1,2026,"-1.27","0.35",-0.6615485490035065,2.4315584708115745,,,,0,7,"Bot",161.26,171.95,,,,,3.4157804684841877,-136.88438581577384,-2.7521592192796023,-16.737540783348102,29.863237557195784,-27.323796475081043,3.305134514,1.668011811,97,"44.8",30,"94.1",1850,"6.3",824023,543877,805672,694728,670623,694376,694388,676694,701358,"54.22",0.175,0.164,"0",1,0,0,1,68,3,"Sinker",7,1,7,1,1,7,7,1,"Standard","Standard",240,"-0.001","-0.25","68.4","6.3",,0.186,"0.25","88.0",6,6,0.993,0.993,23,30,23,31,1,3,3,1,4,1,"2.22","1.27","1.27","30.0",-3.078039628983653,19.395728744211922,38.37631139421142,24.93597526197442,18.497492492663707
"SI","2026-06-09","94.1","-1.06","5.58","Siri, Jose",642350,695001,,"called_strike",,,,,12,,"R","R","R","LAA","HOU","S",,,1,0,2026,"-1.24","0.38",0.2146541688850161,3.4788531570192456,,,,0,7,"Bot",,,,,,,6.046597609350984,-136.98216353361576,-0.43163268569075464,-16.900441012841657,30.356002923329623,-27.49123315109628,3.305134514,1.668011811,,,,"94.1",1864,"6.3",824023,543877,805672,694728,670623,694376,694388,676694,701358,"54.2",,,,,,,,68,2,"Sinker",7,1,7,1,1,7,7,1,"Standard","Standard",236,"0","-0.058",,,,,"0.058",,6,6,0.993,0.993,23,30,23,31,1,3,3,1,4,1,"2.19","1.24","1.24","33.7",,,,,
"SI","2026-06-09","92.5","-0.88","5.41","Siri, Jose",642350,695001,,"ball",,,,,14,,"R","R","R","LAA","HOU","B",,,0,0,2026,"-1.13","0.28",0.8574635124170462,-0.42543356120883025,,,,0,7,"Bot",,,,,,,6.8868172380749915,-134.27537595016932,-9.379762342506165,-15.191341694516987,29.555724980260802,-26.82559247003975,3.305134514,1.668011811,,,,"92.5",1878,"6.5",824023,543877,805672,694728,670623,694376,694388,676694,701358,"54.03",,,,,,,,68,1,"Sinker",7,1,7,1,1,7,7,1,"Standard","Standard",238,"0","0.044",,,,,"-0.044",,6,6,0.993,0.993,23,30,23,31,1,3,3,1,4,1,"2.4","1.13","1.13","29.4",,,,,
"FF","2026-06-09","94","-2.07","6.05","Siri, Jose",642350,805123,"field_out","hit_into_play",,,,,12,"Jose Siri lines out to shortstop Jeremy Peña.","R","R","R","LAA","HOU","X",6,"line_drive",0,0,2026,"-0.85","1.49",1.2087140761024746,2.8741933472132333,,,,0,5,"Bot",107.41,137.99,,,,,10.344606989854379,-136.44387880642253,-5.637146662989501,-13.004668996780627,31.254649104528976,-12.469699787653887,3.305134514,1.668011811,164,"77.1",14,"94",2147,"6.5",824023,543877,572233,514888,670623,665161,694388,676694,701358,"53.96",0.594,0.535,"0",1,0,0,4,50,1,"4-Seam Fastball",7,0,7,0,0,7,7,0,"Standard","Standard",218,"-0.001","-0.264","77.6","8.2",,0.636,"0.264","88.0",7,7,0.988,0.988,25,30,26,31,1,2,3,1,3,1,"1.11","0.85","0.85","43.4",17.617137289652092,-8.577849698545974,22.728583197150083,49.57341080222896,32.252149186747396
,"2026-06-09",,,,"Siri, Jose",642350,695001,,"automatic_ball",,,,,,,"R","R","R","LAA","HOU","B",,,0,0,2026,,,,,,,694203,2,8,"Bot",,,,,,,,,,,,,,,,,,,,,824023,543877,805672,694728,670623,694376,694388,676694,701358,,,,,,,,,80,1,,10,1,10,1,1,10,10,1,,,,"0",,,,,,,,9,9,0.999,0.999,23,30,23,31,2,4,3,1,4,1,,,,,,,,,
"SL","2026-06-08","86.4","-2.58","5.86","Siri, Jose",642350,650556,"single","hit_into_play",,,,,12,"Umpire reviewed (home-plate collision), call on the field was upheld: Umpire reviewed (tag play), call on the field was upheld: Jose Siri singles on a line drive to left fielder Brice Matthews. Mike Trout out at home on the throw, left fielder Brice Matthews to catcher Collin Price. Jose Siri to 2nd.","R","R","R","LAA","HOU","X",7,"line_drive",1,2,2026,"0.49","-0.46",0.8632982615188194,2.7455378259074577,,545361,,0,10,"Bot",67.85,118.56,,,,,7.070719599555041,-125.5732940579326,0.01748790577619208,3.6187346826630886,27.627264333170857,-37.22455680264834,3.305134514,1.668011811,157,"93.1",9,"86.1",2752,"6.4",824025,805672,694376,514888,670623,665161,694728,676694,701358,"54.14",0.629,0.568,"0.9",1,1,0,4,84,4,"Slider",4,5,4,5,5,4,4,5,"Strategic","Standard",50,"-0.111","0.573","66.5","7.7",,0.674,"-0.573","93.1",-1,-1,0.401,0.401,29,30,29,31,1,0,1,1,2,1,"3.54","-0.49","-0.49","43.1",12.891134886790919,-13.292925978447457,19.707338934128835,42.19454567150699,37.37533069412619
"SL","2026-06-08","84.1","-2.72","5.76","Siri, Jose",642350,650556,,"missed_bunt",,,,,1,,"R","R","R","LAA","HOU","S",,,1,1,2026,"0.37","-0.4",-0.4295415834102342,3.296617150666054,,545361,,0,10,"Bot",,,,,,,4.48592430850537,-122.36800347779528,1.6860003502003904,2.8610805416001366,24.572039562965873,-36.79587502762406,3.305134514,1.668011811,,,,"83.9",2573,"6.2",824025,805672,694376,514888,670623,665161,694728,676694,701358,"54.31",,,,,,,,84,3,"Slider",4,5,4,5,5,4,4,5,"Strategic","Standard",62,"-0.039","-0.047","12.7","1.1",,,"0.047",,-1,-1,0.44,0.44,29,30,29,31,1,0,1,1,2,1,"3.63","-0.37","-0.37","41.0",-28.487110366467604,12.627267492497106,12.319991802131907,31.870216937675316,12.543616817522176
"FF","2026-06-08","92.5","-2.54","5.63","Siri, Jose",642350,650556,,"foul_bunt",,,,,11,,"R","R","R","LAA","HOU","S",,,1,0,2026,"-0.69","1.13",-0.9415777473524667,3.348295456493992,,545361,,0,10,"Bot",,,,,,,5.57430234496494,-134.6699801048498,-2.3332905403421456,-9.602589347101093,29.952468993694996,-18.133896698729608,3.305134514,1.668011811,,,,"92.8",1968,"6.5",824025,805672,694376,514888,670623,665161,694728,676694,701358,"54.03",,,,,,,,84,2,"4-Seam Fastball",4,5,4,5,5,4,4,5,"Strategic","Standard",210,"-0.015","-0.052","10.1","1.1",,,"0.052","88.0",-1,-1,0.455,0.455,29,30,29,31,1,0,1,1,2,1,"1.54","0.69","0.69","37.8",-18.830821155139652,-4.382964048550182,18.49793293334593,24.35557170438091,17.53207692587815
"SL","2026-06-08","84.4","-2.79","5.63","Siri, Jose",642350,650556,,"ball",,,,,12,,"R","R","R","LAA","HOU","B",,,0,0,2026,"0.38","-0.35",1.0768471628131226,3.193225374079171,,545361,,0,10,"Bot",,,,,,,8.101700492668181,-122.6292025634273,1.6572922306156845,2.1544241966409903,25.692854200262097,-36.25480485037005,3.305134514,1.668011811,,,,"84.3",2549,"6.4",824025,805672,694376,514888,670623,665161,694728,676694,701358,"54.09",,,,,,,,84,1,"Slider",4,5,4,5,5,4,4,5,"Strategic","Standard",62,"0.007","0.024",,,,,"-0.024",,-1,-1,0.448,0.448,29,30,29,31,1,0,1,1,2,1,"3.57","-0.38","-0.38","34.8",,,,,
"FF","2026-06-07","95.1","-1.27","5.29","Siri, Jose",642350,686218,"walk","ball",,,,,11,"Jose Siri walks. Jo Adell to 3rd. Nick Madrigal to 2nd.","R","R","R","LAD","LAA","B",,,3,2,2026,"-1","1.36",-0.9770215376498369,3.3835143869452624,,666176,663611,1,2,"Top",,,,,,,3.0503260116291404,-138.59365103617728,-2.362010081162822,-13.595848192086622,28.19890277472642,-14.178414928151964,3.305134514,1.668011811,,,,"96.2",2388,"6.6",823941,687221,518692,690976,571970,500743,669899,669743,663656,"53.87",,0.698079,"0.7",1,0,0,,12,7,"4-Seam Fastball",0,0,0,0,0,0,0,0,"Standard","Standard",214,"-0.053","0.298",,,,,"-0.298",,0,0,0.449,0.5509999999999999,26,30,27,31,1,0,6,1,7,1,"1.13","1","1","30.9",,,,,
"SL","2026-06-07","86.9","-1.37","5.22","Siri, Jose",642350,686218,,"foul",,,,,6,,"R","R","R","LAD","LAA","S",,,3,2,2026,"0.35","0.05",0.4026098205670334,2.410938677967715,,666176,663611,1,2,"Top",,,,,,,3.477963405191715,-126.60148163288513,-0.5064326418994131,3.147269024789042,23.956803347606606,-31.743520152831312,3.305134514,1.668011811,224,"82.1",51,"87.8",2487,"6.6",823941,687221,518692,690976,571970,500743,669899,669743,663656,"53.88",,,,,,,,12,6,"Slider",0,0,0,0,0,0,0,0,"Standard","Standard",128,"0","0","69.0","6.7",,,"0","88.0",0,0,0.449,0.5509999999999999,26,30,27,31,1,0,6,1,7,1,"2.94","-0.35","-0.35","29.0",2.574407008810094,11.94867353239816,28.453491823186084,38.43627477758612,23.68788175721372
"SL","2026-06-07","86.6","-1.29","5.22","Siri, Jose",642350,686218,,"swinging_strike",,,,,14,,"R","R","R","LAD","LAA","S",,,3,1,2026,"0.23","0.07",0.8701129689513913,0.6665537017643985,,666176,663611,1,2,"Top",,,,,,,4.626144212180821,-126.02446994075292,-4.606350927884212,1.547897375010574,25.183716930853898,-30.675017834699666,3.305134514,1.668011811,,,,"87.1",2473,"6.6",823941,687221,518692,690976,571970,500743,669899,669743,663656,"53.94",,,,,,,,12,5,"Slider",0,0,0,0,0,0,0,0,"Standard","Standard",146,"0.016","-0.09","68.7","8.9","17.3504103",,"0.09",,0,0,0.433,0.567,26,30,27,31,1,0,6,1,7,1,"2.96","-0.23","-0.23","27.8",33.822430015067525,-47.08527024331058,35.860440145741855,41.379725918488624,65.30463349855059
"FF","2026-06-07","94.2","-1.22","5.39","Siri, Jose",642350,686218,,"ball",,,,,12,,"R","R","R","LAD","LAA","B",,,2,1,2026,"-0.41","1.44",0.10053832907850896,3.8342819092420393,,666176,663611,1,2,"Top",,,,,,,4.342812075551936,-137.24743350946704,-1.4948373036797071,-6.142092076574664,28.140804630794626,-13.713878760908877,3.305134514,1.668011811,,,,"95.2",2390,"6.6",823941,687221,518692,690976,571970,500743,669899,669743,663656,"53.87",,,,,,,,12,4,"4-Seam Fastball",0,0,0,0,0,0,0,0,"Standard","Standard",211,"-0.019","0.105",,,,,"-0.105",,0,0,0.452,0.548,26,30,27,31,1,0,6,1,7,1,"1.1","0.41","0.41","34.2",,,,,
"FF","2026-06-07","93.6","-1.08","5.56","Siri, Jose",642350,686218,,"ball",,,,,12,,"R","R","R","LAD","LAA","B",,,1,1,2026,"-0.32","1.42",0.14704191889224344,4.453577414324251,,666176,663611,1,2,"Top",,,,,,,3.872119324731032,-136.4804900804895,-0.24042888562217024,-4.778548168077044,26.62099304798349,-14.41086267529358,3.305134514,1.668011811,,,,"94.9",2443,"6.7",823941,687221,518692,690976,571970,500743,669899,669743,663656,"53.84",,,,,,,,12,3,"4-Seam Fastball",0,0,0,0,0,0,0,0,"Standard","Standard",203,"-0.008","0.075",,,,,"-0.075",,0,0,0.46,0.54,26,30,27,31,1,0,6,1,7,1,"1.15","0.32","0.32","36.8",,,,,
"SL","2026-06-07","85.1","-1.33","5.42","Siri, Jose",642350,686218,,"ball",,,,,14,,"R","R","R","LAD","LAA","B",,,0,1,2026,"0.13","0.09",1.6164945650224605,1.389161937455087,,666176,663611,1,2,"Top",,,,,,,6.60860061300292,-123.93421622881395,-3.1775327442748384,0.16638919473479452,22.331894643212863,-30.867175864955854,3.305134514,1.668011811,,,,"86.2",2481,"6.7",823941,687221,518692,690976,571970,500743,669899,669743,663656,"53.77",,,,,,,,12,2,"Slider",0,0,0,0,0,0,0,0,"Standard","Standard",131,"-0.005","0.026",,,,,"-0.026",,0,0,0.465,0.5349999999999999,26,30,27,31,1,0,6,1,7,1,"3.03","-0.13","-0.13","31.6",,,,,
"SL","2026-06-07","85.6","-1.4","5.35","Siri, Jose",642350,686218,,"swinging_strike",,,,,14,,"R","R","R","LAD","LAA","S",,,0,0,2026,"0.02","0.06",1.8700151258059787,0.8318041428953862,,666176,663611,1,2,"Top",,,,,,,7.6192765684293855,-124.4080251325722,-4.223356557316482,-1.3930030732493777,26.485533524466202,-30.858999453496185,3.305134514,1.668011811,,,,"85.9",2509,"6.7",823941,687221,518692,690976,571970,500743,669899,669743,663656,"53.79",,,,,,,,12,1,"Slider",0,0,0,0,0,0,0,0,"Standard","Standard",128,"0.007","-0.043","56.9","8.4","12.898311096",,"0.043",,0,0,0.458,0.542,26,30,27,31,1,0,6,1,7,1,"3.07","-0.02","-0.02","31.7",21.40864866309414,-25.8863896056423,30.3854088109222,55.19167604516409,46.398547331157005
"SI","2026-06-07","97.6","-2.56","5.6","Siri, Jose",642350,642546,"single","hit_into_play",,,,,5,"Jose Siri singles on a ground ball to left fielder Ryan Ward. Nick Madrigal to 2nd.","R","R","R","LAD","LAA","X",7,"ground_ball",1,0,2026,"-1.44","0.61",-0.18984897019327973,2.4431892235909975,,,663611,1,7,"Top",66.52,99.36,,,,,9.706493478764058,-141.96018801012715,-4.292467041756518,-21.649063959552073,28.40899769097395,-23.065153610258374,3.305134514,1.668011811,24,"93.7",-5,"98.4",2231,"6.5",823941,687221,518692,690976,571970,500743,669899,669743,663656,"54.01",0.302,0.279,"0.9",1,1,0,2,62,2,"Sinker",5,8,8,5,8,5,8,5,"Standard","Standard",235,"-0.013","0.375","79.0","7.8",,0.347,"-0.375","93.7",-3,3,0.105,0.895,29,30,30,31,2,3,4,1,5,1,"1.76","1.44","1.44","28.6",16.73808709174922,-8.025259293664694,32.76438091891264,33.262637473155586,31.29533657614374
"SL","2026-06-07","91.5","-2.51","5.6","Siri, Jose",642350,642546,,"ball",,,,,12,,"R","R","R","LAD","LAA","B",,,0,0,2026,"-0.04","0.22",1.8133440114134838,2.5796669528711096,,,663611,1,7,"Top",,,,,,,10.794273949845001,-132.9060707686509,-2.0277022845546466,-2.6751286089646387,26.95802576585738,-29.308957518185103,3.305134514,1.668011811,,,,"91.3",2410,"6.1",823941,687221,518692,690976,571970,500743,669899,669743,663656,"54.37",,,,,,,,62,1,"Slider",5,8,8,5,8,5,8,5,"Standard","Standard",176,"-0.001","0.033",,,,,"-0.033",,-3,3,0.106,0.894,29,30,30,31,2,3,4,1,5,1,"2.5","0.04","0.04","33.1",,,,,
"SI","2026-06-07","96.6","-2.85","6.2","Siri, Jose",642350,595014,"sac_bunt","hit_into_play",,,,,5,"Jose Siri out on a sacrifice bunt, first baseman Freddie Freeman to second baseman Alex Freeland. Jo Adell to 3rd. Nick Madrigal to 2nd.","R","R","R","LAD","LAA","X",3,"ground_ball",0,0,2026,"-1.61","0.2",-0.03912910844927486,2.543699371580951,,666176,663611,0,4,"Top",133.12,193.36,,,,,10.991430592995524,-140.23944080178666,-4.4193142358770015,-23.624395383572303,28.653727286453716,-28.760669880455602,3.305134514,1.668011811,0,"54.1",-79,"96",2287,"5.9",823941,687221,518692,690976,571970,500743,669899,669743,663656,"54.62",,,"0.2",0,0,0,1,30,1,"Sinker",1,2,2,1,2,1,2,1,"Strategic","Standard",238,"0.001","0.022",,,,,"-0.022","88.0",-1,1,0.288,0.712,38,30,38,31,1,1,2,1,2,1,"2.24","1.61","1.61","31.8",,,,,
"CH","2026-06-07","88.6","-1.28","5.7","Siri, Jose",642350,669165,"single","hit_into_play",,,,,11,"Jose Siri singles on a soft ground ball to shortstop Miguel Rojas.","R","R","R","LAD","LAA","X",6,"ground_ball",2,2,2026,"-1.12","0.01",-0.9558586984818198,2.713040978322001,,,,1,9,"Top",109.3,163.82,,,,,3.167426536103963,-129.13349928545335,-1.0985438294356227,-13.24215762490679,25.84177803399148,-32.06090803620945,3.305134514,1.668011811,68,"59.8",7,"88.9",1300,"6.3",823941,687221,518692,690976,571970,500743,669899,669743,663656,"54.23",0.19,0.178,"0.9",1,1,0,2,81,5,"Changeup",5,12,12,5,12,5,12,5,"Standard","Standard",258,"0","0.445","68.3","6.6",,0.223,"-0.445","88.0",-7,7,0.001,0.999,28,30,28,31,1,4,3,1,3,1,"2.88","1.12","1.12","39.8",9.03480401875699,1.659773531654178,29.810740748427822,23.057820340045822,27.384971067874858
"CH","2026-06-07","88.2","-1.46","5.68","Siri, Jose",642350,669165,,"swinging_strike",,,,,8,,"R","R","R","LAD","LAA","S",,,2,1,2026,"-0.59","0.1",-0.010037767098478256,2.0402838645687353,,,,1,9,"Top",,,,,,,4.730074270109948,-128.3855659779153,-2.774336697489353,-7.443876493144082,25.62951979301595,-30.71713961991673,3.305134514,1.668011811,,,,"88.4",1277,"6.3",823941,687221,518692,690976,571970,500743,669899,669743,663656,"54.16",,,,,,,,81,4,"Changeup",5,12,12,5,12,5,12,5,"Standard","Standard",264,"0","-0.077","77.3","8.5","9.18176076",,"0.077",,-7,7,0.001,0.999,28,30,28,31,1,4,3,1,3,1,"2.82","0.59","0.59","39.0",27.51948557454762,-43.331198246687194,29.031391788495817,33.857632005388986,58.23471136609729
"FF","2026-06-07","97.3","-1.13","5.66","Siri, Jose",642350,669165,,"foul",,,,,8,,"R","R","R","LAD","LAA","S",,,2,0,2026,"-0.85","1.27",-0.07865443240863645,1.9116258548339136,,,,1,9,"Top",,,,,,,4.799397426862234,-141.5858277102269,-7.34344881901955,-12.536022297054803,29.884817911221596,-13.655091944737642,3.305134514,1.668011811,222,"77.4",38,"98.3",1932,"6.7",823941,687221,518692,690976,571970,500743,669899,669743,663656,"53.82",,,,,,,,81,3,"4-Seam Fastball",5,12,12,5,12,5,12,5,"Standard","Standard",212,"0","-0.07","77.1","7.9",,,"0.07","88.0",-7,7,0.001,0.999,28,30,28,31,1,4,3,1,3,1,"1.13","0.85","0.85","40.1",12.566001466657799,-1.647534784635281,38.73149840886374,34.04406094914124,32.28772914592794
"FF","2026-06-07","97.3","-1.29","5.68","Siri, Jose",642350,669165,,"ball",,,,,11,,"R","R","R","LAD","LAA","B",,,1,0,2026,"-0.61","1.54",-0.4116092520226736,4.144877340141811,,,,1,9,"Top",,,,,,,3.7573372356389556,-141.6647045372941,-2.0555771258177256,-9.024613423775119,32.45869363164895,-11.125138048028402,3.305134514,1.668011811,,,,"97.7",1891,"6.5",823941,687221,518692,690976,571970,500743,669899,669743,663656,"54",,,,,,,,81,2,"4-Seam Fastball",5,12,12,5,12,5,12,5,"Standard","Standard",204,"0","0.077",,,,,"-0.077",,-7,7,0.001,0.999,28,30,28,31,1,4,3,1,3,1,"0.86","0.61","0.61","39.6",,,,,
"SL","2026-06-07","87.1","-1.26","5.72","Siri, Jose",642350,669165,,"ball",,,,,11,,"R","R","R","LAD","LAA","B",,,0,0,2026,"0.29","0.01",-0.69540244043483,5.040900583719646,,,,1,9,"Top",,,,,,,0.7404738671116573,-126.7515367430964,4.705904494498689,2.9067529525853493,28.251186559011696,-33.40130838393343,3.305134514,1.668011811,,,,"86.9",2133,"6.3",823941,687221,518692,690976,571970,500743,669899,669743,663656,"54.15",,,,,,,,81,1,"Slider",5,12,12,5,12,5,12,5,"Standard","Standard",76,"0","0.043",,,,,"-0.043",,-7,7,0.001,0.999,28,30,28,31,1,4,3,1,3,1,"3.02","-0.29","-0.29","43.6",,,,,
"SI","2026-06-07","97.9","-2.65","5.48","Siri, Jose",642350,642546,"single","hit_into_play",,,,,1,"Jose Siri singles on a fly ball to right fielder Kyle Tucker. Wade Meckler scores. Jo Adell scores. Nick Madrigal out at home on the throw, right fielder Kyle Tucker to shortstop Miguel Rojas to catcher Dalton Rushing.","R","R","R","LAD","LAA","X",9,"fly_ball",3,2,2026,"-1.41","0.48",-0.3671114248328178,3.0155420524909937,685133,666176,663611,2,5,"Top",152.66,116.06,,,,,9.389160734105577,-142.3199144743852,-2.1503907583460533,-21.286024785818448,29.055282005942082,-25.350207214761465,3.305134514,1.668011811,213,"69.6",37,"98.4",2312,"6.4",823941,687221,518692,690976,571970,500743,669899,669743,663656,"54.12",0.66,0.612,"0.9",1,1,0,3,42,7,"Sinker",1,4,4,1,6,1,6,1,"Standard","Standard",232,"-0.069","0.49","68.2","6.7",,0.726,"-0.49","88.0",-3,3,0.144,0.856,29,30,30,31,1,2,4,1,5,1,"1.88","1.41","1.41","25.8",8.332606997131702,10.053015138945767,25.94624355182003,31.02787329609582,26.674399308574827
"SI","2026-06-07","98.2","-2.74","5.44","Siri, Jose",642350,642546,,"foul",,,,,4,,"R","R","R","LAD","LAA","S",,,3,2,2026,"-1.5","0.57",-0.7620377042992723,2.3536289006960773,685133,666176,663611,2,5,"Top",,,,,,,8.864256710523861,-142.8405846415316,-4.087551646281104,-22.57791308189845,30.791053399528597,-23.620583325781915,3.305134514,1.668011811,,,,"99",2360,"6.6",823941,687221,518692,690976,571970,500743,669899,669743,663656,"53.88",,,,,,,,42,6,"Sinker",1,4,4,1,4,1,4,1,"Standard","Standard",249,"0","0","70.7","7.3",,,"0",,-3,3,0.144,0.856,29,30,30,31,1,2,4,1,5,1,"1.78","1.5","1.5","26.4",9.88851572118931,-5.4211941218974395,38.77398121252315,24.47656679660314,27.39576959985269
"SL","2026-06-07","91.1","-2.7","5.55","Siri, Jose",642350,642546,,"ball",,,,,14,,"R","R","R","LAD","LAA","B",,,2,2,2026,"0.27","0.22",0.3197277550942911,0.7484959367701247,685133,666176,663611,2,5,"Top",,,,,,,6.873172594539723,-132.5219938079165,-6.471916674837645,2.0654358642718345,23.445593489544233,-28.544501688806463,3.305134514,1.668011811,,,,"91.4",2430,"6.1",823941,687221,518692,690976,571970,500743,669899,669743,663656,"54.37",,,,,,,,42,5,"Slider",1,4,4,1,4,1,4,1,"Standard","Standard",177,"-0.014","0.091",,,,,"-0.091",,-3,3,0.158,0.842,29,30,30,31,1,2,4,1,5,1,"2.49","-0.27","-0.27","30.4",,,,,
"SI","2026-06-07","98.2","-2.74","5.46","Siri, Jose",642350,642546,,"foul",,,,,7,,"R","R","R","LAD","LAA","S",,,2,1,2026,"-1.58","0.47",-0.47910224549612623,1.7620955228073523,685133,666176,663611,2,5,"Top",,,,,,,9.728961561074843,-142.5761200190603,-5.398945595554209,-23.843499678860457,32.19511761579856,-24.66621842218322,3.305134514,1.668011811,,,,"97.9",2387,"6.2",823941,687221,518692,690976,571970,500743,669899,669743,663656,"54.31",,,,,,,,42,4,"Sinker",1,4,4,1,4,1,4,1,"Standard","Standard",233,"0.012","-0.092","71.9","7.7",,,"0.092",,-3,3,0.146,0.854,29,30,30,31,1,2,4,1,5,1,"1.9","1.58","1.58","25.4",14.562583954221264,2.983571921488885,38.65091007826218,28.521133337273003,23.75806307809497
"SI","2026-06-07","97.3","-2.89","5.45","Siri, Jose",642350,642546,,"called_strike",,,,,7,,"R","R","R","LAD","LAA","S",,,2,0,2026,"-1.34","0.32",-0.2784828139746398,2.123864073554242,685133,666176,663611,2,5,"Top",,,,,,,10.000440406965101,-141.3921005454828,-3.950186116157215,-20.18768891002192,29.99095870686802,-27.225626025489372,3.305134514,1.668011811,,,,"97.3",2368,"6.2",823941,687221,518692,690976,571970,500743,669899,669743,663656,"54.27",,,,,,,,42,3,"Sinker",1,4,4,1,4,1,4,1,"Standard","Standard",251,"0.011","-0.038",,,,,"0.038",,-3,3,0.135,0.865,29,30,30,31,1,2,4,1,5,1,"2.08","1.34","1.34","24.0",,,,,
"SI","2026-06-07","97.2","-2.56","5.62","Siri, Jose",642350,642546,,"ball",,,,,12,,"R","R","R","LAD","LAA","B",,,1,0,2026,"-1.45","0.57",1.0115434414708457,2.8193665087099715,685133,666176,663611,2,5,"Top",,,,,,,12.827332144964451,-141.00226838364281,-3.090870501250272,-22.16297251398793,30.58321451777439,-24.077496726009965,3.305134514,1.668011811,,,,"97.4",2387,"6.5",823941,687221,518692,690976,571970,500743,669899,669743,663656,"54.04",,,,,,,,42,2,"Sinker",1,4,4,1,4,1,4,1,"Standard","Standard",231,"-0.011","0.066",,,,,"-0.066",,-3,3,0.146,0.854,29,30,30,31,1,2,4,1,5,1,"1.85","1.45","1.45","26.6",,,,,
"SI","2026-06-07","96.5","-2.61","5.6","Siri, Jose",642350,642546,,"ball",,,,,12,,"R","R","R","LAD","LAA","B",,,0,0,2026,"-1.17","0.41",0.9414003559970132,3.4035649565787938,685133,666176,663611,2,5,"Top",,,,,,,11.977849547565768,-140.0915698259991,-1.080106252908278,-17.88974403248013,27.886119856381175,-26.66329672347161,3.305134514,1.668011811,,,,"96.7",2235,"6.3",823941,687221,518692,690976,571970,500743,669899,669743,663656,"54.24",,,,,,,,42,1,"Sinker",1,4,4,1,4,1,4,1,"Standard","Standard",236,"-0.006","0.021",,,,,"-0.021",,-3,3,0.152,0.848,29,30,30,31,1,2,4,1,5,1,"2.02","1.17","1.17","26.6",,,,,
"CU","2026-06-06","81.6","1.21","6.04","Siri, Jose",642350,676263,"strikeout","called_strike",,,,,2,"Jose Siri called out on strikes.","R","R","L","LAD","LAA","S",2,,3,2,2026,"-0.51","-1.24",-0.24730054443097088,2.8422600156216884,,,,1,9,"Top",,,,,,,-2.2550836024161467,-118.81003418343732,2.053112230072078,-4.397583001962886,23.109196429085515,-44.49370361642654,3.305134514,1.668011811,,,,"82.2",2452,"6.7",823942,687221,500743,690976,669289,605141,669899,681624,669743,"53.8",,0,"0",1,0,0,,68,6,"Curveball",9,2,2,9,2,9,2,9,"Standard","Standard",336,"0","-0.349",,,,,"0.349",,7,-7,0.999,0.0010000000000000009,27,30,27,31,1,0,3,3,1,1,"4.66","-0.51","0.51","61.9",,,,,
"FF","2026-06-06","93.1","0.86","5.95","Siri, Jose",642350,676263,,"foul",,,,,12,,"R","R","L","LAD","LAA","S",,,3,1,2026,"0.57","1.73",1.3760560569666436,2.687621124506802,,,,1,9,"Top",,,,,,,0.031568254799172246,-135.48514141143542,-6.246343211004361,6.929025498463274,32.62784452762487,-9.702087186883613,3.305134514,1.668011811,79,"73.8",79,"93.4",2566,"6.7",823942,687221,500743,690976,669289,605141,669899,681624,669743,"53.8",,,,,,,,68,5,"4-Seam Fastball",9,2,2,9,2,9,2,9,"Standard","Standard",156,"0","-0.092","66.8","8.0",,,"0.092","88.0",7,-7,0.999,0.0010000000000000009,27,30,27,31,1,0,3,3,1,1,"0.92","0.57","-0.57","59.3",15.686356579250802,-6.508930109848758,23.996478436928516,51.983162354358996,31.890176362802993
"SL","2026-06-06","89.3","1.16","6.07","Siri, Jose",642350,676263,,"ball",,,,,11,,"R","R","L","LAD","LAA","B",,,2,1,2026,"0.25","0.53",-0.3285968802568487,3.989996436125076,,,,1,9,"Top",,,,,,,-4.165156906268999,-130.09108479157638,-0.15387131555126343,3.579630716808138,23.44941360719819,-26.220045811931193,3.305134514,1.668011811,,,,"90.5",2516,"6.7",823942,687221,500743,690976,669289,605141,669899,681624,669743,"53.85",,,,,,,,68,4,"Slider",9,2,2,9,2,9,2,9,"Standard","Standard",170,"0","0.127",,,,,"-0.127",,7,-7,0.999,0.0010000000000000009,27,30,27,31,1,0,3,3,1,1,"2.29","0.25","-0.25","55.9",,,,,
"SL","2026-06-06","90.9","1.13","6.14","Siri, Jose",642350,676263,,"ball",,,,,12,,"R","R","L","LAD","LAA","B",,,1,1,2026,"0.44","0.68",0.8077589910946245,4.319525999668517,,,,1,9,"Top",,,,,,,-1.751801758791377,-132.6204098940468,-0.10805437005626028,5.551658600609802,23.209319136318033,-24.164356360415795,3.305134514,1.668011811,,,,"92.3",2453,"6.6",823942,687221,500743,690976,669289,605141,669899,681624,669743,"53.93",,,,,,,,68,3,"Slider",9,2,2,9,2,9,2,9,"Standard","Standard",166,"0","0.058",,,,,"-0.058",,7,-7,0.999,0.0010000000000000009,27,30,27,31,1,0,3,3,1,1,"2.02","0.44","-0.44","57.5",,,,,
"FF","2026-06-06","95.9","0.93","5.99","Siri, Jose",642350,676263,,"ball",,,,,12,,"R","R","L","LAD","LAA","B",,,0,1,2026,"0.82","1.78",1.0235339614160697,4.512058755554398,,,,1,9,"Top",,,,,,,-1.6432026740524757,-139.5835128270856,-2.198698928302207,11.002999650526368,35.7899860451605,-8.848131566175859,3.305134514,1.668011811,,,,"95.8",2634,"6.5",823942,687221,500743,690976,669289,605141,669899,681624,669743,"53.96",,,,,,,,68,2,"4-Seam Fastball",9,2,2,9,2,9,2,9,"Standard","Standard",153,"0","0.035",,,,,"-0.035",,7,-7,0.999,0.0010000000000000009,27,30,27,31,1,0,3,3,1,1,"0.73","0.82","-0.82","57.3",,,,,
"FF","2026-06-06","94.5","0.89","5.96","Siri, Jose",642350,676263,,"called_strike",,,,,4,,"R","R","L","LAD","LAA","S",,,0,0,2026,"0.76","1.73",-0.29485078948584076,2.6364795625955395,,,,1,9,"Top",,,,,,,-4.828307480717925,-137.4476016840196,-6.696880127930676,10.753211006967733,32.37051631642036,-8.9591131516607,3.305134514,1.668011811,,,,"95",2574,"6.8",823942,687221,500743,690976,669289,605141,669899,681624,669743,"53.75",,,,,,,,68,1,"4-Seam Fastball",9,2,2,9,2,9,2,9,"Standard","Standard",158,"0","-0.042",,,,,"0.042",,7,-7,0.999,0.0010000000000000009,27,30,27,31,1,0,3,3,1,1,"0.84","0.76","-0.76","58.8",,,,,
"ST","2026-06-03","84.2","-1.52","5.76","Siri, Jose",642350,547179,"strikeout","swinging_strike",,,,,14,"Jose Siri strikes out swinging.","R","R","R","LAA","COL","S",2,,1,2,2026,"0.17","0.28",1.8608019113315482,1.6884065227952374,,,663611,0,3,"Bot",,,,,,,7.3286006967828055,-122.38787211345796,-3.3560427443855003,0.306554135136258,24.0912776885965,-28.92728201969457,3.305134514,1.668011811,,,,"83.6",2413,"6",824024,696100,687859,666397,691720,650489,694514,664983,671289,"54.54",,0,"0",1,0,0,,27,5,"Sweeper",6,0,6,0,0,6,6,0,"Standard","Standard",35,"-0.003","-0.177","46.4","8.0","2.25331128",,"0.177",,6,6,0.961,0.961,34,30,34,31,2,1,5,2,7,3,"2.94","-0.17","-0.17","41.5",13.64103188614546,-1.436364542465642,28.779400800070192,53.90360627308894,26.99334781729856
"FF","2026-06-03","94.9","-1.31","5.86","Siri, Jose",642350,547179,,"ball",,,,,11,,"R","R","R","LAA","COL","B",,,0,2,2026,"-0.84","1.21",-0.15656539024282223,4.3718159447496,,,663611,0,3,"Bot",,,,,,,4.844462426863332,-138.07112212849773,-0.7822541862158111,-11.838188985197796,33.43882663692396,-16.901862684721376,3.305134514,1.668011811,,,,"93.7",2363,"5.8",824024,696100,687859,666397,691720,650489,694514,664983,671289,"54.72",,,,,,,,27,4,"4-Seam Fastball",6,0,6,0,0,6,6,0,"Standard","Standard",219,"0","0.017",,,,,"-0.017",,6,6,0.961,0.961,34,30,34,31,2,1,5,2,7,3,"1.34","0.84","0.84","47.0",,,,,
"CU","2026-06-03","84.2","-1.39","5.79","Siri, Jose",642350,547179,,"foul",,,,,14,,"R","R","R","LAA","COL","S",,,0,2,2026,"-0.31","-0.9",0.04859609716160118,1.3129467128431909,,,663611,0,3,"Bot",,,,,,,3.8977125618115664,-122.51277033363283,-1.8566656121884244,-3.9970381103066788,26.85191453588208,-41.00487292184331,3.305134514,1.668011811,3,"65.1",-26,"83.1",2606,"5.8",824024,696100,687859,666397,691720,650489,694514,664983,671289,"54.71",,,,,,,,27,3,"Curveball",6,0,6,0,0,6,6,0,"Standard","Standard",26,"0","0","66.7","7.7",,,"0","88.0",6,6,0.961,0.961,34,30,34,31,2,1,5,2,7,3,"4.15","0.31","0.31","42.1",8.88238026166664,-6.647500348297755,34.286116493451175,32.755604758299576,36.58338043703223
"SI","2026-06-03","93.2","-1.36","5.94","Siri, Jose",642350,547179,,"swinging_strike",,,,,1,,"R","R","R","LAA","COL","S",,,0,1,2026,"-1.71","0.99",-0.3447237716260394,3.085243425273684,,,663611,0,3,"Bot",,,,,,,6.312679149838667,-135.42873677964263,-3.447895259138495,-22.379456470082367,34.4770272447512,-19.48564599445591,3.305134514,1.668011811,,,,"91.6",2224,"5.8",824024,696100,687859,666397,691720,650489,694514,664983,671289,"54.73",,,,,,,,27,2,"Sinker",6,0,6,0,0,6,6,0,"Standard","Standard",221,"-0.001","-0.051","75.7","6.7","1.569240756",,"0.051",,6,6,0.962,0.962,34,30,34,31,2,1,5,2,7,3,"1.68","1.71","1.71","41.8",3.3555557554633593,14.27569403137394,28.18999991324637,30.413813701992467,23.641222595270847
"ST","2026-06-03","85","-1.53","5.69","Siri, Jose",642350,547179,,"foul",,,,,14,,"R","R","R","LAA","COL","S",,,0,0,2026,"0.5","0.06",0.9283466753548106,1.2171437293923337,,,663611,0,3,"Bot",,,,,,,4.624500993749287,-123.46134568085293,-3.820044802170978,3.830201711403099,30.84625328713355,-30.86287350936448,3.305134514,1.668011811,,,,"83.4",2589,"6",824024,696100,687859,666397,691720,650489,694514,664983,671289,"54.55",,,,,,,,27,1,"Sweeper",6,0,6,0,0,6,6,0,"Standard","Standard",39,"-0.001","-0.043","70.0","8.5",,,"0.043",,6,6,0.963,0.963,34,30,34,31,2,1,5,2,7,3,"3.17","-0.5","-0.5","38.2",22.031245433772984,-13.958762072898901,32.268097065918724,45.54331247575763,38.86739163985403
"CU","2026-06-03","80.8","-1.49","5.82","Siri, Jose",642350,624522,"strikeout","swinging_strike",,,,,14,"Jose Siri strikes out swinging.","R","R","R","LAA","COL","S",2,,1,2,2026,"0.64","-1.37",1.0267620164435387,0.7758499855037098,,,663611,2,6,"Bot",,,,,,,4.295798579788788,-117.49162761542338,-1.4446009946533132,4.726131485603391,28.425401005424096,-44.52399802405946,3.305134514,1.668011811,,,,"79.8",2439,"6.3",824024,696100,687859,666397,691720,650489,694514,664983,671289,"54.2",,0,"0",1,0,0,,59,4,"Curveball",11,3,11,3,3,11,11,3,"Standard","Standard",34,"0","-0.201","73.6","8.2","1.80388182",,"0.201",,8,8,0.996,0.996,31,30,31,31,2,3,3,2,4,3,"4.95","-0.64","-0.64","40.1",14.945763863687569,-14.198681580473274,34.34702890998558,42.762077876339454,42.91283283374547
"FF","2026-06-03","92.6","-1.6","5.82","Siri, Jose",642350,624522,,"ball",,,,,14,,"R","R","R","LAA","COL","B",,,0,2,2026,"-0.21","1.27",2.3653030267198707,1.686994943123691,,,663611,2,6,"Bot",,,,,,,10.444498282338781,-134.2503127488274,-7.267884404882658,-4.8292471424019805,30.18020291695133,-15.36316111650088,3.305134514,1.668011811,,,,"92.4",2559,"6.5",824024,696100,687859,666397,691720,650489,694514,664983,671289,"54.05",,,,,,,,59,3,"4-Seam Fastball",11,3,11,3,3,11,11,3,"Standard","Standard",201,"0","0.025",,,,,"-0.025",,8,8,0.996,0.996,31,30,31,31,2,3,3,2,4,3,"1.42","0.21","0.21","35.4",,,,,
"ST","2026-06-03","83.5","-1.65","5.71","Siri, Jose",642350,624522,,"swinging_strike",,,,,14,,"R","R","R","LAA","COL","S",,,0,1,2026,"0.49","0.97",1.639108225494571,1.1193100731551924,,,663611,2,6,"Bot",,,,,,,6.481753768911041,-121.22153394671417,-5.692489707290507,3.292805102334252,27.86723587478658,-21.642400171456313,3.305134514,1.668011811,,,,"82.8",2895,"6.3",824024,696100,687859,666397,691720,650489,694514,664983,671289,"54.16",,,,,,,,59,2,"Sweeper",11,3,11,3,3,11,11,3,"Standard","Standard",76,"0","-0.061","68.7","8.8","10.096994868",,"0.061",,8,8,0.996,0.996,31,30,31,31,2,3,3,2,4,3,"2.36","-0.49","-0.49","36.0",33.13422909561806,-32.05118734003452,35.221800439327104,49.14858899936237,55.174682115943
"ST","2026-06-03","83.5","-1.56","5.78","Siri, Jose",642350,624522,,"swinging_strike",,,,,14,,"R","R","R","LAA","COL","S",,,0,0,2026,"0.67","0.84",1.2395787003900942,1.5491050830581767,,,663611,2,6,"Bot",,,,,,,5.017965813180838,-121.43271471166152,-4.691062577802028,5.540209607509254,26.122046426172776,-23.117424394343374,3.305134514,1.668011811,,,,"83.2",2861,"6.3",824024,696100,687859,666397,691720,650489,694514,664983,671289,"54.17",,,,,,,,59,1,"Sweeper",11,3,11,3,3,11,11,3,"Standard","Standard",56,"0","-0.042","71.7","8.7","10.399545396",,"0.042",,8,8,0.996,0.996,31,30,31,31,2,3,3,2,4,3,"2.46","-0.67","-0.67","37.7",33.3953172539658,-37.003540552879436,36.87950520839736,44.76139187301247,54.99712245942767
"SI","2026-06-03","94.6","-2.01","5.81","Siri, Jose",642350,547179,"double","hit_into_play",,,,,13,"Jose Siri doubles (3) on a ground ball to left fielder Sterlin Thompson. Donovan Walton scores. Nick Madrigal to 3rd.","R","R","R","LAA","COL","X",7,"ground_ball",1,1,2026,"-1.59","0.7",-1.2897709463731966,1.9827261193015233,,622268,663611,0,2,"Bot",74.67,154.61,,,,,5.426704653115017,-137.4649387888474,-5.547081260466132,-21.31794933819272,34.385605213966286,-22.225381963488672,3.305134514,1.668011811,65,"80.1",4,"93.4",2091,"6",824024,696100,687859,666397,691720,650489,694514,664983,671289,"54.53",0.308,0.289,"1.25",1,1,1,2,15,3,"Sinker",0,0,0,0,0,1,1,0,"Strategic","Standard",222,"0.133","0.767","76.0","7.4",,0.33,"-0.767","88.0",0,0,0.641,0.641,34,30,34,31,1,0,5,2,7,3,"1.88","1.59","1.59","40.7",6.20783124212878,-9.76972157059936,38.747424934031336,23.345720249820115,30.704872748191026
"FF","2026-06-03","94","-2.16","5.84","Siri, Jose",642350,547179,,"foul",,,,,11,,"R","R","R","LAA","COL","S",,,1,0,2026,"-0.88","1.4",-0.2408762751853074,3.5067603821382045,,622268,663611,0,2,"Bot",,,,,,,6.851529185013777,-136.68870501833442,-3.2247459456098078,-12.652852215255493,33.39951528748642,-14.14968947973811,3.305134514,1.668011811,124,"107",6,"92.9",2276,"5.9",824024,696100,687859,666397,691720,650489,694514,664983,671289,"54.58",,,,,,,,15,2,"4-Seam Fastball",0,0,0,0,0,0,0,0,"Strategic","Standard",221,"-0.01","-0.064","77.0","8.0",,,"0.064","107.0",0,0,0.651,0.651,34,30,34,31,1,0,5,2,7,3,"1.2","0.88","0.88","41.3",25.593157457114536,-27.817285931349158,22.512886766913653,33.90078232944827,43.82535587491497
"SI","2026-06-03","93.6","-2.15","5.89","Siri, Jose",642350,547179,,"ball",,,,,13,,"R","R","R","LAA","COL","B",,,0,0,2026,"-1.55","1",-1.5681629257037029,1.6766039198988125,,622268,663611,0,2,"Bot",,,,,,,4.913544997360378,-136.01144150032653,-7.034764899605346,-20.328664141634835,31.966836937562533,-18.373916192943383,3.305134514,1.668011811,,,,"92.5",2157,"5.9",824024,696100,687859,666397,691720,650489,694514,664983,671289,"54.61",,,,,,,,15,1,"Sinker",0,0,0,0,0,0,0,0,"Standard","Standard",223,"0.007","0.053",,,,,"-0.053",,0,0,0.644,0.644,34,30,34,31,1,0,5,2,7,3,"1.62","1.55","1.55","47.9",,,,,
"ST","2026-06-03","83.1","-1.93","5.79","Siri, Jose",642350,624522,"force_out","hit_into_play",,,,,14,"Jose Siri grounds into a force out, shortstop Willi Castro to second baseman Edouard Julien. Nick Madrigal out at 2nd. Jose Siri to 1st.","R","R","R","LAA","COL","X",6,"ground_ball",0,2,2026,"1.08","0.32",1.2940580990229855,1.5542261587962525,,,663611,0,5,"Bot",108.62,140.47,,,,,5.137383438723795,-120.82320647548102,-3.495476057351243,9.19086179116412,28.346827925245048,-28.475098089225124,3.305134514,1.668011811,117,"78",10,"82.3",2818,"6.3",824024,696100,687859,666397,691720,650489,694514,664983,671289,"54.23",0.386,0.368,"0",1,0,0,4,47,3,"Sweeper",8,3,8,3,3,8,8,3,"Standard","Standard",54,"-0.002","-0.264","61.1","8.0",,0.438,"0.264","88.0",5,5,0.963,0.963,31,30,31,31,1,2,3,2,4,3,"3.04","-1.08","-1.08","38.6",13.354785798002077,-6.989531046703666,33.388468984918504,48.24653638670576,31.752836226286384
"SI","2026-06-03","92.8","-1.9","5.83","Siri, Jose",642350,624522,,"swinging_strike",,,,,5,,"R","R","R","LAA","COL","S",,,0,1,2026,"-1.26","1.36",-0.12654234207275472,2.3032546151166384,,,663611,0,5,"Bot",,,,,,,7.2719768433066285,-134.81215385167928,-5.9220207583673306,-16.963874832082777,33.80394541953628,-14.542731084420964,3.305134514,1.668011811,,,,"92.2",2486,"6.3",824024,696100,687859,666397,691720,650489,694514,664983,671289,"54.15",,,,,,,,47,2,"Sinker",8,3,8,3,3,8,8,3,"Standard","Standard",208,"-0.001","-0.051","75.7","6.9","1.034833644",,"0.051",,5,5,0.964,0.964,31,30,31,31,1,2,3,2,4,3,"1.33","1.26","1.26","36.6",3.3816464466151723,9.895248336461876,36.62136776403072,31.715905056498595,25.410900396422942
"FF","2026-06-03","92.2","-1.88","5.77","Siri, Jose",642350,624522,,"foul_bunt",,,,,5,,"R","R","R","LAA","COL","S",,,0,0,2026,"-0.52","1.36",0.045939404868249545,2.777216936857137,,,663611,0,5,"Bot",,,,,,,5.974642219390915,-134.04109059986737,-4.549810705898138,-7.636031193665137,29.679599552027067,-15.048324418609024,3.305134514,1.668011811,,,,"92",2482,"6.3",824024,696100,687859,666397,691720,650489,694514,664983,671289,"54.22",,,,,,,,47,1,"4-Seam Fastball",8,3,8,3,3,8,8,3,"Standard","Standard",202,"-0.001","-0.043","7.0","1.5",,,"0.043","88.0",5,5,0.965,0.965,31,30,31,31,1,2,3,2,4,3,"1.34","0.52","0.52","33.0",-57.430826169087275,-29.720631568166276,33.68371697517032,32.983496599942455,20.557461729933543
"KC","2026-06-01","83.7","2.73","5.77","Siri, Jose",642350,607536,"field_out","hit_into_play",,,,,13,"Jose Siri flies out to center fielder Jake McCarthy. Vaughn Grissom to 3rd.","R","R","L","LAA","COL","X",8,"fly_ball",1,2,2026,"-0.06","-0.22",-0.08042522665655756,1.0818628417478542,,687093,672724,1,5,"Bot",131.13,58.79,,,,,-6.319612764992157,-121.71247471874837,-3.6388941836919146,0.7844473860738403,25.910730586286753,-33.827012676860335,3.305134514,1.668011811,359,"99.7",24,"83.9",2383,"6.7",824027,696100,666397,650489,691720,678662,687859,664983,671289,"53.83",0.529,0.795,"0",1,0,0,6,51,5,"Knuckle Curve",5,3,5,3,3,5,5,3,"Standard","Standard",324,"-0.016","-0.168","70.4","7.8",,1.397,"0.168","99.7",2,2,0.828,0.828,33,30,33,31,3,2,6,1,6,2,"3.5","-0.06","0.06","27.7",8.3701878797869,-4.109628397548451,44.40866939278949,32.443806663945104,30.8774500852401
"CH","2026-06-01","85.3","2.58","5.99","Siri, Jose",642350,607536,,"ball",,,,,14,,"R","R","L","LAA","COL","B",,,0,2,2026,"1.11","0.61",1.1421428441815655,0.8982982170311398,,687093,672724,1,5,"Bot",,,,,,,-5.619007310036155,-123.9571976870987,-6.586995211859177,12.618258418241112,27.026242111376185,-24.69790673815344,3.305134514,1.668011811,,,,"85.1",1591,"6.5",824027,696100,666397,650489,691720,678662,687859,664983,671289,"54.04",,,,,,,,51,4,"Changeup",5,3,5,3,3,5,5,3,"Standard","Standard",125,"0.003","0.028",,,,,"-0.028",,2,2,0.825,0.825,33,30,33,31,3,2,6,1,6,2,"2.55","1.11","-1.11","36.8",,,,,
"FF","2026-06-01","91.7","2.65","5.71","Siri, Jose",642350,607536,,"foul",,,,,4,,"R","R","L","LAA","COL","S",,,0,2,2026,"0.92","1.16",-0.5844911170312301,2.2088865115638283,,687093,672724,1,5,"Bot",,,,,,,-10.144292405698417,-133.1084621650536,-5.30653317667317,13.226946677184195,30.14866382056515,-17.3617295785833,3.305134514,1.668011811,11,"99.6",-11,"91.9",2323,"6.7",824027,696100,666397,650489,691720,678662,687859,664983,671289,"53.82",,,,,,,,51,3,"4-Seam Fastball",5,3,5,3,3,5,5,3,"Standard","Standard",130,"0","0","77.5","7.1",,,"0","99.6",2,2,0.825,0.825,33,30,33,31,3,2,6,1,6,2,"1.57","0.92","-0.92","23.2",9.321239645210396,-12.526983118412508,37.62073115913203,27.46014203068057,33.129261546350854
"KC","2026-06-01","82.4","2.57","5.99","Siri, Jose",642350,607536,,"foul",,,,,7,,"R","R","L","LAA","COL","S",,,0,1,2026,"-0.18","-0.43",-0.6435651014533633,1.5818202547230449,,687093,672724,1,5,"Bot",,,,,,,-6.8799938203687905,-119.92836107850178,-2.4453492517006614,-0.5091794926819317,22.269588810242926,-36.074071950010875,3.305134514,1.668011811,311,"94.7",27,"83",2362,"6.6",824027,696100,666397,650489,691720,678662,687859,664983,671289,"53.88",,,,,,,,51,2,"Knuckle Curve",5,3,5,3,3,5,5,3,"Infield shade","Standard",336,"-0.007","-0.062","72.7","8.5",,,"0.062","94.7",2,2,0.832,0.832,33,30,33,31,3,2,6,1,6,2,"3.77","-0.18","0.18","32.5",19.445960084761076,-33.32688833692664,35.13804894901819,28.52077253764332,49.50372848324383
"SI","2026-06-01","91.2","2.91","5.74","Siri, Jose",642350,607536,,"foul",,,,,9,,"R","R","L","LAA","COL","S",,,0,0,2026,"1.38","0.49",0.3296132011177759,2.074234880809738,,687093,672724,1,5,"Bot",,,,,,,-9.465092620539322,-132.42530668001834,-4.186280425245733,18.288995692122608,28.09114842318794,-25.639032730351804,3.305134514,1.668011811,215,"75.8",41,"91.7",2293,"6.7",824027,696100,666397,650489,691720,678662,687859,664983,671289,"53.82",,,,,,,,51,1,"Sinker",5,3,5,3,3,5,5,3,"Standard","Standard",136,"-0.004","-0.043","75.4","7.3",,,"0.043","88.0",2,2,0.836,0.836,33,30,33,31,3,2,6,1,6,2,"2.26","1.38","-1.38","24.9",3.0469794425812333,9.077315514373506,37.07268040925124,38.285933243262676,20.17245842562299
"FC","2026-06-01","85.8","2.7","5.74","Siri, Jose",642350,607536,"home_run","hit_into_play",,,,,4,"Jose Siri hits a grand slam (2) to left center field. Jorge Soler scores. Jo Adell scores. Oswald Peraza scores.","R","R","L","LAA","COL","X",,"fly_ball",0,1,2026,"-0.13","0.42",-0.4341430283253872,2.2705578078428137,624585,666176,672724,2,3,"Bot",50.94,59.93,,,,,-7.092863609187304,-124.930000602995,-2.673761775090079,-0.08992809410482391,22.77131187663363,-27.385950606554633,3.305134514,1.668011811,390,"99.3",31,"86.7",2326,"6.6",824027,696100,666397,650489,691720,678662,687859,664983,671289,"53.89",0.371,0.717,"2",1,0,3,6,30,2,"Cutter",1,2,1,2,2,5,5,2,"Standard","Standard",155,"0.365","1.196","80.7","7.5",,1.364,"-1.196","99.3",-1,-1,0.454,0.454,33,30,33,31,2,1,6,1,6,2,"2.64","-0.13","0.13","25.1",9.40120500175459,-10.04989807049276,34.13815245705589,30.675012612046288,34.58667550262401
"FF","2026-06-01","92.3","2.92","5.78","Siri, Jose",642350,607536,,"called_strike",,,,,9,,"R","R","L","LAA","COL","S",,,0,0,2026,"0.75","1.3",0.6002191624691624,1.95596025237882,624585,666176,672724,2,3,"Bot",,,,,,,-7.50488428801785,-134.05874835933068,-6.5053135365702435,10.774759843425052,31.75323162107845,-15.276097477133677,3.305134514,1.668011811,,,,"92.2",2331,"6.6",824027,696100,666397,650489,691720,678662,687859,664983,671289,"53.93",,,,,,,,30,1,"4-Seam Fastball",1,2,1,2,2,1,1,2,"Standard","Standard",137,"-0.014","-0.035",,,,,"0.035",,-1,-1,0.468,0.468,33,30,33,31,2,1,6,1,6,2,"1.41","0.75","-0.75","25.8",,,,,
"FC","2026-06-01","93.4","-2.82","5.74","Siri, Jose",642350,622608,"grounded_into_double_play","hit_into_play",,,,,14,"Angels challenged (play at 1st), call on the field was upheld: Jose Siri grounds into a double play, shortstop Ezequiel Tovar to first baseman TJ Rumfield. Oswald Peraza out at 2nd. Jose Siri out at 1st.","R","R","R","LAA","COL","X",6,"ground_ball",0,2,2026,"0.47","0.75",1.1731174061533842,1.5601646560361913,,,672724,1,9,"Bot",117.81,147.17,,,,,9.072200325551854,-135.63922940590956,-6.389815802652453,3.8022085570910034,30.308571774155045,-21.702748417446276,3.305134514,1.668011811,6,"71.1",-15,"93.1",2356,"6.3",824027,696100,681198,677060,691720,678662,650489,664983,687859,"54.21",0.059,0.056,"0",1,0,0,2,90,4,"Cutter",8,9,8,9,9,8,8,9,"Standard","Standard",198,"-0.168","-0.226","71.5","7.8",,0.07,"0.226","88.0",-1,-1,0.168,0.168,31,30,31,31,1,4,5,1,4,2,"1.88","-0.47","-0.47","37.0",7.710773124610343,-5.4003178319727265,31.70604055618474,46.05430615246844,35.288761364189725
"KC","2026-06-01","80.4","2.62","5.99","Siri, Jose",642350,607536,"field_out","hit_into_play",,,,,6,"Jose Siri flies out sharply to center fielder Jake McCarthy.","R","R","L","LAA","COL","X",8,"fly_ball",0,0,2026,"-0.22","-0.43",0.28777976277306183,2.3016612177402744,,,,0,2,"Bot",95.21,68.43,,,,,-4.699308854742979,-117.07025252676304,-0.5109725156459122,-1.2075362643333132,20.535057373051988,-36.216945555622246,3.305134514,1.668011811,332,"100.4",43,"81",2288,"6.5",824027,696100,666397,650489,691720,678662,687859,664983,671289,"53.99",0.057,0.103,"0",1,0,0,3,15,1,"Knuckle Curve",0,1,0,1,1,0,0,1,"Standard","Standard",330,"-0.025","-0.264","79.4","7.9",,0.199,"0.264","100.4",-1,-1,0.443,0.443,33,30,33,31,1,0,6,1,6,2,"3.93","-0.22","0.22","32.4",-1.0360770125550256,-10.756350618748051,30.331832034826938,40.40402416279052,37.616914726018166
"FC","2026-06-01","93.6","-2.75","5.82","Siri, Jose",642350,622608,,"foul",,,,,14,,"R","R","R","LAA","COL","S",,,0,2,2026,"0.1","0.87",1.7423389509088796,1.337892569995978,,,672724,1,9,"Bot",,,,,,,11.196882186387363,-135.6680872187033,-7.452239924069232,-1.2376824232769634,30.204326136938587,-19.938277207965182,3.305134514,1.668011811,7,"78.2",-11,"93.3",2396,"6.4",824027,696100,681198,677060,691720,678662,650489,664983,687859,"54.11",,,,,,,,90,3,"Cutter",8,9,8,9,9,8,8,9,"Standard","Standard",210,"0","0","56.0","7.8",,,"0","88.0",-1,-1,0.168,0.168,31,30,31,31,1,4,5,1,4,2,"1.76","-0.1","-0.1","36.7",7.200028498235784,5.693171308223194,33.31204077936471,52.421426231596186,23.65648037752002
"FF","2026-06-01","99.7","-1.96","6.12","Siri, Jose",642350,678020,"field_out","hit_into_play",,,,,14,"Jose Siri lines out to first baseman Edouard Julien.","R","R","R","LAA","COL","X",3,"line_drive",1,1,2026,"-0.98","1.18",1.190001002283883,2.417387470805508,687093,,,2,7,"Bot",151.69,155.03,,,,,10.978995779502474,-144.64113442163963,-7.3744678596584015,-16.40928589624834,35.9542570034542,-14.020476305094604,3.305134514,1.668011811,132,"95",8,"100.2",2341,"6.9",824027,696100,666397,650489,691720,678662,687859,664983,671289,"53.62",0.617,0.576,"0",1,0,0,4,67,3,"4-Seam Fastball",6,3,6,3,3,6,6,3,"Standard","Standard",216,"-0.01","-0.294","70.7","7.2",,0.695,"0.294","95.0",3,3,0.938,0.938,26,30,26,31,1,3,3,1,2,2,"1.14","0.98","0.98","48.0",12.96211819896769,21.507265529731303,25.11164565338608,48.856864203554245,19.503305754022566
"FF","2026-06-01","98.9","-2.51","6.2","Siri, Jose",642350,622608,,"swinging_strike",,,,,6,,"R","R","R","LAA","COL","S",,,0,1,2026,"-0.45","1.34",0.5219574667936887,2.6923635939130555,,,672724,1,9,"Bot",,,,,,,9.20247216995668,-143.58586880876172,-7.029471454370549,-8.437905163853163,36.02711099552071,-12.141595573605773,3.305134514,1.668011811,,,,"98.5",2522,"6.4",824027,696100,681198,677060,691720,678662,650489,664983,687859,"54.14",,,,,,,,90,2,"4-Seam Fastball",8,9,8,9,9,8,8,9,"Standard","Standard",204,"-0.029","-0.054","72.2","6.0","1.810416996",,"0.054",,-1,-1,0.197,0.197,31,30,31,31,1,4,5,1,4,2,"1.02","0.45","0.45","50.0",-9.97788842818377,38.801827795065385,36.39045033238105,39.66725282434953,8.712111490622057
"SL","2026-06-01","85.2","-2.08","6.38","Siri, Jose",642350,678020,,"swinging_strike",,,,,9,,"R","R","R","LAA","COL","S",,,1,0,2026,"0.43","-0.39",0.524231882790658,1.9669410201171074,687093,,,2,7,"Bot",,,,,,,5.2100605460752485,-123.97346181504832,-2.9907596699748247,3.2580516008218594,26.42631020975338,-35.73487695750576,3.305134514,1.668011811,,,,"85.7",2443,"6.8",824027,696100,666397,650489,691720,678662,687859,664983,671289,"53.74",,,,,,,,67,2,"Slider",6,3,6,3,3,6,6,3,"Standard","Standard",47,"-0.001","-0.031","67.4","8.5","1.836033972",,"0.031",,3,3,0.939,0.939,26,30,26,31,1,3,3,1,2,2,"3.54","-0.43","-0.43","54.3",23.696208577077275,-33.669194237479076,25.61246867308392,38.519832180985425,53.927423565148445
"FC","2026-06-01","93","-2.62","6.09","Siri, Jose",642350,622608,,"called_strike",,,,,3,,"R","R","R","LAA","COL","S",,,0,0,2026,"0.13","0.83",0.5786231203266559,2.907978718207244,,,672724,1,9,"Bot",,,,,,,7.775322238553765,-135.23086252071005,-3.9732450341176184,-0.2097967251640847,31.39391723771865,-21.33941632727106,3.305134514,1.668011811,,,,"92.5",2279,"6.2",824027,696100,681198,677060,691720,678662,650489,664983,687859,"54.32",,,,,,,,90,1,"Cutter",8,9,8,9,9,8,8,9,"Standard","Standard",181,"-0.017","-0.041",,,,,"0.041",,-1,-1,0.214,0.214,31,30,31,31,1,4,5,1,4,2,"1.83","-0.13","-0.13","43.5",,,,,
"SL","2026-06-01","86","-1.89","6.39","Siri, Jose",642350,678020,,"ball",,,,,14,,"R","R","R","LAA","COL","B",,,0,0,2026,"0.44","-0.38",1.1773384575550152,1.9302993612514006,687093,,,2,7,"Bot",,,,,,,6.311098498084191,-125.0322870588781,-3.2617418641137315,3.194156558801059,26.77737280356769,-35.67716242470254,3.305134514,1.668011811,,,,"86.4",2350,"6.7",824027,696100,666397,650489,691720,678662,687859,664983,671289,"53.78",,,,,,,,67,1,"Slider",6,3,6,3,3,6,6,3,"Standard","Standard",57,"0","0.035",,,,,"-0.035",,3,3,0.939,0.939,26,30,26,31,1,3,3,1,2,2,"3.48","-0.44","-0.44","49.6",,,,,
"CH","2026-05-31","86.2","0.64","6.19","Siri, Jose",642350,663556,"strikeout","called_strike",,,,,7,"Jose Siri called out on strikes.","R","R","L","TB","LAA","S",2,,2,2,2026,"1.4","0.19",-0.591934701631273,1.6066056229701284,,666176,,2,4,"Top",,,,,,,-5.839585788323172,-125.31625555878475,-4.781902235295027,15.908540229210438,27.330352116004136,-29.32027561085163,3.305134514,1.668011811,,,,"86.6",1491,"6.8",822976,676439,666018,680700,691406,670764,802415,656775,683748,"53.73",,0,"0",1,0,0,,34,5,"Changeup",3,1,1,3,1,3,1,3,"Infield shade","Standard",106,"0.031","-0.21",,,,,"0.21",,2,-2,0.755,0.245,29,30,29,31,2,1,6,1,6,1,"2.9","1.4","-1.4","36.6",,,,,
"CU","2026-05-31","82.3","0.94","6.13","Siri, Jose",642350,663556,,"foul",,,,,13,,"R","R","L","TB","LAA","S",,,2,1,2026,"-0.53","-0.65",-0.6820056935489566,1.371480958991512,,666176,,2,4,"Top",,,,,,,-2.6062468579063736,-119.87172913631703,-2.714880517414227,-4.521558761056996,24.788727374959077,-38.115211269617305,3.305134514,1.668011811,87,"77.6",6,"82.9",2532,"6.8",822976,676439,666018,680700,691406,670764,802415,656775,683748,"53.68",,,,,,,,34,4,"Curveball",3,1,1,3,1,3,1,3,"Infield shade","Standard",314,"0.006","-0.077","69.0","8.4",,,"0.077","88.0",2,-2,0.749,0.251,29,30,29,31,2,1,6,1,6,1,"4.03","-0.53","0.53","40.2",22.934310085309146,-40.1431826480601,33.921249896584285,28.926266069586926,52.07617094152042
"FF","2026-05-31","96","0.54","6.3","Siri, Jose",642350,663556,,"called_strike",,,,,6,,"R","R","L","TB","LAA","S",,,2,0,2026,"0.79","1.18",0.7323131220981209,2.7967487941701688,,666176,,2,4,"Top",,,,,,,-1.345356899568157,-139.5633957710851,-6.095802808988817,10.586943776305862,37.02227500591257,-15.563747718201856,3.305134514,1.668011811,,,,"95.8",2123,"6.7",822976,676439,666018,680700,691406,670764,802415,656775,683748,"53.84",,,,,,,,34,3,"4-Seam Fastball",3,1,1,3,1,3,1,3,"Infield shade","Standard",139,"0.004","-0.042",,,,,"0.042",,2,-2,0.745,0.255,29,30,29,31,2,1,6,1,6,1,"1.33","0.79","-0.79","39.6",,,,,
"CH","2026-05-31","85.2","0.81","6.04","Siri, Jose",642350,663556,,"ball",,,,,13,,"R","R","L","TB","LAA","B",,,1,0,2026,"1.37","0.58",-0.34171898332788153,0.7910013419486623,,666176,,2,4,"Top",,,,,,,-5.5223358516603485,-123.67682210112258,-6.8461316248130855,15.151689518725584,29.152662979610763,-24.88846556613185,3.305134514,1.668011811,,,,"85.2",1571,"6.8",822976,676439,666018,680700,691406,670764,802415,656775,683748,"53.66",,,,,,,,34,2,"Changeup",3,1,1,3,1,3,1,3,"Infield shade","Standard",110,"-0.004","0.026",,,,,"-0.026",,2,-2,0.749,0.251,29,30,29,31,2,1,6,1,6,1,"2.62","1.37","-1.37","43.0",,,,,
"CU","2026-05-31","82.7","0.87","6.18","Siri, Jose",642350,663556,,"ball",,,,,13,,"R","R","L","TB","LAA","B",,,0,0,2026,"-0.42","-0.74",-1.0060416764559323,2.0690795239312547,,666176,,2,4,"Top",,,,,,,-3.422546634366255,-120.34607101173532,-1.1108271733201363,-3.30436187723249,25.328179339274048,-39.28203238186152,3.305134514,1.668011811,,,,"83.2",2529,"6.8",822976,676439,666018,680700,691406,670764,802415,656775,683748,"53.69",,,,,,,,34,1,"Curveball",3,1,1,3,1,3,1,3,"Infield shade","Standard",301,"-0.001","0.027",,,,,"-0.027",,2,-2,0.75,0.25,29,30,29,31,2,1,6,1,6,1,"4.09","-0.42","0.42","41.3",,,,,
"FF","2026-05-31","94.6","0.9","6.32","Siri, Jose",642350,663556,"single","hit_into_play",,,,,14,"Jose Siri singles on a fly ball to right fielder Victor Mesa Jr.","R","R","L","TB","LAA","X",9,"fly_ball",0,0,2026,"0.76","1.43",1.525282464964468,2.377705695770597,,,,2,2,"Top",193.04,131.74,,,,,-0.1300495654841448,-137.56445495356806,-7.554909027889512,9.57356729917697,35.34239765158515,-12.520103197821532,3.305134514,1.668011811,209,"67.2",34,"94.3",2281,"6.5",822976,676439,666018,680700,691406,670764,802415,656775,683748,"53.96",0.886,0.827,"0.9",1,1,0,4,12,1,"4-Seam Fastball",1,0,0,1,0,1,0,1,"Infield shade","Standard",152,"-0.013","0.339","70.1","7.9",,0.973,"-0.339","88.0",1,-1,0.645,0.355,29,30,29,31,1,0,6,1,6,1,"1.15","0.76","-0.76","40.1",21.55003563048672,12.353188757764913,21.429721215297736,53.029757892885556,25.76222581571971
"SI","2026-05-30","92.7","-2.1","5.84","Siri, Jose",642350,681806,"force_out","hit_into_play",,,,,9,"Angels challenged (force play), call on the field was upheld: Jose Siri grounds into a force out, second baseman Ben Williamson to shortstop Taylor Walls. Adam Frazier scores. Mike Trout to 3rd. Vaughn Grissom out at 2nd. Jose Siri to 1st.","R","R","R","TB","LAA","X",4,"ground_ball",0,0,2026,"-1.01","0.65",0.674909785323702,1.8808159062023202,624428,545361,687093,1,9,"Top",117.86,146.11,,,,,9.233098834628164,-134.5628637031451,-5.485501159865489,-14.363988317025,30.233492246762907,-23.25237347926925,3.305134514,1.668011811,10,"93.9",-10,"92.4",2195,"6.4",822975,663743,666018,810938,691406,670764,802415,656775,683748,"54.15",0.255,0.232,"0",1,0,0,2,77,1,"Sinker",3,8,8,3,9,3,9,3,"Infield shade","Standard",213,"-0.001","-0.324","70.3","7.8",,0.297,"0.324","93.9",-5,5,0.004,0.996,30,30,31,31,2,0,,1,,1,"2.02","1.01","1.01","32.7",4.347533335029547,7.9009076884267255,32.65872826267841,43.12023313805581,24.87636430730062
"SI","2026-05-29","92.8","-1.7","5.98","Siri, Jose",642350,607259,"field_out","hit_into_play",,,,,4,"Jose Siri lines out softly to shortstop Oliver Dunn.","R","R","R","TB","LAA","X",6,"line_drive",1,1,2026,"-1.38","0.72",-0.825324380406345,2.684207124252215,,,,2,7,"Top",100.51,152.53,,,,,5.250497595579914,-135.08070825232406,-3.97724372190592,-18.086814450433288,30.35734633912805,-22.72785512895734,3.305134514,1.668011811,137,"49",33,"92",2213,"5.9",822978,663743,666018,680700,691406,686554,802415,656775,668723,"54.65",0.109,0.098,"0",1,0,0,1,53,3,"Sinker",1,2,2,1,2,1,2,1,"Infield shade","Standard",212,"0.012","-0.246","74.1","7.3",,0.109,"0.246","88.0",-1,1,0.352,0.648,35,30,36,31,3,2,7,3,5,1,"1.93","1.38","1.38","54.0",12.034159983179206,-7.674116148737447,29.13278503810501,23.57329615327116,30.132471259322998
"SI","2026-05-29","92.2","-1.55","6","Siri, Jose",642350,607259,,"called_strike",,,,,7,,"R","R","R","TB","LAA","S",,,1,0,2026,"-1.36","1.02",-0.7442584959154761,2.0782120373233086,,,,2,7,"Top",,,,,,,4.975448511590492,-134.1044810321072,-6.109209708020648,-17.47000924720622,30.03472571445193,-18.70333054411304,3.305134514,1.668011811,,,,"91.4",2292,"5.9",822978,663743,666018,680700,691406,686554,802415,656775,668723,"54.61",,,,,,,,53,2,"Sinker",1,2,2,1,2,1,2,1,"Infield shade","Standard",208,"0.002","-0.054",,,,,"0.054",,-1,1,0.35,0.65,35,30,36,31,3,2,7,3,5,1,"1.67","1.36","1.36","50.1",,,,,
"SI","2026-05-29","92.6","-1.7","6.01","Siri, Jose",642350,607259,,"ball",,,,,1,,"R","R","R","TB","LAA","B",,,0,0,2026,"-1.28","1.04",-0.45752772607380976,3.0970267476943825,,,663611,1,7,"Top",,,,,,,5.906210858041202,-134.66045642400374,-3.6744995872124777,-16.820186688148087,31.503332448683658,-18.96126909582938,3.305134514,1.668011811,,,,"91.5",2289,"5.8",822978,663743,666018,680700,691406,686554,802415,656775,668723,"54.69",,,,,,,,53,1,"Sinker",1,2,2,1,2,1,2,1,"Infield shade","Standard",208,"0.044","0.033",,,,,"-0.033",,-1,1,0.306,0.694,35,30,36,31,3,2,7,3,5,1,"1.64","1.28","1.28","52.5",,,,,
"FC","2026-05-29","88.5","-1.69","6.01","Siri, Jose",642350,607259,"double","hit_into_play",,,,,8,"Jose Siri doubles (2) on a sharp line drive to center fielder Cedric Mullins.","R","R","R","TB","LAA","X",8,"line_drive",0,0,2026,"0.06","1.07",0.057821826805258325,1.7131312140447115,,,,0,5,"Top",165.69,47.76,,,,,4.056872213010736,-128.8084545563764,-6.414699690064795,-0.2087365775799302,26.147574042295393,-19.114753594060446,3.305134514,1.668011811,386,"105.4",21,"87.9",2334,"5.9",822978,663743,666018,680700,691406,810938,802415,656775,668723,"54.64",0.72,1.077,"1.25",1,1,1,6,35,1,"Cutter",1,1,1,1,1,1,1,1,"Infield shade","Standard",208,"-0.081","0.722","77.2","7.3",,1.864,"-0.722","105.4",0,0,0.5,0.5,35,30,36,31,2,1,7,3,5,1,"1.83","-0.06","-0.06","51.4",4.909809473057488,2.080443799594954,37.81891876696772,33.22248217117421,26.447556845217804
"SI","2026-05-29","91.8","-1.69","6.01","Siri, Jose",642350,607259,"strikeout","swinging_strike",,,,,4,"Jose Siri strikes out swinging.","R","R","R","TB","LAA","S",2,,2,2,2026,"-1.26","1.36",-0.5852525190081246,2.3795029892146857,,,,0,3,"Top",,,,,,,5.499045946220682,-133.43389836130987,-6.0411280449340925,-16.275568065115735,29.886717812972666,-14.782048312684525,3.305134514,1.668011811,,,,"90.9",2414,"5.9",822978,663743,666018,680700,691406,810938,802415,656775,668723,"54.61",,0,"0",1,0,0,,17,5,"Sinker",1,0,0,1,0,1,0,1,"Infield shade","Standard",204,"0.022","-0.234","60.3","5.5","1.379934384",,"0.234",,1,-1,0.616,0.384,35,30,36,31,1,0,7,3,5,1,"1.36","1.26","1.26","53.3",-23.647239269623185,35.01459768473832,43.22351561767217,26.20202194524458,9.844853489707665
"FF","2026-05-29","91","-1.47","6.16","Siri, Jose",642350,607259,,"ball",,,,,11,,"R","R","R","TB","LAA","B",,,1,2,2026,"-0.23","1.82",-0.04013025710934082,3.4286805421988444,,,,0,3,"Top",,,,,,,3.997131063948361,-132.32667176777932,-4.652448642316391,-3.6173653366155163,30.379060790395034,-10.030586345528297,3.305134514,1.668011811,,,,"89.9",2330,"5.8",822978,663743,666018,680700,691406,810938,802415,656775,668723,"54.66",,,,,,,,17,4,"4-Seam Fastball",1,0,0,1,0,1,0,1,"Infield shade","Standard",201,"-0.004","0.046",,,,,"-0.046",,1,-1,0.62,0.38,35,30,36,31,1,0,7,3,5,1,"0.95","0.23","0.23","62.6",,,,,
"SI","2026-05-29","91.6","-1.6","6.04","Siri, Jose",642350,607259,,"swinging_strike",,,,,8,,"R","R","R","TB","LAA","S",,,1,1,2026,"-1.2","1.37",0.11080044057626437,2.1194215036767527,,,,0,3,"Top",,,,,,,6.85697432567724,-133.0579115247219,-6.752113980521655,-15.748796449262727,28.577227003669744,-14.585617266956659,3.305134514,1.668011811,,,,"91",2372,"6",822978,663743,666018,680700,691406,810938,802415,656775,668723,"54.5",,,,,,,,17,3,"Sinker",1,0,0,1,0,1,0,1,"Infield shade","Standard",205,"0.007","-0.062","79.2","7.7","0.328369812",,"0.062",,1,-1,0.613,0.387,35,30,36,31,1,0,7,3,5,1,"1.35","1.2","1.2","51.3",7.029759429731836,3.7729142679882495,36.97029301909456,34.55637990831487,22.451865104135532
"FC","2026-05-29","87.7","-1.64","6.06","Siri, Jose",642350,607259,,"called_strike",,,,,2,,"R","R","R","TB","LAA","S",,,1,0,2026,"0.29","1.15",0.22670460296304257,3.1203253204358115,,,,0,3,"Top",,,,,,,3.801672693853013,-127.70056361576965,-3.191211231343643,2.3886749271991587,26.322353814656733,-19.104185265297524,3.305134514,1.668011811,,,,"87",2336,"5.8",822978,663743,666018,680700,691406,810938,802415,656775,668723,"54.71",,,,,,,,17,2,"Cutter",1,0,0,1,0,1,0,1,"Infield shade","Standard",193,"0.005","-0.058",,,,,"0.058",,1,-1,0.608,0.392,35,30,36,31,1,0,7,3,5,1,"1.81","-0.29","-0.29","52.0",,,,,
"FF","2026-05-29","91.2","-1.6","6.13","Siri, Jose",642350,607259,,"ball",,,,,12,,"R","R","R","TB","LAA","B",,,0,0,2026,"-0.33","1.76",0.7143612889155283,3.8690458096431506,,,,0,3,"Top",,,,,,,6.397790413908571,-132.5650330458079,-3.3939671455667058,-5.286504266703284,30.52828785989144,-10.946118832780671,3.305134514,1.668011811,,,,"90.1",2303,"5.8",822978,663743,666018,680700,691406,810938,802415,656775,668723,"54.68",,,,,,,,17,1,"4-Seam Fastball",1,0,0,1,0,1,0,1,"Infield shade","Standard",203,"-0.004","0.044",,,,,"-0.044",,1,-1,0.612,0.388,35,30,36,31,1,0,7,3,5,1,"1","0.33","0.33","53.4",,,,,
"FF","2026-05-29","97.5","-0.52","6.66","Siri, Jose",642350,641329,"single","hit_into_play",,,,,1,"Jose Siri singles on a soft line drive to right fielder Ryan Vilade. Logan O'Hoppe to 2nd.","R","R","R","TB","LAA","X",9,"line_drive",2,2,2026,"-0.07","1.72",-0.5756589695385151,3.186413590715754,,,681351,1,9,"Top",169.75,128.3,,,,,0.02158250902428357,-141.7476655547201,-7.543344167684576,-0.9607866837965762,35.26424959384433,-7.43714594368882,3.305134514,1.668011811,149,"69.1",15,"96.6",2231,"6",822978,663743,666018,680700,686554,670764,802415,656775,668723,"54.48",0.417,0.375,"0.9",1,1,0,2,75,5,"4-Seam Fastball",8,5,5,8,5,8,5,8,"Infield shade","Strategic",198,"-0.057","0.432","59.5","5.4",,0.442,"-0.432","88.0",3,-3,0.967,0.03300000000000003,31,30,32,31,1,3,4,3,2,1,"0.7","0.07","0.07","57.8",8.574135951430383,28.280938519090558,25.552899340582645,26.056807916011017,17.673076340683135
"CH","2026-05-29","88.3","-0.7","6.61","Siri, Jose",642350,641329,,"blocked_ball",,,,,14,,"R","R","R","TB","LAA","B",,,1,2,2026,"-1.22","0.85",0.011191123176407247,0.5004573159078975,,,681351,1,9,"Top",,,,,,,4.279109215269946,-128.084161799816,-10.119239357757031,-14.34149565116086,28.75698888183492,-20.848355830838972,3.305134514,1.668011811,,,,"87.4",1894,"6.1",822978,663743,666018,680700,686554,670764,802415,656775,668723,"54.39",,,,,,,,75,4,"Changeup",8,5,5,8,5,8,5,8,"Infield shade","Strategic",216,"-0.003","0.057",,,,,"-0.057",,3,-3,0.97,0.030000000000000027,31,30,32,31,1,3,4,3,2,1,"2.12","1.22","1.22","56.4",,,,,
"CH","2026-05-29","87.7","-0.67","6.59","Siri, Jose",642350,641329,,"swinging_strike",,,,,13,,"R","R","R","TB","LAA","S",,,1,1,2026,"-1.35","0.8",-0.2517009572104272,0.7809218501436699,,,681351,1,9,"Top",,,,,,,3.8076505522884387,-127.43519160530752,-9.206838763592266,-15.470166571491914,28.094125587388895,-21.675614570774698,3.305134514,1.668011811,,,,"87",1862,"6.1",822978,663743,666018,680700,686554,670764,802415,656775,668723,"54.42",,,,,,,,75,3,"Changeup",8,5,5,8,5,8,5,8,"Infield shade","Strategic",216,"0.006","-0.069","75.0","9.1","3.957856368",,"0.069",,3,-3,0.964,0.03600000000000003,31,30,32,31,1,3,4,3,2,1,"2.19","1.35","1.35","58.0",28.842202726691514,-38.766085245108016,36.82066603506262,31.038846942718955,55.31868649203445
"FF","2026-05-29","98.2","-0.57","6.68","Siri, Jose",642350,641329,,"ball",,,,,1,,"R","R","R","TB","LAA","B",,,0,1,2026,"-0.26","1.63",-0.6051291785144604,3.1861096984896973,,,681351,1,9,"Top",,,,,,,0.5200535251358733,-142.73856372697722,-7.519139398644495,-3.651117107776777,37.696734886878346,-8.378542543772337,3.305134514,1.668011811,,,,"97.4",2292,"6.2",822978,663743,666018,680700,686554,670764,802415,656775,668723,"54.26",,,,,,,,75,2,"4-Seam Fastball",8,5,5,8,5,8,5,8,"Infield shade","Strategic",202,"-0.003","0.029",,,,,"-0.029",,3,-3,0.967,0.03300000000000003,31,30,32,31,1,3,4,3,2,1,"0.77","0.26","0.26","56.7",,,,,
"FF","2026-05-29","97.7","-0.48","6.71","Siri, Jose",642350,641329,,"foul",,,,,8,,"R","R","R","TB","LAA","S",,,0,0,2026,"-0.38","1.79",-0.2518040773844235,1.6280397957119646,,,681351,1,9,"Top",,,,,,,1.4965027186017403,-141.7158276137481,-12.008292812013977,-5.4349272783365175,34.6865940909163,-5.444122579188888,3.305134514,1.668011811,196,"80.1",61,"97.1",2390,"6.3",822978,663743,666018,680700,686554,670764,802415,656775,668723,"54.22",,,,,,,,75,1,"4-Seam Fastball",8,5,5,8,5,8,5,8,"Infield shade","Strategic",193,"0.004","-0.041","83.7","8.1",,,"0.041","88.0",3,-3,0.963,0.03700000000000003,31,30,32,31,1,3,4,3,2,1,"0.63","0.38","0.38","58.5",17.260877665080415,-8.819604597404869,44.11206769820519,30.68499033961123,33.12479449690717
"FC","2026-05-26","88.3","1.69","5.89","Siri, Jose",642350,663947,"home_run","hit_into_play",,,,,2,"Jose Siri homers (1) on a fly ball to left field.","R","R","L","DET","LAA","X",,"fly_ball",2,2,2026,"-0.28","0.61",-0.24804846495468763,2.9303416413816166,,,,0,9,"Top",37.54,62.14,,,,,-4.057489240237173,-128.70920514928017,-2.3158846335125745,-2.459332751119808,22.710037990228027,-25.07771832116594,3.305134514,1.668011811,401,"99.7",29,"89.1",2386,"6.4",824275,693307,679529,701678,805808,656716,682985,663837,672761,"54.15",0.531,0.98,"2",1,0,3,6,78,7,"Cutter",6,9,9,6,10,6,10,6,"Standard","Standard",193,"-0.02","1.144","75.0","7.3",,1.883,"-1.144","99.7",-3,3,0.035,0.965,30,30,30,31,1,0,2,2,5,3,"2.27","-0.28","0.28","40.2",13.28215761611946,-2.921721391060728,29.71422487117552,31.882673176462923,33.67370528072353
"FC","2026-05-26","87.8","1.79","5.88","Siri, Jose",642350,663947,,"foul",,,,,7,,"R","R","L","DET","LAA","S",,,2,2,2026,"-0.41","0.53",-0.7319230304565945,1.8646252448137455,,,,0,9,"Top",,,,,,,-5.1679707535390556,-127.83171313767626,-4.564713127865469,-3.5737516777961473,23.86307655515879,-25.647714359340405,3.305134514,1.668011811,183,"67.5",49,"88.5",2501,"6.5",824275,693307,679529,701678,805808,656716,682985,663837,672761,"54.04",,,,,,,,78,6,"Cutter",6,9,9,6,9,6,9,6,"Standard","Standard",203,"0","0","73.3","8.3",,,"0","88.0",-3,3,0.035,0.965,30,30,30,31,1,0,2,2,5,3,"2.4","-0.41","0.41","41.1",16.225817677944853,-15.811340064603618,44.19810599962636,25.720315545690273,33.22464659992178
"FC","2026-05-26","87.8","1.53","5.89","Siri, Jose",642350,663947,,"ball",,,,,13,,"R","R","L","DET","LAA","B",,,1,2,2026,"-0.55","0.61",-1.6804993248388465,0.7871839587200944,,,,0,9,"Top",,,,,,,-6.541211591865697,-127.6191096729484,-7.312127694430247,-4.820664347347932,23.713143763665148,-24.27182478917829,3.305134514,1.668011811,,,,"88.5",2520,"6.6",824275,693307,679529,701678,805808,656716,682985,663837,672761,"53.95",,,,,,,,78,5,"Cutter",6,9,9,6,9,6,9,6,"Standard","Standard",183,"0","0.046",,,,,"-0.046",,-3,3,0.035,0.965,30,30,30,31,1,0,2,2,5,3,"2.33","-0.55","0.55","42.7",,,,,
"CU","2026-05-26","78.2","1.4","6.07","Siri, Jose",642350,663947,,"foul",,,,,9,,"R","R","L","DET","LAA","S",,,1,2,2026,"-1.23","-1.29",0.2897631183726901,1.6418660030805317,,,,0,9,"Top",,,,,,,-0.041494236995646916,-113.83721727589628,0.14837008743182922,-10.565068290876745,24.98712527674183,-43.55203491291201,3.305134514,1.668011811,8,"83.3",-14,"77.8",2892,"6.4",824275,693307,679529,701678,805808,656716,682985,663837,672761,"54.08",,,,,,,,78,4,"Curveball",6,9,9,6,9,6,9,6,"Standard","Standard",323,"0","0","72.3","8.6",,,"0","88.0",-3,3,0.035,0.965,30,30,30,31,1,0,2,2,5,3,"5.08","-1.23","1.23","47.3",23.035867833031872,-19.545431346213068,36.070933612284556,37.62402758615322,45.228634149357106
"CH","2026-05-26","83.3","1.84","5.77","Siri, Jose",642350,663947,,"ball",,,,,14,,"R","R","L","DET","LAA","B",,,0,2,2026,"1.12","0.45",1.3360632005398572,1.5443896943114441,,,,0,9,"Top",,,,,,,-3.3796011703017923,-121.28541228231985,-3.935312760259883,11.72909454802069,23.367079200012668,-27.186666112147478,3.305134514,1.668011811,,,,"83.5",1454,"6.3",824275,693307,679529,701678,805808,656716,682985,663837,672761,"54.16",,,,,,,,78,3,"Changeup",6,9,9,6,9,6,9,6,"Standard","Standard",105,"-0.001","0.023",,,,,"-0.023",,-3,3,0.036,0.964,30,30,30,31,1,0,2,2,5,3,"2.83","1.12","-1.12","38.4",,,,,
"CU","2026-05-26","77.8","1.45","6.11","Siri, Jose",642350,663947,,"swinging_strike",,,,,13,,"R","R","L","DET","LAA","S",,,0,1,2026,"-1.4","-1.01",-0.6679592553766288,0.7101978433013603,,,,0,9,"Top",,,,,,,-1.8769052563520958,-113.32366191802079,-2.466097357300346,-11.595553427559802,23.0081787445265,-40.52958547793292,3.305134514,1.668011811,,,,"77.7",2915,"6.4",824275,693307,679529,701678,805808,656716,682985,663837,672761,"54.1",,,,,,,,78,2,"Curveball",6,9,9,6,9,6,9,6,"Standard","Standard",323,"0.001","-0.056","64.6","8.6","1.208879568",,"0.056",,-3,3,0.035,0.965,30,30,30,31,1,0,2,2,5,3,"4.8","-1.4","1.4","46.5",26.71826165209364,-39.804882725867465,40.73725417224363,28.894461949444107,53.90323924661676
"FC","2026-05-26","86.7","1.69","5.98","Siri, Jose",642350,663947,,"called_strike",,,,,14,,"R","R","L","DET","LAA","S",,,0,0,2026,"-0.5","0.48",0.6230039568226488,1.4986176602907446,,,,0,9,"Top",,,,,,,-1.4766370423216817,-126.34518012752643,-5.345004275100054,-5.140549976379029,23.371671188448776,-26.163080503784254,3.305134514,1.668011811,,,,"87.2",2439,"6.3",824275,693307,679529,701678,805808,656716,682985,663837,672761,"54.16",,,,,,,,78,1,"Cutter",6,9,9,6,9,6,9,6,"Standard","Standard",182,"0.001","-0.043",,,,,"0.043",,-3,3,0.034,0.966,30,30,30,31,1,0,2,2,5,3,"2.52","-0.5","0.5","41.2",,,,,
"CU","2026-05-24","83.8","1.49","5.78","Siri, Jose",642350,669022,"strikeout","swinging_strike_blocked",,,,,13,"Jose Siri strikes out swinging.","R","R","L","LAA","TEX","S",2,,1,2,2026,"-0.11","-0.77",-0.8343564529783534,0.5083838313188371,,,,0,5,"Bot",,,,,,,-5.1185423198347735,-121.8246594598713,-3.8899641675557195,0.05113277768055213,27.11858394933341,-39.09425550299793,3.305134514,1.668011811,,,,"84.1",2154,"6.9",824028,643376,669394,679822,677649,680737,457705,664059,607043,"53.65",,0,"0",1,0,0,,32,4,"Curveball",1,1,1,1,1,1,1,1,"Infield shade","Standard",335,"-0.021","-0.188","65.4","9.2","12.743125548",,"0.188",,0,0,0.558,0.558,27,30,27,31,2,1,6,1,5,2,"4.05","-0.11","0.11","51.9",34.15934267283008,-55.375498778659804,37.13274532624477,27.194202729909982,62.08339010335073
"CU","2026-05-24","81.6","1.57","5.78","Siri, Jose",642350,669022,,"called_strike",,,,,2,,"R","R","L","LAA","TEX","S",,,1,1,2026,"-0.41","-0.95",0.13047136158459915,2.89627897952831,,,,0,5,"Bot",,,,,,,-2.4147380754482373,-118.75164512570232,2.271395819300341,-3.3697298287203883,25.260030438034985,-41.79979556474506,3.305134514,1.668011811,,,,"82.2",2196,"6.9",824028,643376,669394,679822,677649,680737,457705,664059,607043,"53.59",,,,,,,,32,3,"Curveball",1,1,1,1,1,1,1,1,"Infield shade","Standard",329,"-0.008","-0.062",,,,,"0.062",,0,0,0.566,0.566,27,30,27,31,2,1,6,1,5,2,"4.4","-0.41","0.41","53.2",,,,,
"FF","2026-05-24","95.1","1.83","5.66","Siri, Jose",642350,669022,,"called_strike",,,,,3,,"R","R","L","LAA","TEX","S",,,1,0,2026,"0.74","1.37",0.341651578248525,3.1121908145794825,,,,0,5,"Bot",,,,,,,-5.603599365752636,-138.23417025543066,-3.9462165262203923,10.796706125094271,35.003208816214425,-13.966696283597605,3.305134514,1.668011811,,,,"95.6",2259,"7",824028,643376,669394,679822,677649,680737,457705,664059,607043,"53.55",,,,,,,,32,2,"4-Seam Fastball",1,1,1,1,1,1,1,1,"Infield shade","Standard",149,"-0.006","-0.058",,,,,"0.058",,0,0,0.572,0.572,27,30,27,31,2,1,6,1,5,2,"1.18","0.74","-0.74","45.4",,,,,
"CU","2026-05-24","82.2","1.51","5.71","Siri, Jose",642350,669022,,"ball",,,,,13,,"R","R","L","LAA","TEX","B",,,0,0,2026,"-0.64","-0.64",-2.1743509949890805,0.3951157093192297,,,,0,5,"Bot",,,,,,,-7.015656022429862,-119.42725452430965,-3.9075066113086248,-4.6153788825073825,25.43360632717817,-37.6348874996598,3.305134514,1.668011811,,,,"82.4",2271,"6.8",824028,643376,669394,679822,677649,680737,457705,664059,607043,"53.73",,,,,,,,32,1,"Curveball",1,1,1,1,1,1,1,1,"Infield shade","Standard",334,"0.005","0.044",,,,,"-0.044",,0,0,0.567,0.567,27,30,27,31,2,1,6,1,5,2,"4.05","-0.64","0.64","51.5",,,,,
"FF","2026-05-24","95.8","1.81","5.76","Siri, Jose",642350,669022,"field_out","hit_into_play",,,,,1,"Jose Siri pops out to catcher Danny Jansen in foul territory.","R","R","L","LAA","TEX","X",2,"popup",0,2,2026,"0.55","1.55",-0.28627923097761965,3.2555945719995476,,,,0,3,"Bot",137.18,228.17,,,,,-6.803286969195163,-139.29915917847853,-4.366077060082618,8.769327775849787,34.213131439218195,-11.318614723660097,3.305134514,1.668011811,64,"87.4",88,"96.4",2253,"6.9",824028,643376,669394,679822,677649,680737,457705,664059,607043,"53.6",0.003,0.003,"0",1,0,0,3,17,3,"4-Seam Fastball",0,1,0,1,1,0,0,1,"Infield shade","Standard",151,"-0.017","-0.165","75.9","7.5",,0.003,"0.165","88.0",-1,-1,0.426,0.426,27,30,27,31,1,0,6,1,5,2,"0.96","0.55","-0.55","45.7",14.840182089568936,-7.884759762823131,28.498393528775534,32.413961550064045,33.713279499339805
"FF","2026-05-24","94.9","1.89","5.69","Siri, Jose",642350,669022,,"swinging_strike",,,,,6,,"R","R","L","LAA","TEX","S",,,0,1,2026,"0.65","1.44",0.37498151100975674,2.7277876113348847,,,,0,3,"Bot",,,,,,,-5.440671183595212,-138.03872962891876,-5.18312059331908,9.593337588646024,33.351719376385766,-12.793592188301126,3.305134514,1.668011811,,,,"95.5",2317,"6.9",824028,643376,669394,679822,677649,680737,457705,664059,607043,"53.64",,,,,,,,17,2,"4-Seam Fastball",0,1,0,1,1,0,0,1,"Infield shade","Standard",148,"-0.007","-0.056","74.9","7.7","0.849728316",,"0.056",,-1,-1,0.433,0.433,27,30,27,31,1,0,6,1,5,2,"1.11","0.65","-0.65","46.0",12.085211423121487,6.784127527816648,30.072354374504123,40.836117639313315,28.060921496214384
"FF","2026-05-24","95.1","1.83","5.67","Siri, Jose",642350,669022,,"swinging_strike",,,,,4,,"R","R","L","LAA","TEX","S",,,0,0,2026,"0.54","1.52",-0.5256083920219756,2.7835569245134746,,,,0,3,"Bot",,,,,,,-7.392059558260787,-138.16615537261765,-5.178719664934769,8.649481522092604,33.19502242163269,-11.764223281973045,3.305134514,1.668011811,,,,"95.7",2191,"6.9",824028,643376,669394,679822,677649,680737,457705,664059,607043,"53.61",,,,,,,,17,1,"4-Seam Fastball",0,1,0,1,1,0,0,1,"Infield shade","Standard",147,"-0.004","-0.043","75.2","6.2","1.111859676",,"0.043",,-1,-1,0.437,0.437,27,30,27,31,1,0,6,1,5,2,"1.02","0.54","-0.54","44.3",-9.026485455466265,23.143931229820353,37.624459096385344,28.595178274485892,16.081903675765933
"FC","2026-05-23","87.6","2.57","5.54","Siri, Jose",642350,641302,"walk","ball",,,,,14,"Jose Siri walks. Jorge Soler to 3rd. Jo Adell to 2nd.","R","R","L","LAA","TEX","B",,,3,2,2026,"-0.26","0.7",1.2006560359350786,1.8191022513731647,,624585,666176,1,8,"Bot",,,,,,,-2.716131244725339,-127.5514967227052,-4.0908680924220455,-2.248131537338955,26.248224433968247,-23.94336214151746,3.305134514,1.668011811,,,,"87.4",2314,"6.1",824030,543309,669394,679822,677649,680737,457705,694497,607043,"54.37",,0.698079,"0.7",1,0,0,,71,8,"Cutter",3,2,3,2,2,3,3,2,"Standard","Standard",162,"0.027","0.298",,,,,"-0.298",,1,1,0.892,0.892,31,30,32,31,1,0,3,2,4,1,"2.27","-0.26","0.26","35.6",,,,,
"CH","2026-05-23","83.9","2.73","5.55","Siri, Jose",642350,641302,,"foul",,,,,14,,"R","R","L","LAA","TEX","S",,,3,2,2026,"1.17","0.22",1.2665548359632772,2.120264915921661,,624585,666176,1,8,"Bot",,,,,,,-5.660854062120738,-122.03250525203875,-1.6761255276723968,12.793264069781246,26.636252191642026,-29.817350312459695,3.305134514,1.668011811,177,"66.3",48,"83.1",1603,"6",824030,543309,669394,679822,677649,680737,457705,694497,607043,"54.49",,,,,,,,71,7,"Changeup",3,2,3,2,2,3,3,2,"Standard","Standard",124,"0","0","61.3","8.0",,,"0","88.0",1,1,0.892,0.892,31,30,32,31,1,0,3,2,4,1,"3.05","1.17","-1.17","37.5",10.567650665771108,5.552735003341583,32.14088301429627,46.918662315609055,23.02198527858333
"SI","2026-05-23","91.4","2.65","5.49","Siri, Jose",642350,641302,,"ball",,,,,11,,"R","R","L","LAA","TEX","B",,,2,2,2026,"1.24","0.98",-0.8836229895482384,3.4918150665910925,,624585,666176,1,8,"Bot",,,,,,,-11.447244943232509,-132.5011090668555,-1.0260202157228755,17.18210660161002,30.81717042525412,-20.711833133103987,3.305134514,1.668011811,,,,"90.6",2195,"6.2",824030,543309,669394,679822,677649,680737,457705,694497,607043,"54.29",,,,,,,,71,6,"Sinker",3,2,3,2,2,3,3,2,"Standard","Standard",138,"0.009","0.091",,,,,"-0.091",,1,1,0.883,0.883,31,30,32,31,1,0,3,2,4,1,"1.79","1.24","-1.24","32.2",,,,,
"CH","2026-05-23","83.8","2.61","5.58","Siri, Jose",642350,641302,,"foul",,,,,9,,"R","R","L","LAA","TEX","S",,,2,2,2026,"1.25","0.39",0.44023428173494383,1.849780289312581,,624585,666176,1,8,"Bot",,,,,,,-7.428443724079456,-121.76911125458801,-2.6813380862641867,13.956881395481325,25.62353982580279,-27.996984229596293,3.305134514,1.668011811,283,"86.8",33,"83.2",1559,"6.1",824030,543309,669394,679822,677649,680737,457705,694497,607043,"54.38",,,,,,,,71,5,"Changeup",3,2,3,2,2,3,3,2,"Standard","Standard",123,"0","0","74.5","7.3",,,"0","88.0",1,1,0.883,0.883,31,30,32,31,1,0,3,2,4,1,"2.89","1.25","-1.25","38.1",1.308892096635266,13.59966545287527,41.18378287506826,37.22605999568706,24.914796664086218
"FF","2026-05-23","91.8","2.63","5.62","Siri, Jose",642350,641302,,"ball",,,,,12,,"R","R","L","LAA","TEX","B",,,1,2,2026,"0.72","1.53",1.1233914287874411,4.207737439357411,,624585,666176,1,8,"Bot",,,,,,,-5.333570271749068,-133.44051936295017,-0.8479986986724128,9.84317751710325,33.02190164892489,-14.085759130884226,3.305134514,1.668011811,,,,"90.9",2255,"6.1",824030,543309,669394,679822,677649,680737,457705,694497,607043,"54.35",,,,,,,,71,4,"4-Seam Fastball",3,2,3,2,2,3,3,2,"Standard","Standard",138,"0.004","0.059",,,,,"-0.059",,1,1,0.879,0.879,31,30,32,31,1,0,3,2,4,1,"1.21","0.72","-0.72","35.3",,,,,
"CH","2026-05-23","84.1","2.69","5.58","Siri, Jose",642350,641302,,"ball",,,,,14,,"R","R","L","LAA","TEX","B",,,0,2,2026,"1.22","0.38",1.0101139218933441,0.8515053518391422,,624585,666176,1,8,"Bot",,,,,,,-6.287655307721774,-122.25098216588638,-5.002970229172619,13.519087932586983,26.491992506214668,-27.47248131133787,3.305134514,1.668011811,,,,"83.4",1524,"6.1",824030,543309,669394,679822,677649,680737,457705,694497,607043,"54.37",,,,,,,,71,3,"Changeup",3,2,3,2,2,3,3,2,"Standard","Standard",124,"0.002","0.028",,,,,"-0.028",,1,1,0.877,0.877,31,30,32,31,1,0,3,2,4,1,"2.87","1.22","-1.22","36.7",,,,,
"SI","2026-05-23","89.5","2.62","5.5","Siri, Jose",642350,641302,,"called_strike",,,,,4,,"R","R","L","LAA","TEX","S",,,0,1,2026,"1.47","0.69",-0.3426934808715463,2.710894753921013,,624585,666176,1,8,"Bot",,,,,,,-10.303880425597553,-129.90441241166644,-2.094474561642524,18.82169251175486,29.1191267451263,-24.126387604016745,3.305134514,1.668011811,,,,"88.7",2100,"6.1",824030,543309,669394,679822,677649,680737,457705,694497,607043,"54.42",,,,,,,,71,2,"Sinker",3,2,3,2,2,3,3,2,"Standard","Standard",129,"-0.006","-0.062",,,,,"0.062",,1,1,0.883,0.883,31,30,32,31,1,0,3,2,4,1,"2.19","1.47","-1.47","30.2",,,,,
"CH","2026-05-23","82.3","2.72","5.51","Siri, Jose",642350,641302,,"called_strike",,,,,9,,"R","R","L","LAA","TEX","S",,,0,0,2026,"1.22","0.47",0.44070188914529296,1.7872948986475414,,624585,666176,1,8,"Bot",,,,,,,-7.488010389629911,-119.55993455119811,-2.5573040567761893,13.196702178900166,24.528451484559934,-27.3949590642813,3.305134514,1.668011811,,,,"81.7",1490,"6.1",824030,543309,669394,679822,677649,680737,457705,694497,607043,"54.37",,,,,,,,71,1,"Changeup",3,2,3,2,2,3,3,2,"Standard","Standard",119,"-0.004","-0.043",,,,,"0.043",,1,1,0.887,0.887,31,30,32,31,1,0,3,2,4,1,"2.93","1.22","-1.22","34.1",,,,,
"SI","2026-05-21","96.4","-1.92","5.88","Siri, Jose",642350,622663,"grounded_into_double_play","hit_into_play",,,,,11,"Jose Siri grounds into a double play, third baseman Zack Gelof to second baseman Jeff McNeil to first baseman Nick Kurtz. Josh Lowe out at 2nd. Jose Siri out at 1st.","R","R","R","LAA","ATH","X",5,"ground_ball",0,0,2026,"-1.1","0.94",-0.9770237360255376,2.5094189933058404,,,666139,0,5,"Bot",109.81,175.43,,,,,5.066677222598688,-140.16953081143097,-5.35306822912406,-15.70858337784386,32.74247802271119,-18.778835263446503,3.305134514,1.668011811,4,"58.5",-34,"97.1",2134,"6.8",824031,669127,701762,643446,680869,687231,691016,671732,666126,"53.72",0.13,0.117,"0",1,0,0,1,33,1,"Sinker",2,0,2,0,0,2,2,0,"Standard","Standard",218,"-0.048","-0.358","70.1","6.2",,0.141,"0.358","88.0",2,2,0.834,0.834,32,30,32,31,2,1,5,2,8,2,"1.52","1.1","1.1","39.4",-2.6979113426839016,15.27784371169646,38.04615301869985,23.285138565348934,20.82837556155058
"ST","2026-05-21","85.8","-2","5.69","Siri, Jose",642350,622663,"strikeout","swinging_strike",,,,,2,"Jose Siri strikes out swinging.","R","R","R","LAA","ATH","S",2,,1,2,2026,"1.61","0.55",-0.07222830413972448,3.145012923026847,,,,1,2,"Bot",,,,,,,1.1944747547678827,-124.84770683484417,-0.6189873245378384,16.390402384619136,28.256115037245063,-26.559681526706317,3.305134514,1.668011811,,,,"86.1",2648,"6.7",824031,669127,701762,643446,680869,687231,691016,671732,666126,"53.76",,0,"0",1,0,0,,13,4,"Sweeper",2,0,2,0,0,2,2,0,"Standard","Standard",80,"-0.008","-0.183","74.6","6.7","0.688899216",,"0.183",,2,2,0.728,0.728,32,30,32,31,1,0,5,2,8,2,"2.58","-1.61","-1.61","34.4",10.501190326664291,8.399641557767794,30.59185897660688,32.03916199837709,19.84131547557749
"FF","2026-05-21","96.7","-1.59","5.88","Siri, Jose",642350,622663,,"ball",,,,,14,,"R","R","R","LAA","ATH","B",,,0,2,2026,"-0.78","1.62",2.0244901899739784,2.2969108123760558,,,,1,2,"Bot",,,,,,,11.385170810588587,-140.1926607413878,-7.536656908895518,-12.966801484570638,33.550454626713,-9.151389159332872,3.305134514,1.668011811,,,,"97.1",2448,"6.8",824031,669127,701762,643446,680869,687231,691016,671732,666126,"53.66",,,,,,,,13,3,"4-Seam Fastball",2,0,2,0,0,2,2,0,"Standard","Standard",216,"0.001","0.018",,,,,"-0.018",,2,2,0.727,0.727,32,30,32,31,1,0,5,2,8,2,"0.84","0.78","0.78","38.3",,,,,
"ST","2026-05-21","84.6","-2","5.65","Siri, Jose",642350,622663,,"foul",,,,,14,,"R","R","R","LAA","ATH","S",,,0,1,2026,"1.59","-0.18",0.5990846222046471,1.3686055955965255,,,,1,2,"Bot",,,,,,,2.773771376771185,-122.90270021198664,-2.800250861392361,14.985034698126409,32.10907086227537,-33.537843862732686,3.305134514,1.668011811,,,,"84.6",2855,"7.1",824031,669127,701762,643446,680869,687231,691016,671732,666126,"53.4",,,,,,,,13,2,"Sweeper",2,0,2,0,0,2,2,0,"Standard","Standard",73,"-0.002","-0.057","72.9","8.0",,,"0.057",,2,2,0.729,0.729,32,30,32,31,1,0,5,2,8,2,"3.46","-1.59","-1.59","32.6",17.01776737193336,-2.8043622940728343,35.3774806758688,39.74453268348175,29.530509556818686
"SI","2026-05-21","96","-1.78","5.89","Siri, Jose",642350,622663,,"called_strike",,,,,12,,"R","R","R","LAA","ATH","S",,,0,0,2026,"-1.23","1.28",0.8720306167660625,2.8460993931095957,,,,1,2,"Bot",,,,,,,9.847369250112955,-139.34322167420652,-5.179788063412277,-18.28277018079274,33.43069242018233,-14.555638081059122,3.305134514,1.668011811,,,,"96.5",2185,"6.9",824031,669127,701762,643446,680869,687231,691016,671732,666126,"53.65",,,,,,,,13,1,"Sinker",2,0,2,0,0,2,2,0,"Standard","Standard",211,"-0.002","-0.042",,,,,"0.042",,2,2,0.731,0.731,32,30,32,31,1,0,5,2,8,2,"1.22","1.23","1.23","42.4",,,,,
"FF","2026-05-21","93.7","-2.87","5.4","Siri, Jose",642350,686993,"strikeout","swinging_strike",,,,,3,"Jose Siri strikes out swinging.","R","R","R","LAA","ATH","S",2,,2,2,2026,"-0.84","1.46",0.35140396580295385,2.9917521072053614,,,,1,8,"Bot",,,,,,,10.144163385932664,-135.99454055921507,-3.4976986647558403,-12.822206496089427,34.084458893949346,-13.575291944184782,3.305134514,1.668011811,,,,"93.6",2366,"6.7",824031,669127,701762,643446,680869,687231,691016,671732,666126,"53.79",,0,"0",1,0,0,,58,5,"4-Seam Fastball",2,2,2,2,2,2,2,2,"Standard","Standard",220,"-0.031","-0.238","73.7","7.1","0.18733656",,"0.238",,0,0,0.557,0.557,29,30,30,31,1,2,2,2,3,2,"1.18","0.84","0.84","37.3",8.985360414430323,8.178801498467289,29.1638267200566,37.08287385174641,23.20422274195949
"FF","2026-05-21","93.5","-2.83","5.45","Siri, Jose",642350,686993,,"swinging_strike",,,,,12,,"R","R","R","LAA","ATH","S",,,2,1,2026,"-0.73","1.46",0.024847930728392864,3.5682682363008276,,,,1,8,"Bot",,,,,,,8.942633906427451,-135.81274803363993,-2.1249991877639247,-11.195524643380235,33.588878521253065,-14.019087608234047,3.305134514,1.668011811,,,,"93.5",2359,"6.7",824031,669127,701762,643446,680869,687231,691016,671732,666126,"53.84",,,,,,,,58,4,"4-Seam Fastball",2,2,2,2,2,2,2,2,"Standard","Standard",204,"-0.01","-0.077","68.6","5.9","1.505962656",,"0.077",,0,0,0.567,0.567,29,30,30,31,1,2,2,2,3,2,"1.19","0.73","0.73","38.7",2.266844845096016,22.646933525800158,26.563984770720783,33.36531917286338,16.331598863262993
"FF","2026-05-21","94.6","-2.89","5.5","Siri, Jose",642350,686993,,"ball",,,,,11,,"R","R","R","LAA","ATH","B",,,1,1,2026,"-0.69","1.5",-0.08616714068398978,4.162859007105883,,,,1,8,"Bot",,,,,,,8.825567016059805,-137.38661509888618,-0.9705839997565209,-10.866309246298313,34.8477697139517,-13.360724690549853,3.305134514,1.668011811,,,,"94.4",2309,"6.6",824031,669127,701762,643446,680869,687231,691016,671732,666126,"53.87",,,,,,,,58,3,"4-Seam Fastball",2,2,2,2,2,2,2,2,"Standard","Standard",215,"0.007","0.058",,,,,"-0.058",,0,0,0.56,0.56,29,30,30,31,1,2,2,2,3,2,"1.09","0.69","0.69","38.4",,,,,
"ST","2026-05-21","82.3","-2.84","5.4","Siri, Jose",642350,686993,,"swinging_strike",,,,,6,,"R","R","R","LAA","ATH","S",,,1,0,2026,"0.95","0.29",0.32998059073318375,2.6775048583862695,,,,1,8,"Bot",,,,,,,5.234136672893188,-119.65144480425089,0.06618224696651698,7.927641072353212,25.8230589061081,-29.664824251321683,3.305134514,1.668011811,,,,"82.3",2750,"6.6",824031,669127,701762,643446,680869,687231,691016,671732,666126,"53.9",,,,,,,,58,2,"Sweeper",2,2,2,2,2,2,2,2,"Standard","Standard",74,"-0.007","-0.05","78.9","7.2","0.316264344",,"0.05",,0,0,0.567,0.567,29,30,30,31,1,2,2,2,3,2,"3.11","-0.95","-0.95","42.0",8.395282501708474,8.400904452860777,31.684758799832817,36.59258499907378,28.26248852536859
"FF","2026-05-21","94.2","-2.69","5.54","Siri, Jose",642350,686993,,"ball",,,,,11,,"R","R","R","LAA","ATH","B",,,0,0,2026,"-0.96","1.4",-0.6733143357679242,3.76201966340255,,,,1,8,"Bot",,,,,,,7.369406754192459,-136.81967225591177,-1.8096630201252926,-13.846062950580588,34.579191132710136,-14.603832589748508,3.305134514,1.668011811,,,,"94",2346,"6.6",824031,669127,701762,643446,680869,687231,691016,671732,666126,"53.92",,,,,,,,58,1,"4-Seam Fastball",2,2,2,2,2,2,2,2,"Standard","Standard",206,"0.005","0.043",,,,,"-0.043",,0,0,0.562,0.562,29,30,30,31,1,2,2,2,3,2,"1.21","0.96","0.96","39.3",,,,,
"SL","2026-05-19","76.9","3.65","4.94","Siri, Jose",642350,682052,"double","hit_into_play",,,,,14,"Jose Siri doubles (1) on a sharp line drive to center fielder Henry Bolte. Oswald Peraza to 3rd.","R","R","L","LAA","ATH","X",8,"line_drive",1,2,2026,"-0.87","-0.1",0.40815934419876243,1.3388689886411727,,,672724,2,4,"Bot",107.3,96,,,,,-5.233841942472576,-111.80070618801004,-0.1006121050634734,-6.071776001827184,23.48684712752468,-33.20927257710406,3.305134514,1.668011811,238,"107.2",14,"77.1",2307,"6.8",824033,641680,701762,643446,680869,687231,687515,703607,667670,"53.67",0.697,0.748,"1.25",1,1,1,5,37,4,"Slider",1,6,1,6,6,1,1,6,"Standard","Standard",283,"0.027","0.894","75.8","7.8",,1.065,"-0.894","107.2",-5,-5,0.072,0.072,28,30,28,31,2,1,5,2,5,2,"4.01","-0.87","0.87","15.4",9.5129905140127,1.4358888321710261,36.2445120674044,40.12028862797753,35.00691981304712
"SL","2026-05-19","78.6","3.67","4.94","Siri, Jose",642350,682052,,"swinging_strike",,,,,5,,"R","R","L","LAA","ATH","S",,,1,1,2026,"-0.52","0.05",0.04650652903815389,2.409582423756905,,,672724,2,4,"Bot",,,,,,,-6.830158361698738,-114.19453223277404,1.5770360351844783,-3.10939850605271,23.376319358354184,-32.32838499721717,3.305134514,1.668011811,,,,"78.9",2383,"6.8",824033,641680,701762,643446,680869,687231,687515,703607,667670,"53.69",,,,,,,,37,3,"Slider",1,6,1,6,6,1,1,6,"Standard","Standard",271,"-0.003","-0.066","77.5","8.2","0.806342832",,"0.066",,-5,-5,0.075,0.075,28,30,28,31,2,1,5,2,5,2,"3.69","-0.52","0.52","13.2",17.76165372887514,-29.348643837623246,25.1044804660785,37.745704017296106,52.45494922704055
"FC","2026-05-19","86.9","3.6","5.08","Siri, Jose",642350,682052,,"swinging_strike",,,,,12,,"R","R","L","LAA","ATH","S",,,1,0,2026,"-0.06","0.66",0.4744976402009982,3.5711555275118743,,,672724,2,4,"Bot",,,,,,,-7.38498868141393,-126.27432069907455,1.4433963078311958,0.943034736134406,27.50515836994519,-25.743077916902404,3.305134514,1.668011811,,,,"88.1",2248,"7.3",824033,641680,701762,643446,680869,687231,687515,703607,667670,"53.22",,,,,,,,37,2,"Cutter",1,6,1,6,6,1,1,6,"Standard","Standard",132,"-0.002","-0.053","49.0","5.0","6.008094228",,"0.053",,-5,-5,0.077,0.077,28,30,28,31,2,1,5,2,5,2,"2.39","-0.06","0.06","15.6",-9.562373804995115,66.68356685455649,28.58170088435611,37.7085310810181,-9.328086082827937
"CH","2026-05-19","83.6","3.64","4.86","Siri, Jose",642350,682052,,"ball",,,,,12,,"R","R","L","LAA","ATH","B",,,0,0,2026,"1.44","0.05",2.093881365896647,2.514550401838516,,,672724,2,4,"Bot",,,,,,,-6.468618565551548,-121.51849124500718,1.2155522152801113,15.567869241934883,26.342546450627044,-32.19659036762901,3.305134514,1.668011811,,,,"83.8",2180,"6.7",824033,641680,701762,643446,680869,687231,687515,703607,667670,"53.77",,,,,,,,37,1,"Changeup",1,6,1,6,6,1,1,6,"Standard","Standard",102,"0.001","0.041",,,,,"-0.041",,-5,-5,0.076,0.076,28,30,28,31,2,1,5,2,5,2,"3.25","1.44","-1.44","11.8",,,,,
"SL","2026-05-19","77.4","3.59","4.88","Siri, Jose",642350,682052,"strikeout","swinging_strike",,,,,14,"Jose Siri strikes out swinging.","R","R","L","LAA","ATH","S",2,,0,2,2026,"-0.61","-0.13",0.7113809967704834,1.0208336032654626,694384,,681351,1,2,"Bot",,,,,,,-4.978787626408524,-112.75244449272421,-0.8603932881112526,-4.33815227833327,19.893743654239707,-33.30601225846649,3.305134514,1.668011811,,,,"78.3",2197,"6.8",824033,641680,701762,643446,680869,687231,687515,703607,667670,"53.7",,0,"0",1,0,0,,15,3,"Slider",0,0,0,0,0,0,0,0,"Standard","Standard",276,"-0.042","-0.27","72.9","8.6","2.65316928",,"0.27",,0,0,0.593,0.593,28,30,28,31,1,0,5,2,5,2,"3.91","-0.61","0.61","12.6",22.802649040963406,-8.70484993383892,34.20713730462008,46.255299164601695,40.23102103976854
"SL","2026-05-19","78.3","3.72","4.91","Siri, Jose",642350,682052,,"foul",,,,,8,,"R","R","L","LAA","ATH","S",,,0,1,2026,"-0.62","-0.1",-0.08026642074526785,2.0058445462711303,694384,,681351,1,2,"Bot",,,,,,,-6.99875024233544,-113.9173867198334,0.9979733621526055,-4.076070557064513,21.06491701583965,-33.441956400241864,3.305134514,1.668011811,85,"81.7",81,"79",2283,"6.8",824033,641680,701762,643446,680869,687231,687515,703607,667670,"53.71",,,,,,,,15,2,"Slider",0,0,0,0,0,0,0,0,"Strategic","Standard",274,"-0.017","-0.056","77.6","8.2",,,"0.056","88.0",0,0,0.61,0.61,28,30,28,31,1,0,5,2,5,2,"3.82","-0.62","0.62","14.8",18.983765186301646,-21.765024526142966,34.44111709197035,34.755394133626545,40.29880948889361
"FF","2026-05-19","91.3","3.42","5.08","Siri, Jose",642350,682052,,"called_strike",,,,,4,,"R","R","L","LAA","ATH","S",,,0,0,2026,"1.39","0.66",-0.6409247825237576,2.1836276189536914,694384,,681351,1,2,"Bot",,,,,,,-13.35246180583873,-132.19859028494602,-2.600219283113887,19.147218982616742,29.134741426914214,-24.09159886393419,3.305134514,1.668011811,,,,"92.7",2263,"7.5",824033,641680,701762,643446,680869,687231,687515,703607,667670,"53.02",,,,,,,,15,1,"4-Seam Fastball",0,0,0,0,0,0,0,0,"Strategic","Standard",117,"-0.011","-0.048",,,,,"0.048",,0,0,0.621,0.621,28,30,28,31,1,0,5,2,5,2,"2.11","1.39","-1.39","17.2",,,,,
"SL","2026-05-17","83.8","-0.01","6.2","Siri, Jose",642350,681911,"strikeout","swinging_strike",,,,,13,"Jose Siri strikes out swinging.","R","R","L","LAA","LAD","S",2,,3,2,2026,"-0.96","-0.05",-0.1821696006175194,1.4483551245203228,,,,0,8,"Bot",,,,,,,1.5403052800197188,-121.98414256705058,-4.161362750396105,-9.866677651223743,25.757776677887527,-32.02946102407565,3.305134514,1.668011811,,,,"83.8",2314,"6.4",824034,687221,518692,808975,571970,500743,606192,681624,663656,"54.09",,0,"0",1,0,0,,60,7,"Slider",1,7,1,7,7,1,1,7,"Standard","Standard",216,"-0.005","-0.35","61.9","9.1","8.896552368",,"0.35",,-6,-6,0.011,0.011,30,30,30,31,1,0,2,1,2,2,"3.31","-0.96","0.96","74.4",27.247287778747545,-55.637101681636835,30.990053344028368,31.915016591067207,59.278700769159926
"CH","2026-05-17","82.2","0.44","5.99","Siri, Jose",642350,681911,,"ball",,,,,14,,"R","R","L","LAA","LAD","B",,,2,2,2026,"0.71","1.49",0.4527773795394345,0.5952433432247193,,,,0,8,"Bot",,,,,,,-1.3694323126554555,-119.45498018239336,-8.261040831939093,6.989986732438003,26.653986981118234,-16.48476400690251,3.305134514,1.668011811,,,,"81.9",1880,"6.5",824034,687221,518692,808975,571970,500743,606192,681624,663656,"53.98",,,,,,,,60,6,"Changeup",1,7,1,7,7,1,1,7,"Standard","Standard",131,"0.002","0.115",,,,,"-0.115",,-6,-6,0.009,0.009,30,30,30,31,1,0,2,1,2,2,"1.94","0.71","-0.71","61.2",,,,,
"FF","2026-05-17","91.9","0.02","6.03","Siri, Jose",642350,681911,,"foul",,,,,12,,"R","R","L","LAA","LAD","S",,,2,2,2026,"0.3","1.82",0.8577538410869894,2.5317328019052265,,,,0,8,"Bot",,,,,,,1.4307537463700382,-133.46945884720913,-6.643624139371584,3.1170720142626847,36.907840349122296,-9.361383009756198,3.305134514,1.668011811,127,"84.9",72,"91",2588,"6.5",824034,687221,518692,808975,571970,500743,606192,681624,663656,"54",,,,,,,,60,5,"4-Seam Fastball",1,7,1,7,7,1,1,7,"Standard","Standard",166,"0","0","75.2","7.9",,,"0","88.0",-6,-6,0.009,0.009,30,30,30,31,1,0,2,1,2,2,"0.96","0.3","-0.3","68.5",24.845489029350396,11.770365266123518,24.72814002447639,44.89502452764727,28.179440394079275
"SL","2026-05-17","83.9","-0.05","6.22","Siri, Jose",642350,681911,,"called_strike",,,,,5,,"R","R","L","LAA","LAD","S",,,2,1,2026,"-0.44","0.26",0.19221362870849562,2.705592160498574,,,,0,8,"Bot",,,,,,,1.4365150511435743,-122.22464735081458,-1.9820772536163023,-4.737530046257581,25.986074607271917,-29.407864851377113,3.305134514,1.668011811,,,,"83.5",2356,"6.1",824034,687221,518692,808975,571970,500743,606192,681624,663656,"54.36",,,,,,,,60,4,"Slider",1,7,1,7,7,1,1,7,"Standard","Standard",209,"-0.002","-0.08",,,,,"0.08",,-6,-6,0.011,0.011,30,30,30,31,1,0,2,1,2,2,"2.99","-0.44","0.44","76.2",,,,,
"FF","2026-05-17","90.7","0.08","6.03","Siri, Jose",642350,681911,,"foul",,,,,6,,"R","R","L","LAA","LAD","S",,,2,0,2026,"0.22","1.83",0.761964251097005,2.595264615802332,,,,0,8,"Bot",,,,,,,1.2062702800481926,-131.83921779188844,-6.377981312258425,2.28226661256899,31.45693580534005,-9.695872834607346,3.305134514,1.668011811,12,"36.7",-10,"90.5",2512,"6.5",824034,687221,518692,808975,571970,500743,606192,681624,663656,"54",,,,,,,,60,3,"4-Seam Fastball",1,7,1,7,7,1,1,7,"Infield shade","Standard",170,"-0.002","-0.077","73.3","8.8",,,"0.077","88.0",-6,-6,0.013,0.013,30,30,30,31,1,0,2,1,2,2,"0.97","0.22","-0.22","68.6",26.628474661539915,-26.75953476664048,29.381196675601124,44.07814277927195,47.224435530016336
"FF","2026-05-17","90.5","0.03","6.03","Siri, Jose",642350,681911,,"ball",,,,,13,,"R","R","L","LAA","LAD","B",,,1,0,2026,"0.27","1.75",-1.1725038346674284,2.4771498799632115,,,,0,8,"Bot",,,,,,,-3.5484063362171736,-131.46467678839073,-6.4050258622206835,3.998211784336026,32.59918013441531,-10.79229893220374,3.305134514,1.668011811,,,,"89.9",2513,"6.4",824034,687221,518692,808975,571970,500743,606192,681624,663656,"54.07",,,,,,,,60,2,"4-Seam Fastball",1,7,1,7,7,1,1,7,"Infield shade","Standard",168,"0.002","0.084",,,,,"-0.084",,-6,-6,0.011,0.011,30,30,30,31,1,0,2,1,2,2,"1.08","0.27","-0.27","70.0",,,,,
"FF","2026-05-17","90.9","0.22","6.07","Siri, Jose",642350,681911,,"ball",,,,,12,,"R","R","L","LAA","LAD","B",,,0,0,2026,"0.24","1.85",0.9609279547502654,3.112264480671455,,,,0,8,"Bot",,,,,,,1.3048279749845588,-132.18662320883305,-5.278957774715474,2.4952879135097232,30.927926459991298,-9.669580436967976,3.305134514,1.668011811,,,,"90.8",2483,"6.5",824034,687221,518692,808975,571970,500743,606192,681624,663656,"54",,,,,,,,60,1,"4-Seam Fastball",1,7,1,7,7,1,1,7,"Infield shade","Standard",170,"0.001","0.044",,,,,"-0.044",,-6,-6,0.01,0.01,30,30,30,31,1,0,2,1,2,2,"0.94","0.24","-0.24","67.2",,,,,
"FF","2026-05-16","95.9","2.05","5.71","Siri, Jose",642350,680736,"single","hit_into_play",,,,,3,"Jose Siri singles on a sharp line drive to left fielder Teoscar Hernández.","R","R","L","LAA","LAD","X",7,"line_drive",0,2,2026,"0.49","1.47",0.4065679193381303,2.858310705157007,,,,1,5,"Bot",65.37,98.22,,,,,-5.324903969807353,-139.446328699763,-4.962283538176147,7.654871069856336,35.354794453274316,-12.157354230701655,3.305134514,1.668011811,226,"102.8",15,"93.9",2523,"5.4",824038,669257,518692,808975,571970,605141,606192,681624,669743,"55.07",0.637,0.675,"0.9",1,1,0,4,36,3,"4-Seam Fastball",0,1,0,1,1,0,0,1,"Standard","Standard",140,"0.048","0.518","74.6","8.0",,0.953,"-0.518","102.8",-1,-1,0.372,0.372,25,30,26,31,2,1,6,,6,1,"1.04","0.49","-0.49","34.4",17.39691223355438,-10.608379614202564,22.183667663331494,40.70717804942548,34.17033978599824
"SL","2026-05-16","86.8","2.24","5.72","Siri, Jose",642350,680736,,"swinging_strike",,,,,13,,"R","R","L","LAA","LAD","S",,,0,1,2026,"-0.21","-0.17",-0.4939269500656311,1.330849071704538,,,,1,5,"Bot",,,,,,,-5.890735408575149,-126.25527705277557,-3.6017742780330444,-0.9034363426580481,28.376438276178632,-33.351495101659744,3.305134514,1.668011811,,,,"84.7",2581,"5.2",824038,669257,518692,808975,571970,605141,606192,681624,669743,"55.3",,,,,,,,36,2,"Slider",0,1,0,1,1,0,0,1,"Standard","Standard",283,"-0.006","-0.057","71.9","8.7","1.447415112",,"0.057",,-1,-1,0.378,0.378,25,30,26,31,2,1,6,,6,1,"3.22","-0.21","0.21","36.4",29.253597956791435,-32.87997425942422,33.19764948265343,29.67356509211994,45.825638806348614
"FF","2026-05-16","93.8","2.1","5.66","Siri, Jose",642350,680736,,"called_strike",,,,,4,,"R","R","L","LAA","LAD","S",,,0,0,2026,"0.5","1.55",-0.6685914956485761,2.596888228838301,,,,1,5,"Bot",,,,,,,-8.030247480486858,-136.16702560378525,-5.285036941735187,8.16491911207415,34.25994032466367,-11.914056027455013,3.305134514,1.668011811,,,,"91.5",2540,"5.4",824038,669257,518692,808975,571970,605141,606192,681624,669743,"55.11",,,,,,,,36,1,"4-Seam Fastball",0,1,0,1,1,0,0,1,"Standard","Standard",141,"-0.004","-0.042",,,,,"0.042",,-1,-1,0.382,0.382,25,30,26,31,2,1,6,,6,1,"1.08","0.5","-0.5","34.3",,,,,
"SL","2026-05-16","84.8","2.39","5.6","Siri, Jose",642350,680736,"field_out","hit_into_play",,,,,7,"Jose Siri flies out to center fielder Andy Pages.","R","R","L","LAA","LAD","X",8,"fly_ball",1,0,2026,"-0.14","0.06",-0.5567604521103382,2.111025150375493,672724,,681351,2,2,"Bot",144.19,81.38,,,,,-6.379941961584668,-123.38461300441891,-1.7433184436179676,-0.24177538415686092,23.765502559534614,-31.428997893957018,3.305134514,1.668011811,296,"84.2",34,"83.4",2451,"5.3",824038,669257,518692,808975,571970,605141,606192,681624,669743,"55.18",0.017,0.021,"0",1,0,0,3,17,2,"Slider",0,1,0,1,1,0,0,1,"Standard","Standard",277,"-0.058","-0.313","74.4","7.1",,0.032,"0.313","88.0",-1,-1,0.446,0.446,25,30,26,31,1,0,6,,6,1,"3.1","-0.14","0.14","34.3",0.497739856926859,-3.1980199833136798,41.934193598336144,29.70267354948864,29.411796688036816
"SL","2026-05-16","85.6","2.34","5.58","Siri, Jose",642350,680736,,"ball",,,,,7,,"R","R","L","LAA","LAD","B",,,0,0,2026,"-0.37","0.05",-0.8261800046157923,2.0849962934469866,672724,,681351,2,2,"Bot",,,,,,,-6.5203757633169905,-124.64768305011927,-1.8795976286601952,-2.556186441743708,24.23443507080083,-31.477685521249274,3.305134514,1.668011811,,,,"84.4",2415,"5.4",824038,669257,518692,808975,571970,605141,606192,681624,669743,"55.09",,,,,,,,17,1,"Slider",0,1,0,1,1,0,0,1,"Standard","Standard",267,"0.003","0.018",,,,,"-0.018",,-1,-1,0.443,0.443,25,30,26,31,1,0,6,,6,1,"3.05","-0.37","0.37","39.3",,,,,
"CU","2025-09-19","80.5","1.58","6.31","Siri, Jose",642350,674841,"strikeout","swinging_strike",,,,,12,"Jose Siri strikes out swinging.","R","R","L","NYM","WSH","S",2,,1,2,2025,"-0.94","-1.13",0.9554163542418413,3.178901049100155,,682626,683146,0,4,"Bot",,,,,,,0.41511500997478584,-117.02556980703586,2.0483719942456666,-8.574838002355243,27.661141126913847,-43.0951801227678,3.26,1.55,,,,"79.6",2622,"6.3",776259,595751,605137,671277,657557,682928,695578,696285,686611,"54.2",,0,"0",1,0,0,,35,4,"Curveball",4,4,4,4,4,4,4,4,"Strategic","Standard",338,"-0.041","-0.194","72.6","7.3","0.428242992",,"0.194",,0,0,0.648,0.648,26,29,26,30,2,1,6,6,5,,"4.73","-0.94","0.94","47.0",11.169034911711442,10.935627943361345,26.859142474711977,45.13178077449812,17.325991063884064
"FF","2025-09-19","88.4","1.66","6.06","Siri, Jose",642350,674841,,"foul_bunt",,,,,11,,"R","R","L","NYM","WSH","S",,,1,1,2025,"0.05","0.95",-1.069226531649054,3.9141998089373184,,682626,683146,0,4,"Bot",,,,,,,-6.776157442128654,-128.65725030984268,-1.1173625613951972,1.9997013676639355,27.119935073634323,-21.658816195283833,3.26,1.55,,,,"88.7",2330,"6.5",776259,595751,605137,671277,657557,682928,695578,696285,686611,"54.01",,,,,,,,35,3,"4-Seam Fastball",4,4,4,4,4,4,4,4,"Strategic","Standard",151,"-0.014","-0.065","4.1","0.6",,,"0.065",,0,0,0.662,0.662,26,29,26,30,2,1,6,6,5,,"1.97","0.05","-0.05","40.0",-66.95749341242157,18.811989986297792,51.5346801751279,22.192267744851478,7.77018792929634
"CU","2025-09-19","80.9","1.53","6.42","Siri, Jose",642350,674841,,"ball",,,,,14,,"R","R","L","NYM","WSH","B",,,0,1,2025,"-0.88","-1.2",1.2496124073666608,1.980088986370573,,682626,683146,0,4,"Bot",,,,,,,1.0410059123210165,-117.61088496841202,-0.7364518489550843,-8.198003512942137,29.226595998570588,-43.17627798920799,2.9899826565611,1.3773213777249,,,,"79.7",2653,"6.2",776259,595751,605137,671277,657557,682928,695578,696285,686611,"54.27",,,,,,,,35,2,"Curveball",4,4,4,4,4,4,4,4,"Standard","Standard",335,"0.006","0.028",,,,,"-0.028",,0,0,0.656,0.656,26,29,26,30,2,1,6,6,5,,"4.78","-0.88","0.88","48.7",,,,,
"CU","2025-09-19","82.6","1.36","6.38","Siri, Jose",642350,674841,"field_out","hit_into_play",,,,,6,"Jose Siri flies out to right fielder Dylan Crews.","R","R","L","NYM","WSH","X",9,"fly_ball",2,2,2025,"-0.73","-1.27",0.4852629514142103,2.343312098601225,,,,1,3,"Bot",173.85,69.03,,,,,-0.5593335363231482,-120.16387005519562,-0.05224130048243647,-6.804969176736777,29.18487790578153,-44.451757145463844,3.26,1.55,342,"96.7",39,"82.2",2652,"6.6",776259,595751,605137,671277,657557,682928,695578,696285,686611,"53.91",0.058,0.098,"0",1,0,0,3,23,5,"Curveball",1,4,1,4,4,1,1,4,"Standard","Standard",334,"-0.014","-0.228","74.3","7.8",,0.202,"0.228","96.7",-3,-3,0.21,0.21,26,29,26,30,1,0,6,6,5,,"4.68","-0.73","0.73","51.2",16.424846009099237,3.360706185479201,33.21357653249816,38.69278101664386,26.201969828051034
"FF","2025-09-19","91.6","1.29","6.29","Siri, Jose",642350,674841,,"foul",,,,,11,,"R","R","L","NYM","WSH","S",,,2,1,2025,"0.08","1.07",-1.0157047280104154,2.4220889257715887,,,,1,3,"Bot",,,,,,,-6.0733477215607214,-133.2663241155406,-6.284965260079647,2.2653137410620627,27.84091670560512,-18.29440214887737,3.26,1.55,7,"80.6",-18,"92.6",2337,"6.8",776259,595751,605137,671277,657557,682928,695578,696285,686611,"53.68",,,,,,,,23,4,"4-Seam Fastball",1,4,1,4,4,1,1,4,"Standard","Standard",154,"-0.005","-0.07","73.0","7.1",,,"0.07","88.0",-3,-3,0.215,0.215,26,29,26,30,1,0,6,6,5,,"1.64","0.08","-0.08","51.0",7.139386735821847,-2.3192468497437946,38.78608143572436,21.553822517225555,20.00483027086443
"CU","2025-09-19","81.4","1.43","6.33","Siri, Jose",642350,674841,,"called_strike",,,,,6,,"R","R","L","NYM","WSH","S",,,2,0,2025,"-0.55","-0.69",0.7302729382336524,2.6494932983333137,,,,1,3,"Bot",,,,,,,-0.5091442318460393,-118.56342554552309,-0.2939820726830542,-5.08303649864498,24.510554472618804,-38.83743489826765,3.26043890264519,1.51230864610891,,,,"81.1",2671,"6.2",776259,595751,605137,671277,657557,682928,695578,696285,686611,"54.27",,,,,,,,23,3,"Curveball",1,4,1,4,4,1,1,4,"Standard","Standard",321,"-0.005","-0.066",,,,,"0.066",,-3,-3,0.22,0.22,26,29,26,30,1,0,6,6,5,,"4.15","-0.55","0.55","46.8",,,,,
"SL","2025-09-19","81.2","1.59","6.39","Siri, Jose",642350,674841,,"ball",,,,,12,,"R","R","L","NYM","WSH","B",,,1,0,2025,"-0.28","-0.66",1.0904753695261455,2.556828780392135,,,,1,3,"Bot",,,,,,,-0.5767737356644641,-118.30751896430891,-0.6966477191940453,-2.50903375897215,23.650382130294222,-38.407274150838596,3.26043890264519,1.54171294633816,,,,"80.9",2567,"6.1",776259,595751,605137,671277,657557,682928,695578,696285,686611,"54.35",,,,,,,,23,2,"Slider",1,4,1,4,4,1,1,4,"Standard","Standard",324,"0.005","0.071",,,,,"-0.071",,-3,-3,0.215,0.215,26,29,26,30,1,0,6,6,5,,"4.12","-0.28","0.28","48.3",,,,,
"FF","2025-09-19","92.2","1.49","6.28","Siri, Jose",642350,674841,,"ball",,,,,11,,"R","R","L","NYM","WSH","B",,,0,0,2025,"-0.14","0.75",-1.1063333757269602,3.235247737763941,,,,1,3,"Bot",,,,,,,-6.338917238248391,-134.17307533746697,-3.5646143899492544,-0.3371916570460603,28.65171139171095,-22.542377716654137,3.40558412240953,1.62987947768845,,,,"92.7",2406,"6.6",776259,595751,605137,671277,657557,682928,695578,696285,686611,"53.94",,,,,,,,23,1,"4-Seam Fastball",1,4,1,4,4,1,1,4,"Standard","Standard",157,"0.003","0.039",,,,,"-0.039",,-3,-3,0.212,0.212,26,29,26,30,1,0,6,6,5,,"1.93","-0.14","0.14","44.3",,,,,
"FF","2025-09-19","93.5","2.93","5.68","Siri, Jose",642350,663455,"strikeout","foul_tip",,,,,12,"Jose Siri strikes out on a foul tip.","R","R","L","NYM","WSH","S",2,,1,2,2025,"1.01","1.13",0.4849094111542469,3.8129206307787067,,,,0,6,"Bot",,,,,,,-8.592307480535473,-135.69419958581958,-1.427817473742884,14.584145807239487,35.598253315541534,-18.289400918213662,3.26,1.55,,,,"93.3",2371,"6.8",776259,595751,605137,671277,657557,682928,695578,696285,686611,"53.73",,0,"0",1,0,0,,52,4,"4-Seam Fastball",8,6,8,6,6,8,8,6,"Standard","Standard",136,"-0.009","-0.189","67.0","6.5",,,"0.189",,2,2,0.841,0.841,27,29,28,30,1,2,3,6,1,,"1.53","1.01","-1.01","30.4",9.029621989055183,24.58339940824483,23.933461431822348,38.76166064211422,12.877561062709248
"CH","2025-09-19","85.7","3.06","5.58","Siri, Jose",642350,663455,,"foul",,,,,8,,"R","R","L","NYM","WSH","S",,,1,1,2025,"1.68","-0.11",0.24328869116013596,1.7592577614149487,,,,0,6,"Bot",,,,,,,-10.097073133667546,-124.3021336547337,-2.383240401344998,19.629785443093247,30.05888089213978,-32.91131206150162,3.26,1.55,15,"82.6",-6,"85.2",1790,"6.7",776259,595751,605137,671277,657557,682928,695578,696285,686611,"53.85",,,,,,,,52,3,"Changeup",8,6,8,6,6,8,8,6,"Standard","Standard",107,"-0.003","-0.061","77.5","8.3",,,"0.061","88.0",2,2,0.844,0.844,27,29,28,30,1,2,3,6,1,,"3.28","1.68","-1.68","30.7",19.981332969270095,-15.139051740367153,38.119232546930505,36.62749862289174,38.15031999806013
"FF","2025-09-19","93.1","2.95","5.58","Siri, Jose",642350,663455,,"foul",,,,,6,,"R","R","L","NYM","WSH","S",,,1,0,2025,"0.92","1.34",0.5911231463980158,2.3311597208841377,,,,0,6,"Bot",,,,,,,-8.144308911803616,-135.1424251976097,-5.400489109896651,13.268230440114495,35.95456852641376,-14.82511944602402,3.26,1.55,186,"80.8",68,"93",2426,"6.9",776259,595751,605137,671277,657557,682928,695578,696285,686611,"53.64",,,,,,,,52,2,"4-Seam Fastball",8,6,8,6,6,8,8,6,"Standard","Standard",129,"-0.003","-0.05","80.3","8.1",,,"0.05","88.0",2,2,0.847,0.847,27,29,28,30,1,2,3,6,1,,"1.35","0.92","-0.92","29.2",12.567573470110762,1.8003193972649945,35.60722319056672,40.564834334005845,28.978456936997997
"FF","2025-09-19","91.6","2.92","5.64","Siri, Jose",642350,663455,,"ball",,,,,14,,"R","R","L","NYM","WSH","B",,,0,0,2025,"1.13","1.19",1.5124335244405287,1.8389250105571675,,,,0,6,"Bot",,,,,,,-6.058362002826892,-133.06978938708778,-6.227587477608177,14.814385564992769,34.459267737415075,-16.828996735269488,3.42765010368858,1.66015003102086,,,,"91.4",2293,"6.7",776259,595751,605137,671277,657557,682928,695578,696285,686611,"53.78",,,,,,,,52,1,"4-Seam Fastball",8,6,8,6,6,8,8,6,"Standard","Standard",132,"0.002","0.041",,,,,"-0.041",,2,2,0.845,0.845,27,29,28,30,1,2,3,6,1,,"1.58","1.13","-1.13","28.8",,,,,
,"2025-09-19",,,,"Siri, Jose",642350,674841,,"automatic_strike",,,,,,,"R","R","L","NYM","WSH","S",,,0,0,2025,,,,,,682626,683146,0,4,"Bot",,,,,,,,,,,,,,,,,,,,,776259,595751,605137,671277,657557,682928,695578,696285,686611,,,,,,,,,35,1,,4,4,4,4,4,4,4,4,,,,"-0.009",,,,,,,,0,0,0.665,0.665,26,29,26,30,2,1,6,6,5,,,,,,,,,,
"FC","2025-09-13","88.2","2.72","5.98","Siri, Jose",642350,571578,"strikeout","called_strike",,,,,12,"Jose Siri called out on strikes.","R","R","L","NYM","TEX","S",2,,1,2,2025,"-0.07","0.47",0.039772817082796515,3.659357778565249,516782,,,2,4,"Bot",,,,,,,-6.4540097140337425,-128.36823894219265,-0.5669869805325689,0.4901782497978681,25.212094036157342,-27.035285675857548,3.38828688584502,1.54613091294735,,,,"89.6",2300,"7",776349,641680,669394,683227,673962,669701,694671,680737,696030,"53.45",,0,"0",1,0,0,,32,5,"Cutter",0,0,0,0,0,0,0,0,"Standard","Strategic",148,"-0.034","-0.192",,,,,"0.192",,0,0,0.534,0.534,35,29,36,30,2,1,6,3,6,6,"2.45","-0.07","0.07","32.3",,,,,
"FC","2025-09-13","88.5","2.76","5.97","Siri, Jose",642350,571578,,"ball",,,,,11,,"R","R","L","NYM","TEX","B",,,0,2,2025,"-0.04","0.46",-0.23266651184157466,3.7249818627838187,516782,,,2,4,"Bot",,,,,,,-7.341761871524546,-128.7021486303097,-0.3112407550557955,1.152935394516958,28.399655110223563,-27.2956079508092,3.260002303993,1.54900382713363,,,,"89.9",2333,"7.3",776349,641680,669394,683227,673962,669701,694671,680737,696030,"53.18",,,,,,,,32,4,"Cutter",0,0,0,0,0,0,0,0,"Standard","Standard",142,"0.005","0.027",,,,,"-0.027",,0,0,0.529,0.529,35,29,36,30,2,1,6,3,6,6,"2.47","-0.04","0.04","33.0",,,,,
"FC","2025-09-13","88.9","2.77","5.97","Siri, Jose",642350,571578,,"foul",,,,,1,,"R","R","L","NYM","TEX","S",,,0,2,2025,"-0.03","0.64",-0.6062414438706705,3.1596218634318625,516782,,,2,4,"Bot",,,,,,,-8.375318276328185,-129.34364463446389,-2.2612070429484126,1.2994125247028265,25.33509598313355,-24.66740869093485,3.26,1.55,,,,"90.8",2391,"7.3",776349,641680,669394,683227,673962,669701,694671,680737,696030,"53.2",,,,,,,,32,3,"Cutter",0,0,0,0,0,0,0,0,"Standard","Standard",146,"0","0","69.1","6.2",,,"0",,0,0,0.529,0.529,35,29,36,30,2,1,6,3,6,6,"2.23","-0.03","0.03","30.7",4.470796970102323,21.746760825421447,30.713007091347627,28.490724891238024,24.120584799136253
"FC","2025-09-13","88.7","2.78","6.01","Siri, Jose",642350,571578,,"swinging_strike",,,,,1,,"R","R","L","NYM","TEX","S",,,0,1,2025,"-0.07","0.45",-0.4434035236026214,2.7724605093169554,516782,,,2,4,"Bot",,,,,,,-7.839845035769731,-129.00587642161534,-2.817433734792931,0.9200498424589842,27.460110759286678,-26.773097966003615,3.26,1.55,,,,"89.8",2367,"7.1",776349,641680,669394,683227,673962,669701,694671,680737,696030,"53.44",,,,,,,,32,2,"Cutter",0,0,0,0,0,0,0,0,"Infield shade","Strategic",139,"-0.012","-0.062","76.4","7.5","1.004219496",,"0.062",,0,0,0.541,0.541,35,29,36,30,2,1,6,3,6,6,"2.46","-0.07","0.07","33.2",13.198601398968707,-7.597042398536363,29.47138406883546,30.555472874050196,29.989632931851496
"FC","2025-09-13","88.9","2.76","6.01","Siri, Jose",642350,571578,,"swinging_strike",,,,,1,,"R","R","L","NYM","TEX","S",,,0,0,2025,"-0.17","0.44",-0.2896498512768475,2.9035734957674255,516782,,,2,4,"Bot",,,,,,,-7.244638112162821,-129.35337348472999,-2.5828475664593813,-0.5544011191388751,24.928811848002194,-26.858967882185024,3.26,1.55,,,,"90.9",2219,"7.4",776349,641680,669394,683227,673962,669701,694671,680737,696030,"53.14",,,,,,,,32,1,"Cutter",0,0,0,0,0,0,0,0,"Infield shade","Strategic",153,"-0.007","-0.044","74.8","6.4","0.169463232",,"0.044",,0,0,0.548,0.548,35,29,36,30,2,1,6,3,6,6,"2.42","-0.17","0.17","33.0",0.08126301083809429,25.85768679723803,32.37250675831937,31.207627412100514,16.89301497322171
"FC","2025-09-13","89.2","2.72","5.95","Siri, Jose",642350,571578,"strikeout","swinging_strike",,,,,1,"Jose Siri strikes out swinging.","R","R","L","NYM","TEX","S",2,,2,2,2025,"-0.19","0.47",-0.3226650072925198,3.0520244523089946,,,643446,1,2,"Bot",,,,,,,-7.136792778798549,-129.76948932233833,-2.0898174877906452,-0.6605183278610517,27.938754217071466,-26.649927850391546,3.26,1.55,,,,"90",2373,"6.8",776349,641680,669394,683227,673962,669701,694671,680737,696030,"53.66",,0,"0",1,0,0,,16,5,"Cutter",0,0,0,0,0,0,0,0,"Standard","Standard",176,"-0.026","-0.222","69.2","6.1","1.38088818",,"0.222",,0,0,0.55,0.55,35,29,36,30,1,0,6,3,6,6,"2.4","-0.19","0.19","34.2",-3.8777815475992012,34.37981560131361,32.49031597732639,31.12655136203831,11.672648632529935
"SI","2025-09-13","92.9","2.62","6.05","Siri, Jose",642350,571578,,"swinging_strike",,,,,8,,"R","R","L","NYM","TEX","S",,,2,1,2025,"1.38","0.96",-0.27474130703853716,2.0178986079284487,,,643446,1,2,"Bot",,,,,,,-10.56623770285093,-134.74479250014403,-6.636289726276206,19.21378950381078,31.674220654088714,-19.17715560268978,3.26,1.55,,,,"93.6",2113,"7.1",776349,641680,669394,683227,673962,669701,694671,680737,696030,"53.45",,,,,,,,16,4,"Sinker",0,0,0,0,0,0,0,0,"Standard","Standard",136,"-0.008","-0.075","59.2","5.9","0.119577696",,"0.075",,0,0,0.558,0.558,35,29,36,30,1,0,6,3,6,6,"1.72","1.38","-1.38","38.0",-22.628237452377284,33.870425644616745,49.025919935051284,32.496938400473354,-1.8587093404833546
"FC","2025-09-13","88.6","2.83","5.99","Siri, Jose",642350,571578,,"ball",,,,,11,,"R","R","L","NYM","TEX","B",,,1,1,2025,"-0.21","0.56",-1.103077173736245,2.646432935833862,,,643446,1,2,"Bot",,,,,,,-9.321530648791885,-128.7524442931667,-3.291004191670356,-0.31910041051739796,27.717115988963968,-25.402951818794673,3.25999805814878,1.54544516820017,,,,"90",2350,"7.3",776349,641680,669394,683227,673962,669701,694671,680737,696030,"53.22",,,,,,,,16,3,"Cutter",0,0,0,0,0,0,0,0,"Standard","Standard",148,"0.006","0.063",,,,,"-0.063",,0,0,0.552,0.552,35,29,36,30,1,0,6,3,6,6,"2.36","-0.21","0.21","35.4",,,,,
"FC","2025-09-13","86.9","2.72","6.05","Siri, Jose",642350,571578,,"swinging_strike",,,,,13,,"R","R","L","NYM","TEX","S",,,1,0,2025,"-0.21","0.39",-1.0511655002072582,1.4060401327271825,,,643446,1,2,"Bot",,,,,,,-8.728181015052755,-126.1724773329915,-5.730203186069453,-0.23245075358060047,28.641220687563965,-26.879442842463426,3.26,1.55,,,,"87.6",2293,"7.1",776349,641680,669394,683227,673962,669701,694671,680737,696030,"53.37",,,,,,,,16,2,"Cutter",0,0,0,0,0,0,0,0,"Standard","Standard",143,"-0.006","-0.056","76.3","8.3","1.538597496",,"0.056",,0,0,0.558,0.558,35,29,36,30,1,0,6,3,6,6,"2.67","-0.21","0.21","34.3",22.65408502270829,-18.066616527765568,40.846312930175216,24.062627677587642,32.750339449769655
"FC","2025-09-13","86.5","2.75","5.95","Siri, Jose",642350,571578,,"ball",,,,,13,,"R","R","L","NYM","TEX","B",,,0,0,2025,"-0.17","0.5",-1.2929073939567335,1.0282059687286575,,,643446,1,2,"Bot",,,,,,,-9.433593158814986,-125.44131953531037,-6.557922872926768,0.20415951803337765,26.99283713095002,-25.667818432039027,3.25999900786994,1.61121537176221,,,,"87.5",2330,"7.3",776349,641680,669394,683227,673962,669701,694671,680737,696030,"53.24",,,,,,,,16,1,"Cutter",0,0,0,0,0,0,0,0,"Standard","Standard",130,"0.004","0.035",,,,,"-0.035",,0,0,0.554,0.554,35,29,36,30,1,0,6,3,6,6,"2.58","-0.17","0.17","32.2",,,,,
"FF","2025-09-13","88.6","4.25","4.35","Siri, Jose",642350,571948,"strikeout","swinging_strike",,,,,11,"Jose Siri strikes out swinging.","R","R","L","NYM","TEX","S",2,,2,2,2025,"1.14","0.84",-0.23866931116213386,3.551441058830438,,,682626,2,6,"Bot",,,,,,,-13.388522498607832,-128.30080218903166,2.4672018841092855,15.422916041087726,27.492060507727768,-23.772734437459576,3.26,1.55,,,,"88.7",2005,"6.7",776349,641680,669394,683227,673962,669701,694671,680737,696030,"53.78",,0,"0",1,0,0,,50,6,"4-Seam Fastball",1,0,1,0,0,1,1,0,"Standard","Standard",102,"-0.02","-0.216","64.0","5.3","1.162764792",,"0.216",,1,1,0.712,0.712,34,29,34,30,1,2,3,3,1,6,"2.1","1.14","-1.14","-1.2",-9.812032102550992,42.99249770703608,31.67036605307657,31.586039269104052,6.600427394403232
"FF","2025-09-13","89.2","4.35","4.37","Siri, Jose",642350,571948,,"ball",,,,,12,,"R","R","L","NYM","TEX","B",,,1,2,2025,"1.34","0.64",1.24978556886619,3.895026558867757,,,682626,2,6,"Bot",,,,,,,-10.562384713727074,-129.32307173230348,3.6859990038791266,17.452721284955757,31.07409161407942,-26.22982090786514,3.52280674571799,1.66048492941049,,,,"89.4",1943,"7",776349,641680,669394,683227,673962,669701,694671,680737,696030,"53.51",,,,,,,,50,5,"4-Seam Fastball",1,0,1,0,0,1,1,0,"Standard","Standard",102,"0.004","0.033",,,,,"-0.033",,1,1,0.708,0.708,34,29,34,30,1,2,3,3,1,6,"2.28","1.34","-1.34","-0.3",,,,,
"SI","2025-09-13","88.7","4.23","4.35","Siri, Jose",642350,571948,,"foul",,,,,4,,"R","R","L","NYM","TEX","S",,,1,2,2025,"1.68","-0.01",-0.5340635981932853,2.6160384528726897,,,682626,2,6,"Bot",,,,,,,-15.197556122963578,-128.17380932605744,1.949414229758265,21.6883439609409,26.56456647204579,-33.02235216040213,3.26,1.55,122,"69.2",13,"88.8",1927,"6.8",776349,641680,669394,683227,673962,669701,694671,680737,696030,"53.75",,,,,,,,50,4,"Sinker",1,0,1,0,0,1,1,0,"Standard","Standard",103,"0","0","69.2","6.0",,,"0","88.0",1,1,0.708,0.708,34,29,34,30,1,2,3,3,1,6,"2.95","1.68","-1.68","-2.4",-8.995243124848574,29.44380336248005,38.53842684427257,28.468375971387104,15.022012581130916
"ST","2025-09-13","79.7","4.18","4.3","Siri, Jose",642350,571948,,"foul",,,,,7,,"R","R","L","NYM","TEX","S",,,1,1,2025,"-1.23","0.02",-0.5744559751075682,1.7912269541958739,,,682626,2,6,"Bot",,,,,,,-8.224790306740402,-115.71385133111626,1.350634684851021,-9.245711453634984,24.45501735711265,-32.51485871567452,3.26,1.55,4,"87.4",-23,"80.3",1827,"7.1",776349,641680,669394,683227,673962,669701,694671,680737,696030,"53.38",,,,,,,,50,3,"Sweeper",1,0,1,0,0,1,1,0,"Standard","Standard",317,"-0.006","-0.073","74.4","8.3",,,"0.073","88.0",1,1,0.714,0.714,34,29,34,30,1,2,3,3,1,6,"3.62","-1.23","1.23","-2.6",19.179142747904468,-5.374822377754378,38.89933386242038,29.158513594552744,27.917473986285327
"FF","2025-09-13","88","4.21","4.3","Siri, Jose",642350,571948,,"ball",,,,,1,,"R","R","L","NYM","TEX","B",,,0,1,2025,"1.27","0.49",-0.7175825974869403,3.2030536560695007,,,682626,2,6,"Bot",,,,,,,-14.612442119844204,-127.34842003528442,2.53850618065879,16.764090281986707,25.861273998870693,-27.72407157424126,3.37097536715432,1.579520339923,,,,"88.2",1983,"6.7",776349,641680,669394,683227,673962,669701,694671,680737,696030,"53.81",,,,,,,,50,2,"4-Seam Fastball",1,0,1,0,0,1,1,0,"Strategic","Standard",99,"0.002","0.027",,,,,"-0.027",,1,1,0.712,0.712,34,29,34,30,1,2,3,3,1,6,"2.49","1.27","-1.27","-2.2",,,,,
"FF","2025-09-13","88.9","4.27","4.34","Siri, Jose",642350,571948,,"called_strike",,,,,12,,"R","R","L","NYM","TEX","S",,,0,0,2025,"1.45","0.61",0.9601283099627465,3.2155236764292354,,,682626,2,6,"Bot",,,,,,,-11.158524886001054,-128.84266027898084,2.108853081022237,18.486562942533844,28.440447133088224,-26.115479856661395,3.30749320541774,1.57109340093371,,,,"88.9",1954,"6.6",776349,641680,669394,683227,673962,669701,694671,680737,696030,"53.88",,,,,,,,50,1,"4-Seam Fastball",1,0,1,0,0,1,1,0,"Standard","Standard",99,"-0.003","-0.042",,,,,"0.042",,1,1,0.715,0.715,34,29,34,30,1,2,3,3,1,6,"2.31","1.45","-1.45","-1.6",,,,,
"SI","2025-09-10","96.9","1.71","5.97","Siri, Jose",642350,650911,"strikeout","called_strike",,,,,7,"Jose Siri called out on strikes.","R","R","L","PHI","NYM","S",2,,2,2,2025,"1.57","0.39",-0.6407986349676318,1.6948389475655632,,,,1,5,"Top",,,,,,,-9.928867639782053,-140.65204263302462,-6.774685561824416,23.100891456545114,32.559172335704694,-25.588872998107046,3.30178772867153,1.57589018281407,,,,"97.4",2132,"6.8",776384,592663,547180,622268,805249,681082,669016,664056,596146,"53.72",,0,"0",1,0,0,,38,7,"Sinker",2,1,1,2,1,2,1,2,"Standard","Standard",121,"0.02","-0.228",,,,,"0.228",,1,-1,0.673,0.32699999999999996,28,29,29,30,2,1,5,1,6,3,"2.05","1.57","-1.57","28.1",,,,,
"SI","2025-09-10","95.3","1.76","6","Siri, Jose",642350,650911,,"foul",,,,,5,,"R","R","L","PHI","NYM","S",,,2,2,2025,"1.67","0.23",0.2455018818144492,2.181446405151285,,,,1,5,"Top",,,,,,,-7.7787299386485245,-138.55584833265044,-4.950299365661931,23.23906297994203,29.7662268623194,-28.289021212870313,3.25,1.55,261,"85.8",28,"96.1",2056,"6.7",776384,592663,547180,622268,805249,681082,669016,664056,596146,"53.77",,,,,,,,38,6,"Sinker",2,1,1,2,1,2,1,2,"Standard","Standard",117,"0","0","68.7","6.8",,,"0","88.0",1,-1,0.673,0.32699999999999996,28,29,29,30,2,1,5,1,6,3,"2.27","1.67","-1.67","33.4",-10.247204285255364,20.802047044991397,40.31705855270679,37.91629140701655,7.365171996258512
"CH","2025-09-10","87","1.8","5.94","Siri, Jose",642350,650911,,"foul",,,,,9,,"R","R","L","PHI","NYM","S",,,2,2,2025,"1.49","-0.11",0.711079080982556,1.8325339532321245,,,,1,5,"Top",,,,,,,-5.732631551859432,-126.53403840831463,-3.4596008288161695,17.16480102950121,26.7638044095476,-32.7918170739529,3.25,1.55,,,,"87.6",1893,"6.8",776384,592663,547180,622268,805249,681082,669016,664056,596146,"53.71",,,,,,,,38,5,"Changeup",2,1,1,2,1,2,1,2,"Standard","Standard",107,"0","0","75.1","8.1",,,"0",,1,-1,0.673,0.32699999999999996,28,29,29,30,2,1,5,1,6,3,"3.13","1.49","-1.49","29.3",18.67618640557006,-3.598468023598093,34.15710109624137,42.46690586891363,27.74729205194059
"SL","2025-09-10","85.9","1.75","5.97","Siri, Jose",642350,650911,,"ball",,,,,14,,"R","R","L","PHI","NYM","B",,,1,2,2025,"-0.3","-0.47",0.8322096793211313,1.4241097947281167,,,,1,5,"Top",,,,,,,-1.586216785512057,-125.1312637511435,-3.5871630564711436,-2.798173286560095,25.781223256535668,-36.616959365216786,3.14671595663053,1.44668253209305,,,,"86.7",2247,"6.8",776384,592663,547180,622268,805249,681082,669016,664056,596146,"53.71",,,,,,,,38,4,"Slider",2,1,1,2,1,2,1,2,"Standard","Standard",300,"-0.004","0.048",,,,,"-0.048",,1,-1,0.677,0.32299999999999995,28,29,29,30,2,1,5,1,6,3,"3.56","-0.3","0.3","30.2",,,,,
"CH","2025-09-10","88.5","1.82","5.92","Siri, Jose",642350,650911,,"ball",,,,,13,,"R","R","L","PHI","NYM","B",,,0,2,2025,"1.61","0",-0.08760032810676943,0.1485648069693868,,,,1,5,"Top",,,,,,,-8.150456678243089,-128.34628291251548,-8.033525975979376,19.545624756485314,27.899964704252927,-30.59774289853743,3.19935423548825,1.49916776178991,,,,"89.5",2053,"7.2",776384,592663,547180,622268,805249,681082,669016,664056,596146,"53.28",,,,,,,,38,3,"Changeup",2,1,1,2,1,2,1,2,"Standard","Standard",106,"-0.002","0.017",,,,,"-0.017",,1,-1,0.679,0.32099999999999995,28,29,29,30,2,1,5,1,6,3,"2.94","1.61","-1.61","30.1",,,,,
"SI","2025-09-10","96.4","1.65","5.92","Siri, Jose",642350,650911,,"called_strike",,,,,4,,"R","R","L","PHI","NYM","S",,,0,1,2025,"1.63","0.29",-0.6703643659062706,2.254352887906334,,,,1,5,"Top",,,,,,,-9.96807015498466,-139.90674163620733,-4.806357264854601,23.71056500263062,33.73280269113906,-27.415485716721737,3.19835647723597,1.54999965342951,,,,"96.9",2126,"6.9",776384,592663,547180,622268,805249,681082,669016,664056,596146,"53.65",,,,,,,,38,2,"Sinker",2,1,1,2,1,2,1,2,"Standard","Standard",118,"0.006","-0.052",,,,,"0.052",,1,-1,0.673,0.32699999999999996,28,29,29,30,2,1,5,1,6,3,"2.19","1.63","-1.63","29.3",,,,,
"CH","2025-09-10","86.8","1.84","5.85","Siri, Jose",642350,650911,,"swinging_strike",,,,,8,,"R","R","L","PHI","NYM","S",,,0,0,2025,"1.49","-0.13",-0.07207737664968072,1.4975765139744208,,,,1,5,"Top",,,,,,,-7.710525203675136,-126.17048239457002,-3.9839155589989765,17.44407823842748,25.758810037970864,-32.907568841795936,3.25,1.55,,,,"87.8",2002,"7",776384,592663,547180,622268,805249,681082,669016,664056,596146,"53.5",,,,,,,,38,1,"Changeup",2,1,1,2,1,2,1,2,"Standard","Standard",103,"0.003","-0.039","81.7","8.5","0.748509384",,"0.039",,1,-1,0.67,0.32999999999999996,28,29,29,30,2,1,5,1,6,3,"3.16","1.49","-1.49","26.9",25.526872481192644,-18.414730745748116,40.09329498566112,33.8162499950218,33.59325224313645
"CH","2025-09-10","86.9","1.9","5.95","Siri, Jose",642350,650911,"strikeout","swinging_strike_blocked",,,,,13,"Jose Siri strikes out swinging.","R","R","L","PHI","NYM","S",2,,2,2,2025,"1.53","0.06",-0.3716801624335142,0.6684694971875436,,,,0,3,"Top",,,,,,,-8.681117035925844,-126.18037061012934,-6.6532017192646045,18.06082651580654,25.085688656290028,-30.395999776395065,3.25,1.55,,,,"88.1",2029,"7.1",776384,592663,547180,622268,805249,681082,669016,664056,596146,"53.39",,0,"0",1,0,0,,21,6,"Changeup",2,0,0,2,0,2,0,2,"Standard","Standard",104,"0.02","-0.232","71.2","8.5","2.30468934",,"0.232",,2,-2,0.716,0.28400000000000003,28,29,29,30,1,0,5,1,6,3,"2.97","1.53","-1.53","28.6",22.974167053885484,-14.230445499832836,46.26797976883555,31.446985505368396,33.46520566734326
"SI","2025-09-10","95.9","1.78","6.03","Siri, Jose",642350,650911,,"ball",,,,,11,,"R","R","L","PHI","NYM","B",,,1,2,2025,"1.54","0.25",-1.791534365022533,2.5639728268970075,,,,0,3,"Top",,,,,,,-13.015679254921732,-139.03797673096406,-4.150638739803056,22.865240668599604,29.605070743808454,-28.108346291606896,3.14781266640737,1.54977805462502,,,,"96.6",2076,"6.8",776384,592663,547180,622268,805249,681082,669016,664056,596146,"53.7",,,,,,,,21,5,"Sinker",2,0,0,2,0,2,0,2,"Standard","Standard",118,"-0.003","0.043",,,,,"-0.043",,2,-2,0.719,0.281,28,29,29,30,1,0,5,1,6,3,"2.23","1.54","-1.54","33.5",,,,,
"SL","2025-09-10","87.2","1.82","6.02","Siri, Jose",642350,650911,,"foul",,,,,13,,"R","R","L","PHI","NYM","S",,,1,2,2025,"0.04","-0.48",-0.4850210859470053,0.7608669072443925,,,,0,3,"Top",,,,,,,-5.6940957675750905,-126.85329498484215,-5.498784618187266,1.6887838948367795,27.728842821731913,-36.36271521545495,3.25,1.55,,,,"87.8",2169,"6.9",776384,592663,547180,622268,805249,681082,669016,664056,596146,"53.64",,,,,,,,21,4,"Slider",2,0,0,2,0,2,0,2,"Standard","Standard",325,"0","0","64.5","8.7",,,"0",,2,-2,0.719,0.281,28,29,29,30,1,0,5,1,6,3,"3.5","0.04","-0.04","32.7",23.999920265392127,-25.193794387223416,46.30939030752768,29.867364441007684,35.13116047640208
"CH","2025-09-10","87.6","1.97","5.9","Siri, Jose",642350,650911,,"ball",,,,,13,,"R","R","L","PHI","NYM","B",,,0,2,2025,"1.52","0.04",-0.03492673854543149,0.1672803397577467,,,,0,3,"Top",,,,,,,-8.022617696633077,-127.18200386121185,-7.871333943050257,18.06596894980439,24.171336307179086,-30.365655880271355,3.24995815266817,1.55015243510481,,,,"88.5",2109,"6.8",776384,592663,547180,622268,805249,681082,669016,664056,596146,"53.69",,,,,,,,21,3,"Changeup",2,0,0,2,0,2,0,2,"Standard","Standard",106,"-0.003","0.024",,,,,"-0.024",,2,-2,0.722,0.278,28,29,29,30,1,0,5,1,6,3,"2.93","1.52","-1.52","29.0",,,,,
"CH","2025-09-10","86.7","1.94","5.98","Siri, Jose",642350,650911,,"foul",,,,,14,,"R","R","L","PHI","NYM","S",,,0,1,2025,"1.56","0.18",1.2117356140660072,2.396636215510113,,,,0,3,"Top",,,,,,,-4.990391381323406,-126.24384933441766,-2.7765596909328103,17.694351597198114,25.187810888488738,-29.93006686759553,3.25,1.55,44,"70",2,"87.7",2109,"6.8",776384,592663,547180,622268,805249,681082,669016,664056,596146,"53.68",,,,,,,,21,2,"Changeup",2,0,0,2,0,2,0,2,"Standard","Standard",115,"0.006","-0.055","72.4","7.9",,,"0.055","88.0",2,-2,0.716,0.28400000000000003,28,29,29,30,1,0,5,1,6,3,"2.85","1.56","-1.56","27.9",14.20679363078797,-1.5891913782665668,33.35249205781689,49.513786964971295,25.378212112903935
"SI","2025-09-10","94.5","1.87","5.96","Siri, Jose",642350,650911,,"called_strike",,,,,6,,"R","R","L","PHI","NYM","S",,,0,0,2025,"1.57","0.51",0.6251579091279877,2.1390244808118597,,,,0,3,"Top",,,,,,,-6.800538173313672,-137.42773538033782,-5.438557710184547,21.347219802811857,31.19881784978899,-24.731646618030695,3.27588523928015,1.57585288527895,,,,"95.3",2178,"6.9",776384,592663,547180,622268,805249,681082,669016,664056,596146,"53.64",,,,,,,,21,1,"Sinker",2,0,0,2,0,2,0,2,"Standard","Standard",119,"0.004","-0.039",,,,,"0.039",,2,-2,0.712,0.28800000000000003,28,29,29,30,1,0,5,1,6,3,"2.06","1.57","-1.57","30.0",,,,,
"CU","2025-09-09","73.5","1.93","5.93","Siri, Jose",642350,624133,"strikeout","swinging_strike",,,,,6,"Jose Siri strikes out swinging.","R","R","L","PHI","NYM","S",2,,1,2,2025,"-0.83","-0.23",0.6288919393250526,2.1486445556950264,,682626,643446,2,5,"Top",,,,,,,-1.19448792690602,-107.02670889584182,0.10965148699933747,-6.141234761220334,19.967572490490266,-34.209395115683755,3.22,1.55,,,,"73.4",2037,"6.3",776404,592663,547180,681082,805249,624641,642215,664056,592206,"54.16",,0,"0",1,0,0,,35,4,"Curveball",4,0,0,4,0,4,0,4,"Standard","Standard",310,"0.022","-0.191","70.7","8.8","1.17382404",,"0.191",,4,-4,0.909,0.09099999999999997,29,29,30,30,2,1,5,150,6,1,"4.47","-0.83","0.83","42.7",28.014944812594262,-32.09341341797037,30.975595613705856,45.38664467834864,52.782319514831784
"FF","2025-09-09","90.4","2.11","5.79","Siri, Jose",642350,624133,,"foul",,,,,1,,"R","R","L","PHI","NYM","S",,,1,1,2025,"0.57","1.26",-0.3010648442167466,2.7159715086775513,,682626,643446,2,5,"Top",,,,,,,-7.230694836715231,-131.47859799625368,-4.384720631315078,8.230601969139142,29.03931985467468,-16.811771109339016,3.22,1.55,,,,"90.2",2105,"6.3",776404,592663,547180,681082,805249,624641,642215,664056,592206,"54.24",,,,,,,,35,3,"4-Seam Fastball",4,0,0,4,0,4,0,4,"Standard","Standard",130,"0.007","-0.063","71.4","6.3",,,"0.063",,4,-4,0.902,0.09799999999999998,29,29,30,30,2,1,5,150,6,1,"1.54","0.57","-0.57","36.1",-5.644516543292418,27.102865036983623,36.94830755838157,32.257198805648684,10.658554511725661
"FC","2025-09-09","85.7","2.12","5.83","Siri, Jose",642350,624133,,"called_strike",,,,,4,,"R","R","L","PHI","NYM","S",,,1,0,2025,"0.07","0.6",-0.5607137357102935,2.664891867838665,,682626,643446,2,5,"Top",,,,,,,-6.443276541745969,-124.65070255728537,-2.4380021561501444,1.9221563911209523,23.938334589083084,-25.672057963714163,3.20375034292123,1.54999833898501,,,,"85.7",2168,"6.2",776404,592663,547180,681082,805249,624641,642215,664056,592206,"54.29",,,,,,,,35,2,"Cutter",4,0,0,4,0,4,0,4,"Standard","Standard",153,"0.005","-0.052",,,,,"0.052",,4,-4,0.897,0.10299999999999998,29,29,30,30,2,1,5,150,6,1,"2.5","0.07","-0.07","36.1",,,,,
"FC","2025-09-09","86.8","2.11","5.88","Siri, Jose",642350,624133,,"ball",,,,,13,,"R","R","L","PHI","NYM","B",,,0,0,2025,"-0.22","0.73",-1.5111668495602193,1.7445169916195216,,682626,643446,2,5,"Top",,,,,,,-8.184337963166541,-126.03970418053545,-5.131991443805898,-0.6406363013867581,26.893384100762265,-23.519488058907314,3.22354330671151,1.55173496851651,,,,"86.5",2186,"6.3",776404,592663,547180,681082,805249,624641,642215,664056,592206,"54.19",,,,,,,,35,1,"Cutter",4,0,0,4,0,4,0,4,"Standard","Standard",132,"-0.003","0.024",,,,,"-0.024",,4,-4,0.9,0.09999999999999998,29,29,30,30,2,1,5,150,6,1,"2.32","-0.22","0.22","38.0",,,,,
"SI","2025-09-09","90.6","2.11","5.84","Siri, Jose",642350,624133,"strikeout","swinging_strike",,,,,5,"Jose Siri strikes out swinging.","R","R","L","PHI","NYM","S",2,,3,2,2025,"1.69","0.6",-0.18220298997371454,2.6060633487425537,,,,1,3,"Top",,,,,,,-9.31676073237469,-131.5084250572216,-3.3754760071899157,21.651339612807398,28.61711628987911,-24.719092832550963,3.22,1.55,,,,"90.2",1958,"6.2",776404,592663,547180,681082,805249,624641,642215,664056,592206,"54.28",,0,"0",1,0,0,,20,7,"Sinker",4,0,0,4,0,4,0,4,"Standard","Standard",142,"0.014","-0.332","72.1","6.4","0.273257232",,"0.332",,4,-4,0.873,0.127,29,29,30,30,1,0,5,150,6,1,"2.2","1.69","-1.69","41.4",-2.64603571727293,24.670138920104172,36.89085697889179,35.02709920768973,10.759659239331455
"CU","2025-09-09","75.1","1.99","5.91","Siri, Jose",642350,624133,,"foul",,,,,5,,"R","R","L","PHI","NYM","S",,,3,2,2025,"-0.98","-0.85",-0.26416049048777956,2.5175637332403538,,,,1,3,"Top",,,,,,,-2.936861955705666,-109.29350931991443,1.734421883338251,-7.192710532574633,21.615447174198344,-39.54938811342604,3.22,1.55,68,"60.2",8,"74.6",2121,"6.2",776404,592663,547180,681082,805249,624641,642215,664056,592206,"54.28",,,,,,,,20,6,"Curveball",4,0,0,4,0,4,0,4,"Standard","Standard",311,"0","0","45.8","4.8",,,"0","88.0",4,-4,0.873,0.127,29,29,30,30,1,0,5,150,6,1,"4.94","-0.98","0.98","42.1",-26.46785375324031,44.0195862436615,37.720133614506224,32.1611758358202,6.268579358403625
"SI","2025-09-09","89.6","2.08","5.79","Siri, Jose",642350,624133,,"swinging_strike",,,,,12,,"R","R","L","PHI","NYM","S",,,3,1,2025,"1.14","0.69",1.0464525285774087,2.856682259898788,,,,1,3,"Top",,,,,,,-4.938474993006455,-130.4340105162427,-2.7315208451660595,14.10706196208015,26.639521037050255,-23.92496778636994,3.22,1.55,,,,"89.4",2001,"6.1",776404,592663,547180,681082,805249,624641,642215,664056,592206,"54.43",,,,,,,,20,5,"Sinker",4,0,0,4,0,4,0,4,"Standard","Standard",139,"0.005","-0.087","47.4","5.7","5.795194236",,"0.087",,4,-4,0.868,0.132,29,29,30,30,1,0,5,150,6,1,"2.14","1.14","-1.14","32.8",-12.318696198414546,50.15094160577701,31.035690053604796,49.11684788600748,-10.132412894275515
"FC","2025-09-09","85.5","2.23","5.85","Siri, Jose",642350,624133,,"ball",,,,,12,,"R","R","L","PHI","NYM","B",,,2,1,2025,"0.03","0.65",0.2982105338476918,3.757982068555208,,,,1,3,"Top",,,,,,,-4.6143881326129375,-124.42571457880622,0.033859877013740936,1.2446176258927446,24.70580786385088,-25.67222482954248,3.22,1.55,,,,"85.3",2104,"6.2",776404,592663,547180,681082,805249,624641,642215,664056,592206,"54.34",,,,,,,,20,4,"Cutter",4,0,0,4,0,4,0,4,"Standard","Standard",166,"-0.006","0.121",,,,,"-0.121",,4,-4,0.874,0.126,29,29,30,30,1,0,5,150,6,1,"2.47","0.03","-0.03","39.2",,,,,
"SI","2025-09-09","88.6","2.18","5.69","Siri, Jose",642350,624133,,"foul",,,,,8,,"R","R","L","PHI","NYM","S",,,2,0,2025,"1.38","0.24",-0.14035865718884577,1.7567882536792263,,,,1,3,"Top",,,,,,,-8.513297441133208,-128.6374536273377,-4.0069165760243814,17.106027387413047,27.707634889989805,-28.79558641352437,3.22,1.55,159,"83.3",72,"88.2",1916,"6.2",776404,592663,547180,681082,805249,624641,642215,664056,592206,"54.25",,,,,,,,20,3,"Sinker",4,0,0,4,0,4,0,4,"Standard","Standard",137,"0.004","-0.066","77.3","8.0",,,"0.066","88.0",4,-4,0.87,0.13,29,29,30,30,1,0,5,150,6,1,"2.68","1.38","-1.38","34.6",16.546121279982422,-8.074291063908191,40.22095233963496,34.82304989482857,31.881235173288964
"CU","2025-09-09","75.3","1.99","5.77","Siri, Jose",642350,624133,,"ball",,,,,13,,"R","R","L","PHI","NYM","B",,,1,0,2025,"-0.57","-0.64",-0.9046100143471782,0.6723001208316566,,,,1,3,"Top",,,,,,,-4.987422071973218,-109.63335665662599,-2.362055786915505,-3.772949379226661,18.38044061105775,-37.15496572664222,3.40117104128506,1.56780893607629,,,,"75.4",2214,"6.2",776404,592663,547180,681082,805249,624641,642215,664056,592206,"54.29",,,,,,,,20,2,"Curveball",4,0,0,4,0,4,0,4,"Standard","Standard",308,"-0.004","0.071",,,,,"-0.071",,4,-4,0.874,0.126,29,29,30,30,1,0,5,150,6,1,"4.64","-0.57","0.57","39.6",,,,,
"SI","2025-09-09","90.1","2.25","5.71","Siri, Jose",642350,624133,,"ball",,,,,12,,"R","R","L","PHI","NYM","B",,,0,0,2025,"1.37","0.54",1.1905316084661899,2.8734894567590272,,,,1,3,"Top",,,,,,,-5.519358069798972,-131.12678896111368,-2.220731948666817,16.978376367487623,27.939306953196763,-25.649219790933333,3.33132522427491,1.5482947118603,,,,"89.7",1969,"6.1",776404,592663,547180,681082,805249,624641,642215,664056,592206,"54.43",,,,,,,,20,1,"Sinker",4,0,0,4,0,4,0,4,"Standard","Standard",134,"-0.002","0.039",,,,,"-0.039",,4,-4,0.876,0.124,29,29,30,30,1,0,5,150,6,1,"2.27","1.37","-1.37","32.0",,,,,
"FF","2025-09-09","93.1","-0.56","5.81","Siri, Jose",642350,676661,"field_out","hit_into_play",,,,,5,"Jose Siri flies out to shortstop Edmundo Sosa.","R","R","R","PHI","NYM","X",6,"fly_ball",2,2,2025,"0.16","1.44",0.004405422480009885,2.701044699129536,682626,,643446,1,9,"Top",118.32,112.04,,,,,1.1246567860161498,-135.50956892154448,-5.379468698774479,1.6432998259918699,32.39493978136144,-13.562581759041361,3.22,1.55,220,"98.4",60,"94.1",2541,"7.1",776404,592663,547180,681082,805249,624641,642215,664056,592206,"53.44",0.015,0.017,"0",1,0,0,3,74,5,"4-Seam Fastball",9,3,3,9,3,9,3,9,"Standard","Standard",195,"0.004","-0.084","73.9","7.5",,0.022,"0.084","98.4",6,-6,0.994,0.006000000000000005,26,29,26,30,1,3,6,150,3,1,"1.21","-0.16","-0.16","52.1",18.718664671458853,-2.6328213343522733,28.570358283926456,35.515394863150526,30.88143019536256
"KC","2025-09-09","79.8","-0.44","5.85","Siri, Jose",642350,676661,,"ball",,,,,11,,"R","R","R","PHI","NYM","B",,,1,2,2025,"0.53","-1.41",-1.245138150229105,2.715678382563845,682626,,643446,1,9,"Top",,,,,,,-2.8115603953683728,-116.15423588466292,2.591892664640988,5.353226821342396,23.596332322641395,-45.58114942373766,3.21020441848694,1.54991098227579,,,,"80.5",2391,"6.9",776404,592663,547180,681082,805249,624641,642215,664056,592206,"53.55",,,,,,,,74,4,"Knuckle Curve",9,3,3,9,3,9,3,9,"Standard","Standard",24,"0","0.033",,,,,"-0.033",,6,-6,0.994,0.006000000000000005,26,29,26,30,1,3,6,150,3,1,"5.01","-0.53","-0.53","55.0",,,,,
"FF","2025-09-09","93.7","-0.48","5.88","Siri, Jose",642350,676661,,"swinging_strike",,,,,5,,"R","R","R","PHI","NYM","S",,,1,1,2025,"0.22","1.21",0.05869257131824787,2.4739018898649796,682626,,643446,1,9,"Top",,,,,,,0.9174017237899692,-136.38724923126898,-5.825729135157329,2.5160433430392,28.524142407779447,-16.033735009713798,3.22,1.55,,,,"94.8",2531,"6.8",776404,592663,547180,681082,805249,624641,642215,664056,592206,"53.67",,,,,,,,74,3,"4-Seam Fastball",9,3,3,9,3,9,3,9,"Standard","Standard",195,"0.001","-0.058","72.8","7.6","0.263466216",,"0.058","88.0",6,-6,0.993,0.007000000000000006,26,29,26,30,1,3,6,150,3,1,"1.38","-0.22","-0.22","53.3",10.83954681302539,0.7075584491390241,36.780442569044375,35.220177189738635,22.026754677135983
"FF","2025-09-09","94","-0.58","5.87","Siri, Jose",642350,676661,,"swinging_strike",,,,,1,,"R","R","R","PHI","NYM","S",,,1,0,2025,"-0.05","1.57",-0.48267386621684566,2.774608205041881,682626,,643446,1,9,"Top",,,,,,,0.36465991106614076,-136.86214257634217,-5.852344030941214,-0.6894850913823105,30.412986601481606,-11.418682205431983,3.22,1.55,,,,"95.4",2591,"7.1",776404,592663,547180,681082,805249,624641,642215,664056,592206,"53.44",,,,,,,,74,2,"4-Seam Fastball",9,3,3,9,3,9,3,9,"Standard","Standard",196,"0.001","-0.059","71.8","6.7","0.300511932",,"0.059",,6,-6,0.992,0.008000000000000007,26,29,26,30,1,3,6,150,3,1,"1.01","0.05","0.05","54.1",-2.644126161008048,17.041708482643983,40.11085406229314,28.875023537379416,12.26193816215335
"FC","2025-09-09","88.7","-0.77","5.83","Siri, Jose",642350,676661,,"ball",,,,,14,,"R","R","R","PHI","NYM","B",,,0,0,2025,"0.66","0.58",0.43836995429064296,1.2165615967568393,682626,,643446,1,9,"Top",,,,,,,1.5812386946517885,-129.073743497964,-6.520116836577886,7.061998802130455,27.047670324374334,-24.51336675571831,3.35184899872367,1.55115175864499,,,,"89.8",2562,"7",776404,592663,547180,681082,805249,624641,642215,664056,592206,"53.52",,,,,,,,74,1,"Cutter",9,3,3,9,3,9,3,9,"Standard","Standard",172,"-0.001","0.029",,,,,"-0.029",,6,-6,0.993,0.007000000000000006,26,29,26,30,1,3,6,150,3,1,"2.32","-0.66","-0.66","51.0",,,,,
"SI","2025-09-09","92.5","2.59","6.45","Siri, Jose",642350,621383,"double","hit_into_play",,,,,8,"Jose Siri doubles (2) on a sharp fly ball to center fielder Harrison Bader.","R","R","L","PHI","NYM","X",8,"fly_ball",2,1,2025,"1.29","0.69",-0.13570060791262328,1.5884829387484811,,,,1,8,"Top",157.95,47.06,,,,,-9.603534416688627,-134.15612482278922,-7.960499197330655,17.663536945559155,28.290402913823378,-22.275827012741996,3.22,1.55,403,"104.9",27,"91.2",2033,"5.6",776404,592663,547180,681082,805249,624641,642215,664056,592206,"54.89",0.763,1.5211551724137935,"1.25",1,1,1,6,58,4,"Sinker",7,1,1,7,1,7,1,7,"Standard","Standard",145,"-0.004","0.597","75.4","8.0",,2.982,"-0.597","104.9",6,-6,0.995,0.0050000000000000044,33,29,34,30,1,2,4,150,3,1,"1.99","1.29","-1.29","48.1",7.9904591043469955,-5.724811174706833,44.21479936745975,34.08897939856569,25.57303939174767
"SI","2025-09-09","91.2","2.61","6.5","Siri, Jose",642350,621383,,"swinging_strike",,,,,9,,"R","R","L","PHI","NYM","S",,,2,0,2025,"1.28","0.79",0.6066492357816722,1.4342484889264364,,,,1,8,"Top",,,,,,,-7.655567669408494,-132.4819929078648,-8.449569212720721,16.64683210784697,27.263638321262558,-21.19410068088735,3.22,1.55,,,,"90",2061,"5.6",776404,592663,547180,681082,805249,624641,642215,664056,592206,"54.94",,,,,,,,58,3,"Sinker",7,1,1,7,1,7,1,7,"Standard","Standard",152,"0.001","-0.066","75.6","7.7","0.815414784",,"0.066",,6,-6,0.994,0.006000000000000005,33,29,34,30,1,2,4,150,3,1,"1.95","1.28","-1.28","54.7",1.7868531493847877,10.164901345004742,42.849816956796246,42.20397029341136,14.905654392723983
"SL","2025-09-09","86.9","2.59","6.51","Siri, Jose",642350,621383,,"ball",,,,,11,,"R","R","L","PHI","NYM","B",,,1,0,2025,"-0.27","0.52",-0.11151836204069474,4.252056486733277,,,,1,8,"Top",,,,,,,-5.83303209384342,-126.56747749487148,-0.34859833247048777,-1.8204231579793602,23.98300375928942,-26.723055412159106,3.27269582709397,1.54952445627423,,,,"86",2254,"5.5",776404,592663,547180,681082,805249,624641,642215,664056,592206,"54.99",,,,,,,,58,2,"Slider",7,1,1,7,1,7,1,7,"Standard","Standard",197,"-0.001","0.071",,,,,"-0.071",,6,-6,0.995,0.0050000000000000044,33,29,34,30,1,2,4,150,3,1,"2.48","-0.27","0.27","48.3",,,,,
"SL","2025-09-09","88.1","2.61","6.48","Siri, Jose",642350,621383,,"ball",,,,,11,,"R","R","L","PHI","NYM","B",,,0,0,2025,"-0.16","0.59",-1.1007943558910696,2.5467175498797507,,,,1,8,"Top",,,,,,,-8.547561266596762,-127.97555928899773,-4.633982089710385,-0.0782152951069428,25.63330364495807,-24.93096690451432,3.36309467850442,1.54893837558744,,,,"87",2223,"5.6",776404,592663,547180,681082,805249,624641,642215,664056,592206,"54.91",,,,,,,,58,1,"Slider",7,1,1,7,1,7,1,7,"Standard","Standard",171,"0","0.039",,,,,"-0.039",,6,-6,0.995,0.0050000000000000044,33,29,34,30,1,2,4,150,3,1,"2.35","-0.16","0.16","51.8",,,,,
"SI","2025-04-12","95.8","-0.58","5.75","Siri, Jose",642350,669372,,"foul",,,,,11,,"R","R","R","ATH","NYM","S",,,0,0,2025,"-1.34","0.54",-0.9734063931040786,2.826415627861115,,,668901,2,2,"Top",,,,,,,2.0037521848452964,-139.50347145195772,-3.304394615003817,-17.88803292841299,34.732846792722725,-24.606006464899558,3.22,1.55,2,"29.8",-48,"95.9",2024,"6.5",778346,640902,691016,691777,649966,805779,609280,668709,667670,"53.98",,,,,,,,11,1,"Sinker",0,0,0,0,0,0,0,0,"Standard","Standard",217,"0.003","-0.042","71.6","7.7",,,"0.042","88.0",0,0,0.528,0.472,26,29,26,30,1,0,,1,6,150,"1.96","1.34","1.34","49.3",27.326210920249906,-27.03737993151508,29.11640377275472,24.485858639468418,37.54053006841798
"FF","2025-04-11","92.9","1.08","5.12","Siri, Jose",642350,676664,"strikeout","called_strike",,,,,7,"Jose Siri called out on strikes.","R","R","L","ATH","NYM","S",2,,2,2,2025,"1.04","1.25",-0.6025983016088816,1.7202695832055248,,682668,,1,4,"Top",,,,,,,-6.611210699667573,-135.1098259273153,-5.677321680728294,14.187832188547805,29.464706109656618,-15.769671852640936,3.06478302873105,1.44109231137889,,,,"93.1",2078,"6.4",778358,669127,691016,691777,570482,805779,609280,668709,671732,"54.08",,0,"0",1,0,0,,31,5,"4-Seam Fastball",1,2,2,1,2,1,2,1,"Standard","Standard",128,"0.031","-0.227",,,,,"0.227",,-1,1,0.362,0.638,29,29,29,30,2,1,6,5,6,1,"1.39","1.04","-1.04","28.4",,,,,
"FF","2025-04-11","91.8","1.02","5.05","Siri, Jose",642350,676664,,"ball",,,,,13,,"R","R","L","ATH","NYM","B",,,1,2,2025,"1.03","1.17",-1.3330773803779226,2.1380030159986028,,682668,,1,4,"Top",,,,,,,-8.199290578612189,-133.39752343061014,-3.994563561117017,14.156319085935166,30.773814201140176,-17.593368858603625,3.09034725563131,1.46663269565656,,,,"91.6",2016,"6.4",778358,669127,691016,691777,570482,805779,609280,668709,671732,"54.07",,,,,,,,31,4,"4-Seam Fastball",1,2,2,1,2,1,2,1,"Standard","Standard",127,"-0.005","0.026",,,,,"-0.026",,-1,1,0.367,0.633,29,29,29,30,2,1,6,5,6,1,"1.56","1.03","-1.03","27.2",,,,,
"SL","2025-04-11","80.3","1.45","4.56","Siri, Jose",642350,676664,,"foul",,,,,4,,"R","R","L","ATH","NYM","S",,,1,1,2025,"-0.57","0.75",-0.37061718234247404,2.263504184124734,,682668,,1,4,"Top",,,,,,,-2.9469963802686263,-116.95032429972724,0.13026284123025,-4.746916066523245,20.744735096683232,-25.451618260348333,3.27,1.58,140,"57.6",51,"80.7",2325,"6.4",778358,669127,691016,691777,570482,805779,609280,668709,671732,"54.1",,,,,,,,31,3,"Slider",1,2,2,1,2,1,2,1,"Standard","Standard",257,"0.009","-0.061","72.6","7.0",,,"0.061","88.0",-1,1,0.358,0.642,29,29,29,30,2,1,6,5,6,1,"2.76","-0.57","0.57","18.0",2.0627378376195247,4.73935099965638,42.27016268842673,29.36674042319285,19.33590320312543
"FF","2025-04-11","92.7","1.17","5.05","Siri, Jose",642350,676664,,"ball",,,,,12,,"R","R","L","ATH","NYM","B",,,0,1,2025,"0.83","1.31",1.0183793799784002,3.143088820090097,,682668,,1,4,"Top",,,,,,,-2.211885876094688,-135.0492825276565,-1.9428149473228675,10.652773943315358,29.958598860516506,-15.963487188684901,3.16619467808333,1.48565470818389,,,,"92.8",2031,"6.3",778358,669127,691016,691777,570482,805779,609280,668709,671732,"54.19",,,,,,,,31,2,"4-Seam Fastball",1,2,2,1,2,1,2,1,"Standard","Standard",131,"-0.004","0.025",,,,,"-0.025",,-1,1,0.362,0.638,29,29,29,30,2,1,6,5,6,1,"1.34","0.83","-0.83","25.6",,,,,
"CH","2025-04-11","81.7","1.35","4.73","Siri, Jose",642350,676664,,"called_strike",,,,,9,,"R","R","L","ATH","NYM","S",,,0,0,2025,"1.37","0.1",0.7048006193512784,2.0176758582789174,,682668,,1,4,"Top",,,,,,,-4.078694177282472,-118.86546287987089,0.29550205318101486,13.759374348371065,23.779359154601096,-31.50383409528459,3.22102542693035,1.57236658369506,,,,"81.5",1607,"6.3",778358,669127,691016,691777,570482,805779,609280,668709,671732,"54.24",,,,,,,,31,1,"Changeup",1,2,2,1,2,1,2,1,"Standard","Standard",105,"0.006","-0.038",,,,,"0.038",,-1,1,0.356,0.644,29,29,29,30,2,1,6,5,6,1,"3.33","1.37","-1.37","20.0",,,,,
"SL","2025-04-11","85.4","-2.4","5.96","Siri, Jose",642350,687765,"walk","blocked_ball",,,,,14,"Jose Siri walks.","R","R","R","ATH","NYM","B",,,3,2,2025,"1.31","0.01",1.6252179240734201,0.5252653910727156,,,,1,6,"Top",,,,,,,6.864817032041822,-124.04912938142444,-6.505246651768843,12.052537903189073,26.340949911079093,-30.847908127507978,3.2913178837023,1.5102169779515,,,,"85.6",2663,"6.6",778358,669127,691016,691777,570482,805779,609280,668709,671732,"53.87",,0.691497,"0.7",1,0,0,,48,9,"Slider",1,3,3,1,3,1,3,1,"Standard","Standard",60,"-0.015","0.339",,,,,"-0.339",,-2,2,0.235,0.765,27,29,27,30,1,2,5,5,4,1,"3.14","-1.31","-1.31","42.4",,,,,
"ST","2025-04-11","81.4","1.53","4.72","Siri, Jose",642350,676664,"strikeout","swinging_strike",,,,,2,"Jose Siri strikes out swinging.","R","R","L","ATH","NYM","S",2,,1,2,2025,"-0.8","0.43",-0.07091914399889776,2.7880259742495976,,620443,,1,2,"Top",,,,,,,-2.053945338246299,-118.47599143824628,1.547343574233415,-7.0174298471554994,26.389369422145883,-28.781129340960987,3.27,1.58,,,,"80.9",2349,"6.3",778358,669127,691016,691777,570482,805779,609280,668709,671732,"54.18",,0,"0",1,0,0,,12,5,"Sweeper",0,2,2,0,2,0,2,0,"Standard","Standard",252,"0.019","-0.201","58.3","8.0","0.576818856",,"0.201",,-2,2,0.295,0.7050000000000001,29,29,29,30,1,0,6,5,6,1,"3.06","-0.8","0.8","22.7",18.921013569786975,-25.270845038839227,30.455344509059444,34.687262781399426,35.17521390820763
"FF","2025-04-11","93.7","1.18","5.12","Siri, Jose",642350,676664,,"ball",,,,,12,,"R","R","L","ATH","NYM","B",,,0,2,2025,"0.98","1.04",1.4527087136615542,2.799111544742974,,620443,,1,2,"Top",,,,,,,-1.463150170109263,-136.3067408539081,-2.487088288431774,12.43711250529899,34.3632074378358,-18.961232977898092,3.07502972892513,1.47006380721319,,,,"93.3",2068,"6.4",778358,669127,691016,691777,570482,805779,609280,668709,671732,"54.11",,,,,,,,12,4,"4-Seam Fastball",0,2,2,0,2,0,2,0,"Infield shade","Standard",135,"-0.003","0.015",,,,,"-0.015",,-2,2,0.298,0.702,29,29,29,30,1,0,6,5,6,1,"1.59","0.98","-0.98","28.7",,,,,
"SL","2025-04-11","83.9","-2.53","6.04","Siri, Jose",642350,687765,,"foul",,,,,14,,"R","R","R","ATH","NYM","S",,,3,2,2025,"1.43","-0.14",0.769082809425385,1.2659534030616988,,,,1,6,"Top",,,,,,,4.815253597869939,-122.14163567334941,-4.343281901346671,13.325758937092372,24.687659483619875,-32.95467589358842,3.27,1.58,4,"46.9",-18,"84.1",2746,"6.4",778358,669127,691016,691777,570482,805779,609280,668709,671732,"54.07",,,,,,,,48,8,"Slider",1,3,3,1,3,1,3,1,"Standard","Standard",63,"0","0","72.3","8.4",,,"0","88.0",-2,2,0.235,0.765,27,29,27,30,1,2,5,5,4,1,"3.39","-1.43","-1.43","47.5",21.135833601252376,-16.77899576046622,36.24559136487005,41.902920464785886,37.21730469152497
"FC","2025-04-11","93","-2.11","6.14","Siri, Jose",642350,687765,,"ball",,,,,12,,"R","R","R","ATH","NYM","B",,,2,2,2025,"0.45","0.55",0.2224263439608633,3.446278977871354,,,,1,6,"Top",,,,,,,5.0112124989198605,-135.34677966853496,-2.3237503516570897,4.401336442571079,30.438954487823224,-25.12311095493202,3.22675504379792,1.53922119735256,,,,"93.2",2661,"6.5",778358,669127,691016,691777,570482,805779,609280,668709,671732,"54.05",,,,,,,,48,7,"Cutter",1,3,3,1,3,1,3,1,"Standard","Standard",184,"-0.005","0.104",,,,,"-0.104",,-2,2,0.24,0.76,27,29,27,30,1,2,5,5,4,1,"2.09","-0.45","-0.45","48.4",,,,,
"FF","2025-04-11","94","1.16","5.1","Siri, Jose",642350,676664,,"foul",,,,,3,,"R","R","L","ATH","NYM","S",,,0,2,2025,"0.9","1.13",0.7142275241933114,2.9106087609889806,,620443,,1,2,"Top",,,,,,,-3.1680725809379715,-136.82500864754306,-2.4232192898266565,12.012541722644183,32.86868431144953,-17.739507199575,3.27,1.58,254,"75.6",38,"93.7",2167,"6.3",778358,669127,691016,691777,570482,805779,609280,668709,671732,"54.18",,,,,,,,12,3,"4-Seam Fastball",0,2,2,0,2,0,2,0,"Standard","Standard",131,"0","0","70.0","6.7",,,"0","88.0",-2,2,0.298,0.702,29,29,29,30,1,0,6,5,6,1,"1.47","0.9","-0.9","26.4",-4.755975072412908,18.741742655817927,28.539570285351612,42.97747406168661,9.289134251383626
"CU","2025-04-11","81.6","-1.97","6.32","Siri, Jose",642350,687765,,"ball",,,,,14,,"R","R","R","ATH","NYM","B",,,1,2,2025,"1.19","-0.92",1.257495056950346,-0.03799315655047497,,,,1,6,"Top",,,,,,,5.0096403263325495,-118.71996315752462,-5.937709581018292,10.136979369414624,24.3630544364454,-39.801741494729974,3.23624581151741,1.51753424476744,,,,"81.8",2864,"6.6",778358,669127,691016,691777,570482,805779,609280,668709,671732,"53.92",,,,,,,,48,6,"Curveball",1,3,3,1,3,1,3,1,"Standard","Standard",41,"-0.002","0.048",,,,,"-0.048",,-2,2,0.242,0.758,27,29,27,30,1,2,5,5,4,1,"4.36","-1.19","-1.19","54.3",,,,,
"FF","2025-04-11","92.8","1.05","5.2","Siri, Jose",642350,676664,,"foul",,,,,2,,"R","R","L","ATH","NYM","S",,,0,1,2025,"0.7","1.23",-0.1867821380000919,3.0354705248331264,,620443,,1,2,"Top",,,,,,,-4.698179956942107,-134.96572230605645,-2.3881714699093934,9.610625586953926,32.21875909229546,-16.845430459986027,3.27,1.58,169,"75.4",16,"92.5",2048,"6.4",778358,669127,691016,691777,570482,805779,609280,668709,671732,"54.12",,,,,,,,12,2,"4-Seam Fastball",0,2,2,0,2,0,2,0,"Standard","Standard",136,"0.007","-0.052","72.9","7.1",,,"0.052","88.0",-2,2,0.291,0.7090000000000001,29,29,29,30,1,0,6,5,6,1,"1.44","0.7","-0.7","28.6",12.283522481510525,-0.4952233410826855,35.40313153863836,33.34829579362007,21.077095728297085
"SL","2025-04-11","84.3","-2.41","6.04","Siri, Jose",642350,687765,,"foul",,,,,14,,"R","R","R","ATH","NYM","S",,,1,2,2025,"1.39","-0.39",1.6225774096304786,1.7267418912821642,,,,1,6,"Top",,,,,,,6.606191389331718,-122.48897420344612,-2.7404601302797764,12.274072791636724,28.80176775544557,-35.607388688035904,3.27,1.58,1,"51.4",-55,"83.9",2712,"6.6",778358,669127,691016,691777,570482,805779,609280,668709,671732,"53.93",,,,,,,,48,5,"Slider",1,3,3,1,3,1,3,1,"Standard","Standard",62,"0","0","65.2","8.1",,,"0","88.0",-2,2,0.242,0.758,27,29,27,30,1,2,5,5,4,1,"3.65","-1.39","-1.39","42.2",21.44327281161437,-2.4926282003582636,29.626234436765802,52.2757778304687,28.914421730536468
"FF","2025-04-11","93.2","1.1","5.13","Siri, Jose",642350,676664,,"swinging_strike",,,,,5,,"R","R","L","ATH","NYM","S",,,0,0,2025,"0.87","1.3",-0.25190788446418244,2.1276500850356146,,620443,,1,2,"Top",,,,,,,-5.3835910756475975,-135.61139351390707,-4.807029410407544,11.895889428246457,30.679989606646274,-15.28017934059187,3.27,1.58,,,,"93.2",2031,"6.3",778358,669127,691016,691777,570482,805779,609280,668709,671732,"54.15",,,,,,,,12,1,"4-Seam Fastball",0,2,2,0,2,0,2,0,"Infield shade","Standard",132,"0.004","-0.038","76.0","6.7","1.152395856",,"0.038",,-2,2,0.287,0.7130000000000001,29,29,29,30,1,0,6,5,6,1,"1.33","0.87","-0.87","29.2",-11.616568597990348,18.258168499722846,44.27568976306047,33.65625503142622,9.548375119536056
"FC","2025-04-11","93.6","-2.12","6.17","Siri, Jose",642350,687765,,"ball",,,,,12,,"R","R","R","ATH","NYM","B",,,0,2,2025,"0.22","0.68",0.7664353454407825,3.5399334324543936,,,,1,6,"Top",,,,,,,6.992358748145051,-136.17045778605507,-2.570574867079287,1.3036113353413252,28.417719190976804,-23.324557386509987,3.26562907933788,1.45297137074355,,,,"94.2",2541,"6.5",778358,669127,691016,691777,570482,805779,609280,668709,671732,"53.98",,,,,,,,48,4,"Cutter",1,3,3,1,3,1,3,1,"Standard","Standard",186,"-0.001","0.017",,,,,"-0.017",,-2,2,0.243,0.757,27,29,27,30,1,2,5,5,4,1,"1.91","-0.22","-0.22","47.9",,,,,
"CU","2025-04-11","81.3","-1.96","6.36","Siri, Jose",642350,687765,,"foul",,,,,9,,"R","R","R","ATH","NYM","S",,,0,2,2025,"0.99","-1.13",0.5849414956102781,1.6680365446284648,,,,1,6,"Top",,,,,,,3.792336426420636,-118.18854931392646,-1.5653804269461944,8.237183138273684,27.417429016866908,-42.5200392320257,3.27,1.58,3,"53.5",-32,"80.6",2858,"6.4",778358,669127,691016,691777,570482,805779,609280,668709,671732,"54.13",,,,,,,,48,3,"Curveball",1,3,3,1,3,1,3,1,"Standard","Standard",49,"0","0","70.4","8.2",,,"0","88.0",-2,2,0.243,0.757,27,29,27,30,1,2,5,5,4,1,"4.65","-0.99","-0.99","52.8",25.37612643224195,-22.81317918373041,33.18524545792874,39.60422157217802,37.637012564162205
"FC","2025-04-11","93.7","-2.3","6.13","Siri, Jose",642350,687765,,"foul",,,,,6,,"R","R","R","ATH","NYM","S",,,0,1,2025,"0.17","0.77",0.5440887558506239,2.7320736379078143,,,,1,6,"Top",,,,,,,6.975157449447363,-136.34756322455473,-4.781536088098333,0.6583564632206261,28.213179029542253,-21.674088087075514,3.27,1.58,,,,"93.9",2622,"6.3",778358,669127,691016,691777,570482,805779,609280,668709,671732,"54.2",,,,,,,,48,2,"Cutter",1,3,3,1,3,1,3,1,"Standard","Standard",202,"0.003","-0.052","70.0","6.2",,,"0.052",,-2,2,0.24,0.76,27,29,27,30,1,2,5,5,4,1,"1.81","-0.17","-0.17","44.4",-8.635472097984024,29.48873076034745,31.01795583340483,42.708025025669755,0.9747221209506118
"FC","2025-04-11","91.5","-2.43","6.1","Siri, Jose",642350,687765,,"called_strike",,,,,14,,"R","R","R","ATH","NYM","S",,,0,0,2025,"0.16","0.49",0.8403863305689324,1.8192190089673823,,,,1,6,"Top",,,,,,,7.905224193495196,-133.01243090641566,-6.018467689735012,0.3723391090420343,26.180035818769806,-25.344713654937205,3.32734700489515,1.63907427595347,,,,"92",2615,"6.4",778358,669127,691016,691777,570482,805779,609280,668709,671732,"54.05",,,,,,,,48,1,"Cutter",1,3,3,1,3,1,3,1,"Standard","Standard",205,"0.002","-0.039",,,,,"0.039",,-2,2,0.238,0.762,27,29,27,30,1,2,5,5,4,1,"2.22","-0.16","-0.16","41.5",,,,,
"FF","2025-04-11","95.6","-1.37","6.07","Siri, Jose",642350,600917,"strikeout","swinging_strike",,,,,3,"Jose Siri strikes out swinging.","R","R","R","ATH","NYM","S",2,,2,2,2025,"-0.06","1.52",0.5474933777731209,3.2742156441932955,,,,2,7,"Top",,,,,,,5.127897461913885,-138.96389390648122,-5.037029298765724,-2.0823486859125184,34.817287321770365,-11.644919115421647,3.27,1.58,,,,"93.8",2634,"5.6",778358,669127,691016,691777,570482,805779,609280,668709,671732,"54.95",,0,"0",1,0,0,,66,5,"4-Seam Fastball",4,6,6,4,6,4,6,4,"Standard","Standard",205,"0.008","-0.224","74.6","7.0","0.410069796",,"0.224",,-2,2,0.213,0.787,31,29,32,30,1,3,3,5,2,1,"1.01","0.06","0.06","43.7",12.17051251223312,9.03708832762415,27.71451497825961,41.61098794322204,20.999175204174563
"SL","2025-04-11","79.9","-1.91","5.78","Siri, Jose",642350,600917,,"ball",,,,,14,,"R","R","R","ATH","NYM","B",,,1,2,2025,"1.83","-0.29",2.165392765465911,0.4335049709046972,,,,2,7,"Top",,,,,,,5.450379205554758,-116.1801974574317,-4.343360890285469,15.147753037159326,25.26327546288239,-34.078368728902724,3.14771070689901,1.50423848924112,,,,"78.3",2661,"5.5",778358,669127,691016,691777,570482,805779,609280,668709,671732,"54.97",,,,,,,,66,4,"Slider",4,6,6,4,6,4,6,4,"Standard","Standard",51,"-0.002","0.042",,,,,"-0.042",,-2,2,0.215,0.785,31,29,32,30,1,3,3,5,2,1,"3.92","-1.83","-1.83","37.7",,,,,
"CU","2025-04-11","79.4","-2.34","5.55","Siri, Jose",642350,600917,,"ball",,,,,14,,"R","R","R","ATH","NYM","B",,,0,2,2025,"1.47","-0.7",1.8219913464369102,0.05442166022326411,,,,2,7,"Top",,,,,,,6.251850788137338,-115.41232017836714,-3.8099559670695875,11.751489974134039,24.01895888104771,-37.83407303550218,3.23398234246574,1.46362740778054,,,,"77.7",3001,"5.4",778358,669127,691016,691777,570482,805779,609280,668709,671732,"55.1",,,,,,,,66,3,"Curveball",4,6,6,4,6,4,6,4,"Standard","Standard",52,"-0.001","0.022",,,,,"-0.022",,-2,2,0.216,0.784,31,29,32,30,1,3,3,5,2,1,"4.36","-1.47","-1.47","27.3",,,,,
"SI","2025-04-11","92.7","-1.87","5.99","Siri, Jose",642350,600917,,"swinging_strike",,,,,1,,"R","R","R","ATH","NYM","S",,,0,1,2025,"-1.11","0.77",-0.7252147623235845,2.977762110986385,,,,2,7,"Top",,,,,,,5.237773035924068,-134.9443941387557,-3.5176925820786726,-14.68428381879136,30.271175071089544,-22.199448549705373,3.27,1.58,,,,"91",2392,"5.3",778358,669127,691016,691777,570482,805779,609280,668709,671732,"55.19",,,,,,,,66,2,"Sinker",4,6,6,4,6,4,6,4,"Standard","Standard",197,"0.003","-0.057","51.7","5.0","0.23419494",,"0.057",,-2,2,0.213,0.787,31,29,32,30,1,3,3,5,2,1,"1.89","1.11","1.11","42.1",-19.876351380630428,45.43317995650865,35.6714017452417,26.382645050519912,-1.6733294163375014
"FC","2025-04-11","87","-2.36","5.74","Siri, Jose",642350,600917,,"called_strike",,,,,1,,"R","R","R","ATH","NYM","S",,,0,0,2025,"0.56","0.17",-0.3028695136713777,3.0751106924582445,,,,2,7,"Top",,,,,,,3.7468026886158023,-126.72846429429782,-0.5739970859555211,5.195273969961325,26.45562121490445,-30.488507341782793,3.44426894929126,1.67428453136667,,,,"85.6",2497,"5.4",778358,669127,691016,691777,570482,805779,609280,668709,671732,"55.12",,,,,,,,66,1,"Cutter",4,6,6,4,6,4,6,4,"Standard","Standard",139,"0.001","-0.043",,,,,"0.043",,-2,2,0.212,0.788,31,29,32,30,1,3,3,5,2,1,"2.84","-0.56","-0.56","37.0",,,,,
"FF","2025-04-06","94.3","-2.17","5.93","Siri, Jose",642350,670102,"field_out","hit_into_play",,,,,5,"Jose Siri flies out to right fielder Anthony Santander.","R","R","R","NYM","TOR","X",9,"fly_ball",1,2,2025,"-1.03","1.75",0.06188853807362005,2.3710627470370533,,,,2,4,"Bot",173.07,115.63,,,,,8.1856220889832,-136.8005822417779,-7.394993473392682,-14.91738632270941,35.30179033765444,-8.7545128526635,3.32,1.58,240,"75.5",31,"94.4",2332,"6.9",778435,623168,665489,665926,676391,666182,676914,664702,623993,"53.62",0.306,0.276,"0",1,0,0,3,33,4,"4-Seam Fastball",2,0,2,0,0,2,2,0,"Standard","Standard",216,"-0.006","-0.182","71.4","7.1",,0.336,"0.182","88.0",2,2,0.757,0.757,29,29,29,30,2,1,6,1,6,5,"0.87","1.03","1.03","39.7",3.018869193993256,13.31423011471778,34.09229875787734,37.64462127744038,17.787474920255587
"FS","2025-04-06","82.1","-2.17","5.87","Siri, Jose",642350,670102,,"swinging_strike",,,,,8,,"R","R","R","NYM","TOR","S",,,1,1,2025,"-1.4","0.24",0.2744102626338176,2.054055087676639,,,,2,4,"Bot",,,,,,,8.324508296746385,-119.15860356070058,-2.4411907153500927,-14.999696041804226,25.967724609690258,-29.60571296264313,3.32,1.58,,,,"82.3",1128,"6.9",778435,623168,665489,665926,676391,666182,676914,664702,623993,"53.64",,,,,,,,33,3,"Split-Finger",2,0,2,0,0,2,2,0,"Standard","Standard",232,"-0.002","-0.062","67.8","8.4","1.185550008",,"0.062",,2,2,0.759,0.759,29,29,29,30,2,1,6,1,6,5,"3.2","1.4","1.4","36.2",24.07635718367851,-32.788526671712454,29.652308510031567,39.848198889859404,47.0290263016916
"FS","2025-04-06","80.8","-2.15","5.85","Siri, Jose",642350,670102,,"ball",,,,,13,,"R","R","R","NYM","TOR","B",,,0,1,2025,"-1.6","0.77",-0.6549308355364365,1.0414663705815173,,,,2,4,"Bot",,,,,,,6.441538922452192,-117.30324864580334,-5.482247937284888,-15.962480083917598,24.619359114597664,-24.1590270556355,3.28946160447693,1.54972440814836,,,,"81.1",1116,"6.9",778435,623168,665489,665926,676391,666182,676914,664702,623993,"53.63",,,,,,,,33,2,"Split-Finger",2,0,2,0,0,2,2,0,"Standard","Standard",233,"0.001","0.027",,,,,"-0.027",,2,2,0.758,0.758,29,29,29,30,2,1,6,1,6,5,"2.77","1.6","1.6","35.8",,,,,
"FF","2025-04-06","90.8","-2.14","5.95","Siri, Jose",642350,670102,,"swinging_strike",,,,,2,,"R","R","R","NYM","TOR","S",,,0,0,2025,"-0.74","1.76",-0.19668299866103456,2.9198548253188266,,,,2,4,"Bot",,,,,,,6.510977310892426,-131.94225520568816,-5.399654531967856,-10.125747214353098,32.648214482766775,-10.707028412518715,3.32,1.58,,,,"91.1",2194,"6.9",778435,623168,665489,665926,676391,666182,676914,664702,623993,"53.59",,,,,,,,33,1,"4-Seam Fastball",2,0,2,0,0,2,2,0,"Standard","Standard",214,"-0.001","-0.043","74.6","7.9","0.463276764",,"0.043",,2,2,0.759,0.759,29,29,29,30,2,1,6,1,6,5,"1.05","0.74","0.74","40.6",19.278007823832322,-17.291396586174862,34.32669663389794,33.80993956538589,30.465643025605853
"FF","2025-04-06","92.6","-2.21","5.93","Siri, Jose",642350,670102,"strikeout","swinging_strike",,,,,2,"Jose Siri strikes out swinging.","R","R","R","NYM","TOR","S",2,,0,2,2025,"-0.59","1.56",0.2686751918049479,3.188559594445864,,,668901,2,2,"Bot",,,,,,,7.721960036786864,-134.4711649411758,-4.587706738692566,-8.933964979752748,31.753635802838634,-12.533136669526687,3.32,1.58,,,,"93.3",2273,"7",778435,623168,665489,665926,676391,666182,676914,664702,623993,"53.48",,0,"0",1,0,0,,16,3,"4-Seam Fastball",0,0,0,0,0,0,0,0,"Standard","Standard",217,"-0.014","-0.174","71.7","6.4","0.134557764",,"0.174",,0,0,0.514,0.514,29,29,29,30,1,0,6,1,6,5,"1.13","0.59","0.59","42.0",-2.526675026109482,27.69909540106799,27.435360155734667,39.738625600308445,7.980380135622463
"FS","2025-04-06","78.9","-2.21","5.9","Siri, Jose",642350,670102,,"foul",,,,,5,,"R","R","R","NYM","TOR","S",,,0,1,2025,"-1.11","0.66",0.14973931490969794,2.1440457738997774,,,668901,2,2,"Bot",,,,,,,7.297391359469429,-114.65494700463748,-2.602000485178264,-11.10618300613989,20.843523515438722,-26.080000659514845,3.32,1.58,3,"55",-36,"79.9",1023,"7",778435,623168,665489,665926,676391,666182,676914,664702,623993,"53.46",,,,,,,,16,2,"Split-Finger",0,0,0,0,0,0,0,0,"Standard","Standard",238,"-0.006","-0.055","71.8","8.3",,,"0.055","88.0",0,0,0.52,0.52,29,29,29,30,1,0,6,1,6,5,"3.01","1.11","1.11","37.7",25.109983278247427,-16.978673405597704,31.444397107635154,38.4185228220951,30.518202034358943
"FF","2025-04-06","92.2","-2.18","5.96","Siri, Jose",642350,670102,,"called_strike",,,,,4,,"R","R","R","NYM","TOR","S",,,0,0,2025,"-0.83","1.67",-0.33139792761474174,2.0919500648513547,,,668901,2,2,"Bot",,,,,,,6.563607093160146,-133.88177740937877,-7.630537746411436,-11.426758590628022,30.81950457894694,-10.663214854702279,3.25908437133049,1.54972440814836,,,,"92.7",2241,"6.8",778435,623168,665489,665926,676391,666182,676914,664702,623993,"53.67",,,,,,,,16,1,"4-Seam Fastball",0,0,0,0,0,0,0,0,"Standard","Standard",212,"-0.004","-0.042",,,,,"0.042",,0,0,0.524,0.524,29,29,29,30,1,0,6,1,6,5,"1.04","0.83","0.83","37.5",,,,,
"SL","2025-04-06","88.4","-1.38","6.12","Siri, Jose",642350,643338,"field_out","hit_into_play",,,,,5,"Jose Siri flies out to center fielder Myles Straw.","R","R","R","NYM","TOR","X",8,"fly_ball",0,0,2025,"0.3","0.29",-0.18694348702509664,2.3996930205365086,624413,607043,668901,2,6,"Bot",118.4,76.03,,,,,2.2965057498339174,-128.67535385459138,-3.6078665956782294,2.8069877900798894,26.950042804164053,-28.399514174280817,3.32,1.58,306,"83.6",33,"88.6",2187,"6.4",778435,623168,665489,665926,676391,666182,702176,664702,623993,"54.07",0.023,0.029,"0",1,0,0,3,52,1,"Slider",2,1,2,1,1,2,2,1,"Standard","Standard",164,"-0.067","-0.257","75.4","7.4",,0.049,"0.257","88.0",1,1,0.759,0.759,34,29,34,30,1,2,4,1,2,5,"2.63","-0.3","-0.3","46.4",9.464223896977884,-0.24464554544577014,34.61935331132237,34.90328785211124,29.56953719983197
"SI","2025-04-05","90.7","-2.17","5.65","Siri, Jose",642350,605135,"strikeout","called_strike",,,,,8,"Jose Siri called out on strikes.","R","R","R","NYM","TOR","S",2,,0,2,2025,"-1.81","0.86",0.1653495256391848,1.7243798516005766,,,,1,5,"Bot",,,,,,,9.702608177116048,-131.4838483651671,-5.55460126962246,-23.185640819666336,34.796606066332664,-21.079268480269487,3.31857722536102,1.66051081481091,,,,"89.6",2093,"6.4",778446,672386,665489,665926,695238,666182,702176,664702,543807,"54.11",,0,"0",1,0,0,,41,4,"Sinker",0,1,0,1,1,0,0,1,"Standard","Standard",222,"-0.015","-0.163",,,,,"0.163",,-1,-1,0.372,0.372,36,29,36,30,2,1,6,1,5,1,"1.99","1.81","1.81","37.5",,,,,
"SI","2025-04-05","91.1","-2.38","5.55","Siri, Jose",642350,605135,,"foul",,,,,13,,"R","R","R","NYM","TOR","S",,,0,2,2025,"-1.76","0.39",-1.0247657588193397,2.1443962257081037,,,,1,5,"Bot",,,,,,,7.192435910113064,-132.30860492992468,-3.3349069455553444,-22.22503245514921,34.83980014642865,-27.014332359911656,3.32,1.58,,,,"90.2",2103,"6.4",778446,672386,665489,665926,695238,666182,702176,664702,543807,"54.09",,,,,,,,41,3,"Sinker",0,1,0,1,1,0,0,1,"Standard","Standard",227,"0","0","71.9","6.4",,,"0",,-1,-1,0.372,0.372,36,29,36,30,2,1,6,1,5,1,"2.42","1.76","1.76","35.0",-9.008718118158056,8.5343530791726,40.069252474166404,22.36352050249736,11.470785931555199
"ST","2025-04-05","73.5","-2.77","5.24","Siri, Jose",642350,605135,,"foul",,,,,8,,"R","R","R","NYM","TOR","S",,,0,1,2025,"1.62","0.22",0.11279491305093603,1.831531126902357,,,,1,5,"Bot",,,,,,,3.013674171258843,-106.82187453655176,0.3136583924348093,11.321821951303969,25.29845590694246,-30.887803678695242,3.32,1.58,19,"69.8",-4,"72.1",2312,"6.2",778446,672386,665489,665926,695238,666182,702176,664702,543807,"54.31",,,,,,,,41,2,"Sweeper",0,1,0,1,1,0,0,1,"Standard","Standard",67,"-0.006","-0.052","72.8","8.2",,,"0.052","88.0",-1,-1,0.378,0.378,36,29,36,30,2,1,6,1,5,1,"4.14","-1.62","-1.62","27.2",23.8815463142603,-25.165256940919186,35.686411191043796,35.65368195503241,39.89898931844573
"SI","2025-04-05","91.5","-2.5","5.51","Siri, Jose",642350,605135,,"called_strike",,,,,8,,"R","R","R","NYM","TOR","S",,,0,0,2025,"-1.75","0.75",0.13402188271654425,2.0961516683204025,,,,1,5,"Bot",,,,,,,10.410991349505116,-132.65287926582113,-4.197799644120793,-23.017986228495797,34.3219755178308,-22.61370430588909,3.38759403452124,1.64902166388219,,,,"90.6",2078,"6.4",778446,672386,665489,665926,695238,666182,702176,664702,543807,"54.07",,,,,,,,41,1,"Sinker",0,1,0,1,1,0,0,1,"Standard","Standard",229,"-0.004","-0.039",,,,,"0.039",,-1,-1,0.382,0.382,36,29,36,30,2,1,6,1,5,1,"2.04","1.75","1.75","30.2",,,,,
"CU","2025-04-05","71","-2.19","5.99","Siri, Jose",642350,605135,"field_out","hit_into_play",,,,,7,"Jose Siri pops out to first baseman Vladimir Guerrero Jr. in foul territory.","R","R","R","NYM","TOR","X",3,"popup",1,2,2025,"1.17","-1.43",-0.6655518003752078,1.893220652788142,,608385,,2,2,"Bot",158.91,196.78,,,,,0.9964053792979696,-103.07706653527518,2.353361191286128,7.845820797854669,24.90225569143493,-42.884241718091005,3.32,1.58,74,"73.9",79,"69.7",2187,"6.4",778446,672386,665489,665926,695238,666182,702176,664702,543807,"54.07",0.008,0.007,"0",1,0,0,3,18,4,"Curveball",0,0,0,0,0,0,0,0,"Standard","Standard",36,"-0.024","-0.208","71.9","7.8",,0.008,"0.208","88.0",0,0,0.524,0.524,36,29,36,30,1,0,6,1,5,1,"6.15","-1.17","-1.17","47.6",19.09316579655881,-24.89914482586721,39.91442589464749,27.65926639206584,33.37369335734167
"ST","2025-04-05","73.7","-2.78","5.26","Siri, Jose",642350,605135,,"foul",,,,,14,,"R","R","R","NYM","TOR","S",,,1,1,2025,"1.75","0.01",1.1347092227131568,1.850354730963827,,608385,,2,2,"Bot",,,,,,,4.896070152406204,-107.08489710640376,0.6280997274367155,11.927292552036658,25.010262661061702,-32.525761422745994,3.32,1.58,9,"49.2",-13,"72.5",2289,"6.3",778446,672386,665489,665926,695238,666182,702176,664702,543807,"54.2",,,,,,,,18,3,"Sweeper",0,0,0,0,0,0,0,0,"Standard","Standard",63,"-0.009","-0.056","59.9","8.2",,,"0.056","88.0",0,0,0.533,0.533,36,29,36,30,1,0,6,1,5,1,"4.32","-1.75","-1.75","31.3",21.392349780118423,-23.519573120850197,28.44722139148571,48.474106542337196,39.055708407896525
"SI","2025-04-05","90.4","-2.42","5.71","Siri, Jose",642350,605135,,"called_strike",,,,,4,,"R","R","R","NYM","TOR","S",,,1,0,2025,"-1.59","0.69",-0.7190407487953736,2.168606599577275,,608385,,2,2,"Bot",,,,,,,7.597671105362733,-131.15001341779276,-4.196658779550023,-19.965115335705963,33.93226881067684,-23.43785844831087,3.21304577355244,1.54477780056147,,,,"89.1",2105,"6.2",778446,672386,665489,665926,695238,666182,702176,664702,543807,"54.3",,,,,,,,18,2,"Sinker",0,0,0,0,0,0,0,0,"Standard","Standard",224,"-0.003","-0.044",,,,,"0.044",,0,0,0.536,0.536,36,29,36,30,1,0,6,1,5,1,"2.16","1.59","1.59","35.3",,,,,
"CU","2025-04-05","71.6","-2.43","5.84","Siri, Jose",642350,605135,,"ball",,,,,14,,"R","R","R","NYM","TOR","B",,,0,0,2025,"1.23","-1.22",1.677640980426414,2.1000123078157227,,608385,,2,2,"Bot",,,,,,,6.043792435763818,-103.83436230268029,2.5642720282437934,7.2805562335664264,23.948253253944802,-41.63289012535382,3.32000128255404,1.55027519761783,,,,"71",2167,"6.9",778446,672386,665489,665926,695238,666182,702176,664702,543807,"53.64",,,,,,,,18,1,"Curveball",0,0,0,0,0,0,0,0,"Standard","Standard",44,"0.001","0.019",,,,,"-0.019",,0,0,0.535,0.535,36,29,36,30,1,0,6,1,5,1,"5.84","-1.23","-1.23","44.3",,,,,
"SL","2025-04-05","76.5","-2.81","4.1","Siri, Jose",642350,680704,"walk","ball",,,,,13,"Jose Siri walks.","R","R","R","NYM","TOR","B",,,3,1,2025,"1.61","0.6",-1.1203019149837363,2.3925085546512355,,,,1,9,"Bot",,,,,,,0.6641532039362541,-111.34726993254975,2.497354044321818,13.083750237177316,22.968197392303775,-28.02876647510458,3.3200021597829,1.65810696821417,,,,"77.1",2629,"7",778446,672386,665489,665926,676391,666182,702176,664702,664770,"53.45",,0.691497,"0.7",1,0,0,,75,5,"Slider",2,2,2,2,2,2,2,2,"Standard","Standard",92,"0.032","0.253",,,,,"-0.253",,0,0,0.603,0.603,28,29,28,30,1,3,5,1,4,1,"3.34","-1.61","-1.61","7.5",,,,,
"SI","2025-04-05","88.5","-2.71","4.43","Siri, Jose",642350,680704,,"ball",,,,,13,,"R","R","R","NYM","TOR","B",,,2,1,2025,"-1.37","-0.24",-1.7814049690462141,2.2428064067464746,,,,1,9,"Bot",,,,,,,5.15835617631799,-128.6924351095966,1.3737503823674901,-16.230664224150456,31.42472367427914,-35.40602653969329,3.3199979218931,1.68377332136562,,,,"88.4",2248,"6.7",778446,672386,665489,665926,676391,666182,702176,664702,664770,"53.81",,,,,,,,75,4,"Sinker",2,2,2,2,2,2,2,2,"Standard","Standard",239,"0.016","0.121",,,,,"-0.121",,0,0,0.587,0.587,28,29,28,30,1,3,5,1,4,1,"3.2","1.37","1.37","11.2",,,,,
"SL","2025-04-05","77.2","-2.75","4.15","Siri, Jose",642350,680704,,"called_strike",,,,,4,,"R","R","R","NYM","TOR","S",,,2,0,2025,"1.45","0.57",-0.32069983165666316,2.78192175231613,,,,1,9,"Bot",,,,,,,2.577299607833341,-112.36077509526407,3.1345902321092094,11.655589445164816,22.24845780643375,-28.223947715228842,3.43364953511549,1.71242043392896,,,,"78",2493,"7.1",778446,672386,665489,665926,676391,666182,702176,664702,664770,"53.44",,,,,,,,75,3,"Slider",2,2,2,2,2,2,2,2,"Standard","Standard",89,"-0.011","-0.066",,,,,"0.066",,0,0,0.598,0.598,28,29,28,30,1,3,5,1,4,1,"3.28","-1.45","-1.45","8.9",,,,,
"SL","2025-04-05","77.3","-2.55","4.12","Siri, Jose",642350,680704,,"ball",,,,,14,,"R","R","R","NYM","TOR","B",,,1,0,2025,"1.35","0.78",1.5581008677292096,1.9608666946617288,,,,1,9,"Bot",,,,,,,6.357154873717741,-112.31510201108684,1.1047558848552121,9.869137244519031,24.217289733823552,-26.197184663886038,3.3970514212915,1.61183199851119,,,,"77.4",2664,"6.9",778446,672386,665489,665926,676391,666182,702176,664702,664770,"53.59",,,,,,,,75,2,"Slider",2,2,2,2,2,2,2,2,"Standard","Standard",86,"0.011","0.071",,,,,"-0.071",,0,0,0.587,0.587,28,29,28,30,1,3,5,1,4,1,"3.11","-1.35","-1.35","5.9",,,,,
"FF","2025-04-05","89.5","-2.58","4.42","Siri, Jose",642350,680704,,"ball",,,,,12,,"R","R","R","NYM","TOR","B",,,0,0,2025,"-1.33","0.82",0.9098836602142406,2.598226614886188,,,,1,9,"Bot",,,,,,,11.572046136065298,-129.75514133577713,-0.10455710374368155,-17.578227619237573,30.197223400352758,-23.169531934074154,3.39212941717473,1.63869342302937,,,,"90.1",2197,"7.1",778446,672386,665489,665926,676391,666182,702176,664702,664770,"53.38",,,,,,,,75,1,"4-Seam Fastball",2,2,2,2,2,2,2,2,"Standard","Standard",243,"0.005","0.039",,,,,"-0.039",,0,0,0.582,0.582,28,29,28,30,1,3,5,1,4,1,"2.07","1.33","1.33","13.4",,,,,
"FF","2025-04-05","93.8","-2.76","5.15","Siri, Jose",642350,554340,"walk","ball",,,,,2,"Jose Siri walks. Brett Baty to 2nd.","R","R","R","NYM","TOR","B",,,3,0,2025,"-0.85","1.39",-0.12820379024762651,3.3332141805546653,668901,,683146,2,7,"Bot",,,,,,,8.55963517829222,-136.20756285559258,-1.939206840879757,-12.612782900020996,34.14191058599602,-14.742510648589342,3.28491969924791,1.56602662751708,,,,"92.1",2444,"5.7",778446,672386,665489,665926,695238,666182,702176,664702,543807,"54.79",,0.691497,"0.7",1,0,0,,58,4,"4-Seam Fastball",0,2,0,2,2,0,0,2,"Standard","Standard",229,"0.021","0.078",,,,,"-0.078",,-2,-2,0.254,0.254,34,29,35,30,1,2,3,1,2,1,"1.24","0.85","0.85","25.5",,,,,
"SI","2025-04-05","93.8","-2.5","5.31","Siri, Jose",642350,554340,,"ball",,,,,11,,"R","R","R","NYM","TOR","B",,,2,0,2025,"-1.65","0.44",-1.2270160990908587,2.553195203292997,668901,,683146,2,7,"Bot",,,,,,,6.8786846934504435,-136.32990297721972,-2.2228112084226708,-22.101029286204895,36.28432642325937,-26.439415009256386,3.31986181437013,1.64291178048259,,,,"92.2",2256,"5.9",778446,672386,665489,665926,695238,666182,702176,664702,543807,"54.61",,,,,,,,58,3,"Sinker",0,2,0,2,2,0,0,2,"Standard","Standard",218,"0.016","0.079",,,,,"-0.079",,-2,-2,0.238,0.238,34,29,35,30,1,2,3,1,2,1,"2.2","1.65","1.65","26.5",,,,,
"SI","2025-04-05","93.9","-2.63","5.22","Siri, Jose",642350,554340,,"ball",,,,,14,,"R","R","R","NYM","TOR","B",,,1,0,2025,"-1.76","0.15",0.0983194591790062,1.2915828414964787,668901,,683146,2,7,"Bot",,,,,,,10.847328061238773,-136.04372090208668,-4.547882947780574,-24.365448698024313,37.45466820690694,-29.308970373990142,3.30110146544973,1.53262607173869,,,,"92",2371,"6",778446,672386,665489,665926,695238,666182,702176,664702,543807,"54.51",,,,,,,,58,2,"Sinker",0,2,0,2,2,0,0,2,"Standard","Standard",224,"0.011","0.023",,,,,"-0.023",,-2,-2,0.227,0.227,34,29,35,30,1,2,3,1,2,1,"2.51","1.76","1.76","25.1",,,,,
"SI","2025-04-05","93.6","-2.63","5.17","Siri, Jose",642350,554340,,"ball",,,,,14,,"R","R","R","NYM","TOR","B",,,0,0,2025,"-1.5","0.41",0.7907854453155194,0.938583033670572,668901,,683146,2,7,"Bot",,,,,,,12.014139080953498,-135.5160804968929,-5.869597696960361,-21.399653555001446,35.884318534926095,-25.861297443498696,3.42378118988762,1.61070227727535,,,,"91.9",2405,"6",778446,672386,665489,665926,695238,666182,702176,664702,543807,"54.47",,,,,,,,58,1,"Sinker",0,2,0,2,2,0,0,2,"Standard","Standard",225,"0.005","0.009",,,,,"-0.009",,-2,-2,0.222,0.222,34,29,35,30,1,2,3,1,2,1,"2.27","1.5","1.5","24.4",,,,,
"SL","2025-04-04","81.5","-2.63","5.92","Siri, Jose",642350,592332,"field_out","hit_into_play",,,,,14,"Jose Siri flies out sharply to center fielder George Springer.","R","R","R","NYM","TOR","X",8,"fly_ball",0,1,2025,"0.42","0.44",0.8352590967444217,1.9535916720546616,,,,0,6,"Bot",126.94,33.57,,,,,6.987421252573524,-118.39620797086032,-3.0160022499844903,2.3013998365108446,27.522879765918187,-27.66058239053631,3.27,1.58,407,"102.3",30,"81",2274,"6.5",778465,672386,665489,665926,676391,666182,623993,543807,702176,"53.96",0.601,1.1996545454545455,"0",1,0,0,6,41,2,"Slider",2,0,2,0,0,2,2,0,"Standard","Standard",220,"-0.011","-0.22","77.0","8.0",,2.353,"0.22","102.3",2,2,0.843,0.843,34,29,34,30,2,1,7,3,5,1,"3.07","-0.42","-0.42","38.2",13.181538337058361,-3.6458828353924835,31.21073429201895,46.56204386856601,32.19446552460889
"FF","2025-04-04","90.3","-2.33","6.11","Siri, Jose",642350,592332,,"foul",,,,,1,,"R","R","R","NYM","TOR","S",,,0,0,2025,"-0.69","1.97",-0.4844282348527036,3.0627085730877566,,,,0,6,"Bot",,,,,,,6.0791173645317045,-131.02407018523633,-5.602478040946471,-9.532407193113007,37.81669245582078,-8.739386960297615,3.27,1.58,138,"73.7",11,"88.7",2066,"6.3",778465,672386,665489,665926,676391,666182,623993,543807,702176,"54.17",,,,,,,,41,1,"4-Seam Fastball",2,0,2,0,0,2,2,0,"Standard","Standard",216,"-0.002","-0.039","76.4","7.3",,,"0.039","88.0",2,2,0.845,0.845,34,29,34,30,2,1,7,3,5,1,"0.93","0.69","0.69","40.8",19.483814847113575,-7.250588888640029,33.30532661869121,31.038000783891395,29.25960653015862
"SL","2025-04-04","82.6","-2.61","5.94","Siri, Jose",642350,592332,"field_out","hit_into_play",,,,,14,"Jose Siri flies out to right fielder Alan Roden.","R","R","R","NYM","TOR","X",9,"fly_ball",0,1,2025,"0.54","0.48",0.887208084449625,1.8496067017429434,,,,0,3,"Bot",178.79,122.46,,,,,6.918245372942877,-120.01405111594434,-3.661711045090938,3.70205458123077,25.72849879641408,-27.046495298418304,3.27,1.58,231,"85.6",52,"82.4",2361,"6.5",778465,672386,665489,665926,676391,666182,623993,543807,702176,"54",0.015,0.018,"0",1,0,0,3,21,2,"Slider",2,0,2,0,0,2,2,0,"Standard","Standard",206,"-0.013","-0.22","69.2","8.0",,0.025,"0.22","88.0",2,2,0.762,0.762,34,29,34,30,1,0,7,3,5,1,"2.9","-0.54","-0.54","38.1",12.618311650281978,-3.200780763075294,34.38547500789279,47.23611487964196,27.92349774521697
"FF","2025-04-04","92.9","-2.33","6.1","Siri, Jose",642350,592332,,"called_strike",,,,,7,,"R","R","R","NYM","TOR","S",,,0,0,2025,"-0.88","1.68",-0.43944139760282563,1.9553855825050106,,,,0,3,"Bot",,,,,,,6.787134704457632,-134.86315652600308,-8.429086174987873,-12.344512679270665,33.52873180866664,-9.991992592132835,3.18601869874489,1.57980272218862,,,,"92.4",2260,"6.5",778465,672386,665489,665926,676391,666182,623993,543807,702176,"54.03",,,,,,,,21,1,"4-Seam Fastball",2,0,2,0,0,2,2,0,"Standard","Standard",209,"-0.002","-0.039",,,,,"0.039",,2,2,0.764,0.764,34,29,34,30,1,0,7,3,5,1,"1.01","0.88","0.88","41.5",,,,,
"FC","2025-04-04","86.5","-0.81","5.76","Siri, Jose",642350,606930,"field_out","hit_into_play",,,,,14,"Jose Siri flies out to right fielder Anthony Santander.","R","R","R","NYM","TOR","X",9,"fly_ball",1,2,2025,"0.23","0.12",1.399941267853992,1.6838745432724878,,,,2,7,"Bot",163.22,95.93,,,,,4.833271117956176,-125.81910114925877,-3.720850405984384,1.3788109105659736,27.43810925863608,-30.275018046445105,3.27,1.58,273,"77.5",33,"86.7",2184,"6.6",778465,672386,665489,665926,676391,666182,676914,543807,623993,"53.92",0.127,0.128,"0",1,0,0,3,54,4,"Cutter",5,0,5,0,0,5,5,0,"Standard","Standard",151,"-0.001","-0.182","61.9","7.8",,0.18,"0.182","88.0",5,5,0.983,0.983,35,29,35,30,1,2,6,3,4,1,"2.94","-0.23","-0.23","50.2",10.594196062334728,3.14610633475209,31.227396755008634,51.147684602724716,27.229156511760408
"FC","2025-04-04","85.5","-1.01","5.77","Siri, Jose",642350,606930,,"swinging_strike",,,,,2,,"R","R","R","NYM","TOR","S",,,1,1,2025,"0.67","0.3",-0.06704304235949754,3.0082471539733278,,,,2,7,"Bot",,,,,,,0.8922657929188056,-124.49180356701919,-0.819425034830455,6.73034057008192,25.830357050072532,-29.156863899490208,3.27,1.58,,,,"86",2243,"6.6",778465,672386,665489,665926,676391,666182,676914,543807,623993,"53.86",,,,,,,,54,3,"Cutter",5,0,5,0,0,5,5,0,"Standard","Standard",155,"0","-0.062","73.5","6.7","1.174845108",,"0.062",,5,5,0.983,0.983,35,29,35,30,1,2,6,3,4,1,"2.83","-0.67","-0.67","48.6",6.293543867571196,13.178776184685905,32.1970949239878,36.051158471250076,13.490307642263026
"FF","2025-04-04","93.6","-1.04","5.85","Siri, Jose",642350,606930,,"ball",,,,,12,,"R","R","R","NYM","TOR","B",,,0,1,2025,"0.16","1.38",0.4574880965282035,4.7628218187135545,,,,2,7,"Bot",,,,,,,3.531770223007019,-136.15611335473693,-0.04257175167782973,1.129565363843867,33.663838120698806,-15.377446385600456,3.15583905654029,1.57115467183013,,,,"93.5",2458,"6.5",778465,672386,665489,665926,676391,666182,676914,543807,623993,"53.96",,,,,,,,54,2,"4-Seam Fastball",5,0,5,0,0,5,5,0,"Standard","Standard",197,"0","0.027",,,,,"-0.027",,5,5,0.983,0.983,35,29,35,30,1,2,6,3,4,1,"1.25","-0.16","-0.16","46.0",,,,,
"FC","2025-04-04","86.6","-1.38","5.56","Siri, Jose",642350,606930,,"swinging_strike",,,,,14,,"R","R","R","NYM","TOR","S",,,0,0,2025,"0.59","0.59",1.2891324521020813,1.743846961853388,,,,2,7,"Bot",,,,,,,5.215716175368878,-126.011901102889,-4.072276873113022,5.090862858119083,28.13401136493399,-25.292268212670923,3.27,1.58,,,,"87.1",2361,"6.8",778465,672386,665489,665926,676391,666182,676914,543807,623993,"53.68",,,,,,,,54,1,"Cutter",5,0,5,0,0,5,5,0,"Standard","Standard",164,"0","-0.043","74.7","8.7","5.140445844",,"0.043",,5,5,0.983,0.983,35,29,35,30,1,2,6,3,4,1,"2.48","-0.59","-0.59","43.4",26.25982901707089,-19.471472793407916,30.7230542982255,50.5500426735246,41.68082588536262
"CH","2025-04-01","88.5","-1.66","5.97","Siri, Jose",642350,645261,"field_out","hit_into_play",,,,,13,"Jose Siri flies out to center fielder Dane Myers.","R","R","R","MIA","NYM","X",8,"fly_ball",1,1,2025,"-1.38","0.37",-0.8360781954649763,1.8283560936634191,,,,2,5,"Top",147.79,80.95,,,,,4.8517418408304325,-128.73078838992328,-4.77740376358895,-16.40110725054425,26.949961696063447,-27.237572778117247,3.39,1.62,299,"84.8",39,"87.9",1758,"6",778497,663743,670223,672640,688363,669364,669065,667472,665052,"54.55",0.015,0.023,"0",1,0,0,3,36,3,"Changeup",4,2,2,4,2,4,2,4,"Standard","Standard",241,"0.011","-0.244","74.8","7.3",,0.033,"0.244","88.0",2,-2,0.801,0.19899999999999995,29,29,30,30,2,1,5,1,11,3,"2.54","1.38","1.38","32.4",6.887188283953947,-3.4379956658985553,42.48458657352447,27.984156762615356,23.81653857671197
"SL","2025-04-01","84","-1.6","6","Siri, Jose",642350,645261,,"swinging_strike",,,,,14,,"R","R","R","MIA","NYM","S",,,1,0,2025,"0.14","0.11",0.8708193813728242,1.0891194632251007,,,,2,5,"Top",,,,,,,5.416801470341697,-122.18473325261651,-5.166267775848574,0.39174905624697526,23.839296607485725,-30.29027981954983,3.39,1.62,,,,"83.6",2239,"6",778497,663743,670223,672640,688363,669364,669065,667472,665052,"54.45",,,,,,,,36,2,"Slider",4,2,2,4,2,4,2,4,"Standard","Standard",72,"0.003","-0.054","56.9","8.6","12.397723644",,"0.054",,2,-2,0.798,0.20199999999999996,29,29,30,30,2,1,5,1,11,3,"3.12","-0.14","-0.14","32.2",36.14743096043635,-49.38890065282086,33.3204147386165,45.329211345565724,51.409266364077865
"CH","2025-04-01","87.2","-1.86","5.96","Siri, Jose",642350,645261,,"ball",,,,,11,,"R","R","R","MIA","NYM","B",,,0,0,2025,"-1.48","0.4",-1.0896105221865493,2.463044107542289,,,,2,5,"Top",,,,,,,4.872595856855223,-126.88152555394953,-3.0568641068341154,-16.946880865499068,26.391445313529836,-27.406616441709073,3.15206886899578,1.4203913484989,,,,"86.9",1850,"6.2",778497,663743,670223,672640,688363,669364,669065,667472,665052,"54.35",,,,,,,,36,1,"Changeup",4,2,2,4,2,4,2,4,"Standard","Standard",240,"-0.002","0.037",,,,,"-0.037",,2,-2,0.8,0.19999999999999996,29,29,30,30,2,1,5,1,11,3,"2.6","1.48","1.48","33.1",,,,,
"SI","2025-04-01","96.8","-1.71","5.94","Siri, Jose",642350,645261,"field_out","hit_into_play",,,,,1,"Jose Siri grounds out, second baseman Otto Lopez to first baseman Matt Mervis. Luisangel Acuña to 3rd.","R","R","R","MIA","NYM","X",4,"ground_ball",1,2,2025,"-1.54","0.51",-0.4438397066804347,3.0613978977400893,,682668,,0,3,"Top",154.3,156.49,,,,,6.845521691790606,-140.76177388408874,-3.266038229215218,-22.012222173678822,32.04342010201918,-24.88720163426111,3.39,1.62,56,"71.8",2,"96.2",2047,"6",778497,663743,670223,672640,688363,669364,669065,667472,665052,"54.49",0.143,0.135,"0",1,0,0,2,18,4,"Sinker",2,1,1,2,1,2,1,2,"Standard","Standard",232,"0.003","-0.128","65.0","6.0",,0.168,"0.128","88.0",1,-1,0.556,0.44399999999999995,29,29,30,30,1,0,5,1,11,3,"1.93","1.54","1.54","29.2",-2.59544616532967,23.541379517117708,26.77736070454357,32.751563530139414,13.544950631830098
"FC","2025-04-01","86","-1.93","5.9","Siri, Jose",642350,645261,,"foul",,,,,5,,"R","R","R","MIA","NYM","S",,,1,1,2025,"0.38","0.38",0.17276246994783828,2.452825256188792,,682668,,0,3,"Top",,,,,,,4.186084418546907,-125.29940379902945,-2.7192566114609598,3.170518574046723,25.128429363716673,-27.830540431399502,3.39,1.62,,,,"85.6",2337,"5.9",778497,663743,670223,672640,688363,669364,669065,667472,665052,"54.56",,,,,,,,18,3,"Cutter",2,1,1,2,1,2,1,2,"Standard","Standard",71,"0.012","-0.08","75.2","7.3",,,"0.08",,1,-1,0.544,0.45599999999999996,29,29,30,30,1,0,5,1,11,3,"2.69","-0.38","-0.38","30.7",6.590096944676821,3.6672659149671274,33.66830346102736,40.01085615143083,18.172414132216357
"SI","2025-04-01","95.3","-1.85","5.9","Siri, Jose",642350,645261,,"called_strike",,,,,2,,"R","R","R","MIA","NYM","S",,,1,0,2025,"-1.47","0.54",-0.08173084974839173,2.90716796667384,,682668,,0,3,"Top",,,,,,,7.865262142070063,-138.59332808511022,-3.4107898426464116,-20.751385150314228,30.29673504284404,-24.66995967411144,3.18007548616074,1.47657797088292,,,,"94.5",2165,"5.8",778497,663743,670223,672640,688363,669364,669065,667472,665052,"54.72",,,,,,,,18,2,"Sinker",2,1,1,2,1,2,1,2,"Standard","Standard",237,"0.006","-0.049",,,,,"0.049",,1,-1,0.538,0.46199999999999997,29,29,30,30,1,0,5,1,11,3,"1.97","1.47","1.47","30.5",,,,,
"SI","2025-04-01","95","-1.99","5.92","Siri, Jose",642350,645261,,"ball",,,,,11,,"R","R","R","MIA","NYM","B",,,0,0,2025,"-1.46","0.57",-1.0313248434559725,2.6339759225272035,,682668,,0,3,"Top",,,,,,,5.846119975724563,-138.2500274273495,-4.272047885630254,-20.043199284341043,31.321680447574433,-24.113813226825243,3.23542189713132,1.49775165521983,,,,"96",2090,"6.9",778497,663743,670223,672640,688363,669364,669065,667472,665052,"53.59",,,,,,,,18,1,"Sinker",2,1,1,2,1,2,1,2,"Standard","Standard",238,"-0.004","0.032",,,,,"-0.032",,1,-1,0.542,0.45799999999999996,29,29,30,30,1,0,5,1,11,3,"1.96","1.46","1.46","31.4",,,,,
"SL","2025-04-01","88.6","-0.94","5.59","Siri, Jose",642350,669199,"field_out","hit_into_play",,,,,13,"Jose Siri grounds out softly, shortstop Xavier Edwards to first baseman Matt Mervis.","R","R","R","MIA","NYM","X",6,"ground_ball",3,2,2025,"0.38","0.01",-0.8530327056446299,1.8817614701114844,,,,1,8,"Top",121.52,185.39,,,,,-0.5702456976530303,-129.02916175535142,-3.0056213958843916,4.348816134766438,27.824431095372304,-31.641527784354853,3.39,1.62,17,"51.5",-3,"88.3",2668,"6.1",778497,663743,670223,672640,688363,669364,669065,667472,665052,"54.36",0.11,0.104,"0",1,0,0,1,54,6,"Slider",4,2,2,4,2,4,2,4,"Standard","Standard",85,"0.032","-0.332","70.4","7.0",,0.114,"0.332","88.0",2,-2,0.893,0.10699999999999998,30,29,30,30,1,2,3,1,1,3,"2.9","-0.38","-0.38","38.4",-2.421350599082537,9.034852512881878,44.207034259229346,26.428581470251665,17.770430221754463
"FF","2025-04-01","95.5","-0.77","5.71","Siri, Jose",642350,669199,,"ball",,,,,12,,"R","R","R","MIA","NYM","B",,,2,2,2025,"-0.75","1.45",1.4805369282077456,2.4800573345593695,,,,1,8,"Top",,,,,,,7.582596062388278,-138.66076916881704,-6.048626831400302,-11.517095735034115,34.05217353648737,-12.29886031368313,3.24961772971042,1.49437704785144,,,,"94.8",2860,"6.2",778497,663743,670223,672640,688363,669364,669065,667472,665052,"54.3",,,,,,,,54,5,"4-Seam Fastball",4,2,2,4,2,4,2,4,"Standard","Standard",210,"-0.011","0.104",,,,,"-0.104",,2,-2,0.904,0.09599999999999997,30,29,30,30,1,2,3,1,1,3,"1.08","0.75","0.75","41.7",,,,,
"ST","2025-04-01","86.4","-1.23","5.33","Siri, Jose",642350,669199,,"swinging_strike",,,,,14,,"R","R","R","MIA","NYM","S",,,2,1,2025,"0.89","-0.65",0.4361602217368129,0.6847054659475886,,,,1,8,"Top",,,,,,,2.149949156396857,-125.80614396374439,-3.442957646675713,8.94126179183715,28.099652197403035,-38.53380724198424,3.39,1.62,,,,"85.7",2840,"6.1",778497,663743,670223,672640,688363,669364,669065,667472,665052,"54.44",,,,,,,,54,4,"Sweeper",4,2,2,4,2,4,2,4,"Standard","Standard",59,"0.009","-0.07","75.1","8.1","4.477777188",,"0.07",,2,-2,0.895,0.10499999999999998,30,29,30,30,1,2,3,1,1,3,"3.73","-0.89","-0.89","35.8",17.272626562661557,-8.60343576132747,39.275704919801996,42.61218461763127,29.029979185900437
"ST","2025-04-01","85.1","-1.37","5.31","Siri, Jose",642350,669199,,"called_strike",,,,,5,,"R","R","R","MIA","NYM","S",,,2,0,2025,"1.23","0.09",0.08910000734193013,2.582561124780752,,,,1,8,"Top",,,,,,,0.9375342776896732,-123.95060704224056,-0.23508763845971958,12.461402407127695,26.48426498114105,-31.42470336080651,3.14186135819654,1.45216648038726,,,,"84.7",2847,"6.1",778497,663743,670223,672640,688363,669364,669065,667472,665052,"54.38",,,,,,,,54,3,"Sweeper",4,2,2,4,2,4,2,4,"Standard","Standard",54,"0.009","-0.066",,,,,"0.066",,2,-2,0.886,0.11399999999999999,30,29,30,30,1,2,3,1,1,3,"3.07","-1.23","-1.23","31.9",,,,,
"FF","2025-04-01","93.3","-0.85","5.76","Siri, Jose",642350,669199,,"ball",,,,,11,,"R","R","R","MIA","NYM","B",,,1,0,2025,"-0.6","1.51",-0.9555417644576703,4.012959467821997,,,,1,8,"Top",,,,,,,1.0366167530251789,-135.897158445126,-2.0266024069140487,-7.644314392820178,32.5717771740626,-13.315135473336015,3.19461554630107,1.50503644212098,,,,"92.8",2765,"6.1",778497,663743,670223,672640,688363,669364,669065,667472,665052,"54.36",,,,,,,,54,2,"4-Seam Fastball",4,2,2,4,2,4,2,4,"Standard","Standard",211,"-0.009","0.071",,,,,"-0.071",,2,-2,0.895,0.10499999999999998,30,29,30,30,1,2,3,1,1,3,"1.12","0.6","0.6","40.7",,,,,
"SL","2025-04-01","88.4","-1.17","5.56","Siri, Jose",642350,669199,,"ball",,,,,14,,"R","R","R","MIA","NYM","B",,,0,0,2025,"0.17","0.1",0.49000239685169333,1.2706372051731112,,,,1,8,"Top",,,,,,,3.704299491015377,-128.71651888815325,-4.584119091031099,1.0764804715240104,27.05339738124855,-30.285331689121293,3.23759097587548,1.45015549340965,,,,"88.4",2626,"6.3",778497,663743,670223,672640,688363,669364,669065,667472,665052,"54.23",,,,,,,,54,1,"Slider",4,2,2,4,2,4,2,4,"Standard","Standard",101,"-0.005","0.039",,,,,"-0.039",,2,-2,0.9,0.09999999999999998,30,29,30,30,1,2,3,1,1,3,"2.81","-0.17","-0.17","39.4",,,,,
"SL","2025-03-31","84.5","-1.25","6.29","Siri, Jose",642350,615698,"double","hit_into_play",,,,,8,"Jose Siri doubles (1) on a sharp line drive to right fielder Dane Myers. Luisangel Acuña scores.","R","R","R","MIA","NYM","X",9,"line_drive",1,0,2025,"0.31","-0.12",0.051778645749831265,2.0139534074864716,,,682668,0,5,"Top",192.53,78.44,,,,,2.4184001458023996,-123.03907162249871,-3.327325204006158,2.577343254435771,26.295320970416363,-32.882517232859065,3.39,1.62,348,"104.4",20,"84.2",2462,"6.2",778509,689414,681146,672640,688363,669364,691594,656537,667472,"54.28",0.46,0.7378214285714286,"1.25",1,1,1,6,34,2,"Slider",1,1,1,1,2,1,2,1,"Standard","Standard",117,"-0.148","0.692","75.1","7.2",,1.347,"-0.692","104.4",0,0,0.445,0.5549999999999999,30,29,30,30,2,1,,2,5,1,"3.33","-0.31","-0.31","44.1",2.6008489769467333,11.166984347757639,37.652304221241316,37.11539173512486,17.414963062612504
"SL","2025-03-31","85.8","-1.22","6.23","Siri, Jose",642350,615698,,"ball",,,,,14,,"R","R","R","MIA","NYM","B",,,0,0,2025,"0.2","0.17",0.8731563566176433,1.0608600273851367,,,682668,0,5,"Top",,,,,,,4.544403861840284,-124.76934637083194,-6.328256698677062,1.2071681691120788,24.914740591412254,-29.314720924845396,3.27269637040014,1.58447439446717,,,,"86",2356,"6.4",778509,689414,681146,672640,688363,669364,691594,656537,667472,"54.09",,,,,,,,34,1,"Slider",1,1,1,1,1,1,1,1,"Standard","Standard",125,"-0.007","0.04",,,,,"-0.04",,0,0,0.452,0.548,30,29,30,30,2,1,,2,5,1,"2.93","-0.2","-0.2","44.1",,,,,
"CU","2025-03-31","76.5","-0.89","6.49","Siri, Jose",642350,615698,"strikeout","swinging_strike_blocked",,,,,14,"Jose Siri strikes out swinging.","R","R","R","MIA","NYM","S",2,,1,2,2025,"0.49","-0.72",0.16330178546315477,0.8147864932380346,,,,0,3,"Top",,,,,,,1.3393602588457933,-111.3931821997321,-3.64487384401974,3.830539388585521,20.668720481721092,-37.66948526607244,3.39,1.62,,,,"76.3",2466,"6.2",778509,689414,681146,672640,688363,669364,691594,656537,667472,"54.34",,0,"0",1,0,0,,18,6,"Curveball",1,0,0,1,0,1,0,1,"Standard","Standard",39,"0.018","-0.189","62.0","8.5","0.394895316",,"0.189",,1,-1,0.62,0.38,30,29,30,30,1,0,,2,5,1,"4.62","-0.49","-0.49","53.4",27.500640174909698,-36.623682242918136,40.26426751386443,36.1301440537292,45.14917328770781
"CU","2025-03-31","80.8","-1.03","6.39","Siri, Jose",642350,615698,,"foul",,,,,14,,"R","R","R","MIA","NYM","S",,,1,2,2025,"0.41","-0.76",0.5839667524924494,1.3269037593197774,,,,0,3,"Top",,,,,,,2.8170488854746036,-117.65417185840982,-3.1942597830911357,3.3203710491214657,22.144280266967613,-38.858764554252446,3.39,1.62,57,"76.9",4,"81",2516,"6.3",778509,689414,681146,672640,688363,669364,691594,656537,667472,"54.15",,,,,,,,18,5,"Curveball",1,0,0,1,0,1,0,1,"Standard","Standard",31,"0","0","62.6","8.3",,,"0","88.0",1,-1,0.62,0.38,30,29,30,30,1,0,,2,5,1,"4.25","-0.41","-0.41","53.3",22.907856833393083,-20.348991743105632,31.593378007331022,41.26174262835902,39.221298632287
"FS","2025-03-31","87.2","-1.13","6.33","Siri, Jose",642350,615698,,"foul",,,,,7,,"R","R","R","MIA","NYM","S",,,1,2,2025,"-1.07","0.8",-0.4172978067027262,1.622152922072711,,,,0,3,"Top",,,,,,,3.91848268852638,-126.77616562051752,-6.761572344291068,-12.307316128950065,27.510851402182798,-22.312411450991114,3.39,1.62,295,"105.2",19,"87",1188,"6.3",778509,689414,681146,672640,688363,669364,691594,656537,667472,"54.16",,,,,,,,18,4,"Split-Finger",1,0,0,1,0,1,0,1,"Standard","Standard",237,"0","0","74.9","8.2",,,"0","105.2",1,-1,0.62,0.38,30,29,30,30,1,0,,2,5,1,"2.22","1.07","1.07","48.4",18.83066875864157,-19.47895300223733,38.72258704422944,30.408010163939277,33.98312393090476
"CU","2025-03-31","79.8","-0.93","6.48","Siri, Jose",642350,615698,,"ball",,,,,14,,"R","R","R","MIA","NYM","B",,,0,2,2025,"0.38","-0.42",1.1974364705171334,-1.3850196263909464,,,,0,3,"Top",,,,,,,3.9482188050280778,-115.82899138255314,-9.675300040169574,2.6079870075432963,22.89276310957505,-34.254485558442276,2.91868819075468,1.49467514158329,,,,"79.4",2571,"6.3",778509,689414,681146,672640,688363,669364,691594,656537,667472,"54.21",,,,,,,,18,3,"Curveball",1,0,0,1,0,1,0,1,"Standard","Standard",40,"-0.002","0.024",,,,,"-0.024",,1,-1,0.622,0.378,30,29,30,30,1,0,,2,5,1,"4.04","-0.38","-0.38","51.5",,,,,
"CU","2025-03-31","79.4","-0.87","6.47","Siri, Jose",642350,615698,,"swinging_strike",,,,,8,,"R","R","R","MIA","NYM","S",,,0,1,2025,"0.3","-0.45",-0.19821287281582944,1.5310536301901552,,,,0,3,"Top",,,,,,,0.9138398249406777,-115.73637682881709,-3.2171683240806646,2.498534400244946,21.481370454668916,-35.850280203652105,3.39,1.62,,,,"79.4",2454,"6.2",778509,689414,681146,672640,688363,669364,691594,656537,667472,"54.28",,,,,,,,18,2,"Curveball",1,0,0,1,0,1,0,1,"Standard","Standard",38,"0.006","-0.055","74.4","8.8","0.877860192",,"0.055",,1,-1,0.616,0.384,30,29,30,30,1,0,,2,5,1,"4.05","-0.3","-0.3","52.2",32.5323676111091,-39.260521737049096,36.95218223039846,33.7455527948529,44.349203361711105
"SL","2025-03-31","85.5","-1.2","6.27","Siri, Jose",642350,615698,,"called_strike",,,,,8,,"R","R","R","MIA","NYM","S",,,0,0,2025,"0.35","0.24",-0.18633753542872672,1.8001596920694607,,,,0,3,"Top",,,,,,,1.6942275869596988,-124.46235779279357,-4.764791128407159,3.3032875458995687,24.318866858098264,-28.98183833713876,3.0294165983263,1.44650789707667,,,,"85.8",2346,"6.4",778509,689414,681146,672640,688363,669364,691594,656537,667472,"54.1",,,,,,,,18,1,"Slider",1,0,0,1,0,1,0,1,"Standard","Standard",145,"0.004","-0.039",,,,,"0.039",,1,-1,0.612,0.388,30,29,30,30,1,0,,2,5,1,"2.87","-0.35","-0.35","47.5",,,,,
"ST","2025-03-31","85.8","-1.77","5.09","Siri, Jose",642350,666277,"field_out","hit_into_play",,,,,14,"Jose Siri grounds out, second baseman Otto Lopez to first baseman Jonah Bride.","R","R","R","MIA","NYM","X",4,"ground_ball",2,2,2025,"0.6","-0.33",0.5941686355801485,0.9985922385434507,,683146,,2,5,"Top",138.01,146.28,,,,,4.379623812521337,-124.89510584252258,-2.73550952849338,5.377452788530027,25.865725156211198,-35.21922126996771,3.39,1.62,107,"68.4",10,"85.6",2837,"6.2",778509,689414,681146,672640,688363,669364,691594,656537,667472,"54.29",0.34,0.307,"0",1,0,0,2,43,5,"Sweeper",1,8,8,1,8,1,8,1,"Standard","Standard",52,"0.003","-0.219","67.3","7.5",,0.365,"0.219","88.0",-7,7,0.023,0.977,26,29,26,30,1,2,2,2,4,1,"3.43","-0.6","-0.6","21.7",6.972841258443328,0.5342706016885639,41.3975723973355,43.22083633671461,23.76430130461665
"CH","2025-03-31","89.6","-1.72","5.3","Siri, Jose",642350,666277,,"foul",,,,,13,,"R","R","R","MIA","NYM","S",,,2,1,2025,"-1.01","-0.19",-0.4295261943210219,1.4065469524324161,,683146,,2,5,"Top",,,,,,,5.336455377607989,-130.3042034179815,-3.1519985662278325,-12.636087446647394,29.56969374700657,-33.87227868309808,3.39,1.62,7,"93.9",-12,"89.4",1415,"6.4",778509,689414,681146,672640,688363,669364,691594,656537,667472,"54.1",,,,,,,,43,4,"Changeup",1,8,8,1,8,1,8,1,"Standard","Standard",245,"0","-0.064","74.2","7.6",,,"0.064","93.9",-7,7,0.023,0.977,26,29,26,30,1,2,2,2,4,1,"3.05","1.01","1.01","25.8",12.071129047014976,-5.6479767974635005,39.921646102758075,32.70415726152872,27.03410699428399
"ST","2025-03-31","85.6","-1.81","5.06","Siri, Jose",642350,666277,,"swinging_strike",,,,,14,,"R","R","R","MIA","NYM","S",,,2,0,2025,"0.36","-0.05",1.040877926151211,1.3608725270723343,,683146,,2,5,"Top",,,,,,,5.980796126091402,-124.57899312467691,-2.3278601139283106,2.5435819004418083,25.862141308361696,-32.44859677464527,3.39,1.62,,,,"85.3",2810,"6.2",778509,689414,681146,672640,688363,669364,691594,656537,667472,"54.34",,,,,,,,43,3,"Sweeper",1,8,8,1,8,1,8,1,"Standard","Standard",46,"0","-0.051","67.2","8.7","17.492189244",,"0.051",,-7,7,0.023,0.977,26,29,26,30,1,2,2,2,4,1,"3.17","-0.36","-0.36","18.6",32.07641048145372,-45.64499693761465,32.75474735313852,46.35545870037421,57.013694738368926
"SI","2025-03-31","94.4","-1.76","5.08","Siri, Jose",642350,666277,,"ball",,,,,11,,"R","R","R","MIA","NYM","B",,,1,0,2025,"-1.06","1.1",-1.1640190150967817,3.2670805020467997,,683146,,2,5,"Top",,,,,,,3.9300760385157103,-137.37498559807966,-1.458885962838655,-14.30048493106476,32.357120278226034,-18.179356399158426,3.38581961171309,1.61545114296192,,,,"94.3",2137,"6.4",778509,689414,681146,672640,688363,669364,691594,656537,667472,"54.11",,,,,,,,43,2,"Sinker",1,8,8,1,8,1,8,1,"Standard","Standard",226,"0","0.028",,,,,"-0.028",,-7,7,0.023,0.977,26,29,26,30,1,2,2,2,4,1,"1.47","1.06","1.06","19.6",,,,,
"ST","2025-03-31","86.2","-1.85","5.11","Siri, Jose",642350,666277,,"ball",,,,,14,,"R","R","R","MIA","NYM","B",,,0,0,2025,"0.98","-0.28",1.5996898595339129,1.1404443586670503,,683146,,2,5,"Top",,,,,,,6.190989740440872,-125.32145833874894,-2.5644840265780378,8.867059219780236,27.818823662839357,-34.746203188684284,3.1874140422086,1.51213999583744,,,,"85.6",2870,"6.2",778509,689414,681146,672640,688363,669364,691594,656537,667472,"54.34",,,,,,,,43,1,"Sweeper",1,8,8,1,8,1,8,1,"Standard","Standard",44,"0","0.019",,,,,"-0.019",,-7,7,0.023,0.977,26,29,26,30,1,2,2,2,4,1,"3.38","-0.98","-0.98","23.4",,,,,
"SL","2025-03-31","81.3","-0.78","5.98","Siri, Jose",642350,678215,"field_out","hit_into_play",,,,,8,"Jose Siri flies out to left fielder Griffin Conine.","R","R","R","MIA","NYM","X",7,"fly_ball",1,2,2025,"0.98","0.15",0.1108919713728107,1.5837318061124313,,,,0,8,"Top",81.34,95.12,,,,,0.1236560337261739,-118.33322034239904,-3.495342104447989,9.171957074869702,23.563138497940677,-30.282574308421655,3.39,1.62,280,"94.1",49,"80.7",2246,"6",778509,689414,681146,672640,688363,691594,665052,656537,667472,"54.53",0.01,0.016,"0",1,0,0,3,64,4,"Slider",2,10,10,2,10,2,10,2,"Standard","Standard",59,"0","-0.189","74.2","8.5",,0.027,"0.189","94.1",-8,8,0.002,0.998,24,29,25,30,1,3,,2,4,1,"3.31","-0.98","-0.98","37.6",25.809329798283915,-16.6587326322232,40.664700241011055,36.60686833606365,39.369308526872445
"FF","2025-03-31","95.7","-0.74","6.17","Siri, Jose",642350,678215,,"ball",,,,,14,,"R","R","R","MIA","NYM","B",,,0,2,2025,"-0.75","1.52",2.1230124671399517,2.207712435681154,,,,0,8,"Top",,,,,,,9.143066988926932,-138.78288602246968,-8.13803785191363,-11.79316675876267,33.044986195406025,-10.770968751948141,3.10493461937944,1.55531163969641,,,,"94.5",2354,"5.9",778509,689414,681146,672640,688363,691594,665052,656537,667472,"54.57",,,,,,,,64,3,"4-Seam Fastball",2,10,10,2,10,2,10,2,"Standard","Standard",215,"0","0.024",,,,,"-0.024",,-8,8,0.002,0.998,24,29,25,30,1,3,,2,4,1,"0.99","0.75","0.75","34.2",,,,,
"SI","2025-03-31","94.8","-0.82","6.05","Siri, Jose",642350,678215,,"swinging_strike",,,,,6,,"R","R","R","MIA","NYM","S",,,0,1,2025,"-1.15","1.07",0.3936893370743886,2.65291944974567,,,,0,8,"Top",,,,,,,5.693544684558366,-137.88186607469927,-5.540019333904036,-15.952948418165745,31.822665934130402,-17.432459660264634,3.39,1.62,,,,"94",2344,"5.9",778509,689414,681146,672640,688363,691594,665052,656537,667472,"54.57",,,,,,,,64,2,"Sinker",2,10,10,2,10,2,10,2,"Standard","Standard",221,"0","-0.055","73.7","7.2","0.321806436",,"0.055","88.0",-8,8,0.002,0.998,24,29,25,30,1,3,,2,4,1,"1.47","1.15","1.15","33.5",4.079615831280506,15.040682921302903,32.62232785998538,41.10052537976955,11.535647056576227
"SL","2025-03-31","82.8","-0.95","5.99","Siri, Jose",642350,678215,,"called_strike",,,,,2,,"R","R","R","MIA","NYM","S",,,0,0,2025,"0.4","0.05",0.27252142964857656,2.784847736445411,,,,0,8,"Top",,,,,,,2.014066170657941,-120.59546419540989,-0.9736150332513659,3.51484493544328,22.813269803534652,-31.666999919107138,3.19027701828193,1.60902698093947,,,,"82.5",2162,"6",778509,689414,681146,672640,688363,691594,665052,656537,667472,"54.54",,,,,,,,64,1,"Slider",2,10,10,2,10,2,10,2,"Standard","Standard",137,"0","-0.039",,,,,"0.039",,-8,8,0.002,0.998,24,29,25,30,1,3,,2,4,1,"3.26","-0.4","-0.4","35.5",,,,,
"FC","2025-03-29","88.4","-1.87","4.9","Siri, Jose",642350,681293,"walk","ball",,,,,11,"Jose Siri walks.","R","R","R","HOU","NYM","B",,,3,1,2025,"0.01","0.89",-0.8374933569210964,2.517909834036731,,,,0,6,"Top",,,,,,,2.5290240802128987,-128.6832867892496,-1.5586472454844664,-0.41422758116797653,28.702722001525615,-22.208114584539143,3.05013067142179,1.51558643082369,,,,"89.2",2489,"6.9",778530,605170,572233,643289,670623,665161,514888,676801,701305,"53.58",,0.691497,"0.7",1,0,0,,35,5,"Cutter",1,0,0,1,0,1,0,1,"Standard","Standard",201,"-0.036","0.262",,,,,"-0.262",,1,-1,0.636,0.364,25,29,25,30,2,1,,,7,2,"2.04","-0.01","-0.01","18.3",,,,,
"FC","2025-03-29","88.4","-1.82","4.81","Siri, Jose",642350,681293,,"ball",,,,,14,,"R","R","R","HOU","NYM","B",,,2,1,2025,"0.05","0.74",1.3543076942489114,1.8658940196192229,,,,0,6,"Top",,,,,,,7.732841510242199,-128.52264195107347,-2.6431547714183963,-1.078550002779721,27.731283032375227,-23.597803406745676,3.08603726058812,1.57975537117092,,,,"89.4",2371,"7.1",778530,605170,572233,643289,670623,665161,514888,676801,701305,"53.43",,,,,,,,35,4,"Cutter",1,0,0,1,0,1,0,1,"Standard","Standard",210,"-0.018","0.134",,,,,"-0.134",,1,-1,0.654,0.346,25,29,25,30,2,1,,,7,2,"2.19","-0.05","-0.05","15.9",,,,,
"FC","2025-03-29","88.4","-1.79","4.88","Siri, Jose",642350,681293,,"called_strike",,,,,5,,"R","R","R","HOU","NYM","S",,,2,0,2025,"-0.17","0.71",-0.009788316843954814,2.275774561291562,,,,0,6,"Top",,,,,,,4.775087185776287,-128.60405191848076,-1.706136508539821,-2.938293712190396,29.221496941462267,-24.21626514441257,3.07159782969881,1.56511190785722,,,,"89.4",2443,"7.1",778530,605170,572233,643289,670623,665161,514888,676801,701305,"53.36",,,,,,,,35,3,"Cutter",1,0,0,1,0,1,0,1,"Standard","Standard",206,"0.012","-0.072",,,,,"0.072",,1,-1,0.642,0.358,25,29,25,30,2,1,,,7,2,"2.23","0.17","0.17","19.3",,,,,
"ST","2025-03-29","80.4","-2.05","4.89","Siri, Jose",642350,681293,,"ball",,,,,12,,"R","R","R","HOU","NYM","B",,,1,0,2025,"0.92","0.36",1.3412279636314177,2.9666378475585415,,,,0,6,"Top",,,,,,,5.824003595262535,-116.91869370372322,1.842405914809064,7.203238167922631,24.1635649190189,-29.48771184403,3.12848191665021,1.50897354052374,,,,"80.9",2726,"6.9",778530,605170,572233,643289,670623,665161,514888,676801,701305,"53.63",,,,,,,,35,2,"Sweeper",1,0,0,1,0,1,0,1,"Standard","Standard",78,"-0.012","0.077",,,,,"-0.077",,1,-1,0.654,0.346,25,29,25,30,2,1,,,7,2,"3.19","-0.92","-0.92","17.7",,,,,
"FC","2025-03-29","86.5","-1.93","4.92","Siri, Jose",642350,681293,,"ball",,,,,11,,"R","R","R","HOU","NYM","B",,,0,0,2025,"0.11","0.88",-1.3418381059960414,3.1295007005323865,,,,0,6,"Top",,,,,,,1.1916205452580284,-125.98309370613264,0.21751157317505398,0.8936732731514259,28.259691837506853,-23.198828360825217,3.15274484312565,1.56144627025373,,,,"87.2",2375,"6.9",778530,605170,572233,643289,670623,665161,514888,676801,701305,"53.59",,,,,,,,35,1,"Cutter",1,0,0,1,0,1,0,1,"Standard","Standard",189,"-0.006","0.041",,,,,"-0.041",,1,-1,0.66,0.33999999999999997,25,29,25,30,2,1,,,7,2,"2.19","-0.11","-0.11","18.0",,,,,
"ST","2025-03-29","81.7","-2","4.91","Siri, Jose",642350,681293,"strikeout","swinging_strike",,,,,14,"Jose Siri strikes out swinging.","R","R","R","HOU","NYM","S",2,,0,2,2025,"1.18","0.35",2.004009253474564,1.55449003601831,,,,0,3,"Top",,,,,,,6.8108967718631215,-118.7465588004234,-1.5283513968894336,9.505002016105937,26.60720789330335,-28.85432655221178,3.49,1.64,,,,"82.1",2850,"7",778530,605170,572233,643289,670623,665161,514888,676801,701305,"53.51",,0,"0",1,0,0,,15,3,"Sweeper",0,0,0,0,0,0,0,0,"Standard","Strategic",74,"0.015","-0.165","53.9","8.2","4.456541808",,"0.165",,0,0,0.51,0.49,25,29,25,30,1,0,,,7,2,"3.13","-1.18","-1.18","16.5",21.262993620823586,-23.832046582227004,28.478086391201433,56.79138609749387,35.54058023436641
"ST","2025-03-29","80.2","-1.92","4.86","Siri, Jose",642350,681293,,"swinging_strike",,,,,14,,"R","R","R","HOU","NYM","S",,,0,1,2025,"1.51","0.28",1.0836692938630301,1.9099957529867142,,,,0,3,"Top",,,,,,,3.826668451557254,-116.5993390984787,-0.23533293931004018,12.759073812222963,25.58480970950411,-29.834306948097954,3.49,1.64,,,,"80.5",2846,"6.9",778530,605170,572233,643289,670623,665161,514888,676801,701305,"53.57",,,,,,,,15,2,"Sweeper",0,0,0,0,0,0,0,0,"Standard","Strategic",80,"0.006","-0.055","66.7","8.4","0.577307052",,"0.055",,0,0,0.504,0.496,25,29,25,30,1,0,,,7,2,"3.32","-1.51","-1.51","16.1",23.086155695999636,-19.734602985149007,30.714876205286355,46.89314985320743,31.96547160545546
"FC","2025-03-29","87.7","-1.77","5","Siri, Jose",642350,681293,,"called_strike",,,,,3,,"R","R","R","HOU","NYM","S",,,0,0,2025,"0.37","0.87",0.3456352675658343,2.8612780510885605,,,,0,3,"Top",,,,,,,4.408765162826266,-127.6403074967574,-0.8581002038774347,3.1446511257051446,26.54738670834532,-22.66981711922957,3.04387541891354,1.46385450825513,,,,"89.1",2537,"7.2",778530,605170,572233,643289,670623,665161,514888,676801,701305,"53.31",,,,,,,,15,1,"Cutter",0,0,0,0,0,0,0,0,"Standard","Strategic",179,"0.004","-0.039",,,,,"0.039",,0,0,0.5,0.5,25,29,25,30,1,0,,,7,2,"2.09","-0.37","-0.37","19.9",,,,,
"FF","2025-03-29","98.6","-2.27","5.57","Siri, Jose",642350,650556,"strikeout","foul_tip",,,,,12,"Jose Siri strikes out on a foul tip.","R","R","R","HOU","NYM","S",2,,2,2,2025,"-0.72","1.48",0.8883819247712611,3.02851325685156,,682668,,1,8,"Top",,,,,,,10.336684114154085,-143.05289060659143,-4.881705070198572,-12.441102432387188,36.391853062070496,-10.873854836268336,3.49,1.64,,,,"98.8",2493,"6.8",778530,605170,572233,643289,670623,665161,514888,676694,676801,"53.68",,0,"0",1,0,0,,52,5,"4-Seam Fastball",2,1,1,2,1,2,1,2,"Standard","Standard",209,"0.074","-0.227","69.0","7.3",,,"0.227",,1,-1,0.709,0.29100000000000004,28,29,28,30,1,2,2,,5,2,"0.89","0.72","0.72","43.1",10.659903215345343,16.192340241712337,26.544143680150633,47.06416246415864,13.272160854948137
"FF","2025-03-29","98.3","-2.3","5.51","Siri, Jose",642350,650556,,"foul",,,,,8,,"R","R","R","HOU","NYM","S",,,2,1,2025,"-0.7","1.51",-0.0703608885718332,2.129611243538474,,682668,,1,8,"Top",,,,,,,7.751071641526345,-142.67408551155307,-7.189865308069166,-11.465166603241206,36.54535518705734,-10.058784508353163,3.49,1.64,226,"76.6",38,"98.7",2436,"6.9",778530,605170,572233,643289,670623,665161,514888,676694,676801,"53.56",,,,,,,,52,4,"4-Seam Fastball",2,1,1,2,1,2,1,2,"Standard","Standard",215,"0.018","-0.065","75.9","7.7",,,"0.065","88.0",1,-1,0.691,0.30900000000000005,28,29,28,30,1,2,2,,5,2,"0.88","0.7","0.7","40.3",8.395732779001419,-0.20681332660151833,39.4404707887687,35.5568882673474,24.35077476804984
"SL","2025-03-29","90","-2.85","5.59","Siri, Jose",642350,650556,,"called_strike",,,,,5,,"R","R","R","HOU","NYM","S",,,2,0,2025,"0.26","0.19",0.05592728988102953,2.147583190435707,,682668,,1,8,"Top",,,,,,,6.72285478322279,-130.95470814955783,-2.9381653575475153,1.4236036337067175,29.257769460753376,-29.60974943585912,3.09242816472513,1.53440710794739,,,,"90.5",2665,"6.7",778530,605170,572233,643289,670623,665161,514888,676694,676801,"53.77",,,,,,,,52,3,"Slider",2,1,1,2,1,2,1,2,"Standard","Standard",76,"0.009","-0.058",,,,,"0.058",,1,-1,0.682,0.31799999999999995,28,29,28,30,1,2,2,,5,2,"2.64","-0.26","-0.26","36.0",,,,,
"SL","2025-03-29","87.3","-2.68","5.87","Siri, Jose",642350,650556,,"ball",,,,,13,,"R","R","R","HOU","NYM","B",,,1,0,2025,"0.63","-0.24",-0.05253123318904013,1.131134374723597,,682668,,1,8,"Top",,,,,,,5.02256953271297,-126.8990767608168,-4.663763181219702,5.635072255728681,29.134639581532923,-33.87665664907058,3.16082779807087,1.60283187592295,,,,"86.8",2812,"6.3",778530,605170,572233,643289,670623,665161,514888,676694,676801,"54.17",,,,,,,,52,2,"Slider",2,1,1,2,1,2,1,2,"Standard","Standard",58,"-0.009","0.046",,,,,"-0.046",,1,-1,0.691,0.30900000000000005,28,29,28,30,1,2,2,,5,2,"3.26","-0.63","-0.63","42.0",,,,,
"SL","2025-03-29","89.4","-2.6","5.59","Siri, Jose",642350,650556,,"ball",,,,,14,,"R","R","R","HOU","NYM","B",,,0,0,2025,"0.41","0.05",1.2735207851076917,1.5086448063448117,,682668,,1,8,"Top",,,,,,,8.74666998247555,-129.84157516408953,-4.110747276040404,2.670939338430954,28.396346294332528,-30.94792818512644,3.11856484184169,1.56025709989812,,,,"89.8",2724,"6.7",778530,605170,572233,643289,670623,665161,514888,676694,676801,"53.79",,,,,,,,52,1,"Slider",2,1,1,2,1,2,1,2,"Standard","Standard",68,"-0.005","0.028",,,,,"-0.028",,1,-1,0.696,0.30400000000000005,28,29,28,30,1,2,2,,5,2,"2.83","-0.41","-0.41","37.2",,,,,
"FC","2024-09-28","86.2","-1.26","6.06","Siri, Jose",642350,676710,"double_play","hit_into_play",,,,,14,"Jose Siri lines into a double play, center fielder Jarren Duran to first baseman Triston Casas. Josh Lowe out at 1st.","R","R","R","BOS","TB","X",8,"line_drive",2,1,2024,"0.43","0.73",1.1696446158807425,2.5651839741371125,,,666139,0,4,"Top",137.31,90.75,,,,,4.867673793659539,-125.63603595275448,-3.6356333989016636,3.729483036537326,21.836909092798617,-23.939596146724305,3.51,1.64,322,"101.4",21,"86.2",2537,"5.9",746902,643376,671213,687093,663853,596115,641933,680776,677800,"54.62",0.398,0.633625,"0",1,0,0,5,27,4,"Cutter",1,2,2,1,2,1,2,1,"Standard","Standard",178,"0.081","-0.282","71.0","7.9",,1.153,"0.282","101.4",-1,1,0.336,0.6639999999999999,28,28,28,29,2,1,6,2,,,"2.3","-0.43","-0.43","47.9",11.728529015684801,9.418118843730337,27.188520826127238,49.042220810838984,21.321778727451168
"FC","2024-09-28","87.4","-1.13","6.01","Siri, Jose",642350,676710,,"ball",,,,,14,,"R","R","R","BOS","TB","B",,,1,1,2024,"0.27","1.17",1.0730671154377722,1.028805183589196,,,666139,0,4,"Top",,,,,,,4.711629758010933,-126.98477312768895,-8.187758956871052,1.9488508557401336,25.69968329518155,-18.015708996681838,3.41314668605135,1.64704958746259,,,,"86.8",2535,"6",746902,643376,671213,687093,663853,596115,641933,680776,677800,"54.54",,,,,,,,27,3,"Cutter",1,2,2,1,2,1,2,1,"Standard","Standard",190,"-0.007","0.043",,,,,"-0.043",,-1,1,0.343,0.657,28,28,28,29,2,1,6,2,,,"1.82","-0.27","-0.27","47.4",,,,,
"FC","2024-09-28","86.5","-1.28","5.98","Siri, Jose",642350,676710,,"swinging_strike",,,,,6,,"R","R","R","BOS","TB","S",,,1,0,2024,"0.3","1.16",0.4309921895589045,2.838678816283947,,,666139,0,4,"Top",,,,,,,3.4429309872301848,-125.92965132168693,-3.6114481503457667,2.4829078372257185,26.095029774182898,-19.327850072155318,3.51,1.64,,,,"85.9",2534,"6",746902,643376,671213,687093,663853,596115,641933,680776,677800,"54.55",,,,,,,,27,2,"Cutter",1,2,2,1,2,1,2,1,"Standard","Standard",177,"0.007","-0.049","75.9","7.8","0.432287184",,"0.049",,-1,1,0.336,0.6639999999999999,28,28,28,29,2,1,6,2,,,"1.89","-0.3","-0.3","47.2",13.846820602344682,7.657000297565011,31.46695166597874,40.15903674339052,20.652503145829417
"FC","2024-09-28","86.1","-1.25","5.98","Siri, Jose",642350,676710,,"ball",,,,,14,,"R","R","R","BOS","TB","B",,,0,0,2024,"0.18","1.18",1.3984586451270389,1.093529411760104,,,666139,0,4,"Top",,,,,,,5.899197856700475,-125.10818352153962,-7.698388547849589,0.6878997699522876,25.057428114005052,-18.360538376635194,3.41193478647266,1.65228319812579,,,,"85.6",2526,"6",746902,643376,671213,687093,663853,596115,641933,680776,677800,"54.47",,,,,,,,27,1,"Cutter",1,2,2,1,2,1,2,1,"Standard","Standard",187,"-0.005","0.041",,,,,"-0.041",,-1,1,0.341,0.659,28,28,28,29,2,1,6,2,,,"1.9","-0.18","-0.18","47.1",,,,,
"KC","2024-09-28","79","-1.08","6.07","Siri, Jose",642350,676710,"strikeout","swinging_strike_blocked",,,,,14,"Jose Siri strikes out swinging.","R","R","R","BOS","TB","S",2,,1,2,2024,"0.25","-1.27",0.5474784803500675,0.47754947293455174,,,,0,2,"Top",,,,,,,3.064693895572131,-114.93493298055752,-2.9344865787156493,1.5984491194318153,23.810684263019883,-42.93750049893262,3.51,1.64,,,,"78.5",2058,"6.2",746902,643376,671213,687093,663853,596115,641933,680776,677800,"54.3",,0,"0",1,0,0,,11,4,"Knuckle Curve",1,0,0,1,0,1,0,1,"Standard","Standard",25,"0.017","-0.186","50.6","8.5","2.595350424",,"0.186",,1,-1,0.61,0.39,28,28,28,29,1,0,6,2,,,"4.96","-0.25","-0.25","52.5",14.21074056399882,-11.117821710811723,40.20463431871667,40.523186209321665,31.005845510439904
"FC","2024-09-28","87.2","-1.31","6.11","Siri, Jose",642350,676710,,"foul",,,,,3,,"R","R","R","BOS","TB","S",,,1,1,2024,"0.41","1.22",0.6688648155193208,3.4689153470142307,,,,0,2,"Top",,,,,,,3.89675381671086,-127.04453836154772,-2.70915513098765,3.6069013969990578,25.930254634377395,-18.608333378818646,3.51,1.64,222,"84.2",59,"86.8",2509,"6",746902,643376,671213,687093,663853,596115,641933,680776,677800,"54.52",,,,,,,,11,3,"Cutter",1,0,0,1,0,1,0,1,"Standard","Standard",187,"0.006","-0.056","75.8","8.2",,,"0.056","88.0",1,-1,0.604,0.396,28,28,28,29,1,0,6,2,,,"1.77","-0.41","-0.41","48.5",25.78504646376681,-15.059393164982886,25.698292628793546,41.16978043534817,40.27233838972019
"ST","2024-09-28","78.8","-1.23","6.11","Siri, Jose",642350,676710,,"ball",,,,,11,,"R","R","R","BOS","TB","B",,,0,1,2024,"1","0.3",-0.9192713520497896,3.9358118431066984,,,,0,2,"Top",,,,,,,-1.1668290803950898,-114.72417961764306,1.5693672853400544,8.9756856884212,23.45180552205614,-30.110836775527762,3.41035924596225,1.6399994935249,,,,"77.9",2201,"5.8",746902,643376,671213,687093,663853,596115,641933,680776,677800,"54.65",,,,,,,,11,2,"Sweeper",1,0,0,1,0,1,0,1,"Standard","Standard",71,"-0.003","0.025",,,,,"-0.025",,1,-1,0.607,0.393,28,28,28,29,1,0,6,2,,,"3.4","-1","-1","48.6",,,,,
"ST","2024-09-28","79.2","-1.24","6.06","Siri, Jose",642350,676710,,"called_strike",,,,,2,,"R","R","R","BOS","TB","S",,,0,0,2024,"1.43","-0.12",0.12076225270639962,3.296480031628808,,,,0,2,"Top",,,,,,,0.29669260112545603,-115.25409349151093,1.030081024674789,12.550298031497194,23.947347994454407,-33.678975267496924,3.4021324812201,1.6718586597368,,,,"78.2",2174,"5.8",746902,643376,671213,687093,663853,596115,641933,680776,677800,"54.67",,,,,,,,11,1,"Sweeper",1,0,0,1,0,1,0,1,"Standard","Standard",71,"0.004","-0.037",,,,,"0.037",,1,-1,0.603,0.397,28,28,28,29,1,0,6,2,,,"3.79","-1.43","-1.43","48.6",,,,,
"SI","2024-09-28","97.3","-2.18","6.29","Siri, Jose",642350,472610,"field_out","hit_into_play",,,,,11,"Jose Siri grounds out softly to first baseman Triston Casas.","R","R","R","BOS","TB","X",3,"ground_ball",1,0,2024,"-1.42","0.75",-1.3963616955259202,2.692686320613946,691406,,666624,2,7,"Top",135.35,194.49,,,,,5.404212455591482,-141.49673113710062,-5.826634586552711,-20.29767259807451,35.4913376693686,-20.86743870581678,3.51,1.64,33,"26.8",18,"97.5",2220,"6.7",746902,643376,671213,687093,663853,596115,641933,680776,677800,"53.84",0.332,0.318,"0",1,0,0,1,57,2,"Sinker",2,7,7,2,7,2,7,2,"Standard","Standard",212,"0.007","-0.317","67.2","6.5",,0.339,"0.317","88.0",-5,5,0.032,0.968,37,28,37,29,1,3,1,2,,,"1.68","1.42","1.42","48.0",-5.070617721575754,13.82630748100138,42.1747782122617,19.454381861029912,19.932815492564206
"SI","2024-09-28","97.8","-2.36","6.32","Siri, Jose",642350,472610,,"ball",,,,,11,,"R","R","R","BOS","TB","B",,,0,0,2024,"-1.47","0.93",-1.6594424432295065,3.3235818465940916,691406,,666624,2,7,"Top",,,,,,,5.323316687281382,-142.24360868776245,-4.696072527801858,-21.217889634697016,35.26889120050892,-18.736866959038117,3.49875512449928,1.66899799287308,,,,"98",2178,"6.6",746902,643376,671213,687093,663853,596115,641933,680776,677800,"53.87",,,,,,,,57,1,"Sinker",2,7,7,2,7,2,7,2,"Standard","Standard",209,"0","0.03",,,,,"-0.03",,-5,5,0.032,0.968,37,28,37,29,1,3,1,2,,,"1.48","1.47","1.47","47.7",,,,,
"FC","2024-09-28","93.2","-2.05","5.22","Siri, Jose",642350,669711,"strikeout","swinging_strike",,,,,12,"Jose Siri strikes out swinging.","R","R","R","BOS","TB","S",2,,0,2,2024,"-0.4","1.03",0.6013287128167055,3.7387536229912843,,,666139,2,5,"Top",,,,,,,7.632149300904402,-135.71626434676858,-0.35814059239724483,-6.515750215428688,26.557906221378698,-19.47817871991146,3.51,1.64,,,,"93",2349,"5.9",746902,643376,671213,687093,663853,596115,641933,680776,677800,"54.59",,0,"0",1,0,0,,40,4,"Cutter",1,6,6,1,6,1,6,1,"Standard","Standard",217,"0.003","-0.17","63.3","6.2","0.315583608",,"0.17",,-5,5,0.072,0.928,29,28,29,29,1,2,3,2,,,"1.57","0.4","0.4","22.9",-0.933337637869232,31.44266777059711,23.4168044920388,42.59510755492361,7.53935265499744
"FF","2024-09-28","92.1","-2.38","4.84","Siri, Jose",642350,669711,,"foul",,,,,11,,"R","R","R","BOS","TB","S",,,0,2,2024,"-0.78","0.91",-1.1233064930847898,3.0356795611963605,,,666139,2,5,"Top",,,,,,,4.854512809108922,-134.10637316013214,-0.7320981799440434,-10.502587980120216,28.59418029620833,-21.25410046846215,3.51,1.64,116,"73.1",10,"91.5",2404,"5.8",746902,643376,671213,687093,663853,596115,641933,680776,677800,"54.67",,,,,,,,40,3,"4-Seam Fastball",1,6,6,1,6,1,6,1,"Standard","Standard",231,"0","0","61.9","6.1",,,"0","88.0",-5,5,0.072,0.928,29,28,29,29,1,2,3,2,,,"1.77","0.78","0.78","14.1",2.3891827838112962,14.598988617354781,36.554622684562055,22.157370639648377,17.151883149023732
"SI","2024-09-28","93.1","-2.37","5.05","Siri, Jose",642350,669711,,"swinging_strike",,,,,13,,"R","R","R","BOS","TB","S",,,0,1,2024,"-1.43","0.5",-1.2989856191548173,1.8934168933518454,,,666139,2,5,"Top",,,,,,,5.8126358942430345,-135.44789444194922,-3.3876847567891906,-18.91661919427083,30.338576724394134,-25.501032711529124,3.51,1.64,,,,"92",1916,"5.7",746902,643376,671213,687093,663853,596115,641933,680776,677800,"54.78",,,,,,,,40,2,"Sinker",1,6,6,1,6,1,6,1,"Standard","Standard",242,"0.001","-0.054","68.0","7.8","1.206485796",,"0.054",,-5,5,0.071,0.929,29,28,29,29,1,2,3,2,,,"2.14","1.43","1.43","15.0",20.19841813113216,-15.091943171793492,43.306000772125714,18.342788297140228,27.027551393871384
"ST","2024-09-28","80","-2.59","4.63","Siri, Jose",642350,669711,,"called_strike",,,,,1,,"R","R","R","BOS","TB","S",,,0,0,2024,"1.48","0.47",-0.7105676212203089,3.1337298213080946,,,666139,2,5,"Top",,,,,,,1.3423684724471059,-116.43476050264717,2.568923422617686,13.005867398643199,25.102405405091286,-28.756567434778052,3.42263126513189,1.70265321656937,,,,"78.4",2760,"5.5",746902,643376,671213,687093,663853,596115,641933,680776,677800,"55",,,,,,,,40,1,"Sweeper",1,6,6,1,6,1,6,1,"Standard","Standard",79,"0.001","-0.047",,,,,"0.047",,-5,5,0.07,0.9299999999999999,29,28,29,29,1,2,3,2,,,"3.13","-1.48","-1.48","9.9",,,,,
"SI","2024-09-26","93.8","-2.8","5.84","Siri, Jose",642350,681857,"field_out","hit_into_play",,,,,13,"Jose Siri flies out to left fielder Matt Vierling.","R","R","R","DET","TB","X",7,"fly_ball",2,1,2024,"-1.4","0.54",-0.9483396500995898,2.2157730053879177,,,666185,2,4,"Top",47.32,114.01,,,,,7.816865252325955,-136.53073564769667,-4.877044120782649,-19.219224781696298,25.925143143916415,-24.596917104100942,3.49,1.62,285,"81.4",37,"93.7",2071,"5.9",746415,668670,679529,690993,628451,700242,663837,678009,672761,"54.58",0.018,0.021,"0",1,0,0,3,26,4,"Sinker",0,2,2,0,2,0,2,0,"Standard","Standard",229,"0.021","-0.307","75.7","8.2",,0.031,"0.307","88.0",-2,2,0.29,0.71,24,28,25,29,2,1,5,2,9,2,"2.02","1.4","1.4","33.9",17.864163013526824,-15.523250935040984,39.840878134413074,26.032386246099488,31.694747976234552
"SI","2024-09-26","93.7","-2.78","5.83","Siri, Jose",642350,681857,,"foul",,,,,13,,"R","R","R","DET","TB","S",,,2,0,2024,"-1.35","0.4",-0.8696400010859819,1.908917528564488,,,666185,2,4,"Top",,,,,,,7.827013762654028,-136.20510095925897,-5.286142118458481,-18.540749927334147,27.18547884954779,-26.263057842625297,3.49,1.62,,,,"93.1",2000,"5.8",746415,668670,679529,690993,628451,700242,663837,678009,672761,"54.7",,,,,,,,26,3,"Sinker",0,2,2,0,2,0,2,0,"Standard","Standard",234,"0.003","-0.048","77.7","8.1",,,"0.048",,-2,2,0.287,0.7130000000000001,24,28,25,29,2,1,5,2,9,2,"2.18","1.35","1.35","41.8",15.187006282650627,-7.722094198419871,38.830591633497825,28.73166941948446,25.541522941301615
"SI","2024-09-26","93.1","-2.73","5.81","Siri, Jose",642350,681857,,"ball",,,,,14,,"R","R","R","DET","TB","B",,,1,0,2024,"-1.23","0.43",0.833468005525646,1.2560758697471126,,,666185,2,4,"Top",,,,,,,11.683138394897888,-135.00274540433293,-6.825275071884893,-17.386260464737344,25.971202969223874,-25.66734522440252,3.57674738876267,1.66259102278193,,,,"92.4",2026,"5.8",746415,668670,679529,690993,628451,700242,663837,678009,672761,"54.7",,,,,,,,26,2,"Sinker",0,2,2,0,2,0,2,0,"Standard","Standard",231,"-0.003","0.05",,,,,"-0.05",,-2,2,0.29,0.71,24,28,25,29,2,1,5,2,9,2,"2.2","1.23","1.23","38.6",,,,,
"SL","2024-09-26","82.9","-2.72","5.8","Siri, Jose",642350,681857,,"ball",,,,,14,,"R","R","R","DET","TB","B",,,0,0,2024,"0.48","-0.06",1.0695654685976386,1.0844983159850075,,,666185,2,4,"Top",,,,,,,7.674449347191341,-120.58294692237949,-4.14850118371184,3.2030201563357203,23.47831322453133,-32.18867359841777,3.64782617664642,1.64650264406804,,,,"82.4",2703,"6",746415,668670,679529,690993,628451,700242,663837,678009,672761,"54.5",,,,,,,,26,1,"Slider",0,2,2,0,2,0,2,0,"Standard","Standard",62,"-0.002","0.034",,,,,"-0.034",,-2,2,0.292,0.708,24,28,25,29,2,1,5,2,9,2,"3.38","-0.48","-0.48","41.1",,,,,
"FF","2024-09-26","96.8","-1.36","5.82","Siri, Jose",642350,663554,"strikeout","called_strike",,,,,7,"Jose Siri called out on strikes.","R","R","R","DET","TB","S",2,,0,2,2024,"-0.62","1.44",-0.4151565665324559,2.185571176898346,,666018,,2,6,"Top",,,,,,,3.9648878001031225,-140.74954640839974,-7.519588554326184,-9.084329335964506,31.068038115908283,-11.492322127600916,3.55503440968702,1.65372191684154,,,,"97.9",2312,"6.9",746415,668670,679529,690993,628451,700242,663837,678009,672761,"53.63",,0,"0",1,0,0,,44,3,"4-Seam Fastball",0,3,3,0,3,0,3,0,"Standard","Standard",208,"0.011","-0.195",,,,,"0.195",,-3,3,0.152,0.848,27,28,27,29,1,2,9,2,3,2,"0.99","0.62","0.62","45.9",,,,,
"SL","2024-09-26","88.3","-1.52","5.42","Siri, Jose",642350,663554,,"swinging_strike",,,,,14,,"R","R","R","DET","TB","S",,,0,1,2024,"0.28","0.26",1.1586729144424313,1.1231593975715266,,666018,,2,6,"Top",,,,,,,6.004456797550929,-128.53802730757738,-5.0315264460045235,1.9965661853919874,24.267094146418263,-28.489536701904484,3.49,1.62,,,,"89.7",2307,"6.9",746415,668670,679529,690993,628451,700242,663837,678009,672761,"53.58",,,,,,,,44,2,"Slider",0,3,3,0,3,0,3,0,"Standard","Standard",148,"0.005","-0.067","62.9","8.7","7.76535798",,"0.067",,-3,3,0.147,0.853,27,28,27,29,1,2,9,2,3,2,"2.64","-0.28","-0.28","38.5",23.180823818553677,-18.561674827590313,34.14264016102335,50.898007209648256,41.0675375598785
"SL","2024-09-26","86.4","-1.83","5.4","Siri, Jose",642350,663554,,"swinging_strike",,,,,14,,"R","R","R","DET","TB","S",,,0,0,2024,"0.3","-0.07",0.8419292547372488,1.2527952798207505,,666018,,2,6,"Top",,,,,,,5.826579468411984,-125.74073630930545,-3.6087372490968654,2.0726510371139324,23.719345232394467,-32.385353102302204,3.49,1.62,,,,"87.7",2274,"7",746415,668670,679529,690993,628451,700242,663837,678009,672761,"53.53",,,,,,,,44,1,"Slider",0,3,3,0,3,0,3,0,"Standard","Standard",79,"0.003","-0.04","67.6","9.1","10.562638008",,"0.04",,-3,3,0.144,0.856,27,28,27,29,1,2,9,2,3,2,"3.1","-0.3","-0.3","35.5",36.915976562238086,-38.125657212475886,35.218502339029165,46.1250501730519,55.467712689444475
"SI","2024-09-26","94","-2.77","5.89","Siri, Jose",642350,681857,"field_out","hit_into_play",,,,,8,"Jose Siri grounds out, second baseman Colt Keith to first baseman Spencer Torkelson.","R","R","R","DET","TB","X",4,"ground_ball",1,2,2024,"-1.47","0.56",0.03072517923263529,2.0789908539789557,,,,0,3,"Top",147.2,154.46,,,,,10.372570514375862,-136.41764928164704,-5.3397798883553245,-20.585942645656388,29.418894044398304,-24.1592368730694,3.49,1.62,34,"95.9",-1,"93",1971,"5.8",746415,668670,679529,690993,628451,700242,663837,678009,672761,"54.72",0.415,0.438,"0",1,0,0,2,13,4,"Sinker",0,0,0,0,0,0,0,0,"Standard","Standard",235,"0.018","-0.186","74.2","7.2",,0.461,"0.186","95.9",0,0,0.507,0.493,24,28,25,29,1,0,5,2,9,2,"2.03","1.47","1.47","34.8",-3.676216579738448,16.73642868396424,37.658621482341836,37.06200209031306,16.353793522822674
"SI","2024-09-26","93","-2.77","5.88","Siri, Jose",642350,681857,,"called_strike",,,,,8,,"R","R","R","DET","TB","S",,,1,1,2024,"-1.6","0.65",0.198356852759769,1.9047917707353135,,,,0,3,"Top",,,,,,,10.99912334758771,-134.9466049803848,-5.7719066409511095,-21.872728576791385,28.434384292185968,-23.155634742626155,3.60598210986521,1.69256081911221,,,,"92.3",2018,"6",746415,668670,679529,690993,628451,700242,663837,678009,672761,"54.53",,,,,,,,13,3,"Sinker",0,0,0,0,0,0,0,0,"Standard","Standard",231,"0.006","-0.056",,,,,"0.056",,0,0,0.501,0.499,24,28,25,29,1,0,5,2,9,2,"2","1.6","1.6","35.2",,,,,
"SI","2024-09-26","93.5","-2.71","5.88","Siri, Jose",642350,681857,,"called_strike",,,,,8,,"R","R","R","DET","TB","S",,,1,0,2024,"-1.44","0.68",-0.2715075828513529,2.2709912940396744,,,,0,3,"Top",,,,,,,9.370643610395314,-135.7735276101142,-4.989723411416956,-19.841152666181127,29.53052056238303,-22.851287795543225,3.68453305929393,1.68387858145194,,,,"92.7",2127,"5.9",746415,668670,679529,690993,628451,700242,663837,678009,672761,"54.56",,,,,,,,13,2,"Sinker",0,0,0,0,0,0,0,0,"Standard","Standard",232,"0.005","-0.049",,,,,"0.049",,0,0,0.496,0.504,24,28,25,29,1,0,5,2,9,2,"1.94","1.44","1.44","42.3",,,,,
"SI","2024-09-26","93","-2.71","5.96","Siri, Jose",642350,681857,,"ball",,,,,12,,"R","R","R","DET","TB","B",,,0,0,2024,"-1.51","0.69",0.07909506543666822,3.742208282520276,,,,0,3,"Top",,,,,,,10.38462233236703,-135.10209022572406,-1.4215235990207238,-20.79665001447176,28.766206163534076,-23.60510983357732,3.59827290582372,1.55452869654967,,,,"92.3",2078,"5.9",746415,668670,679529,690993,628451,700242,663837,678009,672761,"54.57",,,,,,,,13,1,"Sinker",0,0,0,0,0,0,0,0,"Standard","Standard",225,"-0.004","0.038",,,,,"-0.038",,0,0,0.5,0.5,24,28,25,29,1,0,5,2,9,2,"1.95","1.51","1.51","36.0",,,,,
"SI","2024-09-26","98.3","-1.59","5.66","Siri, Jose",642350,671345,"strikeout","swinging_strike",,,,,3,"Jose Siri strikes out swinging.","R","R","R","DET","TB","S",2,,2,2,2024,"-1.26","0.52",0.5888746680016796,3.2516522036449977,,,,2,9,"Top",,,,,,,8.880003938969647,-142.9859891182937,-2.285281577195351,-19.318977822094475,31.897056316875442,-24.669832605139227,3.49,1.62,,,,"98.9",1928,"6.6",746415,693307,663837,690993,656716,700242,669234,678009,672761,"53.9",,0,"0",1,0,0,,68,5,"Sinker",4,3,3,4,3,4,3,4,"Standard","Standard",232,"0.031","-0.219","74.9","8.0","0.674626296",,"0.219",,1,-1,0.969,0.031000000000000028,28,28,29,29,1,3,4,2,1,2,"1.83","1.26","1.26","29.5",13.150493537829558,3.52016867769596,24.10791846393832,43.60519931187277,22.15780428761608
"SL","2024-09-26","90.3","-1.53","5.86","Siri, Jose",642350,671345,,"ball",,,,,14,,"R","R","R","DET","TB","B",,,1,2,2024,"0.32","-0.07",1.512561621983353,2.387321169740178,,,,2,9,"Top",,,,,,,6.933088919809316,-131.40678943237413,-2.559560023167413,2.297840282749264,27.615656892590046,-32.68992960983571,3.52147379835374,1.6200003700773,,,,"91.1",2180,"6.7",746415,693307,663837,690993,656716,700242,669234,678009,672761,"53.76",,,,,,,,68,4,"Slider",4,3,3,4,3,4,3,4,"Standard","Standard",79,"-0.005","0.039",,,,,"-0.039",,1,-1,0.974,0.026000000000000023,28,28,29,29,1,3,4,2,1,2,"2.87","-0.32","-0.32","35.1",,,,,
"SI","2024-09-26","99.9","-1.73","5.58","Siri, Jose",642350,671345,,"called_strike",,,,,2,,"R","R","R","DET","TB","S",,,1,1,2024,"-1.15","0.59",0.10733741926928464,3.205171333522723,,,,2,9,"Top",,,,,,,7.8047175326886835,-145.3130370023697,-2.576347068660126,-18.06648039989108,32.05437058206685,-23.400056801628185,3.46467556445421,1.62000041564368,,,,"100.7",1937,"6.6",746415,693307,663837,690993,656716,700242,669234,678009,672761,"53.89",,,,,,,,68,3,"Sinker",4,3,3,4,3,4,3,4,"Standard","Standard",237,"0.009","-0.064",,,,,"0.064",,1,-1,0.965,0.03500000000000003,28,28,29,29,1,3,4,2,1,2,"1.69","1.15","1.15","26.8",,,,,
"SI","2024-09-26","99.2","-1.79","5.59","Siri, Jose",642350,671345,,"foul",,,,,5,,"R","R","R","DET","TB","S",,,1,0,2024,"-1.39","0.3",-0.11439564201093,2.5910880416849196,,,,2,9,"Top",,,,,,,7.910641300884687,-144.30862870571383,-3.515350412176524,-21.31505588228058,33.37215630059803,-27.403494827542428,3.49,1.62,188,"68.4",32,"100",2090,"6.7",746415,693307,663837,690993,656716,700242,669234,678009,672761,"53.79",,,,,,,,68,2,"Sinker",4,3,3,4,3,4,3,4,"Standard","Standard",237,"0.006","-0.051","73.6","7.1",,,"0.051","88.0",1,-1,0.959,0.041000000000000036,28,28,29,29,1,3,4,2,1,2,"2.02","1.39","1.39","25.9",-5.868024463161307,29.153013922363826,35.92842093174045,34.050563672591096,14.204924394117867
"SI","2024-09-26","99.4","-1.69","5.59","Siri, Jose",642350,671345,,"ball",,,,,14,,"R","R","R","DET","TB","B",,,0,0,2024,"-1.4","0.32",0.9935437241291851,1.694300819779633,,,,2,9,"Top",,,,,,,10.648100390050624,-144.23420540205214,-5.971065659258608,-22.04537051455947,36.2429683200736,-26.369861035068233,3.54841851447259,1.61999885186348,,,,"99.3",2057,"6.6",746415,693307,663837,690993,656716,700242,669234,678009,672761,"53.93",,,,,,,,68,1,"Sinker",4,3,3,4,3,4,3,4,"Standard","Standard",238,"-0.004","0.04",,,,,"-0.04",,1,-1,0.963,0.03700000000000003,28,28,29,29,1,3,4,2,1,2,"2.01","1.4","1.4","26.5",,,,,
"FF","2024-09-24","97.1","1.65","6.15","Siri, Jose",642350,669373,"strikeout","swinging_strike",,,,,3,"Jose Siri strikes out swinging.","R","R","L","DET","TB","S",2,,1,2,2024,"0.36","1.51",0.6384099955855409,3.5164941246093573,,,666163,2,5,"Top",,,,,,,-3.52839037857446,-141.3079490511092,-4.969304687027346,5.583155302233531,31.490437396972414,-10.995559439295866,3.48,1.63,,,,"97",2356,"6.2",746421,668670,679529,690993,656716,700242,682985,678009,672761,"54.33",,0,"0",1,0,0,,32,4,"4-Seam Fastball",0,0,0,0,0,0,0,0,"Standard","Standard",149,"0.022","-0.196","74.5","7.3","0.312684264",,"0.196",,0,0,0.545,0.45499999999999996,27,28,28,29,2,1,6,3,7,2,"0.9","0.36","-0.36","49.7",8.72760944868383,20.23414581625603,23.38612120441242,43.819040306108455,16.295900926178234
"FF","2024-09-24","96","1.48","6.09","Siri, Jose",642350,669373,,"swinging_strike",,,,,2,,"R","R","L","DET","TB","S",,,1,1,2024,"0.48","1.34",-0.011106309712975049,3.1973372411202337,,,666163,2,5,"Top",,,,,,,-5.021042129821875,-139.75008839708138,-5.151662603953801,7.341575383241143,28.874678908759098,-13.587349496149892,3.48,1.63,,,,"96.4",2181,"6.3",746421,668670,679529,690993,656716,700242,682985,678009,672761,"54.18",,,,,,,,32,3,"4-Seam Fastball",0,0,0,0,0,0,0,0,"Standard","Standard",151,"0.007","-0.06","72.0","6.7","1.198958316",,"0.06",,0,0,0.538,0.46199999999999997,27,28,28,29,2,1,6,3,7,2,"1.11","0.48","-0.48","48.9",-4.704635828463863,31.602470861468333,34.28226286536317,35.90300944118154,5.877691134312821
"CH","2024-09-24","87.4","1.49","6.09","Siri, Jose",642350,669373,,"blocked_ball",,,,,13,,"R","R","L","DET","TB","B",,,0,1,2024,"1.34","0.41",-0.8823398946155367,-0.9575919621329771,,,666163,2,5,"Top",,,,,,,-8.456145117913772,-126.53862704488998,-11.626494724897785,16.090838310940654,25.727072530600328,-25.533006323892415,3.47999914107627,1.6090082241013,,,,"87.3",1783,"6.5",746421,668670,679529,690993,656716,700242,682985,678009,672761,"53.98",,,,,,,,32,2,"Changeup",0,0,0,0,0,0,0,0,"Standard","Standard",132,"-0.003","0.032",,,,,"-0.032",,0,0,0.541,0.45899999999999996,27,28,28,29,2,1,6,3,7,2,"2.61","1.34","-1.34","51.4",,,,,
"CH","2024-09-24","84.2","1.74","6.06","Siri, Jose",642350,669373,,"swinging_strike",,,,,14,,"R","R","L","DET","TB","S",,,0,0,2024,"1.35","-0.06",0.014631271505187504,0.9912600275415304,,,666163,2,5,"Top",,,,,,,-6.674306564554726,-122.3063094194341,-5.218330954196578,14.912595555920825,25.130630565138976,-31.907007422347554,3.48,1.63,,,,"84",1658,"6.3",746421,668670,679529,690993,656716,700242,682985,678009,672761,"54.17",,,,,,,,32,1,"Changeup",0,0,0,0,0,0,0,0,"Standard","Standard",133,"0.005","-0.047","71.5","9.1","5.81608824",,"0.047",,0,0,0.536,0.46399999999999997,27,28,28,29,2,1,6,3,7,2,"3.3","1.35","-1.35","48.4",30.879613529349445,-24.803189566167354,40.51523241948027,34.455124157322736,42.60181501408893
"CH","2024-09-24","88.8","1.65","6","Siri, Jose",642350,669373,"field_out","hit_into_play",,,,,14,"Jose Siri grounds out, shortstop Trey Sweeney to first baseman Spencer Torkelson.","R","R","L","DET","TB","X",6,"ground_ball",1,2,2024,"1.45","0.48",0.8858808911888516,1.6518184573422035,,,,0,3,"Top",107.61,148.35,,,,,-4.905943133046654,-129.18378557100277,-5.551632005740406,17.285139910907564,28.59411444660838,-25.812335963976015,3.48,1.63,10,"86",-8,"88.5",1851,"6.3",746421,668670,679529,690993,656716,700242,682985,678009,672761,"54.25",0.169,0.155,"0",1,0,0,2,15,4,"Changeup",0,0,0,0,0,0,0,0,"Standard","Standard",135,"0.018","-0.186","75.6","8.1",,0.176,"0.186","88.0",0,0,0.507,0.493,27,28,28,29,1,0,6,3,7,2,"2.43","1.45","-1.45","47.9",10.388448934961652,11.8965075290967,34.56454378445623,45.77347748345496,21.664560659424264
"CH","2024-09-24","86","1.86","5.94","Siri, Jose",642350,669373,,"ball",,,,,14,,"R","R","L","DET","TB","B",,,0,2,2024,"1.31","0.14",2.70600457537141,1.9214016928784998,,,,0,3,"Top",,,,,,,-0.6500865879655637,-125.15215664825199,-3.507717277155084,13.783772120511545,27.10529845990194,-30.21412449868964,3.42720923842663,1.5951047685366,,,,"85.6",1647,"6.2",746421,668670,679529,690993,656716,700242,682985,678009,672761,"54.3",,,,,,,,15,3,"Changeup",0,0,0,0,0,0,0,0,"Standard","Standard",135,"-0.003","0.023",,,,,"-0.023",,0,0,0.51,0.49,27,28,28,29,1,0,6,3,7,2,"2.96","1.31","-1.31","44.8",,,,,
"SI","2024-09-24","96.4","1.48","6.12","Siri, Jose",642350,669373,,"swinging_strike",,,,,6,,"R","R","L","DET","TB","S",,,0,1,2024,"1.17","1.26",0.5648692706245781,2.7907681647223384,,,,0,3,"Top",,,,,,,-5.074746913813603,-140.14106024930442,-6.109953936993248,16.58216404574447,32.85043891035345,-14.331765371747995,3.48,1.63,,,,"96.1",2095,"6.3",746421,668670,679529,690993,656716,700242,682985,678009,672761,"54.24",,,,,,,,15,2,"Sinker",0,0,0,0,0,0,0,0,"Standard","Standard",152,"0.006","-0.054","75.4","7.4","0.872216424",,"0.054",,0,0,0.504,0.496,27,28,28,29,1,0,6,3,7,2,"1.2","1.17","-1.17","49.3",5.418042079444719,18.7780572031798,34.26953128102183,43.08329591820009,14.809825177178679
"SL","2024-09-24","87.2","1.62","6.13","Siri, Jose",642350,669373,,"swinging_strike",,,,,6,,"R","R","L","DET","TB","S",,,0,0,2024,"-0.43","0.36",0.8260972357801468,2.8918194704722073,,,,0,3,"Top",,,,,,,-1.0417899067583059,-127.0620060745498,-2.375671984649996,-4.408624921080795,25.895029637578787,-28.00426175167434,3.48,1.63,,,,"87.1",2058,"6.1",746421,668670,679529,690993,656716,700242,682985,678009,672761,"54.39",,,,,,,,15,1,"Slider",0,0,0,0,0,0,0,0,"Standard","Standard",171,"0.004","-0.037","69.9","7.6","1.47529704",,"0.037",,0,0,0.5,0.5,27,28,28,29,1,0,6,3,7,2,"2.63","-0.43","0.43","51.0",8.495673217590124,16.089691827756855,28.586325289416813,44.64903787946928,19.005566817699236
"FF","2024-09-24","96.9","-1.33","6.08","Siri, Jose",642350,689225,"strikeout","called_strike",,,,,7,"Jose Siri called out on strikes.","R","R","R","DET","TB","S",2,,0,2,2024,"-0.84","1.47",-0.32528432264414764,1.9474506574678325,,,,2,8,"Top",,,,,,,4.570424967871161,-140.8676829951064,-8.816679207650022,-12.258516587214004,30.994163662608898,-10.751544771943934,3.48000037960103,1.63379338683844,,,,"96.5",2577,"6",746421,668670,679529,690993,656716,700242,682985,678009,672761,"54.47",,0,"0",1,0,0,,54,3,"4-Seam Fastball",2,0,0,2,0,2,0,2,"Standard","Standard",209,"0.008","-0.157",,,,,"0.157",,2,-2,0.93,0.06999999999999995,26,28,26,29,1,2,3,3,2,2,"0.95","0.84","0.84","50.6",,,,,
"FF","2024-09-24","95.6","-1.33","6.03","Siri, Jose",642350,689225,,"swinging_strike",,,,,1,,"R","R","R","DET","TB","S",,,0,1,2024,"-0.52","1.6",-0.6847611981901378,3.129430495850941,,,,2,8,"Top",,,,,,,2.86335395814635,-139.16628916821603,-5.626806613618805,-7.444176803831555,30.15847771790487,-10.34676295750542,3.48,1.63,,,,"95.3",2359,"6",746421,668670,679529,690993,656716,700242,682985,678009,672761,"54.5",,,,,,,,54,2,"4-Seam Fastball",2,0,0,2,0,2,0,2,"Standard","Standard",199,"0.003","-0.058","73.0","6.9","2.027594676",,"0.058",,2,-2,0.927,0.07299999999999995,26,28,26,29,1,2,3,3,2,2,"0.89","0.52","0.52","53.5",8.139633609870062,16.841872976223822,35.59526343641076,27.323467689150128,20.478486360960073
"SL","2024-09-24","87.6","-1.73","5.81","Siri, Jose",642350,689225,,"swinging_strike",,,,,9,,"R","R","R","DET","TB","S",,,0,0,2024,"0.18","0.16",0.3452457542287621,1.653536502436519,,,,2,8,"Top",,,,,,,4.61328100482506,-127.54726733479374,-4.29971620193632,1.1070500377273687,23.382440853589014,-29.793171920069298,3.48,1.63,,,,"87.5",2428,"6",746421,668670,679529,690993,656716,700242,682985,678009,672761,"54.53",,,,,,,,54,1,"Slider",2,0,0,2,0,2,0,2,"Standard","Standard",118,"0.002","-0.041","74.0","9.0","0.889565928",,"0.041",,2,-2,0.925,0.07499999999999996,26,28,26,29,1,2,3,3,2,2,"2.78","-0.18","-0.18","46.7",29.8659166785234,-21.238637036229882,36.28992191320341,39.16046823944556,38.293162845742444
"SL","2024-09-21","84.1","-1.5","5.77","Siri, Jose",642350,684320,"strikeout","swinging_strike",,,,,1,"Jose Siri strikes out swinging.","R","R","R","TB","TOR","S",2,,2,2,2024,"1.03","0.23",-0.3306430283690992,3.597646124406126,,,666139,0,4,"Bot",,,,,,,0.6644445018259957,-122.43429648606964,0.9183423134383562,10.200082597501492,24.7921673787695,-30.3073576049838,3.49,1.63,,,,"84.4",2862,"6.5",745038,672386,687462,676914,665489,677870,664770,694388,680718,"53.97",,0,"0",1,0,0,,34,6,"Slider",3,0,3,0,0,3,3,0,"Standard","Standard",57,"-0.013","-0.228","60.6","5.8","2.718293616",,"0.228",,3,3,0.874,0.874,27,28,27,29,2,1,6,2,7,3,"3","-1.03","-1.03","43.0",2.5551589832482517,29.95849114778859,19.742872959797072,34.548247713376625,12.397097259782978
"SL","2024-09-21","85.2","-1.33","5.87","Siri, Jose",642350,684320,,"foul",,,,,6,,"R","R","R","TB","TOR","S",,,2,2,2024,"1.48","-0.15",0.5321008434203452,2.8265165826944805,,,666139,0,4,"Bot",,,,,,,1.4117659086536427,-124.07100219523764,-0.4896739674906847,14.840367156929494,27.077615098745138,-33.87171208415575,3.49,1.63,193,"75.7",62,"85.2",2906,"6.5",745038,672386,687462,676914,665489,677870,664770,694388,680718,"54.02",,,,,,,,34,5,"Slider",3,0,3,0,0,3,3,0,"Standard","Standard",64,"0","0","69.1","8.2",,,"0","88.0",3,3,0.874,0.874,27,28,27,29,2,1,6,2,7,3,"3.31","-1.48","-1.48","43.3",16.273940524302333,-8.127566357367428,27.614480789450496,43.63946307270235,30.51961212638338
"FF","2024-09-21","94.3","-1.68","5.75","Siri, Jose",642350,684320,,"swinging_strike",,,,,2,,"R","R","R","TB","TOR","S",,,2,1,2024,"-0.11","0.88",-0.09410786429660487,3.23853227572405,,,666139,0,4,"Bot",,,,,,,4.408647356300014,-137.2854747185012,-2.7958183247985176,-2.3841758524723606,30.38814238603535,-20.67012703243686,3.49,1.63,,,,"95",2394,"6.7",745038,672386,687462,676914,665489,677870,664770,694388,680718,"53.8",,,,,,,,34,4,"4-Seam Fastball",3,0,3,0,0,3,3,0,"Standard","Standard",207,"-0.004","-0.048","75.1","6.8","2.232412392",,"0.048",,3,3,0.878,0.878,27,28,27,29,2,1,6,2,7,3,"1.68","0.11","0.11","41.8",2.1268949638734043,20.97891239604545,27.089014759315397,37.19351932303001,15.11857122711399
"FF","2024-09-21","93.2","-1.79","5.74","Siri, Jose",642350,684320,,"swinging_strike",,,,,1,,"R","R","R","TB","TOR","S",,,2,0,2024,"0.02","0.89",-0.7576498302415887,3.4634948671566406,,,666139,0,4,"Bot",,,,,,,2.6364785073712103,-135.72293510314574,-2.031677653431458,-0.3303286527037066,31.23216265744939,-21.017492939360366,3.49,1.63,,,,"93.9",2334,"6.8",745038,672386,687462,676914,665489,677870,664770,694388,680718,"53.73",,,,,,,,34,3,"4-Seam Fastball",3,0,3,0,0,3,3,0,"Standard","Standard",206,"-0.005","-0.074","48.8","4.6","4.988879484",,"0.074",,3,3,0.883,0.883,27,28,27,29,2,1,6,2,7,3,"1.74","-0.02","-0.02","41.0",-15.780072708559768,72.93849370418424,35.14980193818259,29.47285695938493,-9.001099502422687
"SI","2024-09-21","93.5","-1.46","5.67","Siri, Jose",642350,684320,,"ball",,,,,12,,"R","R","R","TB","TOR","B",,,1,0,2024,"-1.19","1.02",1.06813634020187,2.719860729152884,,,666139,0,4,"Bot",,,,,,,9.2208295362462,-135.77303450390167,-4.1077400766558245,-16.81174193177443,30.09130204755587,-18.861458145207642,3.40567163502712,1.61097394865872,,,,"94",2363,"6.7",745038,672386,687462,676914,665489,677870,664770,694388,680718,"53.78",,,,,,,,34,2,"Sinker",3,0,3,0,0,3,3,0,"Standard","Standard",212,"0.005","0.068",,,,,"-0.068",,3,3,0.878,0.878,27,28,27,29,2,1,6,2,7,3,"1.6","1.19","1.19","39.9",,,,,
"FF","2024-09-21","93.9","-1.74","5.6","Siri, Jose",642350,684320,,"ball",,,,,14,,"R","R","R","TB","TOR","B",,,0,0,2024,"-0.11","0.84",1.1066886236590066,2.52135336953589,,,666139,0,4,"Bot",,,,,,,7.7156411077154505,-136.4944673697224,-4.131794639360808,-3.078972097514183,30.345100576090356,-20.93501817858143,3.51378931668727,1.65172720077067,,,,"95",2364,"7",745038,672386,687462,676914,665489,677870,664770,694388,680718,"53.48",,,,,,,,34,1,"4-Seam Fastball",3,0,3,0,0,3,3,0,"Standard","Standard",215,"0.002","0.041",,,,,"-0.041",,3,3,0.876,0.876,27,28,27,29,2,1,6,2,7,3,"1.75","0.11","0.11","36.7",,,,,
"SL","2024-09-21","87.4","-1.46","5.73","Siri, Jose",642350,684320,"strikeout","swinging_strike",,,,,14,"Jose Siri strikes out swinging.","R","R","R","TB","TOR","S",2,,2,2,2024,"1.4","-0.03",1.023861683099941,1.307207806821875,666018,,666624,1,2,"Bot",,,,,,,3.111769579361349,-127.12140883977854,-4.391382672396783,14.322375042626408,28.714780715117026,-31.778639789761893,3.49,1.63,,,,"87.5",2873,"6.6",745038,672386,687462,676914,665489,677870,664770,694388,680718,"53.88",,0,"0",1,0,0,,17,8,"Slider",0,0,0,0,0,0,0,0,"Standard","Standard",57,"-0.059","-0.275","65.8","8.6","1.402883304",,"0.275",,0,0,0.61,0.61,27,28,27,29,1,0,6,2,7,3,"3.05","-1.4","-1.4","40.2",20.556933519448183,-15.013130338051173,32.70216141055456,48.12284132421203,36.8369235632142
"SI","2024-09-21","94.6","-1.74","5.64","Siri, Jose",642350,684320,,"foul",,,,,11,,"R","R","R","TB","TOR","S",,,2,2,2024,"-1.22","0.94",-1.1076589386620483,3.5704394642739006,666018,,666624,1,2,"Bot",,,,,,,4.392396019822797,-137.78358173011873,-1.852596049089709,-16.49808108797526,29.47855560864982,-19.9674409036951,3.49,1.63,17,"40.5",-8,"95.5",2302,"6.7",745038,672386,687462,676914,665489,677870,664770,694388,680718,"53.84",,,,,,,,17,7,"Sinker",0,0,0,0,0,0,0,0,"Standard","Standard",209,"0","0",,,,,"0","88.0",0,0,0.61,0.61,27,28,27,29,1,0,6,2,7,3,"1.59","1.22","1.22","37.6",,,,,
"SI","2024-09-21","94.1","-1.84","5.45","Siri, Jose",642350,684320,,"foul",,,,,9,,"R","R","R","TB","TOR","S",,,2,2,2024,"-1.14","1.11",0.3819577217531944,2.1801225973782214,666018,,666624,1,2,"Bot",,,,,,,8.361992996972635,-136.6709301058067,-5.240287778179275,-16.095321602036904,30.56029299295718,-17.260615795969063,3.49,1.63,198,"72.5",35,"94.7",2381,"6.8",745038,672386,687462,676914,665489,677870,664770,694388,680718,"53.71",,,,,,,,17,6,"Sinker",0,0,0,0,0,0,0,0,"Standard","Standard",219,"0","0","74.4","7.7",,,"0","88.0",0,0,0.61,0.61,27,28,27,29,1,0,6,2,7,3,"1.48","1.14","1.14","32.5",-12.503105598058776,6.407002530212113,33.00842082715962,40.750210099271996,19.728455686000352
"SL","2024-09-21","87.9","-1.29","5.87","Siri, Jose",642350,684320,,"foul",,,,,5,,"R","R","R","TB","TOR","S",,,2,2,2024,"1.15","0.14",0.20460774358605527,2.4366852786871362,666018,,666624,1,2,"Bot",,,,,,,1.242130255592419,-127.96494161096767,-2.4144232938897074,12.17588912577499,30.924921972386063,-30.306213592148787,3.49,1.63,179,"66.8",47,"87.8",2683,"6.6",745038,672386,687462,676914,665489,677870,664770,694388,680718,"53.93",,,,,,,,17,5,"Slider",0,0,0,0,0,0,0,0,"Standard","Standard",79,"0","0","70.8","7.4",,,"0","88.0",0,0,0.61,0.61,27,28,27,29,1,0,6,2,7,3,"2.85","-1.15","-1.15","40.6",1.3482641763781942,6.435637235896126,31.611138565024277,37.960116448198505,25.55847504407121
"FF","2024-09-21","96.6","-1.37","5.93","Siri, Jose",642350,684320,,"ball",,,,,12,,"R","R","R","TB","TOR","B",,,1,2,2024,"-0.33","1.47",1.3591003795280714,5.1854793098030685,666018,,666624,1,2,"Bot",,,,,,,8.067105496055122,-140.4649619023598,0.22780222998365113,-6.2011837335868405,31.427063149391415,-12.933436988237391,3.49000152431051,1.59161998382237,,,,"97",2397,"6.5",745038,672386,687462,676914,665489,677870,664770,694388,680718,"53.95",,,,,,,,17,4,"4-Seam Fastball",0,0,0,0,0,0,0,0,"Standard","Standard",205,"0.01","0.022",,,,,"-0.022",,0,0,0.6,0.6,27,28,27,29,1,0,6,2,7,3,"0.97","0.33","0.33","42.3",,,,,
"FF","2024-09-21","95.4","-1.76","5.46","Siri, Jose",642350,684320,,"swinging_strike",,,,,11,,"R","R","R","TB","TOR","S",,,1,1,2024,"-0.19","0.95",-0.01623749030910976,3.6861645588750465,666018,,666624,1,2,"Bot",,,,,,,5.053650184240492,-138.84413698543827,-1.1626033765469754,-3.5750435112318373,32.331345748942155,-19.842452478535428,3.49,1.63,,,,"96",2407,"6.7",745038,672386,687462,676914,665489,677870,664770,694388,680718,"53.79",,,,,,,,17,3,"4-Seam Fastball",0,0,0,0,0,0,0,0,"Standard","Standard",212,"-0.017","-0.071","63.4","5.8","4.70574822",,"0.071",,0,0,0.617,0.617,27,28,27,29,1,0,6,2,7,3,"1.56","0.19","0.19","37.2",-5.1851825824959725,38.77368721602691,27.309050314093046,35.45729830843442,13.05990164653482
"SI","2024-09-21","96.1","-1.59","5.56","Siri, Jose",642350,684320,,"ball",,,,,14,,"R","R","R","TB","TOR","B",,,0,1,2024,"-1.29","0.75",0.30014713246864133,1.0693346306773122,666018,,666624,1,2,"Bot",,,,,,,7.984759905190816,-139.50876646620623,-8.033552491695641,-18.653603040143224,32.08801154840661,-20.70781242655778,3.40382390126238,1.54142835617791,,,,"96.6",2389,"6.7",745038,672386,687462,676914,665489,677870,664770,694388,680718,"53.75",,,,,,,,17,2,"Sinker",0,0,0,0,0,0,0,0,"Standard","Standard",215,"0.007","0.007",,,,,"-0.007",,0,0,0.61,0.61,27,28,27,29,1,0,6,2,7,3,"1.73","1.29","1.29","36.9",,,,,
"SL","2024-09-21","86.1","-1.43","5.82","Siri, Jose",642350,684320,,"swinging_strike",,,,,14,,"R","R","R","TB","TOR","S",,,0,0,2024,"0.99","0.13",0.8522312630791417,1.2737396630889748,666018,,666624,1,2,"Bot",,,,,,,3.4328727559578307,-125.33816560033144,-4.785197293256493,9.604690992238352,27.00894454119494,-30.05340960120571,3.49,1.63,,,,"86.3",2795,"6.6",745038,672386,687462,676914,665489,677870,664770,694388,680718,"53.95",,,,,,,,17,1,"Slider",0,0,0,0,0,0,0,0,"Standard","Standard",59,"-0.011","-0.045","69.3","9.2","1.37004498",,"0.045",,0,0,0.621,0.621,27,28,27,29,1,0,6,2,7,3,"2.96","-0.99","-0.99","40.3",26.218477376516955,-25.90609343623346,32.567452175969414,46.52105139169903,38.42998901238886
"FC","2024-09-21","94.1","1.7","6.23","Siri, Jose",642350,663893,"strikeout_double_play","swinging_strike",,,,,11,"Rays challenged (tag play), call on the field was upheld: Jose Siri strikes out swinging and Jonathan Aranda was picked off 3rd, catcher Alejandro Kirk to third baseman Vladimir Guerrero Jr. to catcher Alejandro Kirk.","R","R","L","TB","TOR","S",2,,1,2,2024,"0.16","0.75",-0.006751416955402212,3.6488915457172952,666018,666139,,1,6,"Bot",,,,,,,-4.731831045291906,-137.03289529628006,-2.6571156060719834,3.0063500992049996,28.26562091186274,-22.350507556029793,3.49,1.63,,,,"93.3",2364,"5.6",745038,672386,687462,676914,665489,677870,664770,694388,680718,"54.88",,0,"0",1,0,0,,54,4,"Cutter",3,1,3,1,1,3,3,1,,,124,"-0.066","-0.281","59.9","5.3","0.98820378",,"0.281",,2,2,0.881,0.881,27,28,28,29,1,2,4,2,2,3,"1.81","0.16","-0.16","35.2",-9.382584688520824,53.358577638308105,24.14449923728995,36.1059971328086,-3.3564257526677643
"FC","2024-09-21","95.2","1.76","6.16","Siri, Jose",642350,663893,,"swinging_strike",,,,,11,,"R","R","L","TB","TOR","S",,,1,1,2024,"0.32","0.87",-0.06893814069000165,4.073967604436711,666018,666139,,1,6,"Bot",,,,,,,-5.458647503592346,-138.71903013897207,-1.8510840429031172,5.258544508068862,28.836436814168838,-20.62572469056571,3.49,1.63,,,,"94.8",2351,"5.8",745038,672386,687462,676914,665489,677870,664770,694388,680718,"54.66",,,,,,,,54,3,"Cutter",3,1,3,1,1,3,3,1,,,136,"-0.012","-0.097","42.0","4.9","4.60869912",,"0.097",,2,2,0.893,0.893,27,28,28,29,1,2,4,2,2,3,"1.62","0.32","-0.32","33.4",-3.2021804643928045,62.39503651497588,24.5973450512976,37.3391340606366,-7.410080996411731
"FC","2024-09-21","94.4","1.68","6.21","Siri, Jose",642350,663893,,"ball",,,,,11,,"R","R","L","TB","TOR","B",,,0,1,2024,"0.14","0.84",-2.3383154800489203,3.0293587343452275,,666018,666139,1,6,"Bot",,,,,,,-10.643123143403228,-137.0576947640828,-4.407536855247978,4.029835587092103,29.78922269661438,-20.827641563285514,3.45146282064335,1.60606342379145,,,,"93.5",2316,"5.9",745038,672386,687462,676914,665489,677870,664770,694388,680718,"54.63",,,,,,,,54,2,"Cutter",3,1,3,1,1,3,3,1,,,124,"0.031","0.015",,,,,"-0.015",,2,2,0.862,0.862,27,28,28,29,1,2,4,2,2,3,"1.73","0.14","-0.14","36.1",,,,,
"FC","2024-09-21","95.1","1.81","6.14","Siri, Jose",642350,663893,,"swinging_strike",,,,,2,,"R","R","L","TB","TOR","S",,,0,0,2024,"0.12","0.61",-0.12320699373706578,3.0716234299665484,,666018,666139,1,6,"Bot",,,,,,,-5.287418772459221,-138.44586147127086,-3.720989977599563,2.7945565066700726,32.43344763152145,-23.73881348695265,3.49,1.63,,,,"94.1",2262,"5.8",745038,672386,687462,676914,665489,677870,664770,694388,680718,"54.68",,,,,,,,54,1,"Cutter",3,1,3,1,1,3,3,1,,,132,"-0.004","-0.039","80.5","7.9","0.799930296",,"0.039",,2,2,0.866,0.866,27,28,28,29,1,2,4,2,2,3,"1.92","0.12","-0.12","33.8",17.22810029908693,4.939945155749157,30.414860794261077,34.75356155588802,23.423971371579043
"FF","2024-09-19","95.5","-1.76","5.19","Siri, Jose",642350,678394,"strikeout","called_strike",,,,,6,"Jose Siri called out on strikes.","R","R","R","TB","BOS","S",2,,1,2,2024,"-0.91","1.13",0.40240005184743954,2.7294341464502407,,676609,666163,2,4,"Bot",,,,,,,7.758214742337387,-138.7686100174723,-3.317974031998394,-13.563984109356282,34.905705440426566,-17.10929887348097,3.29990195263806,1.57766053186263,,,,"95.1",2162,"6.4",745041,643376,671213,686765,646240,596115,641933,680776,677800,"54.07",,0,"0",1,0,0,,31,4,"4-Seam Fastball",1,0,1,0,0,1,1,0,"Standard","Standard",235,"-0.029","-0.189",,,,,"0.189",,1,1,0.667,0.667,25,28,25,29,2,1,5,2,5,2,"1.4","0.91","0.91","27.7",,,,,
"CH","2024-09-19","86.9","-1.83","5.09","Siri, Jose",642350,678394,,"swinging_strike",,,,,8,,"R","R","R","TB","BOS","S",,,1,1,2024,"-1.4","0.24",-0.2280541266056324,1.7054519566006312,,676609,666163,2,4,"Bot",,,,,,,6.739495013394191,-126.34694909887693,-2.3421000658202122,-16.441848654116747,28.792160209616426,-29.34000153659433,3.5,1.63,,,,"86.7",1827,"6.5",745041,643376,671213,686765,646240,596115,641933,680776,677800,"54.02",,,,,,,,31,3,"Changeup",1,0,1,0,0,1,1,0,"Standard","Standard",252,"-0.011","-0.076","74.8","8.5","2.096942256",,"0.076",,1,1,0.678,0.678,25,28,25,29,2,1,5,2,5,2,"2.81","1.4","1.4","27.6",23.31910213272046,-18.94442432446048,35.60452913231001,33.7931180518639,41.053549648089216
"SI","2024-09-19","95.2","-1.7","5.13","Siri, Jose",642350,678394,,"called_strike",,,,,2,,"R","R","R","TB","BOS","S",,,1,0,2024,"-1.37","0.23",-0.18607762315003717,3.241262541012799,,676609,666163,2,4,"Bot",,,,,,,7.049177505031572,-138.3380549794104,0.22745735050732963,-19.19124622835739,33.76226882829562,-29.505032854257603,3.37696189619542,1.63000048124838,,,,"94.9",1930,"6.4",745041,643376,671213,686765,646240,596115,641933,680776,677800,"54.07",,,,,,,,31,2,"Sinker",1,0,1,0,0,1,1,0,"Standard","Standard",237,"-0.005","-0.042",,,,,"0.042",,1,1,0.683,0.683,25,28,25,29,2,1,5,2,5,2,"2.31","1.37","1.37","24.7",,,,,
"SI","2024-09-19","95.2","-1.92","5","Siri, Jose",642350,678394,,"ball",,,,,11,,"R","R","R","TB","BOS","B",,,0,0,2024,"-1.27","0.3",-1.5990052768373246,3.2356105929480834,,676609,666163,2,4,"Bot",,,,,,,3.71900609389467,-138.52760307161432,0.40656693269579314,-17.135518943905996,34.27088194110672,-28.727085833181814,3.42798089829611,1.63000169164212,,,,"95.1",1964,"6.5",745041,643376,671213,686765,646240,596115,641933,680776,677800,"54",,,,,,,,31,1,"Sinker",1,0,1,0,0,1,1,0,"Standard","Standard",239,"0.003","0.026",,,,,"-0.026",,1,1,0.68,0.68,25,28,25,29,2,1,5,2,5,2,"2.24","1.27","1.27","25.2",,,,,
"ST","2024-09-19","87.2","-1.77","5.23","Siri, Jose",642350,678394,"single","hit_into_play",,,,,14,"Jose Siri singles on a fly ball to right fielder Wilyer Abreu.","R","R","R","TB","BOS","X",9,"fly_ball",2,2,2024,"0.96","-0.01",1.265893560424498,1.8245899576044393,,,,1,3,"Bot",159.72,106.44,,,,,5.331805694348884,-126.78499873535692,-1.932969428525933,9.023861205083099,28.99506865685409,-32.03908507263298,3.5,1.63,227,"68.9",31,"87",2370,"6.5",745041,643376,671213,686765,646240,596115,641933,680776,677800,"54.05",0.874,0.82,"0.9",1,1,0,4,19,6,"Sweeper",0,0,0,0,0,0,0,0,"Standard","Standard",39,"0.031","0.453","65.4","8.1",,0.944,"-0.453","88.0",0,0,0.527,0.527,25,28,25,29,1,0,5,2,5,2,"3.04","-0.96","-0.96","30.8",12.122350059086301,7.876471197186477,33.65206505800571,51.58755652278419,26.68309482430925
"SI","2024-09-19","95.5","-1.71","5.1","Siri, Jose",642350,678394,,"foul",,,,,5,,"R","R","R","TB","BOS","S",,,2,2,2024,"-1.59","0.22",0.08384203180038874,2.6381908767537556,,,,1,3,"Bot",,,,,,,8.300227944154784,-138.69380650342777,-1.2680034140137815,-22.47409251307855,34.31044422502008,-29.26687929796109,3.5,1.63,221,"72.8",29,"94.9",2095,"6.3",745041,643376,671213,686765,646240,596115,641933,680776,677800,"54.23",,,,,,,,19,5,"Sinker",0,0,0,0,0,0,0,0,"Standard","Standard",231,"0","0","71.5","6.6",,,"0","88.0",0,0,0.527,0.527,25,28,25,29,1,0,5,2,5,2,"2.31","1.59","1.59","23.8",-13.412338943807885,31.082561490458282,38.212779118902596,37.94189093252274,9.332534391430093
"CH","2024-09-19","88","-1.99","5.01","Siri, Jose",642350,678394,,"ball",,,,,13,,"R","R","R","TB","BOS","B",,,1,2,2024,"-1.37","0.14",-1.036324117614522,1.7947675547016075,,,,1,3,"Bot",,,,,,,5.169276504167611,-127.92476022534949,-1.9048792279497535,-16.07934995246553,29.737234011753124,-30.414819808391076,3.38202352148617,1.62999776913806,,,,"87.7",1563,"6.4",745041,643376,671213,686765,646240,596115,641933,680776,677800,"54.09",,,,,,,,19,4,"Changeup",0,0,0,0,0,0,0,0,"Standard","Standard",255,"0.002","0.043",,,,,"-0.043",,0,0,0.525,0.525,25,28,25,29,1,0,5,2,5,2,"2.84","1.37","1.37","25.8",,,,,
"CH","2024-09-19","87.3","-1.99","5.09","Siri, Jose",642350,678394,,"foul",,,,,8,,"R","R","R","TB","BOS","S",,,1,1,2024,"-1.58","0.19",0.22275391494178187,1.8717046735586784,,,,1,3,"Bot",,,,,,,8.56503443462433,-126.81387935801621,-1.8854969199157807,-18.810898810003508,29.330275343278437,-29.953530984942063,3.5,1.63,4,"87.7",-26,"86.8",1894,"6.4",745041,643376,671213,686765,646240,596115,641933,680776,677800,"54.12",,,,,,,,19,3,"Changeup",0,0,0,0,0,0,0,0,"Standard","Standard",249,"-0.004","-0.061","78.5","8.7",,,"0.061","88.0",0,0,0.529,0.529,25,28,25,29,1,0,5,2,5,2,"2.85","1.58","1.58","22.5",19.24350032730842,-11.765609470208444,36.04405029200269,39.77836761697419,31.018303105469577
"ST","2024-09-19","83.7","-1.93","5.2","Siri, Jose",642350,678394,,"called_strike",,,,,1,,"R","R","R","TB","BOS","S",,,1,0,2024,"0.86","-0.16",-0.6173699433011759,3.203556163545805,,,,1,3,"Bot",,,,,,,1.3182446726042216,-121.8199473389276,2.15988237908714,8.277665571500538,25.398066535623084,-34.42784500570139,3.28695450216037,1.47247881647645,,,,"83.6",2281,"6.3",745041,643376,671213,686765,646240,596115,641933,680776,677800,"54.18",,,,,,,,19,2,"Sweeper",0,0,0,0,0,0,0,0,"Standard","Standard",55,"-0.004","-0.051",,,,,"0.051",,0,0,0.533,0.533,25,28,25,29,1,0,5,2,5,2,"3.43","-0.86","-0.86","28.3",,,,,
"SI","2024-09-19","93.2","-2.1","4.94","Siri, Jose",642350,678394,,"ball",,,,,13,,"R","R","R","TB","BOS","B",,,0,0,2024,"-1.49","0.18",-0.29048047900683294,1.4351184404151178,,,,1,3,"Bot",,,,,,,7.926463821646483,-135.51388712389655,-3.5838959255340823,-20.16716961854775,31.381419316821226,-29.39398601104658,3.44523964085207,1.63000017236239,,,,"92.9",2156,"6.3",745041,643376,671213,686765,646240,596115,641933,680776,677800,"54.21",,,,,,,,19,1,"Sinker",0,0,0,0,0,0,0,0,"Standard","Standard",239,"0.003","0.039",,,,,"-0.039",,0,0,0.53,0.53,25,28,25,29,1,0,5,2,5,2,"2.47","1.49","1.49","21.2",,,,,
"CU","2024-09-19","85.1","-0.85","6.13","Siri, Jose",642350,686580,"strikeout","swinging_strike_blocked",,,,,14,"Jose Siri strikes out swinging.","R","R","R","TB","BOS","S",2,,2,2,2024,"0.47","-1.34",0.586257066553413,0.45104139606777327,670764,,,0,7,"Bot",,,,,,,2.446099077452569,-123.88989692141664,-4.267744706609025,4.248769203446876,27.65519546430934,-45.09062205177246,3.5,1.63,,,,"85.3",2612,"6.6",745041,643376,671213,686765,646240,596115,641933,680776,677800,"53.85",,0,"0",1,0,0,,49,6,"Curveball",1,0,1,0,0,1,1,0,"Strategic","Standard",14,"-0.025","-0.229","69.0","8.6","3.002194092",,"0.229",,1,1,0.864,0.864,26,28,27,29,1,2,1,2,5,2,"4.51","-0.47","-0.47","55.3",13.994429107764006,-12.331919427834151,36.8233062741535,40.74606366950376,36.987826186486245
"FF","2024-09-19","96.7","-0.42","6.31","Siri, Jose",642350,686580,,"foul",,,,,2,,"R","R","R","TB","BOS","S",,,2,2,2024,"-0.15","1.82",-0.035309849157670936,2.9494219368646917,670764,,,0,7,"Bot",,,,,,,1.3767205532781088,-140.61273205731382,-7.482544483223911,-2.295291627146803,36.35456304766857,-6.558446072130703,3.5,1.63,188,"67.7",50,"96.2",2395,"6.4",745041,643376,671213,686765,646240,596115,641933,680776,677800,"54.14",,,,,,,,49,5,"4-Seam Fastball",1,0,1,0,0,1,1,0,"Strategic","Standard",198,"0","0","68.7","6.6",,,"0","88.0",1,1,0.864,0.864,26,28,27,29,1,2,1,2,5,2,"0.65","0.15","0.15","58.2",2.141486244978956,19.670341974873928,31.834779343411096,33.45282016223024,18.132002563279286
"CU","2024-09-19","86.2","-0.67","6.17","Siri, Jose",642350,686580,,"blocked_ball",,,,,14,,"R","R","R","TB","BOS","B",,,1,2,2024,"0.4","-1.55",0.9045147489346574,-1.5253630179183197,670764,,,0,7,"Bot",,,,,,,2.9478953981976037,-125.28010188889671,-8.831903960078881,3.492138273693516,29.6257376794055,-46.49413182360022,3.24941897998992,1.52568011166193,,,,"86.3",2701,"6.8",745041,643376,671213,686765,646240,596115,641933,680776,677800,"53.71",,,,,,,,49,4,"Curveball",1,0,1,0,0,1,1,0,"Strategic","Standard",13,"0.005","0.039",,,,,"-0.039",,1,1,0.859,0.859,26,28,27,29,1,2,1,2,5,2,"4.67","-0.4","-0.4","53.9",,,,,
"FF","2024-09-19","96.2","-0.51","6.25","Siri, Jose",642350,686580,,"foul",,,,,8,,"R","R","R","TB","BOS","S",,,1,1,2024,"-0.37","1.66",0.09604410765640586,1.6819633373112461,670764,,,0,7,"Bot",,,,,,,2.4833338815247377,-139.6397503369436,-10.324663159988638,-5.48388648496491,35.69322379541793,-8.316160745577932,3.5,1.63,160,"85.7",69,"96.9",2396,"7.1",745041,643376,671213,686765,646240,596115,641933,680776,677800,"53.38",,,,,,,,49,3,"4-Seam Fastball",1,0,1,0,0,1,1,0,"Strategic","Standard",196,"-0.008","-0.102","75.7","8.4",,,"0.102","88.0",1,1,0.867,0.867,26,28,27,29,1,2,1,2,5,2,"0.85","0.37","0.37","57.9",18.8573116297342,3.2815421406347522,41.759175134341454,36.00213694551305,31.92711745268506
"ST","2024-09-19","83","-1.13","6","Siri, Jose",642350,686580,,"foul",,,,,8,,"R","R","R","TB","BOS","S",,,1,0,2024,"0.91","-0.03",0.06595383333993765,1.8761176047102173,670764,,,0,7,"Bot",,,,,,,0.9723561096622284,-120.94178813240734,-2.9226804686619174,8.716959618409188,23.84583416756661,-32.1149928066723,3.5,1.63,160,"64.6",36,"83.7",2607,"6.7",745041,643376,671213,686765,646240,596115,641933,680776,677800,"53.77",,,,,,,,49,2,"Sweeper",1,0,1,0,0,1,1,0,"Strategic","Standard",58,"-0.003","-0.093","78.3","8.0",,,"0.093","88.0",1,1,0.87,0.87,26,28,27,29,1,2,1,2,5,2,"3.33","-0.91","-0.91","47.5",10.621951332539009,1.1691446402451673,38.41727848027231,35.632710807439786,26.780349078406864
"FC","2024-09-19","92.7","-1","6.14","Siri, Jose",642350,686580,,"ball",,,,,13,,"R","R","R","TB","BOS","B",,,0,0,2024,"0.06","0.88",-1.4303548228444003,2.0838303081003566,,,670764,0,7,"Bot",,,,,,,-1.2531074399345556,-134.82060891721545,-6.48412998699636,1.0497094571050527,30.548564560725683,-20.20059606728419,3.24812412368671,1.54925986931409,,,,"92.8",2513,"6.4",745041,643376,671213,686765,646240,596115,641933,680776,677800,"54.05",,,,,,,,49,1,"Cutter",1,0,1,0,0,1,1,0,"Standard","Standard",187,"0.053","0.041",,,,,"-0.041",,1,1,0.817,0.817,26,28,27,29,1,2,1,2,5,2,"1.78","-0.06","-0.06","47.8",,,,,
"SL","2024-09-17","84.1","-1.58","6.67","Siri, Jose",642350,601713,"home_run","hit_into_play",,,,,6,"Jose Siri homers (18) on a fly ball to left field.","R","R","R","TB","BOS","X",,"fly_ball",1,1,2024,"0.67","0.48",0.7925419206679922,2.8219325911668407,,,,2,5,"Bot",28.63,101.92,,,,,4.190434933718578,-122.35891796924656,-3.4431016990914145,5.806311542898959,26.38849045900986,-26.9010875032395,3.47,1.62,339,"95.5",37,"84.5",2344,"6.8",745044,657136,671213,678882,646240,596115,641933,680776,677800,"53.72",0.061,0.105,"2",1,0,3,3,36,3,"Slider",2,2,2,2,2,3,3,2,"Standard","Standard",100,"0.157","2.606","70.3","8.5",,0.206,"-2.606","95.5",0,0,0.514,0.514,31,28,31,29,2,1,6,3,5,2,"2.77","-0.67","-0.67","52.5",21.275371300387913,-13.98930906287172,28.154386522101138,44.589523669149536,40.77691778917879
"ST","2024-09-17","83.1","-1.97","6.65","Siri, Jose",642350,601713,,"foul",,,,,6,,"R","R","R","TB","BOS","S",,,1,0,2024,"1.42","0.42",0.5836685050051087,2.4077173419528113,,,,2,5,"Bot",,,,,,,3.0886481982548726,-120.88772221403342,-4.017596896204393,13.067740384425294,26.637680194154438,-27.48156446689617,3.47,1.62,216,"71.1",33,"83.3",2463,"6.7",745044,657136,671213,678882,646240,596115,641933,680776,677800,"53.76",,,,,,,,36,2,"Sweeper",2,2,2,2,2,2,2,2,"Standard","Standard",69,"-0.003","-0.051","77.4","8.0",,,"0.051","88.0",0,0,0.517,0.517,31,28,31,29,2,1,6,3,5,2,"2.92","-1.42","-1.42","50.9",11.47963680941778,9.81959719744145,32.871294869139064,43.43109560269637,25.379939651534762
"ST","2024-09-17","83.6","-1.73","6.62","Siri, Jose",642350,601713,,"ball",,,,,14,,"R","R","R","TB","BOS","B",,,0,0,2024,"1.05","0.43",1.5149397649952765,1.7664758111595167,,,,2,5,"Bot",,,,,,,5.453074245964868,-121.54832971735459,-5.587453548915391,9.162814463598453,26.34519382431004,-26.925887922451636,3.62838999941815,1.68458959393767,,,,"84.1",2402,"6.9",745044,657136,671213,678882,646240,596115,641933,680776,677800,"53.62",,,,,,,,36,1,"Sweeper",2,2,2,2,2,2,2,2,"Standard","Standard",82,"0.002","0.04",,,,,"-0.04",,0,0,0.515,0.515,31,28,31,29,2,1,6,3,5,2,"2.86","-1.05","-1.05","50.7",,,,,
"SI","2024-09-17","96.1","-1.91","5.86","Siri, Jose",642350,670174,"double","hit_into_play",,,,,4,"Jose Siri doubles (16) on a fly ball to shortstop Trevor Story, deflected by left fielder Tyler O'Neill. Jonathan Aranda scores. Christopher Morel scores. Josh Lowe scores.","R","R","R","TB","BOS","X",7,"fly_ball",1,1,2024,"-1.56","0.71",-0.6878964304164714,2.3444743502604206,666018,666624,666139,2,8,"Bot",75.92,105.35,,,,,6.765573432937424,-139.6731428082604,-5.309130941656907,-21.92567963929361,32.00093113513056,-21.804820152277525,3.47,1.62,228,"65.6",34,"96",2177,"6.3",745044,657136,663853,678882,646240,596115,641933,680776,677800,"54.15",0.816,0.783,"1.25",1,1,1,4,65,3,"Sinker",5,3,5,3,3,8,8,3,"Standard","Standard",217,"0.053","0.797","76.4","8.0",,0.922,"-0.797","88.0",2,2,0.942,0.942,26,28,26,29,2,3,3,3,3,2,"1.76","1.56","1.56","44.3",14.036835405592871,-1.6100388388164606,33.29507494799737,28.612893284799355,29.619827423145892
"SI","2024-09-17","95.5","-1.95","5.79","Siri, Jose",642350,670174,,"swinging_strike_blocked",,,,,13,,"R","R","R","TB","BOS","S",,,1,0,2024,"-1.51","0.53",-0.5375666633134886,0.5057937616699135,666018,666624,666139,2,8,"Bot",,,,,,,7.137414951885676,-138.58918548285277,-9.427575632340726,-21.127520696777072,32.28458707151595,-23.329877455421727,3.47,1.62,,,,"95.3",2010,"6.4",745044,657136,663853,678882,646240,596115,641933,680776,677800,"54.1",,,,,,,,65,2,"Sinker",5,3,5,3,3,5,5,3,"Standard","Standard",227,"-0.004","-0.044","50.0","7.3","7.139174544",,"0.044",,2,2,0.946,0.946,26,28,26,29,2,3,3,3,3,2,"1.99","1.51","1.51","38.7",-5.6724581957633236,16.74205697844832,47.04557816270947,30.03672025248702,13.278674333572758
"SI","2024-09-17","95.7","-2.14","5.74","Siri, Jose",642350,670174,,"ball",,,,,11,,"R","R","R","TB","BOS","B",,,0,0,2024,"-1.54","0.54",-1.5047252097730819,3.0640929812341033,666018,666624,666139,2,8,"Bot",,,,,,,5.148374633337307,-139.30918928904845,-2.642100846696898,-21.126356890785008,33.281084634495045,-24.741687286960772,3.41419901342718,1.63369941368651,,,,"95.6",2047,"6.4",745044,657136,663853,678882,646240,596115,641933,680776,677800,"54.14",,,,,,,,65,1,"Sinker",5,3,5,3,3,5,5,3,"Standard","Standard",225,"0.003","0.031",,,,,"-0.031",,2,2,0.943,0.943,26,28,26,29,2,3,3,3,3,2,"1.96","1.54","1.54","37.0",,,,,
"ST","2024-09-17","83.8","-1.78","6.59","Siri, Jose",642350,601713,"field_out","hit_into_play",,,,,12,"Jose Siri grounds out softly, shortstop Trevor Story to first baseman Triston Casas.","R","R","R","TB","BOS","X",6,"ground_ball",0,2,2024,"1.32","0.43",1.4738684759387644,2.7570632764712393,,,,1,3,"Bot",111.28,156.4,,,,,4.961122273660659,-121.93688723448516,-3.2998982270695225,12.127631719917597,24.585356216788796,-27.426764198619896,3.47,1.62,4,"56.1",-32,"84.6",2525,"6.9",745044,657136,671213,678882,646240,596115,641933,680776,677800,"53.62",0.123,0.136,"0",1,0,0,1,20,3,"Sweeper",0,2,0,2,2,0,0,2,"Standard","Standard",73,"-0.011","-0.162","61.7","7.8",,0.15,"0.162","88.0",-2,-2,0.293,0.293,31,28,31,29,1,0,6,3,5,2,"2.82","-1.32","-1.32","51.9",19.883168859944156,8.031219792408718,21.58120476708746,55.42231732776017,23.178128710306204
"ST","2024-09-17","83.1","-1.78","6.55","Siri, Jose",642350,601713,,"swinging_strike",,,,,14,,"R","R","R","TB","BOS","S",,,0,1,2024,"1.41","0.46",1.6050946278051392,0.6861515037347488,,,,1,3,"Bot",,,,,,,5.052528904960829,-120.66013618987748,-7.826584988843439,12.504409639644173,26.28415059832993,-26.26891407753403,3.47,1.62,,,,"83.5",2608,"7",745044,657136,671213,678882,646240,596115,641933,680776,677800,"53.54",,,,,,,,20,2,"Sweeper",0,2,0,2,2,0,0,2,"Standard","Standard",63,"-0.005","-0.057","61.4","9.4","15.790771668",,"0.057",,-2,-2,0.298,0.298,31,28,31,29,1,0,6,3,5,2,"2.89","-1.41","-1.41","55.2",29.51538143638789,-44.785115357828,38.80432290862004,52.03895455183349,59.81982225260263
"ST","2024-09-17","82.7","-1.73","6.65","Siri, Jose",642350,601713,,"swinging_strike",,,,,12,,"R","R","R","TB","BOS","S",,,0,0,2024,"1.32","0.62",0.8889259560152736,2.58699674606929,,,,1,3,"Bot",,,,,,,3.3973990877049673,-120.31157767801078,-3.912662288276618,12.009729130033438,25.901261929187424,-25.590742706537096,3.47,1.62,,,,"82.7",2530,"6.6",745044,657136,671213,678882,646240,596115,641933,680776,677800,"53.92",,,,,,,,20,1,"Sweeper",0,2,0,2,2,0,0,2,"Standard","Standard",71,"-0.003","-0.037","74.2","8.3","0.890515404",,"0.037",,-2,-2,0.301,0.301,31,28,31,29,1,0,6,3,5,2,"2.74","-1.32","-1.32","52.2",12.719937247482584,1.1083816606587187,28.298233497588388,46.034232586282684,27.676578726392158
"FC","2024-09-17","90.7","-1.41","6.16","Siri, Jose",642350,670174,"field_out","hit_into_play",,,,,14,"Jose Siri flies out to center fielder Jarren Duran.","R","R","R","TB","BOS","X",8,"fly_ball",0,1,2024,"0.77","0.27",0.9050407711413707,2.298633420052574,,,686482,2,6,"Bot",135.4,47.54,,,,,4.143956076937849,-131.83558057295775,-4.202532429654463,7.7815528899501425,32.859610406020934,-28.224914775951287,3.47,1.62,375,"95",29,"90.2",2199,"6.4",745044,657136,671213,678882,646240,596115,641933,680776,677800,"54.05",0.235,0.43,"0",1,0,0,5,48,2,"Cutter",5,2,5,2,2,5,5,2,"Standard","Standard",163,"-0.008","-0.224","70.0","8.1",,0.832,"0.224","95.0",3,3,0.901,0.901,26,28,26,29,1,2,3,3,3,2,"2.54","-0.77","-0.77","54.0",11.241167894871799,0.3479432903860336,30.775547522214868,46.879286090979754,28.256091767803447
"SI","2024-09-17","94.6","-1.96","5.79","Siri, Jose",642350,670174,,"called_strike",,,,,7,,"R","R","R","TB","BOS","S",,,0,0,2024,"-1.57","0.69",-0.514615806512849,1.7536125465966212,,,686482,2,6,"Bot",,,,,,,7.320915830837784,-137.39007749591735,-6.375008776448102,-21.51590865513915,32.42533731687793,-22.120578972039183,3.68829068707652,1.73914407674575,,,,"94.7",1995,"6.6",745044,657136,671213,678882,646240,596115,641933,680776,677800,"53.87",,,,,,,,48,1,"Sinker",5,2,5,2,2,5,5,2,"Standard","Standard",227,"-0.001","-0.047",,,,,"0.047",,3,3,0.902,0.902,26,28,26,29,1,2,3,3,3,2,"1.88","1.57","1.57","41.2",,,,,
"FF","2024-09-14","92.2","0.27","5.9","Siri, Jose",642350,676282,"single","hit_into_play",,,,,6,"Guardians challenged (tag play), call on the field was overturned: Jose Siri singles on a line drive to center fielder Lane Thomas. Josh Lowe out at home on the throw, center fielder Lane Thomas to catcher Austin Hedges. Jose Siri to 2nd.","R","R","L","CLE","TB","X",8,"line_drive",3,2,2024,"0.58","1.19",0.2836614419491886,2.5903117521027683,,666139,,0,5,"Top",134.96,88.6,,,,,-1.260067758667013,-134.26043511774037,-5.313209091580246,7.322694675410375,28.53668026107771,-16.818132828668666,3.47,1.62,266,"92.4",18,"94.4",1979,"7.5",746584,595978,681807,665926,608070,677587,682657,657041,678877,"52.99",0.574,0.594,"0.9",1,1,0,4,29,6,"4-Seam Fastball",0,0,0,0,0,0,0,0,"Standard","Standard",154,"0.059","0.472","75.1","7.6",,0.774,"-0.472","92.4",0,0,0.414,0.5860000000000001,24,28,25,29,2,1,5,1,5,3,"1.48","0.58","-0.58","52.7",5.733808373388551,11.335653111557146,32.40782022414577,40.48243266531219,21.771538250105422
"CH","2024-09-14","78.5","0.33","5.93","Siri, Jose",642350,676282,,"called_strike",,,,,2,,"R","R","L","CLE","TB","S",,,3,1,2024,"0.59","1.11",0.156557859039533,3.2349529816945033,,666139,,0,5,"Top",,,,,,,-1.506265369317895,-114.49291098155818,-1.1444806026930714,5.471745869874676,19.015566542206052,-22.315598216907958,3.54006743550513,1.66355745330713,,,,"80.8",1513,"7.5",746584,595978,681807,665926,608070,677587,682657,657041,678877,"52.98",,,,,,,,29,5,"Changeup",0,0,0,0,0,0,0,0,"Standard","Standard",129,"0.009","-0.091",,,,,"0.091",,0,0,0.405,0.595,24,28,25,29,2,1,5,1,5,3,"2.54","0.59","-0.59","54.0",,,,,
"FF","2024-09-14","91","0.22","5.87","Siri, Jose",642350,676282,,"called_strike",,,,,8,,"R","R","L","CLE","TB","S",,,3,0,2024,"0.47","1.2",-0.19372944806841147,1.9615631117228869,,666139,,0,5,"Top",,,,,,,-2.09601073334295,-132.47164143438587,-6.671201525240669,6.007743972373603,26.575698269393627,-16.859841603241787,3.54006743550513,1.68854438569495,,,,"93.5",1803,"7.6",746584,595978,681807,665926,608070,677587,682657,657041,678877,"52.88",,,,,,,,29,4,"4-Seam Fastball",0,0,0,0,0,0,0,0,"Standard","Standard",152,"0.008","-0.043",,,,,"0.043",,0,0,0.397,0.603,24,28,25,29,2,1,5,1,5,3,"1.54","0.47","-0.47","54.8",,,,,
"CH","2024-09-14","77.8","0.37","5.91","Siri, Jose",642350,676282,,"ball",,,,,12,,"R","R","L","CLE","TB","B",,,2,0,2024,"0.46","1.16",0.4653493085976841,3.8069464699577016,,,666139,0,5,"Top",,,,,,,-0.6614303509075646,-113.31134461616496,0.26109389103747227,4.062174657496972,20.243108505147823,-22.404099656500282,3.5651328515345,1.63857179318627,,,,"79.8",1531,"7.6",746584,595978,681807,665926,608070,677587,682657,657041,678877,"52.94",,,,,,,,29,3,"Changeup",0,0,0,0,0,0,0,0,"Standard","Standard",129,"-0.034","0.113",,,,,"-0.113",,0,0,0.431,0.569,24,28,25,29,2,1,5,1,5,3,"2.59","0.46","-0.46","52.5",,,,,
"CH","2024-09-14","77.4","0.2","6.09","Siri, Jose",642350,676282,,"ball",,,,,12,,"R","R","L","CLE","TB","B",,,1,0,2024,"0.55","0.98",1.422446237201361,3.8656765250788663,,,666139,0,5,"Top",,,,,,,1.6400558972480297,-112.71945683976058,0.4403879533915358,4.351805501668162,20.793212118432372,-24.1312823455634,3.48994063135003,1.68854438569495,,,,"78.9",1373,"7.4",746584,595978,681807,665926,608070,677587,682657,657041,678877,"53.14",,,,,,,,29,2,"Changeup",0,0,0,0,0,0,0,0,"Standard","Standard",129,"-0.014","0.068",,,,,"-0.068",,0,0,0.445,0.5549999999999999,24,28,25,29,2,1,5,1,5,3,"2.82","0.55","-0.55","55.9",,,,,
"CH","2024-09-14","77","0.24","6","Siri, Jose",642350,676282,,"ball",,,,,12,,"R","R","L","CLE","TB","B",,,0,0,2024,"0.72","1.07",1.0098538772027181,4.608625539124439,,,666139,0,5,"Top",,,,,,,0.32687176669065743,-112.12425182742322,2.1591991039185983,5.96595053623321,21.125038071290227,-23.836704621090835,3.46487924082762,1.66355745330713,,,,"78.4",1366,"7.4",746584,595978,681807,665926,608070,677587,682657,657041,678877,"53.14",,,,,,,,29,1,"Changeup",0,0,0,0,0,0,0,0,"Standard","Standard",129,"-0.007","0.041",,,,,"-0.041",,0,0,0.452,0.548,24,28,25,29,2,1,5,1,5,3,"2.79","0.72","-0.72","54.1",,,,,
"FF","2024-09-14","92.9","0.23","5.85","Siri, Jose",642350,676282,"strikeout","called_strike",,,,,5,"Jose Siri called out on strikes.","R","R","L","CLE","TB","S",2,,2,2,2024,"0.44","1.61",0.22189505916621502,2.549310985191056,,,650490,2,2,"Top",,,,,,,-1.0136992443917057,-135.1825348654405,-6.372046892293946,5.596850653562679,28.81559583663766,-11.255236368007289,3.47663821313285,1.60121716018222,,,,"95.4",1895,"7.7",746584,595978,681807,665926,608070,677587,682657,657041,678877,"52.84",,0,"0",1,0,0,,10,5,"4-Seam Fastball",0,0,0,0,0,0,0,0,"Strategic","Standard",159,"0.02","-0.234",,,,,"0.234",,0,0,0.531,0.469,24,28,25,29,1,0,5,1,5,3,"1.03","0.44","-0.44","53.6",,,,,
"FF","2024-09-14","91","0.32","5.79","Siri, Jose",642350,676282,,"called_strike",,,,,6,,"R","R","L","CLE","TB","S",,,2,1,2024,"0.28","1.41",0.4613592139183206,2.486015326419308,,,650490,2,2,"Top",,,,,,,-0.2713796653449387,-132.55111394718853,-5.630272314720599,3.4260099203576395,24.953415036543667,-14.499367460571486,3.55271932195655,1.65118587216755,,,,"93.8",1683,"7.6",746584,595978,681807,665926,608070,677587,682657,657041,678877,"52.9",,,,,,,,10,4,"4-Seam Fastball",0,0,0,0,0,0,0,0,"Strategic","Standard",161,"0.005","-0.072",,,,,"0.072",,0,0,0.526,0.474,24,28,25,29,1,0,5,1,5,3,"1.31","0.28","-0.28","54.3",,,,,
"FF","2024-09-14","93.3","0.19","5.89","Siri, Jose",642350,676282,,"ball",,,,,11,,"R","R","L","CLE","TB","B",,,1,1,2024,"0.46","1.33",-0.43928221823282776,3.7168849447568153,,,650490,2,2,"Top",,,,,,,-2.691296979882965,-136.0024497489487,-2.8942561660324526,6.299993006834551,26.366881092398017,-15.173826272220138,3.55271932195655,1.65118587216755,,,,"95.8",1781,"7.4",746584,595978,681807,665926,608070,677587,682657,657041,678877,"53.13",,,,,,,,10,3,"4-Seam Fastball",0,0,0,0,0,0,0,0,"Strategic","Standard",161,"-0.003","0.05",,,,,"-0.05",,0,0,0.529,0.471,24,28,25,29,1,0,5,1,5,3,"1.26","0.46","-0.46","53.1",,,,,
"CH","2024-09-14","76.8","0.29","5.9","Siri, Jose",642350,676282,,"called_strike",,,,,9,,"R","R","L","CLE","TB","S",,,1,0,2024,"0.9","0.52",0.5617626350780816,2.086261550630017,,,650490,2,2,"Top",,,,,,,-1.0809964772493257,-112.03641993485236,-2.1728669746733624,7.779874638636121,17.830764228564956,-27.600101823337162,3.50259124446547,1.65118587216755,,,,"79",1430,"7.4",746584,595978,681807,665926,608070,677587,682657,657041,678877,"53.09",,,,,,,,10,2,"Changeup",0,0,0,0,0,0,0,0,"Standard","Standard",126,"0.003","-0.048",,,,,"0.048",,0,0,0.526,0.474,24,28,25,29,1,0,5,1,5,3,"3.29","0.9","-0.9","53.6",,,,,
"CU","2024-09-14","77","0.5","6","Siri, Jose",642350,676282,,"blocked_ball",,,,,14,,"R","R","L","CLE","TB","B",,,0,0,2024,"-0.68","-1.42",0.564652545088241,0.6219279458849636,,,650490,2,2,"Top",,,,,,,1.4084805421848987,-112.10770075299091,-1.753360329595328,-5.952568114976251,23.644002208506485,-43.920608507315976,3.55271932195655,1.70115967082264,,,,"77.8",2801,"7.2",746584,595978,681807,665926,608070,677587,682657,657041,678877,"53.29",,,,,,,,10,1,"Curveball",0,0,0,0,0,0,0,0,"Standard","Standard",344,"-0.002","0.034",,,,,"-0.034",,0,0,0.528,0.472,24,28,25,29,1,0,5,1,5,3,"5.32","-0.68","0.68","58.5",,,,,
"CU","2024-09-14","82.3","2.17","5.86","Siri, Jose",642350,682120,"strikeout","swinging_strike",,,,,8,"Jose Siri strikes out swinging.","R","R","L","CLE","TB","S",2,,1,2,2024,"-0.74","-0.38",0.26749340448469505,1.5035521448374873,,,666139,1,7,"Top",,,,,,,-2.89251772462601,-119.83695738401856,-2.6759257921565722,-6.625520300839063,22.143050001493044,-35.52755381140242,3.47,1.62,,,,"82.7",2577,"6.4",746584,595978,681807,665926,608070,677587,682657,657041,678877,"54.08",,0,"0",1,0,0,,49,4,"Curveball",4,0,0,4,0,4,0,4,"Standard","Standard",309,"0.014","-0.182","62.4","9.5","8.469577908",,"0.182",,4,-4,0.945,0.05500000000000005,27,28,28,29,1,2,4,1,1,3,"3.73","-0.74","0.74","36.6",28.37585522636954,-51.491883419287696,30.790148609181454,40.824029125550474,57.71657302832486
"FF","2024-09-14","96.9","1.62","5.58","Siri, Jose",642350,682120,,"foul",,,,,7,,"R","R","L","CLE","TB","S",,,1,1,2024,"0.5","1.15",-0.7667026432323109,1.8866918795541725,,,666139,1,7,"Top",,,,,,,-7.5344087757933496,-140.87886777394468,-7.007756683532757,8.29527316713266,28.46612273215711,-15.48771198272362,3.47,1.62,280,"82.7",31,"97.6",2502,"6.5",746584,595978,681807,665926,608070,677587,682657,657041,678877,"54.04",,,,,,,,49,3,"4-Seam Fastball",4,0,0,4,0,4,0,4,"Standard","Standard",125,"0.005","-0.059","79.9","8.5",,,"0.059","88.0",4,-4,0.94,0.06000000000000005,27,28,28,29,1,2,4,1,1,3,"1.26","0.5","-0.5","28.0",20.866974838845167,-11.026438445577,44.71668786301249,26.272048104593644,31.071400221648876
"FF","2024-09-14","96.9","1.79","5.67","Siri, Jose",642350,682120,,"ball",,,,,13,,"R","R","L","CLE","TB","B",,,0,1,2024,"0.66","1.14",-0.949076569821351,1.648981091959134,,,666139,1,7,"Top",,,,,,,-8.842730798898906,-140.77215038677716,-7.850283866036023,10.662741073525686,29.083201833303963,-15.429601006895375,3.6151489642507,1.68842351266288,,,,"97.5",2545,"6.5",746584,595978,681807,665926,608070,677587,682657,657041,678877,"53.97",,,,,,,,49,2,"4-Seam Fastball",4,0,0,4,0,4,0,4,"Standard","Standard",133,"-0.002","0.029",,,,,"-0.029",,4,-4,0.942,0.05800000000000005,27,28,28,29,1,2,4,1,1,3,"1.28","0.66","-0.66","30.6",,,,,
"FF","2024-09-14","96.7","1.84","5.73","Siri, Jose",642350,682120,,"swinging_strike",,,,,5,,"R","R","L","CLE","TB","S",,,0,0,2024,"0.63","1.22",-0.23131698137822654,2.75613989553113,,,666139,1,7,"Top",,,,,,,-6.969271794109082,-140.7443723663304,-5.189597226284049,9.907211221235922,30.06359759052138,-14.987191844647313,3.47,1.62,,,,"97.2",2440,"6.4",746584,595978,681807,665926,608070,677587,682657,657041,678877,"54.09",,,,,,,,49,1,"4-Seam Fastball",4,0,0,4,0,4,0,4,"Standard","Standard",125,"0.003","-0.04","76.1","7.2","1.196750928",,"0.04",,4,-4,0.939,0.061000000000000054,27,28,28,29,1,2,4,1,1,3,"1.21","0.63","-0.63","27.7",3.2595716838915862,16.229265864087168,38.26526922319692,31.390432308122804,17.358442843514446
"FC","2024-09-13","87.5","-2.14","6.05","Siri, Jose",642350,676440,"strikeout","swinging_strike",,,,,14,"Jose Siri strikes out swinging.","R","R","R","CLE","TB","S",2,,1,2,2024,"0.94","0.1",1.5758043752715654,1.2397500220553872,,,,2,6,"Top",,,,,,,7.069366719144106,-127.23036610418154,-5.6993791331949115,8.791020708784508,25.564581738212098,-30.12292593404211,3.48,1.62,,,,"88",2894,"6.6",746586,666310,647304,665926,608070,677587,682177,657041,678877,"53.89",,0,"0",1,0,0,,42,4,"Cutter",0,3,3,0,3,0,3,0,"Strategic","Standard",75,"0.004","-0.18","40.8","7.8","6.813954",,"0.18",,-3,3,0.159,0.841,25,28,25,29,3,2,5,1,5,1,"2.88","-0.94","-0.94","47.3",8.849017645416895,10.881082168696922,31.078823285118187,56.20869378585131,14.623256577549897
"FC","2024-09-13","89.1","-2.23","6.1","Siri, Jose",642350,676440,,"swinging_strike",,,,,14,,"R","R","R","CLE","TB","S",,,1,1,2024,"0.8","0.15",0.537939041419323,0.9988272447192381,,,,2,6,"Top",,,,,,,5.146313514004009,-129.78837103118553,-6.949672992193364,8.235301543012726,22.73747447149952,-29.422741455138812,3.48,1.62,,,,"90.1",2874,"6.5",746586,666310,647304,665926,608070,677587,682177,657041,678877,"53.99",,,,,,,,42,3,"Cutter",0,3,3,0,3,0,3,0,"Strategic","Standard",121,"0.002","-0.064","67.7","9.2","0.760208592",,"0.064",,-3,3,0.157,0.843,25,28,25,29,3,2,5,1,5,1,"2.68","-0.8","-0.8","47.3",27.85729955906629,-19.42540777868238,39.08967884723445,41.486153174616554,39.97716639765848
"FC","2024-09-13","87.6","-2.14","6.18","Siri, Jose",642350,676440,,"swinging_strike",,,,,2,,"R","R","R","CLE","TB","S",,,1,0,2024,"0.57","0.62",0.19208591113694629,3.1612884148922804,,,,2,6,"Top",,,,,,,4.465692873131603,-127.55312823754822,-2.492897261937825,5.373781766560108,23.988661537960542,-25.124843324078995,3.48,1.62,,,,"88.1",2742,"6.4",746586,666310,647304,665926,608070,677587,682177,657041,678877,"54.11",,,,,,,,42,2,"Cutter",0,3,3,0,3,0,3,0,"Strategic","Standard",98,"0.001","-0.051","76.0","6.9","2.030637312",,"0.051",,-3,3,0.156,0.844,25,28,25,29,3,2,5,1,5,1,"2.33","-0.57","-0.57","54.2",1.2292361074918279,21.431097000934415,29.158035254820557,38.1779087585942,16.771872518584757
"FC","2024-09-13","87.4","-2.1","6.13","Siri, Jose",642350,676440,,"ball",,,,,7,,"R","R","R","CLE","TB","B",,,0,0,2024,"0.78","-0.1",-0.33961741077796814,1.7549780908190389,,,,2,6,"Top",,,,,,,2.6383147397447058,-127.33814223604557,-4.270665950599872,8.067843931643901,24.04723908811699,-32.60719467110858,3.42250548655003,1.67513643324555,,,,"88.2",2777,"6.6",746586,666310,647304,665926,608070,677587,682177,657041,678877,"53.93",,,,,,,,42,1,"Cutter",0,3,3,0,3,0,3,0,"Standard","Standard",91,"-0.001","0.04",,,,,"-0.04",,-3,3,0.157,0.843,25,28,25,29,3,2,5,1,5,1,"3.05","-0.78","-0.78","50.7",,,,,
"FF","2024-09-13","96.8","-1.86","6.26","Siri, Jose",642350,676440,"double","hit_into_play",,,,,8,"Jose Siri doubles (15) on a sharp line drive to right fielder Jhonkensy Noel.","R","R","R","CLE","TB","X",9,"line_drive",0,1,2024,"-0.41","1.2",0.22916997099851183,1.9702640141379544,,,,1,4,"Top",219.97,98.87,,,,,6.524389327749779,-140.63450851602767,-8.686457734992386,-6.916450863325156,30.07632412577458,-14.416907395461672,3.5,1.63,300,"102",18,"97.2",2476,"6.5",746586,666310,647304,665926,608070,677587,682177,657041,678877,"54.01",0.426,0.495,"1.25",1,1,1,5,27,2,"4-Seam Fastball",0,3,3,0,3,0,3,0,"Standard","Standard",205,"-0.026","0.694","75.7","7.5",,0.758,"-0.694","102.0",-3,3,0.2,0.8,25,28,25,29,2,1,5,1,5,1,"1.22","0.41","0.41","55.6",2.3672653113118396,18.515698394612286,38.55281191176705,39.044059534312915,17.16921837385034
"FF","2024-09-13","96.2","-1.94","6.2","Siri, Jose",642350,676440,,"called_strike",,,,,6,,"R","R","R","CLE","TB","S",,,0,0,2024,"-0.21","1.34",0.7161482141156914,2.631054995278847,,,,1,4,"Top",,,,,,,7.57703628596457,-139.86467797527058,-6.999701693089033,-4.352373894247844,28.938971538808342,-13.136615219604488,3.48290327806019,1.67033846646133,,,,"97.1",2571,"6.6",746586,666310,647304,665926,608070,677587,682177,657041,678877,"53.86",,,,,,,,27,1,"4-Seam Fastball",0,3,3,0,3,0,3,0,"Standard","Standard",203,"0.001","-0.037",,,,,"0.037",,-3,3,0.199,0.8009999999999999,25,28,25,29,2,1,5,1,5,1,"1.11","0.21","0.21","54.0",,,,,
"FF","2024-09-13","94.1","-2.01","6.27","Siri, Jose",642350,676440,"triple","hit_into_play",,,,,3,"Jose Siri triples (1) on a sharp fly ball to center fielder Lane Thomas.","R","R","R","CLE","TB","X",8,"fly_ball",0,2,2024,"-0.46","1.03",0.555568421627861,3.4939997422562294,,,,0,3,"Top",125.68,33.53,,,,,7.700122058999238,-136.84294147419428,-3.797632188770579,-7.382988087393532,28.016487723980852,-18.610610396991706,3.5,1.63,408,"103.9",27,"94.6",2304,"6.5",746586,666310,647304,665926,608070,677587,682177,657041,678877,"54.05",0.73,1.4502727272727272,"1.6",1,1,2,6,15,3,"4-Seam Fastball",0,0,0,0,0,0,0,0,"Strategic","Standard",204,"-0.105","1.077","74.1","7.5",,2.844,"-1.077","103.9",0,0,0.51,0.49,25,28,25,29,1,0,5,1,5,1,"1.54","0.46","0.46","50.0",11.93415351855082,0.7076233819019732,19.42149274529572,43.79736161168632,25.020130689392772
"SL","2024-09-13","87.1","-0.15","5.7","Siri, Jose",642350,669212,"field_out","hit_into_play",,,,,14,"Jose Siri grounds out softly, pitcher Eli Morgan to first baseman Josh Naylor.","R","R","R","CLE","TB","X",1,"ground_ball",0,1,2024,"0.34","0",1.1017149526129304,1.7538661534279818,,,,2,9,"Top",131.61,188.94,,,,,2.311293569614697,-126.9259726591925,-3.340033321673375,3.2435735017281986,24.895688761313647,-31.75843468011988,3.48,1.62,1,"38.7",-73,"87.2",2513,"6.2",746586,595978,647304,665926,608070,677587,686823,657041,678877,"54.33",0.253,0.251,"0",1,0,0,1,63,2,"Slider",1,3,3,1,3,1,3,1,"Standard","Standard",94,"0.004","-0.215","71.3","9.0",,0.26,"0.215","88.0",-2,2,0.091,0.909,28,28,28,29,1,3,3,1,3,1,"2.99","-0.34","-0.34","55.1",19.322557452647988,-15.939580889685436,32.83839343641046,49.52994917313278,37.949376040564474
"SL","2024-09-13","86.6","-0.38","5.65","Siri, Jose",642350,669212,,"foul",,,,,6,,"R","R","R","CLE","TB","S",,,0,0,2024,"0.24","0.25",0.6690223916018071,2.6298600994802506,,,,2,9,"Top",,,,,,,2.0080462806099755,-126.22681912554101,-1.609547367633943,2.2145469817640704,22.634039276597317,-29.344770949475027,3.48,1.62,206,"73.9",54,"87",2266,"6.2",746586,595978,647304,665926,608070,677587,686823,657041,678877,"54.35",,,,,,,,63,1,"Slider",1,3,3,1,3,1,3,1,"Standard","Standard",166,"0.001","-0.041","75.2","8.2",,,"0.041","88.0",-2,2,0.09,0.91,28,28,28,29,1,3,3,1,3,1,"2.75","-0.24","-0.24","46.1",11.707458382745523,2.424984766671713,29.138663926478355,44.33955693787484,25.294320600633235
"FF","2024-09-13","94.8","-1.95","6.35","Siri, Jose",642350,676440,,"foul",,,,,5,,"R","R","R","CLE","TB","S",,,0,1,2024,"-0.49","1.22",0.15511304548715055,2.800277044129288,,,,0,3,"Top",,,,,,,6.629856478063919,-137.96539477804438,-6.420052934472993,-7.64143302930761,26.736278949633377,-15.408847639544673,3.5,1.63,246,"78.5",46,"95.6",2317,"6.5",746586,666310,647304,665926,608070,677587,682177,657041,678877,"54.03",,,,,,,,15,2,"4-Seam Fastball",0,0,0,0,0,0,0,0,"Standard","Standard",208,"0.006","-0.054","71.4","6.8",,,"0.054","88.0",0,0,0.504,0.496,25,28,25,29,1,0,5,1,5,1,"1.29","0.49","0.49","55.7",-4.330044582841028,23.54805831421416,31.670930537120423,39.230112635784536,14.801095986725306
"FC","2024-09-13","86.4","-2.17","6.34","Siri, Jose",642350,676440,,"foul",,,,,9,,"R","R","R","CLE","TB","S",,,0,0,2024,"0.86","0.04",0.4753872833696102,2.132508388550332,,,,0,3,"Top",,,,,,,4.552413739122025,-125.80725304113574,-3.9647174374241305,8.369759220141585,22.760498398056185,-31.188672559076736,3.5,1.63,192,"85.1",64,"87",2676,"6.4",746586,666310,647304,665926,608070,677587,682177,657041,678877,"54.13",,,,,,,,15,1,"Cutter",0,0,0,0,0,0,0,0,"Standard","Standard",102,"0.004","-0.037","77.3","8.0",,,"0.037","88.0",0,0,0.5,0.5,25,28,25,29,1,0,5,1,5,1,"2.98","-0.86","-0.86","51.4",14.36086560852441,1.3194160489332734,34.031946597700696,41.7849804204149,26.202019278835717
"FF","2024-09-12","96.3","-2.64","5.78","Siri, Jose",642350,689958,,"ball",,,,,14,,"R","R","R","CLE","TB","B",,,2,2,2024,"-0.21","1.59",0.856894296908955,1.8698165429147686,,,,0,9,"Top",,,,,,,9.808888197934284,-139.80654102589878,-8.463572511103044,-4.902916602797508,31.03522629300379,-9.460941591830192,3.41258212538122,1.54185037567263,,,,"97",2573,"6.8",746591,666310,647304,665926,608070,677587,680757,657041,678877,"53.74",,,,,,,,68,5,"4-Seam Fastball",2,4,4,2,4,2,4,2,"Strategic","Standard",205,"-0.003","0.107",,,,,"-0.107",,-2,2,0.077,0.923,23,28,24,29,1,0,,1,1,1,"0.87","0.21","0.21","36.4",,,,,
"FF","2024-09-12","96.4","-2.82","5.81","Siri, Jose",642350,689958,,"ball",,,,,11,,"R","R","R","CLE","TB","B",,,1,2,2024,"-0.29","1.6",-0.6917813527381751,4.53715789084018,,,,0,9,"Top",,,,,,,6.378596588960329,-140.27950689013895,-1.4512666242382641,-5.304739409145711,31.39334621868422,-10.914839917029077,3.46462563162662,1.53957554830485,,,,"97.3",2590,"6.8",746591,666310,647304,665926,608070,677587,680757,657041,678877,"53.72",,,,,,,,68,4,"4-Seam Fastball",2,4,4,2,4,2,4,2,"Strategic","Standard",205,"-0.001","0.04",,,,,"-0.04",,-2,2,0.078,0.922,23,28,24,29,1,0,,1,1,1,"0.85","0.29","0.29","34.6",,,,,
"SL","2024-09-12","85.2","-2.72","5.92","Siri, Jose",642350,689958,,"ball",,,,,14,,"R","R","R","CLE","TB","B",,,0,2,2024,"0.57","0.11",1.5718912694309835,1.8175347948028682,,,,0,9,"Top",,,,,,,9.016497390280211,-123.82285295561435,-3.557465700234597,4.060648644944942,25.211321349398652,-30.514270549472194,3.43141757439401,1.5333830981321,,,,"85.9",2180,"6.9",746591,666310,647304,665926,608070,677587,680757,657041,678877,"53.64",,,,,,,,68,3,"Slider",2,4,4,2,4,2,4,2,"Strategic","Standard",72,"-0.001","0.023",,,,,"-0.023",,-2,2,0.079,0.921,23,28,24,29,1,0,,1,1,1,"3.04","-0.57","-0.57","40.6",,,,,
"SL","2024-09-12","85.2","-2.73","5.86","Siri, Jose",642350,689958,,"swinging_strike",,,,,14,,"R","R","R","CLE","TB","S",,,0,1,2024,"0.37","0.12",0.9916598980758664,0.4892614036570788,,,,0,9,"Top",,,,,,,8.059076754857067,-123.64273593129171,-6.527957281450685,2.1255997011499606,26.08320282780072,-29.79052000243019,3.49,1.63,,,,"85.8",2149,"6.9",746591,666310,647304,665926,608070,677587,680757,657041,678877,"53.57",,,,,,,,68,2,"Slider",2,4,4,2,4,2,4,2,"Standard","Standard",74,"0.002","-0.054","59.3","8.8","3.650332152",,"0.054",,-2,2,0.077,0.923,23,28,24,29,1,0,,1,1,1,"3.06","-0.37","-0.37","42.1",28.071645406336987,-17.403931669448596,40.456296188906016,45.22783927835761,44.97141393284859
"SL","2024-09-12","86","-2.86","5.95","Siri, Jose",642350,689958,,"swinging_strike",,,,,9,,"R","R","R","CLE","TB","S",,,0,0,2024,"0.23","0.2",0.7001685343251682,1.8510831201688838,,,,0,9,"Top",,,,,,,8.024374205702358,-124.96798973251325,-3.8523544718517853,0.7265960230852502,26.680935927500048,-29.465508083254946,3.49,1.63,,,,"86.3",2130,"6.7",746591,666310,647304,665926,608070,677587,680757,657041,678877,"53.78",,,,,,,,68,1,"Slider",2,4,4,2,4,2,4,2,"Standard","Standard",82,"0.001","-0.037","73.4","8.4","2.423638368",,"0.037",,-2,2,0.076,0.924,23,28,24,29,1,0,,1,1,1,"2.91","-0.23","-0.23","40.4",26.17040114513358,-22.57623902772285,33.40193719050887,42.572810729084594,40.832004481900434
,"2024-09-12",,,,"Siri, Jose",642350,689958,"walk","automatic_ball",,,,,,"Jose Siri walks.","R","R","R","CLE","TB","B",,,3,2,2024,,,,,,,,0,9,"Top",,,,,,,,,,,,,,,,,,,,,746591,666310,647304,665926,608070,677587,680757,657041,678877,,,0.689131,"0.7",1,0,0,,68,6,,2,4,4,2,4,2,4,2,,,,"-0.009",,,,,,,,-2,2,0.074,0.926,23,28,24,29,1,0,,1,1,1,,,,,,,,,
"ST","2024-09-11","85.9","-2.15","5.22","Siri, Jose",642350,554430,"field_out","hit_into_play",,,,,5,"Jose Siri flies out to left fielder Brandon Marsh.","R","R","R","PHI","TB","X",7,"fly_ball",0,1,2024,"0.68","0.46",0.10021933517887549,2.360803991315451,,,,1,6,"Top",83.55,104.96,,,,,3.992081089547321,-125.12388238166771,-1.448515137792671,6.375609107629757,25.21435635920086,-27.31242227607507,3.5,1.63,257,"91.4",52,"86.8",2534,"6.8",745525,605244,665019,681082,642215,607208,669016,679032,592206,"53.71",0.003,0.002,"0",1,0,0,3,44,2,"Sweeper",2,2,2,2,2,2,2,2,"Standard","Standard",78,"0.021","-0.219","75.6","8.2",,0.003,"0.219","91.4",0,0,0.538,0.46199999999999997,34,28,34,29,3,2,5,1,6,1,"2.63","-0.68","-0.68","22.1",18.42738848535814,-7.380606253549913,32.9783296660511,37.063000450140805,37.429747614953286
"ST","2024-09-11","85.9","-2.22","5.17","Siri, Jose",642350,554430,,"swinging_strike",,,,,6,,"R","R","R","PHI","TB","S",,,0,0,2024,"0.51","0.43",0.6078099271521189,2.5497664436759364,,,,1,6,"Top",,,,,,,5.7450855897999755,-124.95526645379842,-0.8172518471757229,4.182328175189575,25.33871453829373,-27.70549436536923,3.5,1.63,,,,"87",2568,"7",745525,605244,665019,681082,642215,607208,669016,679032,592206,"53.48",,,,,,,,44,1,"Sweeper",2,2,2,2,2,2,2,2,"Standard","Standard",76,"0.004","-0.037","75.3","8.9","1.234080732",,"0.037",,0,0,0.534,0.46599999999999997,34,28,34,29,3,2,5,1,6,1,"2.66","-0.51","-0.51","20.8",29.599879400886863,-26.65979685441572,30.590221906617767,43.16474462089062,48.07354372930017
"ST","2024-09-11","85.9","-2.25","5.24","Siri, Jose",642350,554430,"field_out","hit_into_play",,,,,3,"Jose Siri grounds out softly, catcher Aramis Garcia to first baseman Kody Clemens. Jonathan Aranda to 3rd.","R","R","R","PHI","TB","X",2,"ground_ball",0,0,2024,"0.22","0.77",0.2912060955866522,3.07985894415073,,666018,,0,4,"Top",127.94,200.37,,,,,5.629152790144642,-125.00262101964229,-0.40108470743196606,1.155867874734703,25.68452042531997,-24.248013397866345,3.50221726270509,1.631666995818,1,"46.1",-68,"86.8",2516,"6.9",745525,605244,665019,681082,642215,607208,669016,679032,592206,"53.6",0.24,0.262,"0",1,0,0,1,29,1,"Sweeper",2,1,1,2,1,2,1,2,"Standard","Standard",78,"0.019","-0.194","80.5","8.6",,0.247,"0.194","88.0",1,-1,0.546,0.45399999999999996,34,28,34,29,2,1,5,1,6,1,"2.32","-0.22","-0.22","22.7",23.945208808255934,-30.179851391211592,30.984459977496506,38.78366954408217,49.91742212667842
"FF","2024-09-11","95.6","-2.16","5.25","Siri, Jose",642350,554430,"strikeout","swinging_strike",,,,,3,"Jose Siri strikes out swinging.","R","R","R","PHI","TB","S",2,,0,2,2024,"-1.07","1.23",0.46006869865233435,3.11477599132719,,666185,666018,0,2,"Top",,,,,,,9.474391441031988,-138.91078575517346,-2.7652849336557184,-16.01292127224837,33.65506931748084,-15.820109949832812,3.5,1.63,,,,"96.9",2462,"7.3",745525,605244,665019,681082,642215,607208,669016,679032,592206,"53.23",,0,"0",1,0,0,,12,3,"4-Seam Fastball",2,0,0,2,0,2,0,2,"Standard","Standard",231,"0.034","-0.159","69.8","6.7","1.228412076",,"0.159",,2,-2,0.62,0.38,34,28,34,29,1,0,5,1,6,1,"1.28","1.07","1.07","23.0",1.8435029662671776,28.07387374280509,27.604991369651707,44.34995680413295,12.341596562719491
"SI","2024-09-11","94.3","-2.19","5.26","Siri, Jose",642350,554430,,"foul_tip",,,,,13,,"R","R","R","PHI","TB","S",,,0,1,2024,"-1.14","0.81",-1.2612151719464926,2.5218037277139267,,666185,666018,0,2,"Top",,,,,,,5.070744654457543,-137.34691704766522,-3.3337839310664577,-15.564123522018173,28.38661309539399,-21.341587156223206,3.5,1.63,,,,"96.5",2216,"7.3",745525,605244,665019,681082,642215,607208,669016,679032,592206,"53.18",,,,,,,,12,2,"Sinker",2,0,0,2,0,2,0,2,"Standard","Standard",228,"0.014","-0.071","74.1","6.6",,,"0.071",,2,-2,0.606,0.394,34,28,34,29,1,0,5,1,6,1,"1.73","1.14","1.14","25.6",-7.237414242518175,20.38098048480823,40.717168381802274,25.37516004413879,19.641313605514952
"SI","2024-09-11","95.6","-2.12","5.32","Siri, Jose",642350,554430,,"swinging_strike",,,,,1,,"R","R","R","PHI","TB","S",,,0,0,2024,"-1.18","0.82",-0.4777498178855826,3.040630889789391,,666185,666018,0,2,"Top",,,,,,,7.1149672694750254,-139.04075757345535,-2.3025149740210757,-16.861192821771198,29.78072831198716,-21.183787292075053,3.5,1.63,,,,"97.6",2306,"7.3",745525,605244,665019,681082,642215,607208,669016,679032,592206,"53.16",,,,,,,,12,1,"Sinker",2,0,0,2,0,2,0,2,"Standard","Standard",230,"0.008","-0.044","76.3","7.1","0.42841554",,"0.044",,2,-2,0.598,0.402,34,28,34,29,1,0,5,1,6,1,"1.67","1.18","1.18","21.8",0.9577566811081227,14.380685098806511,33.76910346319914,32.2773780209783,18.858326483533936
"FF","2024-09-10","94.2","2.55","6.52","Siri, Jose",642350,621383,"walk","ball",,,,,12,"Jose Siri walks.","R","R","L","PHI","TB","B",,,3,2,2024,"0.5","1.43",1.409075076072516,3.3685406625478724,,,,1,9,"Top",,,,,,,-4.045514211430189,-136.98636026729608,-5.590582719791314,7.1713111489466215,32.12781097296758,-13.097657713314272,3.63115705596225,1.75918546715684,,,,"93.3",2281,"5.9",745535,596117,547180,681082,665019,607208,669016,670276,592206,"54.58",,0.689131,"0.7",1,0,0,,80,7,"4-Seam Fastball",9,4,4,9,4,9,4,9,"Standard","Standard",160,"-0.003","0.348",,,,,"-0.348",,5,-5,0.997,0.0030000000000000027,32,28,33,29,1,0,2,1,6,1,"1.15","0.5","-0.5","51.9",,,,,
"FF","2024-09-10","94.4","2.32","6.58","Siri, Jose",642350,621383,,"foul",,,,,2,,"R","R","L","PHI","TB","S",,,3,2,2024,"0.22","1.45",-0.23541792367698677,3.0186547166530784,,,,1,9,"Top",,,,,,,-7.08502582372537,-137.15289068978635,-6.670018316443952,4.474715456177226,33.34292692506554,-12.608768731432706,3.51,1.64,172,"73.2",26,"93.2",2295,"5.9",745535,596117,547180,681082,665019,607208,669016,670276,592206,"54.58",,,,,,,,80,6,"4-Seam Fastball",9,4,4,9,4,9,4,9,"Standard","Standard",159,"0","0","76.7","7.2",,,"0","88.0",5,-5,0.997,0.0030000000000000027,32,28,33,29,1,0,2,1,6,1,"1.14","0.22","-0.22","50.2",7.662696540100589,12.262369441681368,31.134337908251098,35.09118474846557,23.62811886415052
"SL","2024-09-10","86.7","2.64","6.38","Siri, Jose",642350,621383,,"foul",,,,,7,,"R","R","L","PHI","TB","S",,,3,1,2024,"-0.37","0.36",-0.5193067341704267,2.0061098995968116,,,,1,9,"Top",,,,,,,-6.758970350942934,-126.03313818412438,-4.952260849435799,-2.5528507335825132,26.155057570352746,-27.52663160851197,3.51,1.64,327,"107.5",22,"86.2",2394,"6.1",745535,596117,547180,681082,665019,607208,669016,670276,592206,"54.43",,,,,,,,80,5,"Slider",9,4,4,9,4,9,4,9,"Standard","Standard",218,"0.001","-0.092","85.5","8.9",,,"0.092","107.5",5,-5,0.996,0.0040000000000000036,32,28,33,29,1,0,2,1,6,1,"2.69","-0.37","0.37","50.6",13.395197096254897,1.0383592757045936,36.506279237075184,34.76429756572174,45.0684198017976
"FF","2024-09-10","92.5","2.45","6.59","Siri, Jose",642350,621383,,"ball",,,,,12,,"R","R","L","PHI","TB","B",,,2,1,2024,"0.25","1.51",0.731092794244361,3.9232008309126774,,,,1,9,"Top",,,,,,,-4.872905677559534,-134.5324313469608,-4.191784814622977,4.15679377312711,31.328869524854795,-13.1965953999341,3.6068680605867,1.78395733819476,,,,"91.4",2259,"5.8",745535,596117,547180,681082,665019,607208,669016,670276,592206,"54.69",,,,,,,,80,4,"4-Seam Fastball",9,4,4,9,4,9,4,9,"Standard","Standard",165,"-0.002","0.122",,,,,"-0.122",,5,-5,0.998,0.0020000000000000018,32,28,33,29,1,0,2,1,6,1,"1.17","0.25","-0.25","47.9",,,,,
"SL","2024-09-10","87.7","2.72","6.44","Siri, Jose",642350,621383,,"ball",,,,,13,,"R","R","L","PHI","TB","B",,,1,1,2024,"-0.43","0.37",-1.3479539665256652,2.4786941627170767,,,,1,9,"Top",,,,,,,-8.908475131403135,-127.48181109139324,-4.221116189658274,-2.9609960985535553,24.82530717705124,-27.485326383045493,3.58257004303901,1.66002867615702,,,,"87.5",2409,"6.1",745535,596117,547180,681082,665019,607208,669016,670276,592206,"54.4",,,,,,,,80,3,"Slider",9,4,4,9,4,9,4,9,"Standard","Standard",214,"0","0.059",,,,,"-0.059",,5,-5,0.998,0.0020000000000000018,32,28,33,29,1,0,2,1,6,1,"2.59","-0.43","0.43","48.5",,,,,
"SL","2024-09-10","87.6","2.53","6.48","Siri, Jose",642350,621383,,"ball",,,,,13,,"R","R","L","PHI","TB","B",,,0,1,2024,"-0.15","0.39",-1.4732148579320359,2.2304196729126584,,,,1,9,"Top",,,,,,,-9.309605816587544,-127.23123095829627,-4.923477349931275,0.22122375539038028,25.008367566984056,-27.09610824401036,3.6068680605867,1.75918546715684,,,,"87.2",2332,"6",745535,596117,547180,681082,665019,607208,669016,670276,592206,"54.46",,,,,,,,80,2,"Slider",9,4,4,9,4,9,4,9,"Standard","Standard",219,"0","0.024",,,,,"-0.024",,5,-5,0.998,0.0020000000000000018,32,28,33,29,1,0,2,1,6,1,"2.58","-0.15","0.15","50.2",,,,,
"FF","2024-09-10","93.2","2.58","6.6","Siri, Jose",642350,621383,,"called_strike",,,,,6,,"R","R","L","PHI","TB","S",,,0,0,2024,"0.32","1.4",0.6522919457377597,2.8058104124307706,,,,1,9,"Top",,,,,,,-5.596988292150338,-135.50507901325918,-6.970538215043906,5.139038804722122,30.450185242492758,-13.581404682371252,3.6068680605867,1.70962085738003,,,,"92.3",2294,"5.8",745535,596117,547180,681082,665019,607208,669016,670276,592206,"54.66",,,,,,,,80,1,"4-Seam Fastball",9,4,4,9,4,9,4,9,"Standard","Standard",155,"0","-0.037",,,,,"0.037",,5,-5,0.998,0.0020000000000000018,32,28,33,29,1,0,2,1,6,1,"1.23","0.32","-0.32","51.0",,,,,
"SI","2024-09-09","95","1.8","6.09","Siri, Jose",642350,650911,"field_out","hit_into_play",,,,,8,"Jose Siri grounds out sharply, shortstop Trea Turner to first baseman Bryce Harper.","R","R","L","PHI","TB","X",6,"ground_ball",3,1,2024,"1.55","0.65",0.07416395434296619,1.8888490279587513,,,,0,5,"Top",114,149,,,,,-8.087608423046143,-137.99939242646713,-6.882630840000837,21.633027918322227,30.436141041901614,-22.43268982896745,3.52,1.65,7,"101",-15,"96.1",2143,"7",745534,596117,547180,681082,665019,607208,669016,679032,592206,"53.52",0.27,0.283,"0",1,0,0,2,31,5,"Sinker",0,0,0,0,0,0,0,0,"Standard","Standard",120,"0.049","-0.418","77.8","7.7",,0.277,"0.418","101.0",0,0,0.481,0.519,27,28,28,29,2,1,5,1,6,1,"1.88","1.55","-1.55","27.5",11.226188109810973,13.671643358421438,37.75823150367455,40.43680282973148,20.62883408558453
"SI","2024-09-09","95.2","1.77","6.14","Siri, Jose",642350,650911,,"called_strike",,,,,2,,"R","R","L","PHI","TB","S",,,3,0,2024,"1.67","0.73",0.2566653317869585,3.0209751488451495,,,,0,5,"Top",,,,,,,-7.847035168162181,-138.40877523290013,-4.200741652469637,23.203032409876993,31.535469931919117,-22.0656494629545,3.55514308566591,1.65077903740265,,,,"96.4",2146,"7.1",745534,596117,547180,681082,665019,607208,669016,679032,592206,"53.41",,,,,,,,31,4,"Sinker",0,0,0,0,0,0,0,0,"Standard","Standard",120,"0.01","-0.09",,,,,"0.09",,0,0,0.471,0.529,27,28,28,29,2,1,5,1,6,1,"1.8","1.67","-1.67","28.6",,,,,
"CH","2024-09-09","86","1.98","6.07","Siri, Jose",642350,650911,,"ball",,,,,13,,"R","R","L","PHI","TB","B",,,2,0,2024,"1.67","-0.05",-1.3124887312785247,1.0900674281074787,,,,0,5,"Top",,,,,,,-11.279519584310783,-124.63319626251476,-5.450342920145735,19.644377638225738,24.79025174446865,-31.788911259117313,3.46991484062791,1.64686285207059,,,,"86.7",2160,"6.9",745534,596117,547180,681082,665019,607208,669016,679032,592206,"53.59",,,,,,,,31,3,"Changeup",0,0,0,0,0,0,0,0,"Standard","Standard",105,"-0.015","0.147",,,,,"-0.147",,0,0,0.486,0.514,27,28,28,29,2,1,5,1,6,1,"3.16","1.67","-1.67","31.0",,,,,
"SI","2024-09-09","96.5","1.83","6.19","Siri, Jose",642350,650911,,"ball",,,,,13,,"R","R","L","PHI","TB","B",,,1,0,2024,"1.56","0.79",-1.0437748154674709,2.1981553214580742,,,,0,5,"Top",,,,,,,-11.299073751202565,-140.0224483057954,-6.914993229850285,23.007181888792335,30.70665945184737,-20.364807835156032,3.50721644317658,1.65416044702328,,,,"97.6",2122,"7",745534,596117,547180,681082,665019,607208,669016,679032,592206,"53.51",,,,,,,,31,2,"Sinker",0,0,0,0,0,0,0,0,"Standard","Standard",124,"-0.009","0.069",,,,,"-0.069",,0,0,0.495,0.505,27,28,28,29,2,1,5,1,6,1,"1.67","1.56","-1.56","34.5",,,,,
"CH","2024-09-09","87","1.99","5.97","Siri, Jose",642350,650911,,"ball",,,,,13,,"R","R","L","PHI","TB","B",,,0,0,2024,"1.69","0.09",-1.021544800283716,1.0697680375713192,,,,0,5,"Top",,,,,,,-10.835477978655232,-126.20838187881226,-5.838716832024821,20.199039782300883,24.806854624651102,-30.147617931788776,3.52090942944396,1.7039660568797,,,,"88.2",2186,"7.1",745534,596117,547180,681082,665019,607208,669016,679032,592206,"53.37",,,,,,,,31,1,"Changeup",0,0,0,0,0,0,0,0,"Standard","Standard",109,"-0.005","0.038",,,,,"-0.038",,0,0,0.5,0.5,27,28,28,29,2,1,5,1,6,1,"2.93","1.69","-1.69","26.9",,,,,
"CH","2024-09-09","85.6","2.05","6","Siri, Jose",642350,650911,"field_out","hit_into_play",,,,,9,"Jose Siri flies out to right fielder Nick Castellanos.","R","R","L","PHI","TB","X",9,"fly_ball",0,1,2024,"1.61","0.1",0.7547855423761096,2.12732445357726,,,676609,2,2,"Top",177.81,141.52,,,,,-6.411934679565719,-124.42460418498635,-3.064723292201644,17.982832276429814,26.392956030513705,-30.650126304099977,3.52,1.65,186,"78.9",61,"86.7",2049,"7.1",745534,596117,547180,681082,665019,607208,669016,679032,592206,"53.35",0.008,0.007,"0",1,0,0,3,13,2,"Changeup",0,0,0,0,0,0,0,0,"Standard","Standard",100,"0.02","-0.224","83.3","8.4",,0.008,"0.224","88.0",0,0,0.531,0.469,27,28,28,29,1,0,5,1,6,1,"3.03","1.61","-1.61","25.8",27.050462486633712,10.172868678086067,24.728289395031318,47.877316925620704,31.086095512852815
"CH","2024-09-09","84.4","1.86","6.02","Siri, Jose",642350,650911,,"swinging_strike",,,,,9,,"R","R","L","PHI","TB","S",,,0,0,2024,"1.46","0.04",0.41374054403307836,1.535648905130072,,,676609,2,2,"Top",,,,,,,-6.350256131887433,-122.64736427536853,-4.1407223758234455,15.968089933780389,25.317734659750887,-31.141454929637604,3.52,1.65,,,,"85.4",1769,"7.1",745534,596117,547180,681082,665019,607208,669016,679032,592206,"53.39",,,,,,,,13,1,"Changeup",0,0,0,0,0,0,0,0,"Standard","Standard",100,"0.003","-0.047","74.0","9.2","3.886745412",,"0.047",,0,0,0.528,0.472,27,28,28,29,1,0,5,1,6,1,"3.18","1.46","-1.46","28.3",32.46501988606091,-29.86087149241092,35.35760281861801,42.96962715739797,47.959230370578226
"ST","2024-09-09","85.5","-1.7","5.64","Siri, Jose",642350,689147,"field_out","hit_into_play",,,,,9,"Jose Siri grounds out, third baseman Kody Clemens to first baseman Bryce Harper.","R","R","R","PHI","TB","X",5,"ground_ball",0,1,2024,"1.29","-0.12",0.6220533450143171,1.5880057977261686,,,,2,7,"Top",100.6,161.88,,,,,2.8737083550833127,-124.46252092430001,-3.004970819739036,12.74875722592739,25.944625487243222,-33.01102600180478,3.52,1.65,39,"66.2",3,"85.3",2821,"6.2",745534,596117,547180,681082,665019,607208,669016,679032,592206,"54.29",0.202,0.183,"0",1,0,0,2,47,2,"Sweeper",1,0,0,1,0,1,0,1,"Standard","Standard",57,"0.018","-0.215","69.6","8.5",,0.229,"0.215","88.0",1,-1,0.771,0.22899999999999998,23,28,23,29,1,2,4,1,1,1,"3.25","-1.29","-1.29","28.4",28.38004224851084,-1.665950873548341,36.49077173406068,42.168640792746125,34.46929806756235
"ST","2024-09-09","85.8","-1.74","5.66","Siri, Jose",642350,689147,,"called_strike",,,,,6,,"R","R","R","PHI","TB","S",,,0,0,2024,"1.34","-0.02",0.7610399048268726,2.5982688525038875,,,,2,7,"Top",,,,,,,3.1970568369484593,-124.99889239867015,-0.9277093173866652,13.338848279106678,26.513503028074634,-32.39410932471973,3.62345978048726,1.70503844127415,,,,"85.7",2846,"6.3",745534,596117,547180,681082,665019,607208,669016,679032,592206,"54.21",,,,,,,,47,1,"Sweeper",1,0,0,1,0,1,0,1,"Standard","Standard",58,"0.003","-0.041",,,,,"0.041",,1,-1,0.768,0.23199999999999998,23,28,23,29,1,2,4,1,1,1,"3.12","-1.34","-1.34","28.1",,,,,
"ST","2024-09-08","83.8","-1.01","5.85","Siri, Jose",642350,669203,"strikeout","swinging_strike",,,,,6,"Jose Siri strikes out swinging.","R","R","R","BAL","TB","S",2,,1,2,2024,"1.83","-0.17",0.37751171486782376,2.642824715959281,,,,1,5,"Top",,,,,,,-0.41551335123684596,-122.03375966294601,-0.5691433869355198,18.11998617304616,27.7777891512231,-33.996525413475524,3.52,1.65,,,,"83.5",2963,"6.4",746989,668939,656811,702616,665155,683002,681297,656775,596103,"54.12",,0,"0",1,0,0,,34,5,"Sweeper",0,0,0,0,0,0,0,0,"Standard","Standard",89,"0.015","-0.182","72.6","8.0","0.343544808",,"0.182",,0,0,0.537,0.46299999999999997,29,28,30,29,2,1,6,1,6,1,"3.46","-1.83","-1.83","41.0",17.691848347969422,-7.5168537325818034,32.5947295163136,38.608337839840345,30.404017278116505
"ST","2024-09-08","85.7","-1.05","5.85","Siri, Jose",642350,669203,,"foul",,,,,9,,"R","R","R","BAL","TB","S",,,1,2,2024,"1.68","-0.03",0.4683900139534565,1.7735057369038962,,,,1,5,"Top",,,,,,,0.18705600795753496,-124.83532065892692,-3.2834852454145347,17.441363993351644,27.29948748903268,-31.956608168009282,3.52,1.65,228,"72.1",40,"85.7",3007,"6.4",746989,668939,656811,702616,665155,683002,681297,656775,596103,"54.1",,,,,,,,34,4,"Sweeper",0,0,0,0,0,0,0,0,"Standard","Standard",53,"0","0","64.4","8.2",,,"0","88.0",0,0,0.537,0.46299999999999997,29,28,30,29,2,1,6,1,6,1,"3.14","-1.68","-1.68","40.2",11.027810518787172,-1.9044786503122744,38.591173804801635,40.70491649112561,30.876047423997598
"ST","2024-09-08","84.1","-1.11","5.72","Siri, Jose",642350,669203,,"swinging_strike",,,,,14,,"R","R","R","BAL","TB","S",,,1,1,2024,"1.76","0.18",2.481853414962175,1.0053798275163892,,,,1,5,"Top",,,,,,,4.834980841803824,-122.2512945360482,-4.768938932049558,16.199487424398775,29.37138485544946,-29.479013059634394,3.52,1.65,,,,"83.7",2920,"6.6",746989,668939,656811,702616,665155,683002,681297,656775,596103,"53.94",,,,,,,,34,3,"Sweeper",0,0,0,0,0,0,0,0,"Standard","Standard",56,"0.006","-0.061","33.6","8.0","15.576057552",,"0.061",,0,0,0.531,0.469,29,28,30,29,2,1,6,1,6,1,"3.11","-1.76","-1.76","36.3",18.029465768922837,-11.228936121513094,32.643883890235024,64.17066591699344,38.14687487519863
"ST","2024-09-08","82.9","-1.05","5.8","Siri, Jose",642350,669203,,"foul",,,,,6,,"R","R","R","BAL","TB","S",,,1,0,2024,"1.65","0.17",0.8244263781486837,2.287049209046268,,,,1,5,"Top",,,,,,,1.0609440761789117,-120.70759114284225,-1.7825597937971898,15.644712769509505,27.72256764713774,-30.359311433278087,3.52,1.65,3,"60.2",-37,"82.6",3058,"6.5",746989,668939,656811,702616,665155,683002,681297,656775,596103,"54.04",,,,,,,,34,2,"Sweeper",0,0,0,0,0,0,0,0,"Standard","Standard",57,"0.004","-0.051","71.4","8.1",,,"0.051","88.0",0,0,0.527,0.473,29,28,30,29,2,1,6,1,6,1,"3.19","-1.65","-1.65","43.5",26.665318758903393,-7.003683900756756,30.175983633412717,44.01282940557381,39.744059257841556
"CU","2024-09-08","78.1","-0.67","6.12","Siri, Jose",642350,669203,,"ball",,,,,11,,"R","R","R","BAL","TB","B",,,0,0,2024,"0.72","-1.12",-0.9564097892206084,3.257888321342233,,,,1,5,"Top",,,,,,,-1.955278918557833,-113.64019829526119,2.803826579717636,6.626556358043116,21.72955637178524,-42.6147250118956,3.44998406672844,1.48448278790934,,,,"77.9",2725,"6.3",746989,668939,656811,702616,665155,683002,681297,656775,596103,"54.23",,,,,,,,34,1,"Curveball",0,0,0,0,0,0,0,0,"Standard","Standard",42,"-0.003","0.039",,,,,"-0.039",,0,0,0.53,0.47,29,28,30,29,2,1,6,1,6,1,"4.87","-0.72","-0.72","50.6",,,,,
"SI","2024-09-08","96.4","-0.82","5.97","Siri, Jose",642350,669203,"field_out","hit_into_play",,,,,7,"Jose Siri lines out to center fielder Cedric Mullins.","R","R","R","BAL","TB","X",8,"line_drive",2,2,2024,"-0.88","1.03",-0.36829420056679807,1.8471638792928586,,,,0,3,"Top",112.71,70.42,,,,,3.227012186681939,-140.34152172721215,-7.790487985385314,-12.416218499567215,29.824951355317175,-17.021870769694154,3.52,1.65,321,"85.7",27,"97",2502,"6.4",746989,668939,656811,702616,665155,683002,681297,656775,596103,"54.05",0.074,0.086,"0",1,0,0,3,17,7,"Sinker",0,0,0,0,0,0,0,0,"Standard","Standard",183,"0.021","-0.227","75.5","8.2",,0.126,"0.227","88.0",0,0,0.504,0.496,29,28,30,29,1,0,6,1,6,1,"1.41","0.88","0.88","40.6",5.062777280366617,-1.0352926430453298,42.966406906481254,31.78384105188406,27.863625489601702
"ST","2024-09-08","81.1","-0.9","5.96","Siri, Jose",642350,669203,,"foul",,,,,5,,"R","R","R","BAL","TB","S",,,2,2,2024,"1.31","-0.77",-0.09140806572912119,2.584027395143336,,,,0,3,"Top",,,,,,,-0.6928071234731288,-118.08237993955797,0.6104863227255555,12.290327875186634,24.723702053829026,-39.674904164736134,3.52,1.65,270,"100.3",19,"81.1",2925,"6.5",746989,668939,656811,702616,665155,683002,681297,656775,596103,"54.01",,,,,,,,17,6,"Sweeper",0,0,0,0,0,0,0,0,"Standard","Standard",337,"0","0","72.1","8.2",,,"0","100.3",0,0,0.504,0.496,29,28,30,29,1,0,6,1,6,1,"4.26","-1.31","-1.31","43.2",23.061380462347326,-24.69154799869057,29.37372599125829,34.32061132940275,45.032076408971406
"ST","2024-09-08","81.5","-0.87","6.03","Siri, Jose",642350,669203,,"ball",,,,,11,,"R","R","R","BAL","TB","B",,,1,2,2024,"1.61","-0.59",-0.9972264352085252,3.2127526147865186,,,,0,3,"Top",,,,,,,-3.3792171785489202,-118.53078897825964,1.49723940947637,15.734308125959265,25.853275655916843,-38.2836855011933,3.32270229868358,1.51856345249161,,,,"81.1",3036,"6.4",746989,668939,656811,702616,665155,683002,681297,656775,596103,"54.11",,,,,,,,17,5,"Sweeper",0,0,0,0,0,0,0,0,"Standard","Standard",154,"-0.003","0.04",,,,,"-0.04",,0,0,0.507,0.493,29,28,30,29,1,0,6,1,6,1,"4.07","-1.61","-1.61","41.7",,,,,
"ST","2024-09-08","82.3","-0.88","6.01","Siri, Jose",642350,669203,,"foul",,,,,9,,"R","R","R","BAL","TB","S",,,1,2,2024,"1.31","-0.3",0.4925017304405097,2.118363457010207,,,,0,3,"Top",,,,,,,0.5708497481887137,-119.77695064430301,-1.6178884280943944,12.341792770124044,26.794290238842503,-34.891766717970185,3.52,1.65,,,,"81.9",3168,"6.4",746989,668939,656811,702616,665155,683002,681297,656775,596103,"54.13",,,,,,,,17,4,"Sweeper",0,0,0,0,0,0,0,0,"Standard","Standard",56,"0","0","68.6","8.7",,,"0",,0,0,0.507,0.493,29,28,30,29,1,0,6,1,6,1,"3.71","-1.31","-1.31","48.4",25.989278074214184,-13.196801844165376,33.438289757584904,39.67574126948821,40.193585312819295
"ST","2024-09-08","81.9","-0.94","6.05","Siri, Jose",642350,669203,,"called_strike",,,,,4,,"R","R","R","BAL","TB","S",,,1,1,2024,"1.09","-0.2",-0.4026777116731598,2.4582587087870125,,,,0,3,"Top",,,,,,,-0.8832475483115743,-119.17352815120621,-1.0955438937130209,10.474043114773771,25.37964838131858,-34.078288680414644,3.42131799300509,1.4426202900232,,,,"81.7",2896,"6.4",746989,668939,656811,702616,665155,683002,681297,656775,596103,"54.1",,,,,,,,17,3,"Sweeper",0,0,0,0,0,0,0,0,"Standard","Standard",44,"0.006","-0.056",,,,,"0.056",,0,0,0.501,0.499,29,28,30,29,1,0,6,1,6,1,"3.63","-1.09","-1.09","45.8",,,,,
"FC","2024-09-08","94.6","-0.86","6.08","Siri, Jose",642350,669203,,"swinging_strike",,,,,14,,"R","R","R","BAL","TB","S",,,1,0,2024,"0.34","0.97",0.11498123770026702,1.374729849667218,,,,0,3,"Top",,,,,,,1.7840266249106183,-137.59431134140306,-8.805830591578317,3.9732842804410526,28.580249496136794,-18.184261938195817,3.52,1.65,,,,"95.1",2789,"6.5",746989,668939,656811,702616,665155,683002,681297,656775,596103,"54.05",,,,,,,,17,2,"Cutter",0,0,0,0,0,0,0,0,"Standard","Standard",193,"0.005","-0.049","74.6","8.8","0.1",,"0.049",,0,0,0.496,0.504,29,28,30,29,1,0,6,1,6,1,"1.57","-0.34","-0.34","43.8",24.58652877528971,-13.58310600806304,43.04953133127188,35.95877583738569,39.72631280432925
"FC","2024-09-08","91.9","-0.92","6.08","Siri, Jose",642350,669203,,"ball",,,,,11,,"R","R","R","BAL","TB","B",,,0,0,2024,"0.42","0.84",-0.20239441148568466,3.7802071125559085,,,,0,3,"Top",,,,,,,0.9071229671228894,-133.92920316275607,-1.8357046023964791,4.953223332560423,27.0792085271821,-21.89805527786989,3.51022673566058,1.56570718226196,,,,"92.5",1702,"6.4",746989,668939,656811,702616,665155,683002,681297,656775,596103,"54.09",,,,,,,,17,1,"Cutter",0,0,0,0,0,0,0,0,"Standard","Standard",154,"-0.004","0.038",,,,,"-0.038",,0,0,0.5,0.5,29,28,30,29,1,0,6,1,6,1,"1.84","-0.42","-0.42","48.4",,,,,
"SL","2024-09-08","86.2","1.85","5.83","Siri, Jose",642350,669211,"strikeout","swinging_strike",,,,,13,"Jose Siri strikes out swinging.","R","R","L","BAL","TB","S",2,,2,2,2024,"-0.4","0.27",-0.8855037522709157,1.5821260956625145,,,670764,2,9,"Top",,,,,,,-5.6350748532393355,-125.4945725893126,-4.420408315816761,-3.146440504822192,23.857963021033466,-28.626201207743417,3.52,1.65,,,,"85.5",2498,"5.7",746989,668939,691723,702616,670869,683002,681297,656775,596103,"54.81",,0,"0",1,0,0,,67,5,"Slider",0,2,2,0,2,0,2,0,"Standard","Standard",280,"0.008","-0.234","32.2","7.2","5.497442904",,"0.234",,-2,2,0.087,0.913,29,28,29,29,1,3,4,1,3,1,"2.78","-0.4","0.4","36.2",13.035864571349553,7.344187900484244,32.94294470509296,26.430607462085796,20.542828308323976
"FF","2024-09-08","94.9","1.8","5.98","Siri, Jose",642350,669211,,"swinging_strike",,,,,2,,"R","R","L","BAL","TB","S",,,2,1,2024,"0.85","1.45",0.16334566832069464,2.947018515240993,,,670764,2,9,"Top",,,,,,,-6.131766832043938,-138.03076430932637,-5.444491701602147,12.278422861884028,30.795127033342936,-12.651159429965643,3.52,1.65,,,,"94",2333,"5.8",746989,668939,691723,702616,670869,683002,681297,656775,596103,"54.71",,,,,,,,67,4,"4-Seam Fastball",0,2,2,0,2,0,2,0,"Standard","Standard",152,"0.002","-0.072","78.3","7.5","0.318427416",,"0.072",,-2,2,0.085,0.915,29,28,29,29,1,3,4,1,3,1,"1.09","0.85","-0.85","40.5",8.75097127468372,14.543327874281665,31.912946310821393,39.507331799605595,20.074701852234682
"FF","2024-09-08","95.4","1.85","6.03","Siri, Jose",642350,669211,,"ball",,,,,11,,"R","R","L","BAL","TB","B",,,1,1,2024,"0.9","1.51",-0.23418727515073234,3.9907437700796584,,,670764,2,9,"Top",,,,,,,-7.441608661471292,-138.72222559244238,-3.089568707625476,13.297010668083498,32.060444522128186,-12.214381984620802,3.49445160110964,1.64579491785767,,,,"94.5",2396,"5.9",746989,668939,691723,702616,670869,683002,681297,656775,596103,"54.64",,,,,,,,67,3,"4-Seam Fastball",0,2,2,0,2,0,2,0,"Standard","Standard",148,"-0.001","0.05",,,,,"-0.05",,-2,2,0.086,0.914,29,28,29,29,1,3,4,1,3,1,"1.01","0.9","-0.9","43.1",,,,,
"CH","2024-09-08","88.3","1.89","5.81","Siri, Jose",642350,669211,,"blocked_ball",,,,,13,,"R","R","L","BAL","TB","B",,,0,1,2024,"1.27","0.26",-0.1473361715580488,0.7905993888689253,,,670764,2,9,"Top",,,,,,,-7.513724446670242,-128.25325696968375,-6.5440073881829015,15.631545903337935,28.18455039087466,-28.081456730968114,3.45605547193321,1.60740021358103,,,,"87.1",1889,"5.8",746989,668939,691723,702616,670869,683002,681297,656775,596103,"54.72",,,,,,,,67,2,"Changeup",0,2,2,0,2,0,2,0,"Standard","Standard",120,"-0.001","0.032",,,,,"-0.032",,-2,2,0.087,0.913,29,28,29,29,1,3,4,1,3,1,"2.69","1.27","-1.27","43.8",,,,,
"FF","2024-09-08","94.8","1.75","5.98","Siri, Jose",642350,669211,,"swinging_strike",,,,,13,,"R","R","L","BAL","TB","S",,,0,0,2024,"0.97","1.54",-0.8628840873913614,2.3191844612778256,,,670764,2,9,"Top",,,,,,,-8.893274047423354,-137.5397758810468,-7.203327936097416,14.418642207233574,32.536850294113776,-11.171158640241384,3.52,1.65,,,,"93.5",2276,"5.8",746989,668939,691723,702616,670869,683002,681297,656775,596103,"54.66",,,,,,,,67,1,"4-Seam Fastball",0,2,2,0,2,0,2,0,"Standard","Standard",150,"0.001","-0.047",,,,,"0.047",,-2,2,0.086,0.914,29,28,29,29,1,3,4,1,3,1,"1.03","0.97","-0.97","42.2",,,,,
"SI","2024-09-08","92","-4.09","5.6","Siri, Jose",642350,621199,"field_out","hit_into_play",,,,,6,"Jose Siri grounds out, second baseman Jackson Holliday to first baseman Ryan O'Hearn.","R","R","R","BAL","TB","X",4,"ground_ball",0,1,2024,"-1.57","0.19",0.3536374543025744,2.7726451660113813,,,,0,7,"Top",135.63,161.08,,,,,14.699478986723026,-133.19546203782252,-1.7210797785224365,-21.673926508631478,26.312392162492745,-29.790141160861378,3.52,1.65,19,"93.5",-7,"92.5",2270,"6.7",746989,668939,656811,702616,665155,683002,681297,656775,596103,"53.8",0.263,0.237,"0",1,0,0,2,50,2,"Sinker",0,2,2,0,2,0,2,0,"Standard","Standard",258,"0.014","-0.217","66.8","7.5",,0.27,"0.217","93.5",-2,2,0.187,0.813,33,28,33,29,1,2,1,1,5,1,"2.52","1.57","1.57","34.5",7.1073315000182555,19.95702533435103,25.731266891494535,41.0326364485495,19.048652328746872
"ST","2024-09-08","84.5","-4.15","5.77","Siri, Jose",642350,621199,,"swinging_strike",,,,,9,,"R","R","R","BAL","TB","S",,,0,0,2024,"0.74","0.62",0.48960401109811647,2.1593457533226332,,,,0,7,"Top",,,,,,,9.334813549969802,-122.68401623057116,-3.199595650637718,5.394319448960604,27.003178382118662,-25.48497402057097,3.52,1.65,,,,"84.3",2625,"6.5",746989,668939,656811,702616,665155,683002,681297,656775,596103,"53.98",,,,,,,,50,1,"Sweeper",0,2,2,0,2,0,2,0,"Standard","Standard",52,"0.002","-0.037","74.7","8.0","0.132485304",,"0.037",,-2,2,0.185,0.815,33,28,33,29,1,2,1,1,5,1,"2.62","-0.74","-0.74","38.1",12.86560299683461,14.013552724317584,33.17319405202588,41.7290822926218,23.9314857549697
"ST","2024-09-07","80.2","-2.3","5.84","Siri, Jose",642350,621107,"single","hit_into_play",,,,,14,"Jose Siri singles on a ground ball to third baseman Emmanuel Rivera. Jonny DeLuca to 3rd.","R","R","R","BAL","TB","X",5,"ground_ball",0,0,2024,"1.18","0.47",1.0106326839975621,2.098341071316297,,676356,,2,6,"Top",107.25,170.2,,,,,5.098070385215858,-116.71235153560416,-2.426718909241525,9.667802161867124,23.48264321761873,-27.626423850336998,3.53,1.66,1,"51.7",-59,"80.1",2364,"6.4",746986,543510,656811,702616,656896,683002,681297,656775,623993,"54.1",0.28,0.283,"0.9",1,1,0,1,48,1,"Sweeper",0,2,2,0,2,0,2,0,"Standard","Standard",70,"-0.011","0.671","72.3","8.8",,0.287,"-0.671","88.0",-2,2,0.232,0.768,30,28,30,29,3,2,6,2,6,1,"3.09","-1.18","-1.18","26.4",28.862209362135307,-22.28787502778048,30.993922070044807,45.32542930290581,47.184628235294795
"SI","2024-09-07","92.8","-2.25","5.74","Siri, Jose",642350,621107,"field_out","hit_into_play",,,,,4,"Jose Siri pops out to third baseman Emmanuel Rivera on the infield fly rule.","R","R","R","BAL","TB","X",5,"popup",1,2,2024,"-1.4","0.52",-0.8275835379895409,2.4677031717813356,,666139,676356,1,4,"Top",112.68,178.36,,,,,6.765518655883565,-134.91955178022542,-3.7047230507938544,-18.609429983258778,29.816706240766315,-25.25345401951976,3.53,1.66,78,"44.7",62,"93.3",2046,"6.7",746986,543510,656811,702616,656896,683002,681297,656775,623993,"53.83",0.018,0.018,"0",1,0,0,1,30,4,"Sinker",0,2,2,0,2,0,2,0,"Standard","Standard",237,"0.024","-0.175","73.3","7.8",,0.021,"0.175","88.0",-2,2,0.252,0.748,30,28,30,29,2,1,6,2,6,1,"2.14","1.4","1.4","25.2",12.415291331240155,-8.998439768985717,34.0746620409658,24.50818299789619,28.339124235328015
"ST","2024-09-07","81.6","-2.33","5.84","Siri, Jose",642350,621107,,"blocked_ball",,,,,14,,"R","R","R","BAL","TB","B",,,0,2,2024,"1.39","0.24",3.2039384004272202,0.5237361377092267,,666139,676356,1,4,"Top",,,,,,,9.766034988446696,-118.42232076371032,-5.744742190642365,11.015056824717416,24.416040656280025,-28.929499526202537,3.35839986484284,1.54864850362632,,,,"81.3",2436,"6.4",746986,543510,656811,702616,656896,683002,681297,656775,623993,"54.11",,,,,,,,30,3,"Sweeper",0,2,2,0,2,0,2,0,"Standard","Standard",64,"-0.003","0.022",,,,,"-0.022",,-2,2,0.255,0.745,30,28,30,29,2,1,6,2,6,1,"3.23","-1.39","-1.39","27.0",,,,,
"ST","2024-09-07","80.6","-2.22","5.89","Siri, Jose",642350,621107,,"foul",,,,,14,,"R","R","R","BAL","TB","S",,,0,1,2024,"1.07","0.3",0.8494075711156429,1.7366441980746128,,666139,676356,1,4,"Top",,,,,,,4.800966863302579,-117.32799887985311,-3.1678048398502496,9.052067679488756,20.791427282101118,-29.03290548187083,3.53,1.66,2,"48.5",-44,"80.9",2405,"6.3",746986,543510,656811,702616,656896,683002,681297,656775,623993,"54.18",,,,,,,,30,2,"Sweeper",0,2,2,0,2,0,2,0,"Standard","Standard",66,"0.009","-0.048","61.3","8.9",,,"0.048","88.0",-2,2,0.246,0.754,30,28,30,29,2,1,6,2,6,1,"3.19","-1.07","-1.07","27.7",31.13296887435621,-28.16713684884691,35.64375273577487,44.835121194587465,46.03137924023395
"FC","2024-09-07","89.6","-2.34","5.8","Siri, Jose",642350,621107,,"called_strike",,,,,6,,"R","R","R","BAL","TB","S",,,0,0,2024,"0.19","0.69",0.327526245361936,2.3532901044367565,,666139,676356,1,4,"Top",,,,,,,6.207909945012117,-130.51448283457054,-4.0780489234956665,1.0612564530253823,23.82011446581898,-23.612506602078916,3.45856369447062,1.57553926807825,,,,"90.3",2197,"6.4",746986,543510,656811,702616,656896,683002,681297,656775,623993,"54.13",,,,,,,,30,1,"Cutter",0,2,2,0,2,0,2,0,"Standard","Standard",194,"0.005","-0.039",,,,,"0.039",,-2,2,0.241,0.759,30,28,30,29,2,1,6,2,6,1,"2.11","-0.19","-0.19","28.0",,,,,
"FF","2024-09-07","92.8","-2.09","5.78","Siri, Jose",642350,621107,"strikeout","foul_tip",,,,,5,"Jose Siri strikes out on a foul tip.","R","R","R","BAL","TB","S",2,,2,2,2024,"-1.06","1.15",0.16437929869900114,2.7376060045491637,,,,2,2,"Top",,,,,,,8.118659893442636,-134.93814763795407,-4.530908759292357,-14.700323957562205,29.246789963483124,-17.302450221863104,3.53,1.66,,,,"93.2",2267,"6.6",746986,543510,656811,702616,656896,683002,681297,656775,623993,"53.93",,0,"0",1,0,0,,10,5,"4-Seam Fastball",0,1,1,0,1,0,1,0,"Standard","Standard",227,"0.009","-0.219","76.3","7.4",,,"0.219",,-1,1,0.434,0.5660000000000001,30,28,30,29,1,0,6,2,6,1,"1.5","1.06","1.06","30.1",5.394256256923449,10.839973546133091,32.60680615216338,37.75262730518184,19.37652350868277
"FF","2024-09-07","92.9","-2.19","5.77","Siri, Jose",642350,621107,,"swinging_strike",,,,,5,,"R","R","R","BAL","TB","S",,,2,1,2024,"-0.76","1.14",0.1437139850158925,2.8211993861834666,,,,2,2,"Top",,,,,,,7.675764160763958,-135.09312196021497,-4.280945640049606,-10.994137657103378,28.272172452574946,-17.46889846176697,3.53,1.66,,,,"93.3",2302,"6.5",746986,543510,656811,702616,656896,683002,681297,656775,623993,"54.02",,,,,,,,10,4,"4-Seam Fastball",0,1,1,0,1,0,1,0,"Standard","Standard",221,"0.002","-0.084","55.1","5.6","1.005389424",,"0.084",,-1,1,0.432,0.5680000000000001,30,28,30,29,1,0,6,2,6,1,"1.5","0.76","0.76","24.5",-16.62297060115955,48.569618853156854,37.531730957161265,39.916087904190974,-8.28583405608219
"FC","2024-09-07","89.6","-2.27","5.83","Siri, Jose",642350,621107,,"ball",,,,,14,,"R","R","R","BAL","TB","B",,,1,1,2024,"0.13","0.69",1.6276128432564283,1.774530825586406,,,,2,2,"Top",,,,,,,9.328217634676239,-130.13269679363526,-5.458986486129177,-0.4149424096604552,26.412656095972963,-23.398964309356447,3.35689635985403,1.54644804447226,,,,"89.6",2311,"6.3",746986,543510,656811,702616,656896,683002,681297,656775,623993,"54.21",,,,,,,,10,3,"Cutter",0,1,1,0,1,0,1,0,"Standard","Standard",204,"-0.001","0.058",,,,,"-0.058",,-1,1,0.433,0.567,30,28,30,29,1,0,6,2,6,1,"2.16","-0.13","-0.13","24.3",,,,,
"FC","2024-09-07","90.3","-2.4","5.77","Siri, Jose",642350,621107,,"called_strike",,,,,8,,"R","R","R","BAL","TB","S",,,1,0,2024,"-0.09","0.92",0.2606569162383575,1.6836737927332557,,,,2,2,"Top",,,,,,,6.817312410186525,-131.36214079581148,-6.232933321475468,-2.3396419225856437,25.586121263783035,-20.37039571148496,3.43673696562046,1.59460998159684,,,,"90.8",2258,"6.4",746986,543510,656811,702616,656896,683002,681297,656775,623993,"54.08",,,,,,,,10,2,"Cutter",0,1,1,0,1,0,1,0,"Standard","Standard",209,"0.001","-0.051",,,,,"0.051",,-1,1,0.432,0.5680000000000001,30,28,30,29,1,0,6,2,6,1,"1.86","0.09","0.09","24.1",,,,,
"ST","2024-09-07","80.5","-2.31","5.87","Siri, Jose",642350,621107,,"ball",,,,,14,,"R","R","R","BAL","TB","B",,,0,0,2024,"1.3","0.36",2.1537583607423443,1.3381831688794046,,,,2,2,"Top",,,,,,,7.4294033678845075,-116.88500504576189,-3.9789506844304676,10.277169483574381,24.445315111184392,-28.27528227972918,3.35674022104969,1.61030414691557,,,,"80.2",2353,"6.4",746986,543510,656811,702616,656896,683002,681297,656775,623993,"54.06",,,,,,,,10,1,"Sweeper",0,1,1,0,1,0,1,0,"Standard","Standard",66,"-0.001","0.04",,,,,"-0.04",,-1,1,0.433,0.567,30,28,30,29,1,0,6,2,6,1,"3.2","-1.3","-1.3","27.3",,,,,
"FF","2024-09-07","92.4","-2.87","4.76","Siri, Jose",642350,518886,"field_out","hit_into_play",,,,,3,"Jose Siri pops out to second baseman Livan Soto.","R","R","R","BAL","TB","X",4,"popup",1,2,2024,"-0.8","1.04",0.7178569929399409,3.002852316878556,,,666163,2,9,"Top",150.76,156.49,,,,,10.989318109791254,-134.26304441766155,-0.9520430818122199,-11.993188905378503,27.6469752802431,-19.49677485162145,3.53,1.66,125,"96.2",69,"93.4",2303,"6.8",746986,543510,656811,670869,656896,683002,596103,681297,623993,"53.68",0.005,0.005,"0",1,0,0,3,77,5,"4-Seam Fastball",1,7,7,1,7,1,7,1,"Standard","Standard",217,"0","-0.197","78.0","8.1",,0.005,"0.197","96.2",-6,6,0.003,0.997,36,28,36,29,1,4,4,2,2,1,"1.62","0.8","0.8","24.7",15.409254187313886,-0.26350815521136556,25.898989010273816,42.168425094913715,34.042069830261156
"KC","2024-09-07","85","-2.91","4.79","Siri, Jose",642350,518886,,"foul",,,,,8,,"R","R","R","BAL","TB","S",,,1,2,2024,"1.17","-0.44",-0.09700133162835278,1.7303030775457553,,,666163,2,9,"Top",,,,,,,4.27351018620474,-123.65546983701468,0.1105602833068291,10.926217789660399,27.360197814743916,-36.95150927261634,3.53,1.66,190,"102.1",13,"85.3",2580,"6.7",746986,543510,656811,670869,656896,683002,596103,681297,623993,"53.78",,,,,,,,77,4,"Knuckle Curve",1,7,7,1,7,1,7,1,"Standard","Standard",64,"0","0","79.4","8.5",,,"0","102.1",-6,6,0.003,0.997,36,28,36,29,1,4,4,2,2,1,"3.63","-1.17","-1.17","25.8",21.788894035259567,-17.54938725464134,39.14453842587249,32.162299805873374,41.16220436306229
"ST","2024-09-07","84.5","-2.86","4.83","Siri, Jose",642350,518886,,"ball",,,,,14,,"R","R","R","BAL","TB","B",,,0,2,2024,"1.41","0.06",1.621432687447998,1.0183630104510701,,,666163,2,9,"Top",,,,,,,7.684194423989247,-122.78443033970555,-2.5613804589038836,12.399435209984128,27.818791207880185,-31.191939640719852,3.46382578803268,1.51498240480879,,,,"84.7",2677,"6.8",746986,543510,656811,670869,656896,683002,596103,681297,623993,"53.69",,,,,,,,77,3,"Sweeper",1,7,7,1,7,1,7,1,"Standard","Standard",59,"0","0.027",,,,,"-0.027",,-6,6,0.003,0.997,36,28,36,29,1,4,4,2,2,1,"3.18","-1.41","-1.41","30.5",,,,,
"FF","2024-09-07","93.1","-2.84","4.68","Siri, Jose",642350,518886,,"called_strike",,,,,14,,"R","R","R","BAL","TB","S",,,0,1,2024,"-0.92","1.21",1.0595420172049004,2.543922262628641,,,666163,2,9,"Top",,,,,,,12.145584205461612,-135.04016269108757,-2.2879685099410914,-14.10368953961325,31.783753182480226,-17.155830166013526,3.61046977275696,1.59743308109664,,,,"93.6",2308,"6.9",746986,543510,656811,670869,656896,683002,596103,681297,623993,"53.56",,,,,,,,77,2,"4-Seam Fastball",1,7,7,1,7,1,7,1,"Standard","Standard",217,"0","-0.054",,,,,"0.054",,-6,6,0.003,0.997,36,28,36,29,1,4,4,2,2,1,"1.46","0.92","0.92","24.6",,,,,
"KC","2024-09-07","84","-2.88","4.86","Siri, Jose",642350,518886,,"swinging_strike_blocked",,,,,14,,"R","R","R","BAL","TB","S",,,0,0,2024,"0.81","-0.88",1.1160712974267475,0.6873631445084429,,,666163,2,9,"Top",,,,,,,7.708453692983355,-122.08978544221326,-1.4362184780247291,6.305814851341346,27.29177050813372,-40.77585431945174,3.53,1.66,,,,"84.1",2676,"6.8",746986,543510,656811,670869,656896,683002,596103,681297,623993,"53.75",,,,,,,,77,1,"Knuckle Curve",1,7,7,1,7,1,7,1,"Standard","Standard",59,"0","-0.047","29.7","7.0","10.38485244",,"0.047",,-6,6,0.003,0.997,36,28,36,29,1,4,4,2,2,1,"4.15","-0.81","-0.81","27.9",3.504063823497308,12.89754263317203,30.165440804695617,47.494017140994906,18.131345920770947
"FC","2024-09-07","91.6","-3.69","5.82","Siri, Jose",642350,621199,"strikeout","swinging_strike",,,,,3,"Jose Siri strikes out swinging.","R","R","R","BAL","TB","S",2,,0,2,2024,"0.01","0.96",0.6079384116759992,3.21514673802573,666139,,666163,2,7,"Top",,,,,,,10.890980042197244,-133.00543687093435,-2.803795855033818,-2.0921881094163495,27.06443749787678,-20.28255195321658,3.53,1.66,,,,"92.2",2206,"6.7",746986,543510,656811,702616,656896,683002,681297,656775,623993,"53.83",,0,"0",1,0,0,,61,3,"Cutter",1,5,5,1,5,1,5,1,"Standard","Standard",200,"0.007","-0.158","74.4","7.9","0.300704868",,"0.158",,-4,4,0.064,0.9359999999999999,33,28,33,29,1,3,3,2,1,1,"1.75","-0.01","-0.01","33.5",12.670970104092767,3.6735034604691092,23.924929186527176,40.96628665025072,22.68522397352563
"FC","2024-09-07","91.2","-3.78","5.83","Siri, Jose",642350,621199,,"swinging_strike",,,,,6,,"R","R","R","BAL","TB","S",,,0,1,2024,"-0.01","0.9",0.7541415117036852,2.88881580848477,666139,,666163,2,7,"Top",,,,,,,11.462160021377683,-132.42826386455945,-3.4757552424974154,-2.3693915244006347,26.44232081460998,-20.951410506101716,3.53,1.66,,,,"91.8",2213,"6.6",746986,543510,656811,702616,656896,683002,681297,656775,623993,"53.88",,,,,,,,61,2,"Cutter",1,5,5,1,5,1,5,1,"Standard","Standard",210,"0.003","-0.082","76.2","7.8","0.414031824",,"0.082",,-4,4,0.061,0.9390000000000001,33,28,33,29,1,3,3,2,1,1,"1.83","0.01","0.01","36.6",9.32150585163284,8.486942324175752,28.280048466117645,42.60530102282293,24.003973515537957
"ST","2024-09-07","84.7","-4","5.74","Siri, Jose",642350,621199,,"called_strike",,,,,5,,"R","R","R","BAL","TB","S",,,0,0,2024,"0.96","0.53",0.2584660526117981,2.4695887403236947,666139,,666163,2,7,"Top",,,,,,,8.047806401592544,-123.06367370300113,-2.30458219477351,8.013150713537884,25.908723988842684,-26.567955052924688,3.64898058369486,1.55172519130419,,,,"84.8",2496,"6.6",746986,543510,656811,702616,656896,683002,681297,656775,623993,"53.95",,,,,,,,61,1,"Sweeper",1,5,5,1,5,1,5,1,"Standard","Standard",81,"0.002","-0.046",,,,,"0.046",,-4,4,0.059,0.9410000000000001,33,28,33,29,1,3,3,2,1,1,"2.68","-0.96","-0.96","38.8",,,,,
"FF","2024-09-05","97.4","-1.36","5.57","Siri, Jose",642350,641154,"strikeout","swinging_strike",,,,,2,"Jose Siri strikes out swinging.","R","R","R","TB","MIN","S",2,,2,2,2024,"-0.49","1.35",0.042175730894338515,3.1772902656308033,676356,,,1,7,"Bot",,,,,,,4.960107556854086,-141.6621859945554,-4.034230398500622,-7.756669104990567,33.611723659213574,-13.347476556739357,3.55,1.66,,,,"98.7",2312,"7.2",745042,680777,467793,666397,669304,650489,663616,668885,670242,"53.34",,0,"0",1,0,0,,54,5,"4-Seam Fastball",2,4,2,4,4,2,2,4,"Standard","Standard",215,"-0.076","-0.344","71.6","6.3","0.482143644",,"0.344",,-2,-2,0.271,0.271,28,28,28,29,3,2,6,2,5,2,"1.07","0.49","0.49","39.4",2.740259377799673,41.42705010893516,30.07950619331536,38.33355419787125,10.006387376696285
"FF","2024-09-05","97","-1.39","5.65","Siri, Jose",642350,641154,,"ball",,,,,11,,"R","R","R","TB","MIN","B",,,1,2,2024,"-0.49","1.38",-1.6484315293813274,4.277052472446487,676356,,,1,7,"Bot",,,,,,,0.43537484861919884,-141.25459468197278,-1.2680123642839178,-6.686306401361435,34.22502722694552,-13.728232450762171,3.40058572507785,1.66927674384414,,,,"98.2",2282,"7.1",745042,680777,467793,666397,669304,650489,663616,668885,670242,"53.42",,,,,,,,54,4,"4-Seam Fastball",2,4,2,4,4,2,2,4,"Standard","Standard",212,"0.013","0.026",,,,,"-0.026",,-2,-2,0.258,0.258,28,28,28,29,3,2,6,2,5,2,"1.05","0.49","0.49","40.8",,,,,
"ST","2024-09-05","84.8","-1.62","5.41","Siri, Jose",642350,641154,,"swinging_strike",,,,,14,,"R","R","R","TB","MIN","S",,,1,1,2024,"0.96","0.26",1.4827693813758156,1.9690908780171452,676356,,,1,7,"Bot",,,,,,,5.413148299302718,-123.45184083132682,-2.2434362368111236,8.705222866498879,25.248052831211663,-29.27476627668357,3.55,1.66,,,,"86",2423,"7.1",745042,680777,467793,666397,669304,650489,663616,668885,670242,"53.41",,,,,,,,54,3,"Sweeper",2,4,2,4,4,2,2,4,"Infield shade","Standard",45,"-0.022","-0.114","60.2","9.0","6.472921704",,"0.114",,-2,-2,0.28,0.28,28,28,28,29,3,2,6,2,5,2,"2.91","-0.96","-0.96","34.8",27.944253053573473,-30.776547106169016,29.018697589487857,54.14230874393519,45.831242561180744
"FF","2024-09-05","96.3","-1.43","5.54","Siri, Jose",642350,641154,,"swinging_strike",,,,,11,,"R","R","R","TB","MIN","S",,,1,0,2024,"-0.52","1.4",-1.0183974574355463,3.330640872285096,676356,,,1,7,"Bot",,,,,,,2.297103322392967,-140.17569023947902,-3.491985453981923,-7.324416412515387,33.18230994926406,-13.1903377522004,3.55,1.66,,,,"97.6",2272,"7.1",745042,680777,467793,666397,669304,650489,663616,668885,670242,"53.41",,,,,,,,54,2,"4-Seam Fastball",2,4,2,4,4,2,2,4,"Infield shade","Standard",214,"-0.01","-0.062","73.6","7.4","0.353235684",,"0.062",,-2,-2,0.29,0.29,28,28,28,29,3,2,6,2,5,2,"1.07","0.52","0.52","40.1",13.858568798501647,-7.769941239310499,30.443444248383496,26.105140093797687,29.94054138472469
"FF","2024-09-05","96.7","-1.46","5.64","Siri, Jose",642350,641154,,"ball",,,,,11,,"R","R","R","TB","MIN","B",,,0,0,2024,"-0.5","1.28",-1.703477753174323,4.551245772048505,676356,,,1,7,"Bot",,,,,,,0.5065475732486074,-140.7944725599232,-0.2525640614938179,-6.772557615953026,33.09603265797461,-15.328847714152616,3.51279635195628,1.5996451129076,,,,"98",2255,"7",745042,680777,467793,666397,669304,650489,663616,668885,670242,"53.45",,,,,,,,54,1,"4-Seam Fastball",2,4,2,4,4,2,2,4,"Infield shade","Standard",211,"0.005","0.038",,,,,"-0.038",,-2,-2,0.285,0.285,28,28,28,29,3,2,6,2,5,2,"1.16","0.5","0.5","39.2",,,,,
"ST","2024-09-05","86.4","-1.46","5.43","Siri, Jose",642350,641154,"strikeout","swinging_strike",,,,,14,"Jose Siri strikes out swinging.","R","R","R","TB","MIN","S",2,,2,2,2024,"0.77","0.07",1.321039802844214,1.3363202650147716,,,,0,5,"Bot",,,,,,,5.11197696118442,-125.63594586417697,-3.6260445532993146,7.001687780852405,28.086326700651284,-30.903745463826326,3.55,1.66,,,,"87.4",2557,"7.2",745042,680777,467793,666397,669304,650489,663616,668885,670242,"53.33",,0,"0",1,0,0,,39,5,"Sweeper",2,4,2,4,4,2,2,4,"Standard","Standard",47,"-0.027","-0.227","57.6","8.8","6.461429736",,"0.227",,-2,-2,0.284,0.284,28,28,28,29,2,1,6,2,5,2,"3.02","-0.77","-0.77","35.4",23.243560075820795,-20.33908515174978,32.56937415922453,53.030739527960606,41.4023401547872
"FF","2024-09-05","97.2","-1.53","5.6","Siri, Jose",642350,641154,,"swinging_strike",,,,,1,,"R","R","R","TB","MIN","S",,,2,1,2024,"-0.33","1.39",-0.7179431804977804,3.3194741667292726,,,,0,5,"Bot",,,,,,,2.9961824186350325,-141.42612832794887,-3.764225075576034,-5.185617989344562,34.66328237446412,-12.985391369902098,3.55,1.66,,,,"98.2",2332,"7",745042,680777,467793,666397,669304,650489,663616,668885,670242,"53.46",,,,,,,,39,4,"4-Seam Fastball",2,4,2,4,4,2,2,4,"Standard","Standard",214,"-0.01","-0.069","73.9","7.7","5.194464288",,"0.069",,-2,-2,0.294,0.294,28,28,28,29,2,1,6,2,5,2,"1.04","0.33","0.33","36.9",7.239688209770631,5.356433075402085,32.625687669362364,30.285843637546833,23.845438077454943
"FF","2024-09-05","96.5","-1.58","5.55","Siri, Jose",642350,641154,,"foul",,,,,4,,"R","R","R","TB","MIN","S",,,2,0,2024,"-0.51","1.43",-0.7165874506137343,2.7470767084929806,,,,0,5,"Bot",,,,,,,3.5001290763293267,-140.51780654531711,-5.2123336631563335,-7.488880551145323,31.578844562636473,-12.272990132847642,3.55,1.66,225,"77",46,"97.8",2371,"7",745042,680777,467793,666397,669304,650489,663616,668885,670242,"53.52",,,,,,,,39,3,"4-Seam Fastball",2,4,2,4,4,2,2,4,"Standard","Standard",215,"-0.011","-0.065","73.2","8.1",,,"0.065","88.0",-2,-2,0.305,0.305,28,28,28,29,2,1,6,2,5,2,"1.01","0.51","0.51","39.8",16.62603963324049,-10.838440501663317,36.917260798878075,30.277498415877506,30.833050428868766
"FF","2024-09-05","96.1","-1.48","5.62","Siri, Jose",642350,641154,,"ball",,,,,11,,"R","R","R","TB","MIN","B",,,1,0,2024,"-0.33","1.34",-0.8513088134114069,3.1279318617880567,,,,0,5,"Bot",,,,,,,2.4620492484151,-139.90446983744943,-4.136968599516301,-4.880519596544899,30.971130236424866,-13.773414323664253,3.43593142215487,1.59585280759175,,,,"97.6",2330,"7.1",745042,680777,467793,666397,669304,650489,663616,668885,670242,"53.45",,,,,,,,39,2,"4-Seam Fastball",2,4,2,4,4,2,2,4,"Standard","Standard",207,"0.011","0.069",,,,,"-0.069",,-2,-2,0.294,0.294,28,28,28,29,2,1,6,2,5,2,"1.12","0.33","0.33","37.6",,,,,
"ST","2024-09-05","85.7","-1.6","5.49","Siri, Jose",642350,641154,,"ball",,,,,14,,"R","R","R","TB","MIN","B",,,0,0,2024,"1.29","0.16",1.0040062229526687,2.4292229964968715,,,,0,5,"Bot",,,,,,,3.588768129410572,-124.78087971607997,-1.288770138299415,12.696451514574878,25.68663942720615,-30.497426972849894,3.5110531284411,1.67095739670313,,,,"86.8",2466,"7",745042,680777,467793,666397,669304,650489,663616,668885,670242,"53.46",,,,,,,,39,1,"Sweeper",2,4,2,4,4,2,2,4,"Standard","Standard",53,"0.005","0.038",,,,,"-0.038",,-2,-2,0.289,0.289,28,28,28,29,2,1,6,2,5,2,"2.95","-1.29","-1.29","35.6",,,,,
"FF","2024-09-05","97","-1.39","5.64","Siri, Jose",642350,641154,"field_out","hit_into_play",,,,,8,"Jose Siri lines out sharply to left fielder Trevor Larnach.","R","R","R","TB","MIN","X",7,"line_drive",0,1,2024,"-0.61","1.41",0.1457544519544327,2.2464085287869846,,676356,670764,0,3,"Bot",58.6,81.56,,,,,5.581252297597333,-140.99796693699005,-6.818132217699315,-9.473627018812236,34.32798284090226,-12.011634162437645,3.55,1.66,334,"108.2",19,"98.1",2236,"7.1",745042,680777,467793,666397,669304,650489,663616,668885,670242,"53.37",0.65,1.0837586206896554,"0",1,0,0,6,23,2,"4-Seam Fastball",0,4,0,4,4,0,0,4,"Standard","Standard",218,"-0.042","-0.203","75.0","8.6",,2.01,"0.203","108.2",-4,-4,0.244,0.244,28,28,28,29,1,0,6,2,5,2,"1.03","0.61","0.61","38.2",19.05173293739129,-7.18905225804088,34.08422587995782,38.91964937126413,32.27673401286912
"FF","2024-09-05","97.1","-1.56","5.6","Siri, Jose",642350,641154,,"swinging_strike",,,,,2,,"R","R","R","TB","MIN","S",,,0,0,2024,"-0.65","1.33",-0.006842894990833015,3.0492414996401926,,676356,670764,0,3,"Bot",,,,,,,5.734729256199064,-141.2580566660799,-4.360884502049185,-10.044960371301908,35.11523831802922,-13.587515281160451,3.55,1.66,,,,"98.2",2210,"7.2",745042,680777,467793,666397,669304,650489,663616,668885,670242,"53.34",,,,,,,,23,1,"4-Seam Fastball",0,4,0,4,4,0,0,4,"Standard","Standard",215,"-0.008","-0.044","74.7","7.6","1.500951552",,"0.044",,-4,-4,0.252,0.252,28,28,28,29,1,0,6,2,5,2,"1.1","0.65","0.65","37.2",11.112090034847817,10.426945571906293,30.769449426427784,37.363031493713954,23.512572910241772
"FF","2024-09-05","101.2","-1.52","5.94","Siri, Jose",642350,661395,"field_out","hit_into_play",,,,,3,"Jose Siri grounds out, shortstop Brooks Lee to first baseman Carlos Santana.","R","R","R","TB","MIN","X",6,"ground_ball",0,0,2024,"-1.37","0.9",0.31103184076914814,2.9834864731983837,,,,2,9,"Bot",104.8,157.76,,,,,8.41189079066511,-147.06431368638061,-5.065798739116489,-21.94457011418306,37.96920538350833,-18.08776691378935,3.55,1.66,8,"75.5",-21,"101.2",2009,"6.6",745042,543877,467793,571657,650489,686797,668885,680577,670242,"53.91",0.05,0.096,"0",1,0,0,2,71,1,"4-Seam Fastball",3,4,3,4,4,3,3,4,"Standard","Standard",234,"-0.047","-0.256","75.5","8.1",,0.057,"0.256","88.0",-1,-1,0.047,0.047,26,28,26,29,1,3,3,2,2,2,"1.35","1.37","1.37","37.8",16.051899922652165,7.958242198785129,26.549737634976804,41.646514609730744,23.091022188994703
"SL","2024-09-03","87.4","-2.15","6.18","Siri, Jose",642350,701581,"strikeout","swinging_strike_blocked",,,,,14,"Jose Siri strikes out swinging.","R","R","R","TB","MIN","S",2,,1,2,2024,"0.09","0.09",1.1863160971653892,0.4903981160510562,676609,686482,,2,4,"Bot",,,,,,,7.886741341614798,-126.84506777815406,-7.747130819646452,-0.6913774436848485,26.74650149260077,-29.683908380155884,3.57,1.67,,,,"87.7",2547,"6.7",745047,680777,467793,571657,668904,686797,668885,650489,680737,"53.8",,0,"0",1,0,0,,35,6,"Slider",2,1,2,1,1,2,2,1,"Standard","Standard",57,"-0.038","-0.2","64.7","9.3","12.198482964",,"0.2",,1,1,0.676,0.676,24,28,24,29,2,1,6,2,6,2,"2.91","-0.09","-0.09","52.7",27.509473176519187,-25.87512221940543,35.306399443462816,49.4210352556574,44.899722651656404
"FF","2024-09-03","95.7","-2","6.26","Siri, Jose",642350,701581,,"foul",,,,,5,,"R","R","R","TB","MIN","S",,,1,2,2024,"-0.33","1.69",0.07442760545487465,2.939892250301828,676609,686482,,2,4,"Bot",,,,,,,6.262931717929925,-139.1267720706023,-6.982059949494044,-5.744950133814623,33.657446094001294,-8.805574605575853,3.57,1.67,97,"71.7",80,"96.2",2510,"6.8",745047,680777,467793,571657,668904,686797,668885,650489,680737,"53.68",,,,,,,,35,5,"4-Seam Fastball",2,1,2,1,1,2,2,1,"Standard","Standard",196,"0","0","71.8","8.0",,,"0","88.0",1,1,0.676,0.676,24,28,24,29,2,1,6,2,6,2,"0.82","0.33","0.33","54.2",14.942263817638407,-2.3931333133872306,31.38697899318455,36.410876507364,26.508574424340047
"FF","2024-09-03","95.7","-2.15","6.18","Siri, Jose",642350,701581,,"foul",,,,,14,,"R","R","R","TB","MIN","S",,,1,2,2024,"-0.16","1.59",1.00698374710404,2.0283534906871648,676609,686482,,2,4,"Bot",,,,,,,8.76981647999955,-138.87899375240465,-8.958217172637376,-4.1764539473788425,33.50332019892548,-9.723579545168999,3.57,1.67,213,"76",24,"96.3",2490,"6.9",745047,680777,467793,571657,668904,686797,668885,650489,680737,"53.57",,,,,,,,35,4,"4-Seam Fastball",2,1,2,1,1,2,2,1,"Standard","Standard",197,"0","0","71.1","7.8",,,"0","88.0",1,1,0.676,0.676,24,28,24,29,2,1,6,2,6,2,"0.93","0.16","0.16","53.3",-0.54461312043811,11.196607503666554,33.97165684194677,47.81219586674531,21.59701169632614
"FF","2024-09-03","94.5","-1.95","6.19","Siri, Jose",642350,701581,,"swinging_strike",,,,,3,,"R","R","R","TB","MIN","S",,,1,1,2024,"0.05","1.58",0.5185564970318947,3.1413427283843056,676609,686482,,2,4,"Bot",,,,,,,6.352061329228175,-137.27600417233793,-5.741948000456195,-0.9264377378621523,33.85187258700003,-11.100640070450892,3.57,1.67,,,,"94.7",2417,"6.8",745047,680777,467793,571657,668904,686797,668885,650489,680737,"53.74",,,,,,,,35,3,"4-Seam Fastball",2,1,2,1,1,2,2,1,"Standard","Standard",195,"-0.014","-0.072","75.7","7.3","0.858201144",,"0.072",,1,1,0.69,0.69,24,28,24,29,2,1,6,2,6,2,"1","-0.05","-0.05","52.4",8.15925988109058,20.913488142332625,26.97874214298297,42.29428911351144,18.943078079918877
"FF","2024-09-03","94.9","-2.01","6.15","Siri, Jose",642350,701581,,"swinging_strike",,,,,6,,"R","R","R","TB","MIN","S",,,1,0,2024,"-0.03","1.64",0.47081208285815823,2.652995468730135,676609,686482,,2,4,"Bot",,,,,,,6.605093190892399,-137.85156000046976,-7.15738661183621,-2.008425369310866,33.78292719787402,-9.845341216333766,3.57,1.67,,,,"95.3",2455,"6.9",745047,680777,467793,571657,668904,686797,668885,650489,680737,"53.64",,,,,,,,35,2,"4-Seam Fastball",2,1,2,1,1,2,2,1,"Standard","Standard",194,"-0.004","-0.03","76.3","8.2","0.976226988",,"0.03",,1,1,0.694,0.694,24,28,24,29,2,1,6,2,6,2,"0.92","0.03","0.03","52.4",13.617309368340678,6.913586661343966,33.72224593387064,42.75089206436363,24.369888499593202
"SL","2024-09-03","86.9","-2.34","6","Siri, Jose",642350,701581,,"ball",,,,,12,,"R","R","R","TB","MIN","B",,,0,0,2024,"0.16","0.38",1.7497671805083879,3.7194586235142584,676609,686482,,2,4,"Bot",,,,,,,9.52795743914256,-126.261058073868,0.01147418487945051,-0.36992235249912975,27.6581128665101,-28.359271655660493,3.49096468802081,1.72243978993255,,,,"87.3",2647,"6.8",745047,680777,467793,571657,668904,686797,668885,650489,680737,"53.72",,,,,,,,35,1,"Slider",2,1,2,1,1,2,2,1,"Standard","Standard",61,"0.001","0.021",,,,,"-0.021",,1,1,0.693,0.693,24,28,24,29,2,1,6,2,6,2,"2.66","-0.16","-0.16","52.8",,,,,
"SL","2024-09-03","86.9","-1.95","6.1","Siri, Jose",642350,701581,"strikeout","swinging_strike",,,,,14,"Jose Siri strikes out swinging.","R","R","R","TB","MIN","S",2,,1,2,2024,"0.2","0.28",0.9933362269955861,0.962998081917859,,,,0,3,"Bot",,,,,,,6.6781855084289035,-126.22938840059055,-6.693122290237072,0.7617665804549164,26.439795788852212,-28.010843626972758,3.57,1.67,,,,"87.2",2545,"6.7",745047,680777,467793,571657,668904,686797,668885,650489,680737,"53.85",,0,"0",1,0,0,,23,4,"Slider",0,1,0,1,1,0,0,1,"Standard","Standard",60,"-0.02","-0.186","53.9","8.4","4.301001216",,"0.186",,-1,-1,0.429,0.429,24,28,24,29,1,0,6,2,6,2,"2.76","-0.2","-0.2","50.5",15.710097910712145,8.28075707158525,37.62946053242015,48.604262627326854,21.355237147429644
"FF","2024-09-03","94","-1.79","6.17","Siri, Jose",642350,701581,,"foul",,,,,7,,"R","R","R","TB","MIN","S",,,1,1,2024,"-0.15","1.69",-0.4497429389126984,2.1903613573787157,,,,0,3,"Bot",,,,,,,3.817727064308659,-136.66296761761475,-8.366828731530633,-2.691721098544887,30.984296527659183,-9.304022690689337,3.57,1.67,226,"80.8",57,"94.4",2425,"6.6",745047,680777,467793,571657,668904,686797,668885,650489,680737,"53.89",,,,,,,,23,3,"4-Seam Fastball",0,1,0,1,1,0,0,1,"Standard","Standard",197,"-0.007","-0.056",,,,,"0.056","88.0",-1,-1,0.436,0.436,24,28,24,29,1,0,6,2,6,2,"0.9","0.15","0.15","59.4",,,,,
"SL","2024-09-03","86","-2.29","6.05","Siri, Jose",642350,701581,,"ball",,,,,14,,"R","R","R","TB","MIN","B",,,0,1,2024,"0.28","-0.1",2.5443449048433786,0.15686203712843083,,,,0,3,"Bot",,,,,,,10.97125102573314,-124.61673293581332,-7.462124379906799,0.5573990170929825,26.795509410294045,-31.780193036671285,3.32342373981883,1.69519769905864,,,,"86.3",2531,"6.9",745047,680777,467793,571657,668904,686797,668885,650489,680737,"53.64",,,,,,,,23,2,"Slider",0,1,0,1,1,0,0,1,"Standard","Standard",49,"0.003","0.025",,,,,"-0.025",,-1,-1,0.433,0.433,24,28,24,29,1,0,6,2,6,2,"3.23","-0.28","-0.28","49.8",,,,,
"FF","2024-09-03","93.7","-1.85","6.19","Siri, Jose",642350,701581,,"called_strike",,,,,7,,"R","R","R","TB","MIN","S",,,0,0,2024,"-0.45","1.58",-0.8103570124593069,1.782591953361697,,,,0,3,"Bot",,,,,,,3.707505509510051,-136.1679189390071,-9.161552691941115,-6.405527626981976,32.059688984829826,-10.69273197500151,3.22249484965511,1.62905575675551,,,,"94.2",2370,"6.8",745047,680777,467793,571657,668904,686797,668885,650489,680737,"53.68",,,,,,,,23,1,"4-Seam Fastball",0,1,0,1,1,0,0,1,"Standard","Standard",205,"-0.004","-0.037",,,,,"0.037",,-1,-1,0.437,0.437,24,28,24,29,1,0,6,2,6,2,"1.04","0.45","0.45","56.9",,,,,
"FF","2024-09-03","93.3","-3.85","5.26","Siri, Jose",642350,543859,"hit_by_pitch","hit_by_pitch",,,,,11,"Jose Siri hit by pitch.","R","R","R","TB","MIN","B",,,2,2,2024,"-1.16","0.92",-1.3089639872740457,3.7545602550711514,,,,1,7,"Bot",,,,,,,8.987194116836537,-135.54246823993577,-0.09648537202322527,-16.309345650275187,30.894337489833898,-21.0403518006406,3.57,1.67,,,,"92.1",2366,"5.8",745047,680777,467793,571657,668904,686797,663616,650489,670242,"54.72",,0.720192,"0.7",1,0,0,,54,7,"4-Seam Fastball",2,1,2,1,1,2,2,1,"Standard","Standard",243,"0.022","0.456",,,,,"-0.456",,1,1,0.768,0.768,34,28,35,29,1,2,3,2,1,2,"1.71","1.16","1.16","15.5",,,,,
"SL","2024-09-03","84.7","-3.8","5.28","Siri, Jose",642350,543859,,"foul",,,,,14,,"R","R","R","TB","MIN","S",,,2,2,2024,"0.22","-0.03",1.3021670770639695,1.6579997067694952,,,,1,7,"Bot",,,,,,,11.306085223058773,-122.9192071104131,-1.9994992280790123,-0.06703104060429037,24.708990221421434,-32.28125316406609,3.57,1.67,1,"62.5",-56,"83.4",2228,"5.6",745047,680777,467793,571657,668904,686797,663616,650489,670242,"54.92",,,,,,,,54,6,"Slider",2,1,2,1,1,2,2,1,"Standard","Standard",37,"0","0","65.5","8.7",,,"0","88.0",1,1,0.768,0.768,34,28,35,29,1,2,3,2,1,2,"3.23","-0.22","-0.22","14.2",15.098401475321088,-11.481194231362512,32.38901390076636,51.089583133552495,31.291763763954524
"FF","2024-09-03","93.5","-3.93","5.18","Siri, Jose",642350,543859,,"foul",,,,,4,,"R","R","R","TB","MIN","S",,,2,2,2024,"-1.34","0.84",-0.6925780090189779,2.5058413492903595,,,,1,7,"Bot",,,,,,,11.189037470864037,-135.6632905023934,-2.885266027286209,-19.14135083489143,32.78679165541313,-21.349797709187378,3.57,1.67,36,"74",-1,"92.2",2209,"5.9",745047,680777,467793,571657,668904,686797,663616,650489,670242,"54.58",,,,,,,,54,5,"4-Seam Fastball",2,1,2,1,1,2,2,1,"Standard","Standard",246,"0","0","81.7","8.1",,,"0","88.0",1,1,0.768,0.768,34,28,35,29,1,2,3,2,1,2,"1.8","1.34","1.34","13.9",9.560447793660735,-9.615987788753559,33.45019614186096,27.219157768528802,31.33292022400967
"SL","2024-09-03","85.5","-3.89","5.13","Siri, Jose",642350,543859,,"ball",,,,,14,,"R","R","R","TB","MIN","B",,,1,2,2024,"0.04","-0.06",0.31891894801210735,0.48616789389628057,,,,1,7,"Bot",,,,,,,9.95167043919678,-124.14417361988579,-4.539097969284433,-1.6700712511157194,25.840252626021876,-32.03116947030346,3.56733685147854,1.72613208671666,,,,"86.4",2233,"7",745047,680777,467793,571657,668904,686797,663616,650489,670242,"53.46",,,,,,,,54,4,"Slider",2,1,2,1,1,2,2,1,"Standard","Standard",36,"0.003","0.043",,,,,"-0.043",,1,1,0.765,0.765,34,28,35,29,1,2,3,2,1,2,"3.2","-0.04","-0.04","15.4",,,,,
"FF","2024-09-03","92.8","-3.92","5.23","Siri, Jose",642350,543859,,"foul",,,,,2,,"R","R","R","TB","MIN","S",,,1,1,2024,"-1.27","1.21",0.11268275923165683,3.2429294283896226,,,,1,7,"Bot",,,,,,,13.001961561772973,-134.4543677745114,-1.8488277623594183,-18.293247584699923,30.756605529006166,-17.306784652779452,3.57,1.67,173,"76.5",16,"92",2364,"6.2",745047,680777,467793,571657,668904,686797,663616,650489,670242,"54.32",,,,,,,,54,3,"4-Seam Fastball",2,1,2,1,1,2,2,1,"Standard","Standard",246,"-0.004","-0.061","73.9","7.4",,,"0.061","88.0",1,1,0.769,0.769,34,28,35,29,1,2,3,2,1,2,"1.47","1.27","1.27","14.1",9.151544150747007,7.157550588140689,27.767664564166935,37.92132278074101,24.770988890604194
"FF","2024-09-03","93.2","-3.83","5.21","Siri, Jose",642350,543859,,"ball",,,,,12,,"R","R","R","TB","MIN","B",,,0,1,2024,"-1.38","0.87",0.9159768437861555,2.7838733118229553,,,,1,7,"Bot",,,,,,,15.034535233914172,-134.87436439816324,-2.274714731293182,-20.175088703156774,30.16420641174791,-21.243520605461857,3.36383595800327,1.66999872499701,,,,"91.9",2417,"5.9",745047,680777,467793,571657,668904,686797,663616,650489,670242,"54.6",,,,,,,,54,2,"4-Seam Fastball",2,1,2,1,1,2,2,1,"Standard","Standard",242,"0.001","0.024",,,,,"-0.024",,1,1,0.768,0.768,34,28,35,29,1,2,3,2,1,2,"1.79","1.38","1.38","13.8",,,,,
"FF","2024-09-03","93.8","-3.92","5.19","Siri, Jose",642350,543859,,"called_strike",,,,,2,,"R","R","R","TB","MIN","S",,,0,0,2024,"-1.33","1.31",-0.2618772782782508,3.2751380485158856,,,,1,7,"Bot",,,,,,,12.235884836243086,-135.941041225635,-2.0276631465591666,-19.293156851512894,32.13934411909548,-15.698159074451793,3.77631696209145,1.65612382427859,,,,"92.3",2397,"5.8",745047,680777,467793,571657,668904,686797,663616,650489,670242,"54.71",,,,,,,,54,1,"4-Seam Fastball",2,1,2,1,1,2,2,1,"Standard","Standard",244,"-0.002","-0.037",,,,,"0.037",,1,1,0.77,0.77,34,28,35,29,1,2,3,2,1,2,"1.31","1.33","1.33","11.3",,,,,
"FF","2024-09-01","96.4","-0.52","6.05","Siri, Jose",642350,656302,"walk","ball",,,,,12,"Jose Siri walks.","R","R","R","TB","SD","B",,,3,0,2024,"-0.1","1.76",0.9180577848275371,3.0216649400334656,,,,0,6,"Bot",,,,,,,4.03861341756236,-140.15655211059547,-6.42739600806611,-2.2726348838864343,33.88519446713693,-7.693130870666696,3.40742104267293,1.6129121741967,,,,"96",2566,"6.3",745048,669134,630105,593428,592518,669200,595777,701538,444482,"54.24",,0.689131,"0.7",1,0,0,,49,4,"4-Seam Fastball",0,3,0,3,3,0,0,3,"Standard","Standard",190,"0.019","0.197",,,,,"-0.197",,-3,-3,0.192,0.192,28,28,29,29,2,1,5,1,6,2,"0.71","0.1","0.1","57.4",,,,,
"SL","2024-09-01","85.5","-0.66","6.01","Siri, Jose",642350,656302,,"ball",,,,,12,,"R","R","R","TB","SD","B",,,2,0,2024,"0.35","-0.06",0.11272562847512291,3.6034738564597775,,,,0,6,"Bot",,,,,,,1.1330900560662853,-124.57262877791774,0.7323052487035888,3.343929307815958,26.218883956047005,-33.14569235852066,3.28687237264112,1.55988940303889,,,,"85.2",2637,"6.2",745048,669134,630105,593428,592518,669200,595777,701538,444482,"54.34",,,,,,,,49,3,"Slider",0,3,0,3,3,0,0,3,"Standard","Standard",95,"0.015","0.147",,,,,"-0.147",,-3,-3,0.177,0.177,28,28,29,29,2,1,5,1,6,2,"3.18","-0.35","-0.35","53.0",,,,,
"SL","2024-09-01","87.8","-0.66","6.05","Siri, Jose",642350,656302,,"ball",,,,,14,,"R","R","R","TB","SD","B",,,1,0,2024,"0.28","0.14",0.7267610800036892,1.0397510142955833,,,,0,6,"Bot",,,,,,,2.7690726010048268,-127.7326927814498,-6.268691496613605,2.475104431995986,28.048201372545595,-29.455397839240742,3.34958031134532,1.62269608355719,,,,"87.5",2794,"6.2",745048,669134,630105,593428,592518,669200,595777,701538,444482,"54.26",,,,,,,,49,2,"Slider",0,3,0,3,3,0,0,3,"Infield shade","Standard",100,"0.009","0.069",,,,,"-0.069",,-3,-3,0.168,0.168,28,28,29,29,2,1,5,1,6,2,"2.83","-0.28","-0.28","57.8",,,,,
"SL","2024-09-01","85.8","-0.72","5.91","Siri, Jose",642350,656302,,"ball",,,,,14,,"R","R","R","TB","SD","B",,,0,0,2024,"0.38","0.12",0.6643483113203901,0.9830180339748562,,,,0,6,"Bot",,,,,,,2.5061010420207044,-124.83603065476554,-5.628019733933084,3.43539507173541,26.596639379788233,-29.899102928786817,3.42448660479739,1.59620009829461,,,,"85.8",2690,"6.4",745048,669134,630105,593428,592518,669200,595777,701538,444482,"54.08",,,,,,,,49,1,"Slider",0,3,0,3,3,0,0,3,"Standard","Standard",115,"0.005","0.038",,,,,"-0.038",,-3,-3,0.163,0.163,28,28,29,29,2,1,5,1,6,2,"2.99","-0.38","-0.38","55.2",,,,,
"SL","2024-09-01","85.9","-0.83","6.06","Siri, Jose",642350,656302,"strikeout","swinging_strike",,,,,2,"Jose Siri strikes out swinging.","R","R","R","TB","SD","S",2,,0,2,2024,"0.33","0.01",0.18890276956628343,3.287025172591026,,,,2,3,"Bot",,,,,,,1.754161865372912,-125.08697716040241,-0.30036664417874226,3.031146467317314,26.535365459206627,-32.27033741025747,3.57,1.67,,,,"85.7",2933,"6.3",745048,669134,630105,593428,592518,669200,595777,701538,444482,"54.24",,0,"0",1,0,0,,22,3,"Slider",0,0,0,0,0,0,0,0,"Standard","Standard",63,"-0.007","-0.157","61.9","6.4","0.4364034",,"0.157",,0,0,0.507,0.507,28,28,29,29,1,0,5,1,6,2,"3.09","-0.33","-0.33","52.9",-3.4467135949071706,32.58340969411991,27.77139257409351,40.830819404066276,5.4342144311622445
"SL","2024-09-01","87.2","-0.76","5.98","Siri, Jose",642350,656302,,"swinging_strike",,,,,14,,"R","R","R","TB","SD","S",,,0,1,2024,"0.35","0.25",2.033179422344401,2.1832409280715788,,,,2,3,"Bot",,,,,,,6.005035950155844,-126.84195892382935,-3.4158002185119636,2.4413506354417733,28.04304557854555,-28.971972667128718,3.57,1.67,,,,"86.9",2944,"6.3",745048,669134,630105,593428,592518,669200,595777,701538,444482,"54.17",,,,,,,,22,2,"Slider",0,0,0,0,0,0,0,0,"Standard","Standard",76,"-0.003","-0.058","60.2","8.8","10.711183704",,"0.058",,0,0,0.51,0.51,28,28,29,29,1,0,5,1,6,2,"2.77","-0.35","-0.35","51.4",19.873326176653375,-31.918396994376174,26.36704009032668,59.54051491708749,46.72656270743768
"SL","2024-09-01","86.7","-0.66","5.99","Siri, Jose",642350,656302,,"swinging_strike",,,,,14,,"R","R","R","TB","SD","S",,,0,0,2024,"0.17","0.31",0.5207938698759526,1.546771627780549,,,,2,3,"Bot",,,,,,,2.4870523735389214,-126.24771272103693,-5.045783976368584,1.287435472485163,27.145540034681996,-28.03290271651534,3.57,1.67,,,,"86.7",2848,"6.4",745048,669134,630105,593428,592518,669200,595777,701538,444482,"54.12",,,,,,,,22,1,"Slider",0,0,0,0,0,0,0,0,"Standard","Standard",103,"-0.002","-0.041","63.5","9.0","7.333783116",,"0.041",,0,0,0.512,0.512,28,28,29,29,1,0,5,1,6,2,"2.73","-0.17","-0.17","52.4",30.16684829123696,-33.112808203532,36.19918732228957,43.695089502757185,47.90244568697098
"FF","2024-09-01","97.9","-0.3","5.75","Siri, Jose",642350,669093,"strikeout","called_strike",,,,,14,"Jose Siri called out on strikes.","R","R","R","TB","SD","S",2,,1,2,2024,"-0.13","1.75",0.917852589466712,2.371108554172366,,666624,,2,7,"Bot",,,,,,,3.619994969801585,-142.37607483217525,-7.7162659334492,-2.6703995912321474,35.10859520829564,-6.748661960616422,3.50018718873854,1.62132635651734,,,,"98.4",2238,"6.8",745048,669134,630105,593428,592518,669200,595777,701538,444482,"53.71",,0,"0",1,0,0,,62,4,"4-Seam Fastball",3,3,3,3,3,3,3,3,"Infield shade","Standard",184,"-0.045","-0.213",,,,,"0.213",,0,0,0.545,0.545,25,28,26,29,1,2,2,1,3,2,"0.64","0.13","0.13","72.3",,,,,
"FF","2024-09-01","97.1","-0.35","5.88","Siri, Jose",642350,669093,,"ball",,,,,11,,"R","R","R","TB","SD","B",,,0,2,2024,"-0.21","1.63",-0.5605154319323391,5.253395370750886,,666624,,2,7,"Bot",,,,,,,-0.09236337555359257,-141.331215073692,0.1816273816636092,-2.7471955839146145,35.742600610302176,-10.84221584349015,3.44680713990901,1.55021473152964,,,,"97.3",2097,"6.6",745048,669134,630105,593428,592518,669200,595777,701538,444482,"53.88",,,,,,,,62,3,"4-Seam Fastball",3,3,3,3,3,3,3,3,"Standard","Standard",188,"0.006","0.018",,,,,"-0.018",,0,0,0.539,0.539,25,28,26,29,1,2,2,1,3,2,"0.81","0.21","0.21","71.3",,,,,
"FF","2024-09-01","97.7","-0.37","5.84","Siri, Jose",642350,669093,,"swinging_strike",,,,,2,,"R","R","R","TB","SD","S",,,0,1,2024,"-0.18","1.74",0.2762018297165805,3.4933360372553777,,666624,,2,7,"Bot",,,,,,,2.1757477813558075,-142.1221436566842,-4.798456032932357,-2.9290919675812996,36.369231063784596,-7.846405812785086,3.57,1.67,,,,"97.9",2254,"6.7",745048,669134,630105,593428,592518,669200,595777,701538,444482,"53.8",,,,,,,,62,2,"4-Seam Fastball",3,3,3,3,3,3,3,3,"Standard","Standard",189,"-0.016","-0.067","73.5","8.1","3.138110244",,"0.067",,0,0,0.555,0.555,25,28,26,29,1,2,2,1,3,2,"0.68","0.18","0.18","68.4",23.427668150899507,1.6541185478193847,29.36591537906929,39.722112858944854,20.8341788013758
"FF","2024-09-01","96.1","-0.36","5.85","Siri, Jose",642350,669093,,"called_strike",,,,,1,,"R","R","R","TB","SD","S",,,0,0,2024,"-0.24","1.74",-0.2924990618476505,3.5224597441997814,,666624,,2,7,"Bot",,,,,,,0.7393100875252908,-139.8996946825255,-4.508913395191855,-3.299983349719246,34.76998956131198,-8.61632729070564,3.41551366185197,1.55293683139871,,,,"96.6",2229,"6.8",745048,669134,630105,593428,592518,669200,595777,701538,444482,"53.72",,,,,,,,62,1,"4-Seam Fastball",3,3,3,3,3,3,3,3,"Infield shade","Standard",191,"-0.01","-0.04",,,,,"0.04",,0,0,0.565,0.565,25,28,26,29,1,2,2,1,3,2,"0.75","0.24","0.24","73.9",,,,,
"SI","2024-09-01","100.7","-0.85","6.21","Siri, Jose",642350,663158,"field_out","hit_into_play",,,,,4,"Jose Siri pops out to second baseman Tyler Wade on the infield fly rule.","R","R","R","TB","SD","X",4,"popup",1,0,2024,"-1.12","1.42",-0.46888737710776296,2.5655436637732776,,666163,676609,1,9,"Bot",127.42,133.38,,,,,3.770872132238426,-146.41049164554593,-8.151076576189325,-16.996598606450274,37.19311242681654,-10.074020009171894,3.57,1.67,169,"56.2",30,"101.2",2374,"6.8",745048,669134,456781,642180,592518,593428,595777,701538,669369,"53.73",0.339,0.306,"0",1,0,0,1,79,2,"Sinker",3,4,3,4,4,3,3,4,"Standard","Standard",200,"-0.187","-0.269","79.7","7.9",,0.339,"0.269","88.0",-1,-1,0.363,0.363,33,28,33,29,1,3,4,1,1,2,"0.85","1.12","1.12","49.9",7.519995784771282,6.9678266825018085,35.43619136314704,31.434598929830205,22.71764006872185
"SI","2024-09-01","99.6","-0.95","6.22","Siri, Jose",642350,663158,,"ball",,,,,11,,"R","R","R","TB","SD","B",,,0,0,2024,"-1.09","1.53",-0.954477589810036,2.8524444699713727,,666163,676609,1,9,"Bot",,,,,,,2.590022018826031,-144.84630011591986,-7.454349902387841,-15.891579448669328,37.234568312203194,-9.125031381552704,3.56567542517454,1.57714948881882,,,,"100.2",2473,"6.9",745048,669134,456781,642180,592518,593428,595777,701538,669369,"53.61",,,,,,,,79,1,"Sinker",3,4,3,4,4,3,3,4,"Standard","Standard",200,"0.02","0.03",,,,,"-0.03",,-1,-1,0.343,0.343,33,28,33,29,1,3,4,1,1,2,"0.79","1.09","1.09","49.5",,,,,
"FF","2024-08-31","94.8","-1.6","5.91","Siri, Jose",642350,681190,"strikeout","swinging_strike",,,,,11,"Jose Siri strikes out swinging.","R","R","R","TB","SD","S",2,,0,2,2024,"-0.86","1.26",-0.0029638733085174396,3.692829568155304,,666018,,0,5,"Bot",,,,,,,6.096107151321534,-137.86702365146618,-2.945042178109321,-12.28651309601855,31.06772282386764,-15.635616947177047,3.54,1.66,,,,"94.9",2537,"6.4",745050,669134,630105,593428,592518,669200,595777,701538,444482,"54.11",,0,"0",1,0,0,,47,4,"4-Seam Fastball",8,2,8,2,2,8,8,2,"Standard","Standard",209,"-0.002","-0.206","72.2","7.3","1.125072936",,"0.206",,6,6,0.982,0.982,25,28,26,29,3,2,5,3,28,1,"1.28","0.86","0.86","37.5",12.344424885876098,10.809135496260744,20.61505752610343,36.44531887664519,17.70127044739121
"ST","2024-08-31","80.9","-1.9","5.69","Siri, Jose",642350,681190,,"foul",,,,,8,,"R","R","R","TB","SD","S",,,0,2,2024,"1.57","0.07",-0.05742281468039678,1.9266306160791076,,666018,,0,5,"Bot",,,,,,,1.1171151747463102,-117.80842229771604,-1.8637269274687553,14.333703508825886,24.18820133858786,-31.33149318118241,3.54,1.66,201,"68.8",30,"80.8",3180,"6.4",745050,669134,630105,593428,592518,669200,595777,701538,444482,"54.11",,,,,,,,47,3,"Sweeper",8,2,8,2,2,8,8,2,"Standard","Standard",66,"0","0","87.0","8.6",,,"0","88.0",6,6,0.982,0.982,25,28,26,29,3,2,5,3,28,1,"3.43","-1.57","-1.57","33.2",12.533295659423716,-10.651712258220925,42.5528268029906,35.55613750937417,35.050502095650174
"SI","2024-08-31","95.5","-1.57","5.86","Siri, Jose",642350,681190,,"called_strike",,,,,9,,"R","R","R","TB","SD","S",,,0,1,2024,"-1.23","1.04",0.7271469555521324,2.072976430415749,,666018,,0,5,"Bot",,,,,,,8.83671292713915,-138.71878267430415,-6.665048136848257,-17.89977285194248,31.79244610074328,-17.35308515462997,3.38283494836219,1.6495017058379,,,,"95.5",2522,"6.4",745050,669134,630105,593428,592518,669200,595777,701538,444482,"54.08",,,,,,,,47,2,"Sinker",8,2,8,2,2,8,8,2,"Standard","Standard",209,"-0.001","-0.067",,,,,"0.067",,6,6,0.983,0.983,25,28,26,29,3,2,5,3,28,1,"1.47","1.23","1.23","37.1",,,,,
"ST","2024-08-31","82.3","-1.84","5.65","Siri, Jose",642350,681190,,"swinging_strike",,,,,12,,"R","R","R","TB","SD","S",,,0,0,2024,"1.59","0.31",0.988183962879785,2.8458818337511826,,666018,,0,5,"Bot",,,,,,,3.342678536082672,-119.87975805408091,-0.40403826693576284,14.550877779029307,24.81532979165214,-29.357891470242947,3.54,1.66,,,,"82.1",3149,"6.2",745050,669134,630105,593428,592518,669200,595777,701538,444482,"54.25",,,,,,,,47,1,"Sweeper",8,2,8,2,2,8,8,2,"Standard","Standard",78,"0","-0.035","61.8","7.6","1.498127208",,"0.035",,6,6,0.983,0.983,25,28,26,29,3,2,5,3,28,1,"3.07","-1.59","-1.59","32.5",11.519643092923978,11.21592010148324,25.768369463864033,49.659932097797956,21.799109872507284
"FF","2024-08-31","94.3","-1.56","5.9","Siri, Jose",642350,681190,"strikeout","foul_tip",,,,,11,"Jose Siri strikes out on a foul tip.","R","R","R","TB","SD","S",2,,0,2,2024,"-0.5","1.67",-0.2819817405061374,3.6914319941762916,,,,0,4,"Bot",,,,,,,4.431622745962255,-137.20408973717096,-3.7426217713431797,-7.288180539357963,31.192894242993653,-10.453969917117945,3.54,1.66,,,,"94.3",2553,"6.3",745050,669134,630105,593428,592518,669200,595777,701538,444482,"54.17",,0,"0",1,0,0,,34,3,"4-Seam Fastball",5,2,5,2,2,5,5,2,"Standard","Standard",210,"-0.006","-0.163","75.7","7.9",,,"0.163",,3,3,0.856,0.856,25,28,26,29,2,1,5,3,28,1,"0.9","0.5","0.5","35.7",17.68715471920567,-11.134659303542783,25.19961359878856,34.33213334190288,31.005276035572876
"CU","2024-08-31","82.5","-1.58","5.87","Siri, Jose",642350,681190,,"swinging_strike",,,,,14,,"R","R","R","TB","SD","S",,,0,1,2024,"1.32","-0.74",1.0840227312702175,0.7768282574094734,,,,0,4,"Bot",,,,,,,3.4795915135029185,-119.99434864769655,-3.5425337728765607,11.899878548715222,25.70281897801641,-38.739061105473006,3.54,1.66,,,,"81.9",3249,"6.2",745050,669134,630105,593428,592518,669200,595777,701538,444482,"54.32",,,,,,,,34,2,"Curveball",5,2,5,2,2,5,5,2,"Standard","Standard",66,"-0.003","-0.054","37.6","7.9","6.15107346",,"0.054",,3,3,0.859,0.859,25,28,26,29,2,1,5,3,28,1,"4.12","-1.32","-1.32","38.5",6.787673144596584,10.524847373717655,36.80879630408828,51.19803018114982,20.949570290817512
"CU","2024-08-31","81.1","-1.61","5.91","Siri, Jose",642350,681190,,"called_strike",,,,,7,,"R","R","R","TB","SD","S",,,0,0,2024,"1.3","-0.82",-0.5052282650495248,1.5672910529383648,,,,0,4,"Bot",,,,,,,-0.02235478511476663,-118.14464929078932,-1.4705208213431027,12.111354581877727,24.61172341403126,-39.75954274304398,3.54000058289659,1.60724548327686,,,,"80.7",3217,"6.2",745050,669134,630105,593428,592518,669200,595777,701538,444482,"54.32",,,,,,,,34,1,"Curveball",5,2,5,2,2,5,5,2,"Standard","Standard",67,"-0.001","-0.037",,,,,"0.037",,3,3,0.86,0.86,25,28,26,29,2,1,5,3,28,1,"4.31","-1.3","-1.3","39.5",,,,,
"SI","2024-08-31","95.1","-1.46","5.92","Siri, Jose",642350,681190,"force_out","hit_into_play",,,,,8,"Jose Siri grounds into a force out, shortstop Mason McCoy to second baseman Xander Bogaerts. Jonny DeLuca out at 2nd. Jose Siri to 1st.","R","R","R","TB","SD","X",6,"ground_ball",1,1,2024,"-1.27","1.06",-0.132357476785826,2.1718539566375874,,,676356,1,2,"Bot",92.29,131.16,,,,,6.347264529146514,-138.275440257533,-6.552837626774146,-17.71938910846945,31.778564025111685,-17.260512896233493,3.54,1.66,118,"104.4",5,"95.1",2419,"6.4",745050,669134,630105,593428,592518,669200,595777,701538,444482,"54.11",0.595,0.547,"0",1,0,0,4,18,3,"Sinker",1,2,1,2,2,1,1,2,"Standard","Standard",210,"-0.031","-0.303","76.7","8.4",,0.663,"0.303","104.4",-1,-1,0.444,0.444,25,28,26,29,1,0,5,3,28,1,"1.47","1.27","1.27","37.2",9.561752941178147,-1.200026695126637,32.564587867845255,35.205862243782605,27.25551769556499
"SI","2024-08-31","95.1","-1.48","5.94","Siri, Jose",642350,681190,,"ball",,,,,14,,"R","R","R","TB","SD","B",,,0,1,2024,"-1.33","1.09",0.8985450451069916,1.5647212681120635,,,676356,1,2,"Bot",,,,,,,9.219331783784902,-137.9692859049778,-8.228545954510576,-19.05214543100526,31.013661919309627,-16.597496449668757,3.5399996477112,1.70690107584738,,,,"95",2494,"6.4",745050,669134,630105,593428,592518,669200,595777,701538,444482,"54.06",,,,,,,,18,2,"Sinker",1,2,1,2,2,1,1,2,"Standard","Standard",207,"0.003","0.029",,,,,"-0.029",,-1,-1,0.441,0.441,25,28,26,29,1,0,5,3,28,1,"1.45","1.33","1.33","39.6",,,,,
"SI","2024-08-31","93.8","-1.46","5.91","Siri, Jose",642350,681190,,"foul",,,,,5,,"R","R","R","TB","SD","S",,,0,0,2024,"-1.37","0.74",-0.2724553380013188,2.4054221436180345,,,676356,1,2,"Bot",,,,,,,6.143133705043548,-136.41688815043003,-4.967981854883597,-18.51016661455095,31.264827975866027,-22.01122490544275,3.54,1.66,4,"72.5",-33,"93.9",2425,"6.5",745050,669134,630105,593428,592518,669200,595777,701538,444482,"54",,,,,,,,18,1,"Sinker",1,2,1,2,2,1,1,2,"Standard","Standard",207,"-0.005","-0.04","77.9","8.3",,,"0.04","88.0",-1,-1,0.446,0.446,25,28,26,29,1,0,5,3,28,1,"1.86","1.37","1.37","39.2",20.938332261669967,-2.8639193960191283,26.34670734213653,33.395097030185404,30.14792296001027
"ST","2024-08-31","72.7","-2.34","3.8","Siri, Jose",642350,689690,"field_out","hit_into_play",,,,,14,"Jose Siri pops out to second baseman Xander Bogaerts.","R","R","R","TB","SD","X",4,"popup",1,2,2024,"1.68","0.34",1.2135437767456747,2.4666777702633076,,,,1,7,"Bot",160.96,143.17,,,,,4.307494013204956,-105.51596418334738,4.406827461807305,11.52555855268383,21.382364135999484,-30.799808630367682,3.54,1.66,170,"85.1",62,"73.5",2267,"7.5",745050,669134,630105,593428,592518,669200,595777,701538,444482,"53.04",0.016,0.014,"0",1,0,0,3,66,4,"Sweeper",9,4,9,4,4,9,9,4,"Standard","Standard",81,"-0.001","-0.182","66.0","8.4",,0.017,"0.182","88.0",5,5,0.984,0.984,26,28,26,29,1,3,24,3,8,1,"4.06","-1.68","-1.68","4.0",14.013151258915737,-10.673609339576627,30.738625947042788,49.581322519636885,37.43822007311201
"ST","2024-08-31","73.3","-2.25","3.82","Siri, Jose",642350,689690,,"ball",,,,,12,,"R","R","R","TB","SD","B",,,0,2,2024,"1.58","0.16",3.0473927299261456,2.5821274913555174,,,,1,7,"Bot",,,,,,,8.108275837109565,-106.1929494916227,4.914466764838187,10.141503439877226,21.823636007543993,-32.33565651838889,3.4387903005275,1.5631623293301,,,,"74.1",2280,"7.6",745050,669134,630105,593428,592518,669200,595777,701538,444482,"52.92",,,,,,,,66,3,"Sweeper",9,4,9,4,4,9,9,4,"Standard","Standard",83,"0","0.02",,,,,"-0.02",,5,5,0.984,0.984,26,28,26,29,1,3,24,3,8,1,"4.2","-1.58","-1.58","-0.7",,,,,
"CH","2024-08-31","74.7","-2.37","3.89","Siri, Jose",642350,689690,,"swinging_strike",,,,,9,,"R","R","R","TB","SD","S",,,0,1,2024,"-1.79","0.16",0.5864333743005745,1.796811277025836,,,,1,7,"Bot",,,,,,,9.484756060323024,-108.1968226645703,2.8288208771687793,-15.74801615116963,20.06688351557673,-31.730982756842366,3.54,1.66,,,,"76.3",2001,"7.8",745050,669134,630105,593428,592518,669200,595777,701538,444482,"52.65",,,,,,,,66,2,"Changeup",9,4,9,4,4,9,9,4,"Standard","Standard",275,"0","-0.057","48.9","8.2","2.200295472",,"0.057",,5,5,0.984,0.984,26,28,26,29,1,3,24,3,8,1,"3.98","1.79","1.79","3.2",20.736816475674985,-56.666201786681484,25.836478522382684,40.63167990362012,59.202520551625085
"ST","2024-08-31","71.9","-2.53","3.88","Siri, Jose",642350,689690,,"called_strike",,,,,3,,"R","R","R","TB","SD","S",,,0,0,2024,"1.44","0.22",0.49382045684462006,3.0584472838220575,,,,1,7,"Bot",,,,,,,3.627518036574399,-104.44171744768138,5.772285110124151,9.703799231156983,20.217891555314967,-31.987241620916123,3.31134040777088,1.43585845401893,,,,"73",2228,"7.5",745050,669134,630105,593428,592518,669200,595777,701538,444482,"52.98",,,,,,,,66,1,"Sweeper",9,4,9,4,4,9,9,4,"Standard","Standard",83,"0","-0.037",,,,,"0.037",,5,5,0.984,0.984,26,28,26,29,1,3,24,3,8,1,"4.26","-1.44","-1.44","1.5",,,,,
"FF","2024-08-28","95.5","-2.2","5.08","Siri, Jose",642350,622491,"single","hit_into_play",,,,,7,"Jose Siri singles on a line drive to right fielder Victor Robles.","R","R","R","SEA","TB","X",9,"line_drive",0,2,2024,"-1.34","0.89",-0.5466028819712252,1.7743909062506433,,,,1,5,"Top",169.26,104.19,,,,,7.1976496739442375,-138.8890906334439,-5.0133891760056555,-18.908685207640136,29.642682873349475,-19.721118805061646,3.52,1.64,202,"88.4",14,"93.8",1588,"5.2",745211,641598,670042,593871,664238,641487,668227,677594,645302,"55.27",0.942,0.911,"0.9",1,1,0,4,32,4,"4-Seam Fastball",1,1,1,1,1,1,1,1,"Standard","Standard",158,"-0.042","0.515","71.1","7.3",,1.133,"-0.515","88.4",0,0,0.539,0.46099999999999997,31,28,32,29,2,1,5,1,6,3,"1.6","1.34","1.34","17.7",-7.321136810147578,13.714213282237386,42.539745126315566,30.469081397040913,21.213554388842844
"FF","2024-08-28","96.2","-2.28","5.15","Siri, Jose",642350,622491,,"foul",,,,,5,,"R","R","R","SEA","TB","S",,,0,2,2024,"-1.37","1.19",-0.2181783792703218,2.918850637984896,,,,1,5,"Top",,,,,,,8.3833102619731,-139.92757078229525,-2.987418646358134,-19.883077631353395,31.444039463862122,-16.091148386477148,3.52,1.64,,,,"94.4",2245,"5.3",745211,641598,670042,593871,664238,641487,668227,677594,645302,"55.24",,,,,,,,32,3,"4-Seam Fastball",1,1,1,1,1,1,1,1,"Standard","Standard",237,"0","0","73.4","7.6",,,"0",,0,0,0.539,0.46099999999999997,31,28,32,29,2,1,5,1,6,3,"1.28","1.37","1.37","16.3",9.476394704603836,11.05443506754796,28.18593425449673,35.1629806987756,21.6415535680516
"FF","2024-08-28","96.2","-2.35","5.21","Siri, Jose",642350,622491,,"swinging_strike",,,,,11,,"R","R","R","SEA","TB","S",,,0,1,2024,"-0.99","1.01",-0.4470452434700155,3.646950687295197,,,,1,5,"Top",,,,,,,7.102643482846901,-139.9811101596359,-0.8373362899209573,-14.677963938743929,31.192395909040226,-18.923848201355575,3.52,1.64,,,,"94",2042,"5",745211,641598,670042,593871,664238,641487,668227,677594,645302,"55.54",,,,,,,,32,2,"4-Seam Fastball",1,1,1,1,1,1,1,1,"Standard","Standard",237,"0.006","-0.057","73.7","7.0","2.884130988",,"0.057",,0,0,0.533,0.46699999999999997,31,28,32,29,2,1,5,1,6,3,"1.45","0.99","0.99","15.7",7.927233889662272,17.027911426126703,25.081943352564522,32.47010217663615,19.56155994554166
"SL","2024-08-28","83.5","-2.29","5.11","Siri, Jose",642350,622491,,"swinging_strike",,,,,14,,"R","R","R","SEA","TB","S",,,0,0,2024,"0.3","-0.51",0.9123126452345671,1.5625909625238643,,,,1,5,"Top",,,,,,,6.640481771322168,-121.46740879804035,-0.7732451828049962,1.7109043004601863,22.385202730493575,-37.35113792569859,3.52,1.64,,,,"81.9",2458,"5.1",745211,641598,670042,593871,664238,641487,668227,677594,645302,"55.42",,,,,,,,32,1,"Slider",1,1,1,1,1,1,1,1,"Standard","Standard",47,"0.003","-0.037","71.2","9.2","9.957439716",,"0.037",,0,0,0.53,0.47,31,28,32,29,2,1,5,1,6,3,"3.77","-0.3","-0.3","19.5",28.636329605705303,-32.30202328613152,32.963110715880966,46.537708109724036,53.808889009241774
"FF","2024-08-28","96.4","-2.08","5.24","Siri, Jose",642350,622491,"field_out","hit_into_play",,,,,5,"Jose Siri flies out to right fielder Victor Robles.","R","R","R","SEA","TB","X",9,"fly_ball",2,2,2024,"-1.17","1.29",-0.11261937361756158,2.9043578534928733,,,666163,2,2,"Top",175.94,127.63,,,,,7.738310553893001,-140.26192778359632,-3.574587495502895,-17.176057819330634,28.55377030128483,-14.429021272539462,3.52,1.64,219,"76.2",48,"95.2",2087,"5.4",745211,641598,670042,593871,664238,641487,668227,677594,645302,"55.15",0.092,0.098,"0",1,0,0,3,12,5,"4-Seam Fastball",0,1,1,0,1,0,1,0,"Standard","Standard",238,"0.018","-0.234","73.7","7.8",,0.128,"0.234","88.0",-1,1,0.425,0.575,31,28,32,29,1,0,5,1,6,3,"1.14","1.17","1.17","21.0",13.651237596632344,11.031312469155543,29.295578302104754,35.52145674876998,20.492429204053238
"SL","2024-08-28","85.6","-2.28","5.02","Siri, Jose",642350,622491,,"ball",,,,,13,,"R","R","R","SEA","TB","B",,,1,2,2024,"0.02","0.23",-1.0566940603684711,1.5623255328661947,,,666163,2,2,"Top",,,,,,,2.817118652671222,-124.9613700706796,-2.514575021532825,-0.21439510621213534,18.403713456150978,-29.517522492531356,3.71600849270765,1.67506909458085,,,,"85.3",2206,"5.3",745211,641598,670042,593871,664238,641487,668227,677594,645302,"55.17",,,,,,,,12,4,"Slider",0,1,1,0,1,0,1,0,"Standard","Standard",309,"-0.003","0.038",,,,,"-0.038",,-1,1,0.428,0.5720000000000001,31,28,32,29,1,0,5,1,6,3,"2.8","-0.02","-0.02","18.2",,,,,
"FF","2024-08-28","96.7","-1.94","5.17","Siri, Jose",642350,622491,,"ball",,,,,12,,"R","R","R","SEA","TB","B",,,0,2,2024,"-1.06","0.99",1.6864869945754823,3.657885502381317,,,666163,2,2,"Top",,,,,,,11.841097655234739,-140.55758466382198,-0.8051712846129457,-16.506915800781186,26.46215184050357,-18.946048936219533,3.75432603757845,1.80766923513168,,,,"95.6",2076,"5.3",745211,641598,670042,593871,664238,641487,668227,677594,645302,"55.16",,,,,,,,12,3,"4-Seam Fastball",0,1,1,0,1,0,1,0,"Standard","Standard",239,"-0.002","0.027",,,,,"-0.027",,-1,1,0.43,0.5700000000000001,31,28,32,29,1,0,5,1,6,3,"1.42","1.06","1.06","19.2",,,,,
"FF","2024-08-28","95.9","-1.9","5.24","Siri, Jose",642350,622491,,"swinging_strike",,,,,12,,"R","R","R","SEA","TB","S",,,0,1,2024,"-1.04","1.09",0.14224896466098824,3.6443572233712125,,,666163,2,2,"Top",,,,,,,7.6137396489030555,-139.66693358082688,-1.161535029616476,-15.282901602374626,27.053269599450346,-17.666040544068935,3.52,1.64,,,,"94.7",2138,"5.3",745211,641598,670042,593871,664238,641487,668227,677594,645302,"55.25",,,,,,,,12,2,"4-Seam Fastball",0,1,1,0,1,0,1,0,"Standard","Standard",231,"0.005","-0.054","71.7","6.8","5.215570392",,"0.054",,-1,1,0.425,0.575,31,28,32,29,1,0,5,1,6,3,"1.35","1.04","1.04","20.5",1.3331391555263243,32.88617500641457,29.4553130340627,42.21192205071214,8.704622664979807
"SI","2024-08-28","95.5","-2.14","5.07","Siri, Jose",642350,622491,,"swinging_strike",,,,,13,,"R","R","R","SEA","TB","S",,,0,0,2024,"-1.6","0.44",-1.6612552486766488,2.350610230807904,,,666163,2,2,"Top",,,,,,,4.746391321515716,-139.23237417899117,-2.6157086841799257,-21.915547784840147,26.259238746836754,-26.050699097827195,3.52,1.64,,,,"94.6",1981,"5.3",745211,641598,670042,593871,664238,641487,668227,677594,645302,"55.17",,,,,,,,12,1,"Sinker",0,1,1,0,1,0,1,0,"Standard","Standard",242,"0.003","-0.047","48.2","6.2","3.720121464",,"0.047",,-1,1,0.422,0.5780000000000001,31,28,32,29,1,0,5,1,6,3,"2.02","1.6","1.6","16.2",-2.235296980947566,15.736629734123595,36.48715529990393,18.054673580019468,12.73514990877076
"FF","2024-08-28","93.2","-2.33","5.59","Siri, Jose",642350,608723,"strikeout","foul_tip",,,,,12,"Jose Siri strikes out on a foul tip.","R","R","R","SEA","TB","S",2,,1,2,2024,"-0.51","1.47",0.583959237454762,3.713569349302169,,,,1,7,"Top",,,,,,,8.627852599858846,-135.55472253167378,-2.342281453234008,-8.049246480185403,26.192788951484083,-13.566538444572485,3.52,1.64,,,,"93.9",2368,"6.5",745211,641598,670042,593871,664238,641487,668227,677594,645302,"54.04",,0,"0",1,0,0,,52,4,"4-Seam Fastball",5,2,2,5,2,5,2,5,"Standard","Standard",208,"0.011","-0.182","67.7","7.6",,,"0.182",,3,-3,0.922,0.07799999999999996,32,28,32,29,1,2,2,1,2,3,"1.13","0.51","0.51","37.4",14.632249917882351,3.4297998121352533,20.1251458869421,42.907064561124926,26.18686066657787
"FF","2024-08-28","93.6","-2.36","5.66","Siri, Jose",642350,608723,,"ball",,,,,12,,"R","R","R","SEA","TB","B",,,0,2,2024,"-0.6","1.39",0.8671734545264345,4.220149743022066,,,,1,7,"Top",,,,,,,9.646534496558163,-136.16640124125527,-1.087828432185519,-9.384882313367365,27.122461860783886,-14.727109251376174,3.54560941906168,1.72687792195326,,,,"94.1",2352,"6.4",745211,641598,670042,593871,664238,641487,668227,677594,645302,"54.12",,,,,,,,52,3,"4-Seam Fastball",5,2,2,5,2,5,2,5,"Standard","Standard",211,"-0.001","0.02",,,,,"-0.02",,3,-3,0.923,0.07699999999999996,32,28,32,29,1,2,2,1,2,3,"1.19","0.6","0.6","38.2",,,,,
"ST","2024-08-28","79.7","-2.63","5.49","Siri, Jose",642350,608723,,"swinging_strike",,,,,14,,"R","R","R","SEA","TB","S",,,0,1,2024,"1.45","-0.15",0.84691634713038,1.3538877383752959,,,,1,7,"Top",,,,,,,4.918303349177822,-116.07802322746997,-2.065037284349965,12.13931883823736,22.217494564491854,-33.3608631589771,3.52,1.64,,,,"79.7",2739,"6.3",745211,641598,670042,593871,664238,641487,668227,677594,645302,"54.19",,,,,,,,52,2,"Sweeper",5,2,2,5,2,5,2,5,"Standard","Standard",52,"0.004","-0.057","69.5","8.7","4.274719428",,"0.057",,3,-3,0.919,0.08099999999999996,32,28,32,29,1,2,2,1,2,3,"3.74","-1.45","-1.45","33.6",24.78947137297789,-26.278653939553973,32.158548429528174,43.6379283234513,46.111058828899786
"FF","2024-08-28","94.4","-2.28","5.74","Siri, Jose",642350,608723,,"swinging_strike",,,,,3,,"R","R","R","SEA","TB","S",,,0,0,2024,"-0.34","1.53",0.575546258234582,3.082752791605473,,,,1,7,"Top",,,,,,,8.17804404266733,-137.31819723323434,-4.673893256217349,-5.957023094804372,28.207124229016685,-11.846394823587513,3.52,1.64,,,,"94.6",2443,"6.3",745211,641598,670042,593871,664238,641487,668227,677594,645302,"54.22",,,,,,,,52,1,"4-Seam Fastball",5,2,2,5,2,5,2,5,"Standard","Standard",209,"0.002","-0.037","73.0","8.1","0.798275028",,"0.037",,3,-3,0.917,0.08299999999999996,32,28,32,29,1,2,2,1,2,3,"1.01","0.34","0.34","41.1",18.16074166008608,1.0447290272542376,27.16116765691551,43.319350374867,29.268415812251458
"FF","2024-08-27","96.1","-1.18","5.7","Siri, Jose",642350,669302,"strikeout","called_strike",,,,,6,"Jose Siri called out on strikes.","R","R","R","SEA","TB","S",2,,1,2,2024,"-0.61","1.47",0.7183297753107993,2.675598665540176,,676356,,2,5,"Top",,,,,,,6.59354321560115,-139.66918305042563,-5.870519599408728,-9.484466081086877,33.71958339976562,-11.780234018816422,3.72576560568922,1.7041808235347,,,,"98.5",2126,"7.9",745213,663728,457759,593871,664238,660844,668227,677594,645302,"52.64",,0,"0",1,0,0,,31,4,"4-Seam Fastball",0,0,0,0,0,0,0,0,"Standard","Standard",206,"0.032","-0.213",,,,,"0.213",,0,0,0.535,0.46499999999999997,27,28,27,29,2,1,6,2,6,1,"1.02","0.61","0.61","48.6",,,,,
"FF","2024-08-27","97.2","-1.09","5.86","Siri, Jose",642350,669302,,"ball",,,,,12,,"R","R","R","SEA","TB","B",,,0,2,2024,"-0.61","1.57",0.1727145732089589,5.051424132981141,,676356,,2,5,"Top",,,,,,,4.929208635620858,-141.44736438996296,-0.17746179600948545,-9.428883956340279,35.82926324867655,-11.491782848886727,3.55047025057814,1.697059533284,,,,"99.4",2206,"7.7",745213,663728,457759,593871,664238,660844,668227,677594,645302,"52.76",,,,,,,,31,3,"4-Seam Fastball",0,0,0,0,0,0,0,0,"Standard","Standard",207,"-0.004","0.018",,,,,"-0.018",,0,0,0.539,0.46099999999999997,27,28,27,29,2,1,6,2,6,1,"0.87","0.61","0.61","47.7",,,,,
"SL","2024-08-27","87.9","-1.64","5.68","Siri, Jose",642350,669302,,"swinging_strike_blocked",,,,,14,,"R","R","R","SEA","TB","S",,,0,1,2024,"0.1","-0.05",0.6167584988558648,0.11439688281495108,,676356,,2,5,"Top",,,,,,,5.404164663301255,-127.82474744834472,-7.436046146583828,-0.010305159619255311,25.59248862094121,-31.391507462083062,3.53,1.65,,,,"90.1",2021,"7.6",745213,663728,457759,593871,664238,660844,668227,677594,645302,"52.9",,,,,,,,31,2,"Slider",0,0,0,0,0,0,0,0,"Standard","Standard",38,"0.011","-0.067","65.3","9.1","13.435426092",,"0.067",,0,0,0.528,0.472,27,28,27,29,2,1,6,2,6,1,"2.99","-0.1","-0.1","41.3",24.72554819310169,-24.53075320439856,39.18068825294349,42.55516979660183,44.158602676446975
"FF","2024-08-27","97.2","-1.28","5.81","Siri, Jose",642350,669302,,"called_strike",,,,,2,,"R","R","R","SEA","TB","S",,,0,0,2024,"-0.53","1.5",-0.16110670755099554,3.394693608515184,,676356,,2,5,"Top",,,,,,,4.34948048844925,-141.48030053194526,-4.488593841053348,-8.161748424234304,32.51143158979006,-11.167446386467784,3.8888972995419,1.79982744767288,,,,"99.6",2163,"7.6",745213,663728,457759,593871,664238,660844,668227,677594,645302,"52.86",,,,,,,,31,1,"4-Seam Fastball",0,0,0,0,0,0,0,0,"Standard","Standard",210,"0.007","-0.04",,,,,"0.04",,0,0,0.521,0.479,27,28,27,29,2,1,6,2,6,1,"0.91","0.53","0.53","44.2",,,,,
"FF","2024-08-27","97","-1.01","5.78","Siri, Jose",642350,669302,"field_out","hit_into_play",,,,,5,"Jose Siri lines out to left fielder Randy Arozarena.","R","R","R","SEA","TB","X",7,"line_drive",3,2,2024,"-0.63","1.19",-0.19688097267704763,2.501815292224324,,,,1,3,"Top",66.96,97.02,,,,,3.7184772311082916,-141.183098157264,-6.1422228722559495,-9.214813434865512,30.361535907740603,-15.056090507345974,3.53,1.65,292,"93.1",22,"99.8",2019,"7.7",745213,663728,457759,593871,664238,660844,668227,677594,645302,"52.8",0.174,0.204,"0",1,0,0,3,15,7,"4-Seam Fastball",0,0,0,0,0,0,0,0,"Standard","Standard",212,"0.022","-0.332","73.5","8.2",,0.321,"0.332","93.1",0,0,0.521,0.479,27,28,27,29,1,0,6,2,6,1,"1.22","0.63","0.63","43.2",18.536522872039257,-7.565147866251512,33.229814975995026,33.83201708399026,29.37483493508708
"CU","2024-08-27","80.9","-1.18","5.84","Siri, Jose",642350,669302,,"ball",,,,,11,,"R","R","R","SEA","TB","B",,,2,2,2024,"1.22","-0.21",-1.0453736837189462,2.93088264702403,,,,1,3,"Top",,,,,,,-2.090007717843794,-117.87565484596291,0.5366990210623781,11.822246276743636,21.14698729853071,-34.46582646346704,3.53000204567645,1.70939671246237,,,,"82.8",2395,"7.3",745213,663728,457759,593871,664238,660844,668227,677594,645302,"53.17",,,,,,,,15,6,"Curveball",0,0,0,0,0,0,0,0,"Standard","Standard",45,"-0.007","0.108",,,,,"-0.108",,0,0,0.528,0.472,27,28,27,29,1,0,6,2,6,1,"3.67","-1.22","-1.22","43.9",,,,,
"FF","2024-08-27","97.4","-1.2","5.73","Siri, Jose",642350,669302,,"foul",,,,,13,,"R","R","R","SEA","TB","S",,,2,2,2024,"-0.72","1.3",-0.8597715371804195,2.247356163506937,,,,1,3,"Top",,,,,,,2.6403225419360052,-141.64882526301022,-6.98754316338915,-10.302835142912139,33.845120233085744,-13.21615082053439,3.53,1.65,140,"59.4",55,"99.9",2044,"7.8",745213,663728,457759,593871,664238,660844,668227,677594,645302,"52.7",,,,,,,,15,5,"4-Seam Fastball",0,0,0,0,0,0,0,0,"Standard","Standard",209,"0","0","68.6","7.5",,,"0","88.0",0,0,0.528,0.472,27,28,27,29,1,0,6,2,6,1,"1.11","0.72","0.72","43.3",5.262727433244247,4.474893510804806,40.0047065390516,25.657126778432357,20.438157501141216
"FF","2024-08-27","96.4","-1.15","5.77","Siri, Jose",642350,669302,,"foul",,,,,1,,"R","R","R","SEA","TB","S",,,2,1,2024,"-0.64","1.35",-0.5740909217910743,3.0820762939981368,,,,1,3,"Top",,,,,,,3.0755212232452704,-140.39817103633257,-4.795574285124044,-9.158584736678634,29.800252601732357,-13.409717030895886,3.53,1.65,153,"81.4",11,"99.3",2099,"7.7",745213,663728,457759,593871,664238,660844,668227,677594,645302,"52.79",,,,,,,,15,4,"4-Seam Fastball",0,0,0,0,0,0,0,0,"Standard","Standard",207,"0.006","-0.078","73.8","8.0",,,"0.078","88.0",0,0,0.522,0.478,27,28,27,29,1,0,6,2,6,1,"1.09","0.64","0.64","47.5",22.248571082741947,-7.6892420386134255,32.25601626342345,27.869586909083473,28.601664516301334
"FF","2024-08-27","96.4","-1.23","5.79","Siri, Jose",642350,669302,,"ball",,,,,11,,"R","R","R","SEA","TB","B",,,1,1,2024,"-0.37","1.46",-0.9422371592151901,3.135682442151616,,,,1,3,"Top",,,,,,,1.6635545906045393,-140.44467084949986,-4.963401425342185,-5.335020753293606,30.05239001790213,-11.916653806038672,3.72561376909395,1.75904899581422,,,,"99.4",2150,"7.8",745213,663728,457759,593871,664238,660844,668227,677594,645302,"52.74",,,,,,,,15,3,"4-Seam Fastball",0,0,0,0,0,0,0,0,"Standard","Standard",202,"-0.004","0.059",,,,,"-0.059",,0,0,0.526,0.474,27,28,27,29,1,0,6,2,6,1,"0.98","0.37","0.37","41.9",,,,,
"FF","2024-08-27","96.1","-1","5.9","Siri, Jose",642350,669302,,"ball",,,,,1,,"R","R","R","SEA","TB","B",,,0,1,2024,"-0.68","1.45",-0.8142536686465471,3.593068504966628,,,,1,3,"Top",,,,,,,2.0778914645020663,-139.93937834423664,-3.9252026712452457,-9.379914448274324,29.919433350583468,-12.466473927032334,3.72679269412766,1.76988023688728,,,,"98.9",2139,"7.7",745213,663728,457759,593871,664238,660844,668227,677594,645302,"52.79",,,,,,,,15,2,"4-Seam Fastball",0,0,0,0,0,0,0,0,"Standard","Standard",206,"-0.002","0.024",,,,,"-0.024",,0,0,0.528,0.472,27,28,27,29,1,0,6,2,6,1,"1.01","0.68","0.68","42.7",,,,,
"FF","2024-08-27","96.4","-1.08","5.77","Siri, Jose",642350,669302,,"foul",,,,,9,,"R","R","R","SEA","TB","S",,,0,0,2024,"-0.7","1.29",0.46819633873813316,2.0708190949439995,,,,1,3,"Top",,,,,,,5.8439440154909565,-140.27285037043467,-7.398606917829228,-10.546864696321204,28.934629706752496,-13.655343250661444,3.53,1.65,294,"88.8",35,"99",2020,"7.5",745213,663728,457759,593871,664238,660844,668227,677594,645302,"52.97",,,,,,,,15,1,"4-Seam Fastball",0,0,0,0,0,0,0,0,"Standard","Standard",213,"0.003","-0.037","72.7","7.8",,,"0.037","88.8",0,0,0.525,0.475,27,28,27,29,1,0,6,2,6,1,"1.14","0.7","0.7","39.3",3.6895562328085103,17.566385338042302,32.91602452704974,40.41881665694749,18.69257561990084
"SL","2024-08-27","85.1","-1.71","5.31","Siri, Jose",642350,608638,"home_run","hit_into_play",,,,,9,"Jose Siri homers (17) on a fly ball to center field. Jonny DeLuca scores.","R","R","R","SEA","TB","X",,"fly_ball",0,2,2024,"0.04","-0.01",0.45265357003093876,1.8707226245895723,,,676356,2,7,"Top",124.65,29.82,,,,,4.986988892571907,-123.86953083261416,-1.7421526583236604,-0.5475768183509737,24.791409627591225,-32.13458020817609,3.53,1.65,418,"105.1",26,"85.3",2674,"6.4",745213,663728,457759,593871,664238,660844,668227,677594,645302,"54.08",0.805,1.5924067796610166,"2",1,0,3,6,48,6,"Slider",1,0,0,1,2,1,2,1,"Standard","Standard",49,"-0.41","2.323","74.5","8.5",,3.123,"-2.323","105.1",1,-1,0.761,0.239,33,28,34,29,1,2,3,2,3,1,"3.16","-0.04","-0.04","30.4",15.110876516542943,-1.704517092866799,34.335540735767424,44.85121861459017,30.755139901049247
"SL","2024-08-27","84.2","-1.73","5.37","Siri, Jose",642350,608638,,"foul",,,,,8,,"R","R","R","SEA","TB","S",,,0,2,2024,"0.05","-0.05",0.03848986397012657,1.9603026035234863,,,676356,2,7,"Top",,,,,,,4.012012919958199,-122.63440267861793,-1.4663554210281438,-0.22209475404790008,23.475906038532703,-32.612789203844976,3.53,1.65,115,"74.7",79,"84.5",2681,"6.4",745213,663728,457759,593871,664238,660844,668227,677594,645302,"54.12",,,,,,,,48,5,"Slider",1,0,0,1,0,1,0,1,"Standard","Standard",44,"0","0",,,,,"0","88.0",1,-1,0.761,0.239,33,28,34,29,1,2,3,2,3,1,"3.25","-0.05","-0.05","27.2",,,,,
"SL","2024-08-27","84.2","-1.62","5.36","Siri, Jose",642350,608638,,"foul",,,,,9,,"R","R","R","SEA","TB","S",,,0,2,2024,"0.06","-0.24",0.7674294299433387,1.7467788731881462,,,676356,2,7,"Top",,,,,,,5.442498406096891,-122.59007766046923,-1.5701043374923325,-0.4088772786100325,23.460952215797974,-34.474365299223344,3.53,1.65,2,"63",-45,"84.6",2666,"6.4",745213,663728,457759,593871,664238,660844,668227,677594,645302,"54.08",,,,,,,,48,4,"Slider",1,0,0,1,0,1,0,1,"Standard","Standard",62,"0","0","69.8","9.0",,,"0","88.0",1,-1,0.761,0.239,33,28,34,29,1,2,3,2,3,1,"3.44","-0.06","-0.06","29.3",22.498847999853492,-12.342463417974425,28.419109239386092,48.78093960031758,37.23967313457466
"SL","2024-08-27","85.4","-1.58","5.37","Siri, Jose",642350,608638,,"foul",,,,,14,,"R","R","R","SEA","TB","S",,,0,2,2024,"0.03","0.19",1.0966924892677634,1.1710235474967048,,,676356,2,7,"Top",,,,,,,6.271119770059516,-124.18755767883874,-3.9681435129529934,-0.9920992622630975,24.826840833796282,-29.634558911650025,3.53,1.65,2,"59.4",-31,"85.6",2714,"6.5",745213,663728,457759,593871,664238,660844,668227,677594,645302,"54.04",,,,,,,,48,3,"Slider",1,0,0,1,0,1,0,1,"Infield shade","Standard",22,"0","0","62.5","8.8",,,"0","88.0",1,-1,0.761,0.239,33,28,34,29,1,2,3,2,3,1,"2.94","-0.03","-0.03","31.7",20.565266768844822,-4.035025781849141,35.129193370895194,51.17840506885055,34.519738396042186
"SI","2024-08-27","93.4","-1.63","5.35","Siri, Jose",642350,608638,,"called_strike",,,,,9,,"R","R","R","SEA","TB","S",,,0,1,2024,"-1.59","0.75",0.7465730265107273,1.8897907002757695,,,676356,2,7,"Top",,,,,,,9.587672490359616,-135.5948894935235,-4.741961603337789,-21.772768325973246,31.09674719949384,-22.08277381008352,3.53000152877325,1.71347526003667,,,,"92.9",2332,"6.2",745213,663728,457759,593871,664238,660844,668227,677594,645302,"54.26",,,,,,,,48,2,"Sinker",1,0,0,1,0,1,0,1,"Standard","Standard",238,"0.011","-0.054",,,,,"0.054",,1,-1,0.75,0.25,33,28,34,29,1,2,3,2,3,1,"1.89","1.59","1.59","27.4",,,,,
"FF","2024-08-27","96.7","-1.54","5.63","Siri, Jose",642350,700187,"field_out","hit_into_play",,,,,11,"Jose Siri pops out to first baseman Justin Turner.","R","R","R","SEA","TB","X",3,"popup",1,2,2024,"-1.51","1.05",-0.8933307653150937,2.723035933312595,,,,2,9,"Top",145.68,162.15,,,,,5.14107363091669,-140.6176866709208,-4.525584876795178,-21.25310021444094,32.87661985643534,-17.431566592560394,3.53,1.65,111,"64.7",64,"95.8",2410,"5.9",745213,663728,457759,593871,664238,660844,668227,677594,645302,"54.6",0.003,0.002,"0",1,0,0,3,66,5,"4-Seam Fastball",2,3,3,2,3,2,3,2,"Standard","Standard",234,"0.007","-0.18","73.7","7.4",,0.003,"0.18","88.0",-1,1,0.197,0.8029999999999999,22,28,23,29,1,3,4,2,3,1,"1.4","1.51","1.51","30.0",8.948057125387997,4.108649838595131,34.015304207321115,28.593964702327245,27.215843695222812
"SI","2024-08-27","93.7","-1.65","5.31","Siri, Jose",642350,608638,,"called_strike",,,,,9,,"R","R","R","SEA","TB","S",,,0,0,2024,"-1.55","0.59",0.6174334115741271,2.0799322740481836,,,676356,2,7,"Top",,,,,,,9.264927372737622,-136.07140539338965,-3.866559853142739,-21.315477492665774,30.70473503220377,-24.22497367376849,3.64031248879962,1.71001079743738,,,,"93.4",2337,"6.3",745213,663728,457759,593871,664238,660844,668227,677594,645302,"54.21",,,,,,,,48,1,"Sinker",1,0,0,1,0,1,0,1,"Standard","Standard",243,"0.007","-0.047",,,,,"0.047",,1,-1,0.743,0.257,33,28,34,29,1,2,3,2,3,1,"2.03","1.55","1.55","25.3",,,,,
"FF","2024-08-27","97.2","-1.46","5.74","Siri, Jose",642350,700187,,"ball",,,,,12,,"R","R","R","SEA","TB","B",,,0,2,2024,"-1.47","1.06",0.05506006793150142,4.491558987890396,,,,2,9,"Top",,,,,,,7.370601720416407,-141.32207245458125,-0.22812859905105465,-21.372748262450138,32.93085574519797,-18.222735779991982,3.52999949903346,1.72455280127068,,,,"96.4",2395,"5.9",745213,663728,457759,593871,664238,660844,668227,677594,645302,"54.58",,,,,,,,66,4,"4-Seam Fastball",2,3,3,2,3,2,3,2,"Standard","Standard",239,"-0.001","0.023",,,,,"-0.023",,-1,1,0.198,0.802,22,28,23,29,1,3,4,2,3,1,"1.37","1.47","1.47","32.8",,,,,
"FF","2024-08-27","96.9","-1.37","5.7","Siri, Jose",642350,700187,,"foul",,,,,6,,"R","R","R","SEA","TB","S",,,0,2,2024,"-1.49","1.06",0.4778610453026091,2.456953919599571,,,,2,9,"Top",,,,,,,8.266862461679935,-140.62604956818802,-5.394179495519548,-21.736213634327175,36.18586874909428,-17.035971674324884,3.53,1.65,238,"90.2",15,"95.4",2537,"5.9",745213,663728,457759,593871,664238,660844,668227,677594,645302,"54.62",,,,,,,,66,3,"4-Seam Fastball",2,3,3,2,3,2,3,2,"Standard","Standard",230,"0","0","70.1","7.4",,,"0","90.2",-1,1,0.198,0.802,22,28,23,29,1,3,4,2,3,1,"1.41","1.49","1.49","34.0",-0.35635881919117246,28.511504956983018,28.25269625350858,44.128022210541964,13.342642375989696
"FF","2024-08-27","96.9","-1.38","5.64","Siri, Jose",642350,700187,,"called_strike",,,,,6,,"R","R","R","SEA","TB","S",,,0,1,2024,"-1.57","0.93",0.7177284753755866,2.9205539206051636,,,,2,9,"Top",,,,,,,9.100536780838455,-140.72177490545627,-3.739011203001565,-22.94785095919782,36.175963062204495,-19.174977751187136,3.56249100458151,1.74615084569535,,,,"95.4",2442,"5.9",745213,663728,457759,593871,664238,660844,668227,677594,645302,"54.64",,,,,,,,66,2,"4-Seam Fastball",2,3,3,2,3,2,3,2,"Standard","Standard",231,"0.003","-0.058",,,,,"0.058",,-1,1,0.195,0.8049999999999999,22,28,23,29,1,3,4,2,3,1,"1.53","1.57","1.57","31.1",,,,,
"FF","2024-08-27","96.1","-1.4","5.6","Siri, Jose",642350,700187,,"called_strike",,,,,5,,"R","R","R","SEA","TB","S",,,0,0,2024,"-1.56","0.95",0.22463858073549847,2.8108428160365753,,,,2,9,"Top",,,,,,,7.792659614569537,-139.637731077707,-3.8674245558686877,-22.231377593539936,34.65517709177517,-19.026313706877005,3.63956270478687,1.68900832339826,,,,"94.9",2404,"5.9",745213,663728,457759,593871,664238,660844,668227,677594,645302,"54.57",,,,,,,,66,1,"4-Seam Fastball",2,3,3,2,3,2,3,2,"Standard","Standard",239,"0.001","-0.041",,,,,"0.041",,-1,1,0.194,0.806,22,28,23,29,1,3,4,2,3,1,"1.54","1.56","1.56","29.6",,,,,
"SL","2024-08-25","87.6","-2.1","5.4","Siri, Jose",642350,694813,"field_out","hit_into_play",,,,,14,"Jose Siri grounds out softly, first baseman Freddie Freeman to pitcher Gavin Stone.","R","R","R","LAD","TB","X",3,"ground_ball",0,0,2024,"0.17","0.09",0.7222723832929544,0.910084382026108,,676356,670764,2,5,"Top",134.35,192.84,,,,,6.476374043160656,-127.48924873527528,-4.9164350962056425,0.4970077814302701,25.928115427419744,-30.384618317411753,3.52,1.64,33,"59.7",3,"87.8",2153,"6.4",746106,676439,518692,621035,571970,669242,606192,571771,605141,"54.14",0.156,0.152,"0",1,0,0,2,33,1,"Slider",0,0,0,0,0,0,0,0,"Infield shade","Standard",32,"0.059","-0.28","59.4","8.2",,0.163,"0.28","88.0",0,0,0.508,0.492,25,28,26,29,2,1,6,2,6,2,"2.88","-0.17","-0.17","43.7",14.133787839335085,11.752951248358713,41.94893041327593,44.73707063751448,22.58885926373123
"FF","2024-08-25","96.2","-2","5.53","Siri, Jose",642350,694813,"strikeout","swinging_strike",,,,,5,"Jose Siri strikes out swinging.","R","R","R","LAD","TB","S",2,,1,2,2024,"-0.57","1.27",0.1129166624804091,2.2626399950521696,,,,2,3,"Top",,,,,,,6.931101286050054,-139.86137619790975,-5.979825568380315,-8.97788260917942,30.563307971058684,-14.371774300348479,3.52,1.64,,,,"96.7",2181,"6.6",746106,676439,518692,621035,571970,669242,606192,571771,605141,"53.93",,0,"0",1,0,0,,15,5,"4-Seam Fastball",0,0,0,0,0,0,0,0,"Standard","Standard",204,"0.008","-0.18","61.6","5.4","7.627901868",,"0.18",,0,0,0.547,0.45299999999999996,25,28,26,29,1,0,6,2,6,2,"1.19","0.57","0.57","46.7",-34.89398796032172,64.79116624739822,42.44176541740084,,
"ST","2024-08-25","85.3","-2.12","5.31","Siri, Jose",642350,694813,,"foul",,,,,6,,"R","R","R","LAD","TB","S",,,1,2,2024,"0.76","-0.02",0.38824318604680996,2.767081610352243,,,,2,3,"Top",,,,,,,4.419773585633282,-124.22184626110702,0.31945299216594814,7.090007989398879,22.53607310489658,-32.66832039427357,3.52,1.64,178,"82.2",63,"86.3",2014,"6.7",746106,676439,518692,621035,571970,669242,606192,571771,605141,"53.82",,,,,,,,15,4,"Sweeper",0,0,0,0,0,0,0,0,"Standard","Standard",32,"0","0","79.5","7.4",,,"0","88.0",0,0,0.547,0.45299999999999996,25,28,26,29,1,0,6,2,6,2,"3.13","-0.76","-0.76","46.7",2.4357708254485733,6.189820567530578,25.776421771159463,43.021114164825256,27.45176081626315
"SL","2024-08-25","88.1","-1.88","5.55","Siri, Jose",642350,694813,,"swinging_strike",,,,,9,,"R","R","R","LAD","TB","S",,,1,1,2024,"0.38","-0.17",0.48482070520170245,1.5606740750913568,,,,2,3,"Top",,,,,,,4.985857668859239,-128.35684984546523,-3.2838768312168143,3.228050790624337,25.08341005240847,-33.66132872047661,3.52,1.64,,,,"88.8",2119,"6.6",746106,676439,518692,621035,571970,669242,606192,571771,605141,"53.95",,,,,,,,15,3,"Slider",0,0,0,0,0,0,0,0,"Standard","Standard",31,"0.003","-0.064","74.1","9.3","2.855941164",,"0.064",,0,0,0.544,0.45599999999999996,25,28,26,29,1,0,6,2,6,2,"3.09","-0.38","-0.38","49.3",32.78341684119089,-29.44206728494593,35.249661106795685,42.79671558356448,48.269737136178804
"SI","2024-08-25","95.7","-2.07","5.51","Siri, Jose",642350,694813,,"called_strike",,,,,7,,"R","R","R","LAD","TB","S",,,1,0,2024,"-1.27","0.82",-0.3447295761272793,1.697091390777014,,,,2,3,"Top",,,,,,,7.433033786039486,-139.1286049351991,-6.302677496163292,-18.111496691046124,30.77564912991124,-20.304498221244206,3.46754517979595,1.63046169942697,,,,"96",2046,"6.5",746106,676439,518692,621035,571970,669242,606192,571771,605141,"54.01",,,,,,,,15,2,"Sinker",0,0,0,0,0,0,0,0,"Standard","Standard",217,"0.002","-0.051",,,,,"0.051",,0,0,0.542,0.45799999999999996,25,28,26,29,1,0,6,2,6,2,"1.67","1.27","1.27","43.6",,,,,
"SL","2024-08-25","88.3","-2.1","5.38","Siri, Jose",642350,694813,,"ball",,,,,12,,"R","R","R","LAD","TB","B",,,0,0,2024,"0.36","0.07",1.2055256252785211,2.94163852125694,,,,2,3,"Top",,,,,,,7.328133014656486,-128.3974350551806,0.0489664674791872,2.369193197338864,27.910629713252472,-31.630816615906113,3.58150511574146,1.63444222110664,,,,"88.4",2162,"6.5",746106,676439,518692,621035,571970,669242,606192,571771,605141,"54",,,,,,,,15,1,"Slider",0,0,0,0,0,0,0,0,"Standard","Standard",37,"-0.001","0.04",,,,,"-0.04",,0,0,0.543,0.45699999999999996,25,28,26,29,1,0,6,2,6,2,"2.87","-0.36","-0.36","44.3",,,,,
"ST","2024-08-25","82.8","-2.94","6.25","Siri, Jose",642350,595014,"strikeout","swinging_strike",,,,,5,"Jose Siri strikes out swinging.","R","R","R","LAD","TB","S",2,,0,2,2024,"1.05","0.02",-0.05263763720909742,2.648376413031049,,,,0,8,"Top",,,,,,,4.479244177128065,-120.60978032304256,-1.790292222396224,9.391441857297504,23.134939899553096,-31.849484081550173,3.52,1.64,,,,"81.6",2417,"5.4",746106,676439,518692,621035,571970,669242,606192,571771,605141,"55.08",,0,"0",1,0,0,,54,3,"Sweeper",1,1,1,1,1,1,1,1,"Infield shade","Standard",46,"0.028","-0.163","73.5","8.2","1.103872644",,"0.163",,0,0,0.518,0.482,36,28,36,29,1,2,1,2,4,2,"3.29","-1.05","-1.05","33.4",20.392561234364944,-12.55628062984073,32.76182697730777,35.07863274764341,35.43383284018826
"ST","2024-08-25","82.2","-3.06","6.22","Siri, Jose",642350,595014,,"foul",,,,,7,,"R","R","R","LAD","TB","S",,,0,1,2024,"1.39","-0.35",-0.7548777916168397,1.8980505384928148,,,,0,8,"Top",,,,,,,2.49475768818815,-119.6725112981256,-2.5661151505934385,12.926426764535943,23.038400552806984,-35.236167106997314,3.52,1.64,90,"72.5",10,"80.9",2404,"5.3",746106,676439,518692,621035,571970,669242,606192,571771,605141,"55.17",,,,,,,,54,2,"Sweeper",1,1,1,1,1,1,1,1,"Infield shade","Standard",48,"0.011","-0.054","71.2","8.7",,,"0.054","88.0",0,0,0.507,0.493,36,28,36,29,1,2,1,2,4,2,"3.72","-1.39","-1.39","32.1",37.86479706421684,-31.43014197828029,42.1452630849341,26.114653602232927,49.38259779975185
"ST","2024-08-25","81.2","-3.01","6.27","Siri, Jose",642350,595014,,"called_strike",,,,,11,,"R","R","R","LAD","TB","S",,,0,0,2024,"1.22","-0.11",-0.7658033578031087,3.5962430956186093,,,,0,8,"Top",,,,,,,2.646010405189452,-118.21820675768778,0.8808969735023866,10.79666173539764,25.226555525043384,-33.655708906419235,3.41467163708925,1.61126498682867,,,,"79.4",2315,"5.3",746106,676439,518692,621035,571970,669242,606192,571771,605141,"55.21",,,,,,,,54,1,"Sweeper",1,1,1,1,1,1,1,1,"Infield shade","Standard",51,"0.007","-0.037",,,,,"0.037",,0,0,0.5,0.5,36,28,36,29,1,2,1,2,4,2,"3.6","-1.22","-1.22","31.9",,,,,
"CU","2024-08-23","80.8","-0.85","6.18","Siri, Jose",642350,676272,"field_out","hit_into_play",,,,,8,"Jose Siri flies out to center fielder Tommy Edman.","R","R","R","LAD","TB","X",8,"fly_ball",2,1,2024,"0.92","-0.78",0.2525584621658572,2.085138863302464,,,,0,4,"Top",89.77,60.26,,,,,0.6991508042765604,-117.65969060397117,-0.9676533635952599,8.393426051037586,23.33368772877959,-39.463257785109434,3.51,1.64,354,"97.7",39,"80.9",2728,"6.4",746111,669257,518692,666158,571771,500743,606192,669242,605141,"54.08",0.346,0.681,"0",1,0,0,3,25,4,"Curveball",0,3,3,0,3,0,3,0,"Standard","Standard",31,"0.015","-0.296","70.2","8.5",,1.36,"0.296","97.7",-3,3,0.184,0.8160000000000001,25,28,25,29,2,1,6,2,6,2,"4.28","-0.92","-0.92","55.6",18.084087143934067,-10.870593087056182,35.164354113150985,41.48060062205836,37.311253850593786
"SI","2024-08-23","95.7","-1.2","5.93","Siri, Jose",642350,676272,,"ball",,,,,11,,"R","R","R","LAD","TB","B",,,1,1,2024,"-1.26","1.08",-1.746604982567167,2.8063990193453616,,,,0,4,"Top",,,,,,,1.408391381808551,-139.39385088897768,-5.120323045442129,-16.739438833414397,30.53984100607202,-17.110807854212073,3.50999911400669,1.65847123177043,,,,"96.4",2151,"6.6",746111,669257,518692,666158,571771,500743,606192,669242,605141,"53.9",,,,,,,,25,3,"Sinker",0,3,3,0,3,0,3,0,"Standard","Standard",216,"-0.003","0.053",,,,,"-0.053",,-3,3,0.187,0.813,25,28,25,29,2,1,6,2,6,2,"1.4","1.26","1.26","42.9",,,,,
"CU","2024-08-23","80.1","-1.27","6.24","Siri, Jose",642350,676272,,"called_strike",,,,,4,,"R","R","R","LAD","TB","S",,,1,0,2024,"0.61","-0.87",-0.5798155884468772,2.6500434467632608,,,,0,4,"Top",,,,,,,0.3692123910806248,-116.62375076045538,0.4535105925803806,5.444996521475769,22.80621124430398,-40.41254986040667,3.51000096684079,1.5986057806018,,,,"80.5",2662,"6.6",746111,669257,518692,666158,571771,500743,606192,669242,605141,"53.9",,,,,,,,25,2,"Curveball",0,3,3,0,3,0,3,0,"Standard","Standard",37,"0.003","-0.049",,,,,"0.049",,-3,3,0.184,0.8160000000000001,25,28,25,29,2,1,6,2,6,2,"4.43","-0.61","-0.61","49.8",,,,,
"SI","2024-08-23","97.1","-0.94","5.95","Siri, Jose",642350,676272,,"ball",,,,,14,,"R","R","R","LAD","TB","B",,,0,0,2024,"-1.05","1.35",0.3236283658958998,1.215157171883536,,,,0,4,"Top",,,,,,,5.826799987941678,-141.04542623977622,-10.296636381961985,-15.352436910089672,31.7866423713423,-11.952343837567792,3.5099986372461,1.66565249135392,,,,"97.8",2323,"6.8",746111,669257,518692,666158,571771,500743,606192,669242,605141,"53.72",,,,,,,,25,1,"Sinker",0,3,3,0,3,0,3,0,"Standard","Standard",213,"-0.002","0.038",,,,,"-0.038",,-3,3,0.186,0.8140000000000001,25,28,25,29,2,1,6,2,6,2,"1.07","1.05","1.05","43.5",,,,,
"SL","2024-08-23","90.1","-0.82","5.99","Siri, Jose",642350,676272,"strikeout","swinging_strike",,,,,1,"Jose Siri strikes out swinging.","R","R","R","LAD","TB","S",2,,0,2,2024,"0.16","0.56",-0.3851857174265516,3.2833813435954777,,676356,,0,2,"Top",,,,,,,0.745848101530844,-131.2242369072862,-1.991893978099106,1.7477151470508034,26.9780746896268,-25.518918546367654,3.51,1.64,,,,"90.9",2448,"6.7",746111,669257,518692,666158,571771,500743,606192,669242,605141,"53.82",,0,"0",1,0,0,,10,3,"Slider",0,1,1,0,1,0,1,0,"Standard","Standard",156,"0.023","-0.206","71.1","6.7","1.335693888",,"0.206",,-1,1,0.355,0.645,25,28,25,29,1,0,6,2,6,2,"2.24","-0.16","-0.16","48.7",3.8160956875644096,21.93444203719909,25.111777836304583,34.24081267078392,19.517772654468097
"CU","2024-08-23","80.7","-0.78","6.21","Siri, Jose",642350,676272,,"foul",,,,,2,,"R","R","R","LAD","TB","S",,,0,1,2024,"0.73","-0.61",-0.1296809757322427,3.034272155195859,,676356,,0,2,"Top",,,,,,,0.06202277923080571,-117.66153809458712,0.6945539783626606,6.773890188356701,20.72186104499637,-38.168620172443575,3.51,1.64,220,"104.2",14,"81.8",2641,"6.8",746111,669257,518692,666158,571771,500743,606192,669242,605141,"53.71",,,,,,,,10,2,"Curveball",0,1,1,0,1,0,1,0,"Standard","Standard",40,"0.009","-0.067","72.1","7.9",,,"0.067","104.2",-1,1,0.346,0.654,25,28,25,29,1,0,6,2,6,2,"4.07","-0.73","-0.73","52.3",22.343540595478334,-14.637247510306132,26.729924932521435,34.58962963555674,38.952444113921246
"CU","2024-08-23","79.5","-1.08","6.2","Siri, Jose",642350,676272,,"called_strike",,,,,13,,"R","R","R","LAD","TB","S",,,0,0,2024,"0.73","-1.01",-0.8784905011299552,1.9886660086298389,,676356,,0,2,"Top",,,,,,,-0.9312192072658152,-115.88308392541273,-0.6262681603289679,6.789878059372516,20.903110029220024,-41.41234835987255,3.36188658049733,1.56341265988801,,,,"80.2",2637,"6.6",746111,669257,518692,666158,571771,500743,606192,669242,605141,"53.87",,,,,,,,10,1,"Curveball",0,1,1,0,1,0,1,0,"Standard","Standard",40,"0.006","-0.035",,,,,"0.035",,-1,1,0.34,0.6599999999999999,25,28,25,29,1,0,6,2,6,2,"4.6","-0.73","-0.73","49.6",,,,,
"FF","2024-08-23","101.2","-2.21","5.75","Siri, Jose",642350,656629,"strikeout","swinging_strike",,,,,2,"Jose Siri strikes out swinging.","R","R","R","LAD","TB","S",2,,2,2,2024,"-0.85","1.53",0.16870864436006217,3.00188985172911,,,,2,9,"Top",,,,,,,8.750842347834787,-147.00258391523172,-6.046107147980505,-14.355972116894613,34.79824805262379,-8.775941614576805,3.51,1.64,,,,"102.2",2653,"6.9",746111,669257,518692,666158,571771,500743,606192,669242,605141,"53.6",,0,"0",1,0,0,,66,5,"4-Seam Fastball",3,3,3,3,3,3,3,3,"Standard","Standard",212,"0.029","-0.219","72.0","7.4","1.169754048",,"0.219",,0,0,0.61,0.39,28,28,28,29,1,3,5,2,1,2,"0.71","0.85","0.85","48.8",6.47889968923551,17.23819092105025,30.08832653505427,38.87890017074969,14.997594169519651
"FF","2024-08-23","99.3","-2.25","5.74","Siri, Jose",642350,656629,,"foul",,,,,5,,"R","R","R","LAD","TB","S",,,2,1,2024,"-0.76","1.6",-0.23766377057400745,2.8096227184392104,,,,2,9,"Top",,,,,,,7.328953901351874,-144.3518921491311,-6.385614254545217,-12.30828108931399,34.11295682216664,-8.515773108069867,3.51,1.64,190,"84.7",62,"99.8",2687,"6.6",746111,669257,518692,666158,571771,500743,606192,669242,605141,"53.86",,,,,,,,66,4,"4-Seam Fastball",3,3,3,3,3,3,3,3,"Standard","Standard",213,"0.008","-0.084","71.4","7.3",,,"0.084","88.0",0,0,0.602,0.398,28,28,28,29,1,3,5,2,1,2,"0.72","0.76","0.76","46.8",14.535858779944034,15.638953854419361,33.780894228008144,35.34766958441585,23.325977304054927
"FC","2024-08-23","89.8","-2.38","5.57","Siri, Jose",642350,656629,,"ball",,,,,14,,"R","R","R","LAD","TB","B",,,1,1,2024,"0.4","-0.13",1.6010451027942936,0.5400122102353495,,,,2,9,"Top",,,,,,,9.042123902854438,-130.50836856577897,-6.227488999223123,2.759662502681432,26.472382238745695,-32.57694785573973,4.01928111183253,1.97890310652972,,,,"90.3",2662,"6.6",746111,669257,518692,666158,571771,500743,606192,669242,605141,"53.91",,,,,,,,66,3,"Cutter",3,3,3,3,3,3,3,3,"Standard","Standard",60,"-0.005","0.058",,,,,"-0.058",,0,0,0.607,0.393,28,28,28,29,1,3,5,2,1,2,"2.96","-0.4","-0.4","46.0",,,,,
"FF","2024-08-23","96.5","-2.14","5.7","Siri, Jose",642350,656629,,"called_strike",,,,,6,,"R","R","R","LAD","TB","S",,,1,0,2024,"-0.53","1.69",0.47927738793080354,2.6375415036506054,,,676356,1,9,"Top",,,,,,,8.223374410667521,-140.18196692376415,-6.444270574638838,-8.934085003285215,33.03958751594208,-8.57192745469293,3.58129482160881,1.57662961915471,,,,"96.9",2596,"6.7",746111,669257,518692,666158,571771,500743,606192,669242,605141,"53.79",,,,,,,,66,2,"4-Seam Fastball",3,3,3,3,3,3,3,3,"Standard","Standard",210,"0.115","-0.047",,,,,"0.047",,0,0,0.492,0.508,28,28,28,29,1,3,5,2,1,2,"0.77","0.53","0.53","45.6",,,,,
"FF","2024-08-23","97.8","-2.18","5.79","Siri, Jose",642350,656629,,"ball",,,,,11,,"R","R","R","LAD","TB","B",,,0,0,2024,"-0.56","1.69",-1.220720007807492,4.146654263108969,,,676356,1,9,"Top",,,,,,,3.90832864284391,-142.23915079044664,-2.7909716234127715,-8.543620458772459,36.52779596408399,-8.889124304561848,3.50999905269157,1.6312764259426,,,,"97.7",2661,"6.5",746111,669257,518692,666158,571771,500743,606192,669242,605141,"53.99",,,,,,,,66,1,"4-Seam Fastball",3,3,3,3,3,3,3,3,"Standard","Standard",208,"-0.008","0.036",,,,,"-0.036",,0,0,0.5,0.5,28,28,28,29,1,3,5,2,1,2,"0.71","0.56","0.56","47.9",,,,,
"SL","2024-08-23","84.3","-1.09","5.81","Siri, Jose",642350,518489,"strikeout","swinging_strike",,,,,9,"Jose Siri strikes out swinging.","R","R","R","LAD","TB","S",2,,0,2,2024,"0.29","-0.02",0.38592312954628893,1.56157297592932,,,,0,7,"Top",,,,,,,2.887985392132399,-122.82675692859212,-3.5629476862442253,2.453042987517486,22.233687095115627,-31.93964344028592,3.51,1.64,,,,"85.6",2367,"6.8",746111,669257,518692,666158,571771,500743,606192,669242,605141,"53.65",,0,"0",1,0,0,,50,3,"Slider",3,3,3,3,3,3,3,3,"Standard","Standard",108,"0.023","-0.163","75.9","8.1","1.441649532",,"0.163",,0,0,0.516,0.484,36,28,37,29,1,2,3,2,1,2,"3.2","-0.29","-0.29","43.8",16.45727479599862,0.6142045068073126,31.928771821632598,40.246003918130654,30.623403936856384
"SL","2024-08-23","84.9","-1.22","5.79","Siri, Jose",642350,518489,,"swinging_strike",,,,,9,,"R","R","R","LAD","TB","S",,,0,1,2024,"0.46","0.07",0.5900448598518007,1.5193148285920546,,,,0,7,"Top",,,,,,,3.3472617783521312,-123.65346068855712,-3.9024529404620467,4.110976629583574,22.015091279392934,-30.975376462142727,3.51,1.64,,,,"86.1",2437,"6.8",746111,669257,518692,666158,571771,500743,606192,669242,605141,"53.75",,,,,,,,50,2,"Slider",3,3,3,3,3,3,3,3,"Standard","Standard",113,"0.01","-0.054","72.8","8.6","1.308853668",,"0.054",,0,0,0.506,0.494,36,28,37,29,1,2,3,2,1,2,"3.06","-0.46","-0.46","42.2",22.550333938095935,-7.820816659064441,33.40813385563008,44.22139259706418,34.640050018288605
"SL","2024-08-23","84.9","-0.95","5.77","Siri, Jose",642350,518489,,"swinging_strike",,,,,14,,"R","R","R","LAD","TB","S",,,0,0,2024,"0.35","-0.06",0.8590804001930673,1.446843485620489,,,,0,7,"Top",,,,,,,3.5585627122852785,-123.65735154914452,-3.783919970265387,3.0023191649446077,21.8280055104169,-32.29635496017812,3.51,1.64,,,,"86",2448,"6.7",746111,669257,518692,666158,571771,500743,606192,669242,605141,"53.8",,,,,,,,50,1,"Slider",3,3,3,3,3,3,3,3,"Standard","Standard",109,"0.006","-0.037","71.6","7.5","0.248554248",,"0.037",,0,0,0.5,0.5,36,28,37,29,1,2,3,2,1,2,"3.19","-0.35","-0.35","43.9",3.7879271094182876,21.388354040152194,37.31121759131214,48.415810539860345,13.384984369929896
"SL","2024-08-21","82.9","-2.88","6.09","Siri, Jose",642350,687765,"home_run","hit_into_play",,,,,5,"Jose Siri homers (16) on a fly ball to left center field. José Caballero scores.","R","R","R","ATH","TB","X",,"fly_ball",0,2,2024,"1.29","-0.04",0.1705245811453342,2.8576139686531725,,,676609,0,7,"Top",56.52,41.84,,,,,4.430323860487457,-120.58479179470565,-0.7525322684678064,11.526714139238171,26.073160601082137,-32.65513964538063,3.51,1.64,423,"110.1",35,"82.3",2765,"6.2",745622,668832,664913,680869,663527,680474,609280,668709,671732,"54.32",0.887,1.8007499999999999,"2",1,0,3,6,48,3,"Slider",2,2,2,2,4,2,4,2,"Standard","Standard",64,"-0.278","1.146","77.1","7.8",,3.547,"-1.146","110.1",0,0,0.463,0.5369999999999999,26,28,26,29,3,2,6,1,6,2,"3.39","-1.29","-1.29","43.2",18.117968683778038,-8.785779848359269,30.057915631770015,38.96468097755716,35.56041674235778
"SI","2024-08-21","89","-2.79","6.21","Siri, Jose",642350,687765,,"foul",,,,,7,,"R","R","R","ATH","TB","S",,,0,1,2024,"-0.85","0.28",-0.3119531958216143,2.074626069673046,,,676609,0,7,"Top",,,,,,,7.79176350017727,-129.41923102387588,-4.74906583004999,-11.007763620728916,23.188918193077274,-28.319158584819448,3.51,1.64,239,"80.5",37,"89",1547,"6",745622,668832,664913,680869,663527,680474,609280,668709,671732,"54.49",,,,,,,,48,2,"Sinker",2,2,2,2,2,2,2,2,"Standard","Standard",219,"0.014","-0.048","72.9","7.1",,,"0.048","88.0",0,0,0.449,0.5509999999999999,26,28,26,29,3,2,6,1,6,2,"2.57","0.85","0.85","43.9",2.457690092272527,13.34465962851675,39.193856964610276,33.511670832955346,19.50774284927587
"SL","2024-08-21","81.9","-2.88","6.11","Siri, Jose",642350,687765,,"called_strike",,,,,4,,"R","R","R","ATH","TB","S",,,0,0,2024,"0.76","0",-0.39672076062393624,2.5210385919750355,,,676609,0,7,"Top",,,,,,,4.127539021892487,-119.21766513574879,-1.5189763643898098,6.429131464484608,24.043109220689157,-32.08569605469194,3.51156339464573,1.59901829066532,,,,"81.6",2594,"6.2",745622,668832,664913,680869,663527,680474,609280,668709,671732,"54.32",,,,,,,,48,1,"Slider",2,2,2,2,2,2,2,2,"Standard","Standard",69,"0.008","-0.042",,,,,"0.042",,0,0,0.441,0.5589999999999999,26,28,26,29,3,2,6,1,6,2,"3.41","-0.76","-0.76","43.7",,,,,
"SL","2024-08-21","84.6","-2.91","6.11","Siri, Jose",642350,687765,"single","hit_into_play",,,,,14,"Jose Siri singles on a fly ball to center fielder JJ Bleday. José Caballero to 3rd.","R","R","R","ATH","TB","X",8,"fly_ball",1,1,2024,"1.49","0.04",1.0230895896282255,1.8879363359253363,,676609,,0,5,"Top",112.34,91.94,,,,,6.172532663950149,-122.96280895590061,-3.4613095285734765,13.5391499534132,28.095589558173817,-31.249035511436645,3.51,1.64,269,"75.2",30,"83.8",2796,"6.2",745622,668832,664913,680869,663527,680474,609280,668709,671732,"54.31",0.368,0.332,"0.9",1,1,0,3,29,3,"Slider",1,0,0,1,0,1,0,1,"Standard","Standard",69,"-0.088","0.515","68.6","8.3",,0.411,"-0.515","88.0",1,-1,0.555,0.44499999999999995,26,28,26,29,2,1,6,1,6,2,"3.2","-1.49","-1.49","41.2",18.910877444555158,-2.655219622172927,32.59569224325968,50.210297403358595,34.90758851211669
"SL","2024-08-21","82.7","-2.94","6.09","Siri, Jose",642350,687765,,"called_strike",,,,,9,,"R","R","R","ATH","TB","S",,,1,0,2024,"1.34","-0.03",0.6981463435271313,1.6636731789099541,,676609,,0,5,"Top",,,,,,,5.664910247591181,-120.25627546904761,-3.46042696630621,11.774734496098421,25.13311640057746,-31.968492438776753,3.55946078911514,1.598971363372,,,,"82.2",2700,"6.2",745622,668832,664913,680869,663527,680474,609280,668709,671732,"54.31",,,,,,,,29,2,"Slider",1,0,0,1,0,1,0,1,"Standard","Standard",67,"0.007","-0.036",,,,,"0.036",,1,-1,0.548,0.45199999999999996,26,28,26,29,2,1,6,1,6,2,"3.39","-1.34","-1.34","40.9",,,,,
"SL","2024-08-21","83.9","-2.93","6.15","Siri, Jose",642350,687765,,"ball",,,,,14,,"R","R","R","ATH","TB","B",,,0,0,2024,"1.34","-0.11",1.2657016193388033,1.294372592109824,,676609,,0,5,"Top",,,,,,,7.024351506197758,-121.81547502381866,-4.448880424542013,11.578200729271028,28.23267495334645,-32.49473616918376,3.56205235607985,1.65001062413652,,,,"83.1",2753,"6.3",745622,668832,664913,680869,663527,680474,609280,668709,671732,"54.24",,,,,,,,29,1,"Slider",1,0,0,1,0,1,0,1,"Standard","Standard",66,"-0.004","0.038",,,,,"-0.038",,1,-1,0.552,0.44799999999999995,26,28,26,29,2,1,6,1,6,2,"3.42","-1.34","-1.34","41.5",,,,,
"FC","2024-08-21","89.5","-2.46","6.31","Siri, Jose",642350,687765,"field_out","hit_into_play",,,,,9,"Jose Siri lines out to center fielder JJ Bleday.","R","R","R","ATH","TB","X",8,"line_drive",2,1,2024,"0.43","0.5",0.6958139153451572,2.027569097601553,,,691406,2,2,"Top",147.04,75.33,,,,,6.899052033654441,-130.29151435501933,-5.716371506620545,3.655608148066308,23.512975426799777,-25.50653822587008,3.51,1.64,311,"86.4",24,"90.1",2571,"6.3",745622,668832,664913,680869,663527,680474,609280,668709,671732,"54.19",0.171,0.173,"0",1,0,0,3,11,4,"Cutter",1,0,0,1,0,1,0,1,"Standard","Standard",174,"0.026","-0.307","69.0","8.4",,0.253,"0.307","88.0",1,-1,0.63,0.37,26,28,26,29,1,0,6,1,6,2,"2.31","-0.43","-0.43","47.5",12.575582532696616,-3.0391744982588342,32.10544586338761,47.789743572030986,27.390588654625073
"SL","2024-08-21","83.7","-2.73","6.19","Siri, Jose",642350,687765,,"ball",,,,,3,,"R","R","R","ATH","TB","B",,,1,1,2024,"1.32","0.11",0.7818477244592585,3.4816192046935854,,,691406,2,2,"Top",,,,,,,5.454982124574488,-121.80090404826805,-0.04760400252219377,12.081697836630466,24.220008266909737,-31.331617552575977,3.51350843320787,1.57131754039747,,,,"83.2",2695,"6",745622,668832,664913,680869,663527,680474,609280,668709,671732,"54.52",,,,,,,,11,3,"Slider",1,0,0,1,0,1,0,1,"Standard","Standard",73,"-0.003","0.05",,,,,"-0.05",,1,-1,0.633,0.367,26,28,26,29,1,0,6,1,6,2,"3.15","-1.32","-1.32","40.4",,,,,
"SL","2024-08-21","84.2","-2.92","6.1","Siri, Jose",642350,687765,,"foul",,,,,14,,"R","R","R","ATH","TB","S",,,1,0,2024,"1.15","0.34",0.9657820716110959,1.511800973745888,,,691406,2,2,"Top",,,,,,,6.709934765643671,-122.4996100181852,-4.919345753497934,10.234545938695694,24.81565081335463,-27.954524249101308,3.51,1.64,11,"66.4",-7,"83.8",2731,"6.1",745622,668832,664913,680869,663527,680474,609280,668709,671732,"54.42",,,,,,,,11,2,"Slider",1,0,0,1,0,1,0,1,"Standard","Standard",66,"0.003","-0.048","69.2","8.5",,,"0.048","88.0",1,-1,0.63,0.37,26,28,26,29,1,0,6,1,6,2,"2.88","-1.15","-1.15","42.7",14.53913223987991,-3.375266587315659,34.98692123347311,49.28663151546701,29.343162073816828
"SL","2024-08-21","86.6","-1.6","5.34","Siri, Jose",642350,669372,"field_out","hit_into_play",,,,,9,"Jose Siri lines out to first baseman Tyler Nevin.","R","R","R","ATH","TB","X",3,"line_drive",1,2,2024,"0.28","-0.19",0.5823195167419806,1.596132882832868,,,,0,9,"Top",156.76,168.76,,,,,4.675796272458952,-126.18605719321715,-2.378721413043277,2.047319725559704,24.677380247422835,-33.98641304807817,3.51,1.64,133,"83.5",8,"87.2",2281,"6.5",745622,668832,663527,680869,687231,680474,609280,668709,671732,"53.99",0.413,0.372,"0",1,0,0,4,66,4,"Slider",2,4,4,2,4,2,4,2,"Standard","Standard",44,"0.006","-0.186","74.7","7.3",,0.441,"0.186","88.0",-2,2,0.078,0.922,25,28,25,29,1,3,,1,3,2,"3.22","-0.28","-0.28","34.2",-9.727476706400584,15.945319494476363,39.79720633853564,44.467103532083414,14.332633186966458
"SL","2024-08-21","87.1","-1.64","5.33","Siri, Jose",642350,669372,,"swinging_strike",,,,,9,,"R","R","R","ATH","TB","S",,,1,1,2024,"0.18","0.2",0.49053837922418064,2.12424399494045,,,,0,9,"Top",,,,,,,4.779536129376641,-126.77092473370065,-1.9263885405431154,0.8799014654120022,26.686625805997824,-29.83958300520419,3.51,1.64,,,,"87.4",2080,"6.6",745622,668832,663527,680869,687231,680474,609280,668709,671732,"53.94",,,,,,,,66,3,"Slider",2,4,4,2,4,2,4,2,"Standard","Standard",52,"0.002","-0.056","76.3","8.1","0.7680735",,"0.056",,-2,2,0.076,0.924,25,28,25,29,1,3,,1,3,2,"2.81","-0.18","-0.18","32.3",14.882214797254658,1.1918248063694146,35.24740316307437,42.8399217398131,26.279727352164514
"SL","2024-08-21","84.7","-2.83","6.11","Siri, Jose",642350,687765,,"ball",,,,,12,,"R","R","R","ATH","TB","B",,,0,0,2024,"1.17","0.27",1.2103836176315403,2.547624301552311,,,691406,2,2,"Top",,,,,,,7.061920690737857,-123.09550932782562,-2.4284752434582537,10.322136014754477,26.525798228564653,-29.18982094437231,3.50384576385001,1.58378184312865,,,,"84.2",2729,"6.2",745622,668832,664913,680869,663527,680474,609280,668709,671732,"54.29",,,,,,,,11,1,"Slider",1,0,0,1,0,1,0,1,"Standard","Standard",69,"-0.002","0.034",,,,,"-0.034",,1,-1,0.632,0.368,26,28,26,29,1,0,6,1,6,2,"2.94","-1.17","-1.17","46.8",,,,,
"SI","2024-08-21","93.1","-1.18","5.77","Siri, Jose",642350,669372,,"ball",,,,,11,,"R","R","R","ATH","TB","B",,,0,1,2024,"-1.24","0.42",-0.43686664221898397,3.7631090110777405,,,,0,9,"Top",,,,,,,4.663744120706486,-135.45992336267162,-0.25563673221656225,-16.31130956656801,32.46686446861096,-27.20638241472917,3.47188952890406,1.5975597409768,,,,"93",1957,"6.5",745622,668832,663527,680869,687231,680474,609280,668709,671732,"54.02",,,,,,,,66,2,"Sinker",2,4,4,2,4,2,4,2,"Standard","Standard",219,"-0.001","0.025",,,,,"-0.025",,-2,2,0.077,0.923,25,28,25,29,1,3,,1,3,2,"2.23","1.24","1.24","42.1",,,,,
"SL","2024-08-21","83.7","-1.87","5.27","Siri, Jose",642350,669372,,"called_strike",,,,,4,,"R","R","R","ATH","TB","S",,,0,0,2024,"0.38","-0.4",-0.730187767934501,2.637049687683066,,,,0,9,"Top",,,,,,,1.8779117118011757,-121.94709906986111,1.0865034448278863,3.4763741454119406,22.36663360107231,-36.61284218047841,3.68996707742354,1.67606583895764,,,,"84.3",2129,"6.5",745622,668832,663527,680869,687231,680474,609280,668709,671732,"54.05",,,,,,,,66,1,"Slider",2,4,4,2,4,2,4,2,"Standard","Standard",57,"0.001","-0.037",,,,,"0.037",,-2,2,0.076,0.924,25,28,25,29,1,3,,1,3,2,"3.63","-0.38","-0.38","31.4",,,,,
"FF","2024-08-20","92.1","-2.13","5.96","Siri, Jose",642350,683155,"home_run","hit_into_play",,,,,5,"Jose Siri homers (15) on a fly ball to center field.","R","R","R","ATH","TB","X",,"fly_ball",0,1,2024,"-0.83","1.18",0.061161077242521955,2.7599032511939816,,,,2,8,"Top",100.34,32.86,,,,,7.3029166878627505,-133.8785159333824,-4.784928946772619,-11.556849904691504,30.24542515470268,-17.192747068136637,3.51,1.63,415,"109.5",26,"91.3",2210,"5.9",745624,669127,664913,680869,647351,687231,609280,668709,671732,"54.55",0.965,1.939333333333333,"2",1,0,3,6,51,2,"4-Seam Fastball",0,0,0,0,1,0,1,0,"Standard","Standard",216,"-0.29","2.635","79.0","7.7",,3.824,"-2.635","109.5",0,0,0.586,0.41400000000000003,22,28,23,29,3,2,6,1,5,1,"1.53","0.83","0.83","33.3",13.091183668733208,-1.2745561889580475,29.74449257509906,36.982036929187224,31.709971545352808
"FF","2024-08-20","92.6","-2.13","5.97","Siri, Jose",642350,683155,,"foul",,,,,2,,"R","R","R","ATH","TB","S",,,0,0,2024,"-0.87","1.25",0.24900422593704286,3.0829176988335236,,,,2,8,"Top",,,,,,,7.936056491913233,-134.6218909774718,-4.2968572158753755,-12.267361445993439,27.56166906037555,-16.190557770866118,3.51,1.63,132,"78.9",10,"92.5",2147,"6.2",745624,669127,664913,680869,647351,687231,609280,668709,671732,"54.35",,,,,,,,51,1,"4-Seam Fastball",0,0,0,0,0,0,0,0,"Standard","Standard",219,"0.004","-0.041","74.4","7.3",,,"0.041","88.0",0,0,0.582,0.41800000000000004,22,28,23,29,3,2,6,1,5,1,"1.4","0.87","0.87","33.1",8.622904359583355,10.960375573366456,30.011241770375175,40.47437522887283,18.582836195115664
"SL","2024-08-20","79.5","-2.11","5.99","Siri, Jose",642350,683155,"field_out","hit_into_play",,,,,5,"Jose Siri flies out sharply to center fielder JJ Bleday.","R","R","R","ATH","TB","X",8,"fly_ball",1,2,2024,"0.56","-0.38",0.16053739956605056,2.8147424770438674,,,,0,6,"Top",92.4,52.08,,,,,3.9256855914827793,-115.82885672459685,0.4834912400375193,4.287526332278741,21.466447641143628,-35.88135292293025,3.51,1.63,372,"101.7",34,"79.4",2451,"6.1",745624,669127,664913,680869,647351,687231,609280,668709,671732,"54.38",0.523,1.0497419354838708,"0",1,0,0,6,35,6,"Slider",0,0,0,0,0,0,0,0,"Standard","Standard",67,"0.024","-0.186","82.8","8.0",,2.062,"0.186","101.7",0,0,0.51,0.49,22,28,23,29,2,1,6,1,5,1,"3.97","-0.56","-0.56","40.7",16.15175052049771,-4.618074882012558,29.01950215323824,39.17084844092027,31.686270194708655
"FF","2024-08-20","92","-2.23","5.98","Siri, Jose",642350,683155,,"foul",,,,,12,,"R","R","R","ATH","TB","S",,,1,2,2024,"-0.71","1.32",0.9286838609036844,3.0414310332474144,,,,0,6,"Top",,,,,,,9.516912069249235,-133.64621524555787,-4.421770105404909,-10.6605802210326,29.678145138998342,-15.600020179137898,3.51,1.63,254,"78.9",31,"91.5",2182,"6.1",745624,669127,664913,680869,647351,687231,609280,668709,671732,"54.38",,,,,,,,35,5,"4-Seam Fastball",0,0,0,0,0,0,0,0,"Standard","Standard",213,"0","0","65.0","7.0",,,"0","88.0",0,0,0.51,0.49,22,28,23,29,2,1,6,1,5,1,"1.39","0.71","0.71","36.4",3.066236202578958,26.9391552743739,27.89312898869027,49.28590394515003,11.216457855265174
"ST","2024-08-20","77.8","-2.33","5.71","Siri, Jose",642350,683155,,"foul",,,,,5,,"R","R","R","ATH","TB","S",,,1,2,2024,"0.92","0.32",0.16000920670320928,2.5175450630124927,,,,0,6,"Top",,,,,,,3.6370828850390877,-113.1817428139422,-0.4289539120327497,7.030821390813123,23.65587197112481,-29.65140985587216,3.51,1.63,3,"73.2",-43,"76.8",2438,"5.9",745624,669127,664913,680869,647351,687231,609280,668709,671732,"54.6",,,,,,,,35,4,"Sweeper",0,0,0,0,0,0,0,0,"Standard","Standard",86,"0","0","73.8","8.1",,,"0","88.0",0,0,0.51,0.49,22,28,23,29,2,1,6,1,5,1,"3.5","-0.92","-0.92","31.4",24.85556990658547,-16.268307644669644,24.888531861329962,39.070983459509,42.58466384578543
"SL","2024-08-20","80.2","-2.1","6.08","Siri, Jose",642350,683155,,"swinging_strike",,,,,4,,"R","R","R","ATH","TB","S",,,1,1,2024,"0.42","0.02",-0.4457100485644682,2.7442753346114728,,,,0,6,"Top",,,,,,,2.8459562309197346,-116.8566397006435,-0.7374475350844204,3.3167572265755063,21.507029869397265,-32.09494595851706,3.51,1.63,,,,"79.9",2266,"5.9",745624,669127,664913,680869,647351,687231,609280,668709,671732,"54.57",,,,,,,,35,3,"Slider",0,0,0,0,0,0,0,0,"Standard","Standard",89,"0.008","-0.056","76.9","7.4","0.535027344",,"0.056",,0,0,0.502,0.498,22,28,23,29,2,1,6,1,5,1,"3.51","-0.42","-0.42","39.8",9.45726373048366,2.5619923616584175,34.93936507755961,31.27991919338585,25.886786342290932
"FF","2024-08-20","91.8","-2.18","6.02","Siri, Jose",642350,683155,,"ball",,,,,11,,"R","R","R","ATH","TB","B",,,0,1,2024,"-0.64","0.96",-0.42936478258491584,4.3221232307523065,,,,0,6,"Top",,,,,,,5.758914644112316,-133.50447268960457,-0.48795323674627544,-8.878773069930624,30.59735920955278,-20.81558865122945,3.65398032923445,1.64036005724471,,,,"90.9",2112,"5.9",745624,669127,664913,680869,647351,687231,609280,668709,671732,"54.55",,,,,,,,35,2,"4-Seam Fastball",0,0,0,0,0,0,0,0,"Standard","Standard",215,"-0.003","0.025",,,,,"-0.025",,0,0,0.505,0.495,22,28,23,29,2,1,6,1,5,1,"1.76","0.64","0.64","33.9",,,,,
"FF","2024-08-20","91.2","-2.21","5.95","Siri, Jose",642350,683155,,"foul",,,,,2,,"R","R","R","ATH","TB","S",,,0,0,2024,"-0.86","1.12",-0.10592622844134592,3.619569607853422,,,,0,6,"Top",,,,,,,7.088759424660015,-132.72855724214267,-2.409080304257713,-11.594562473944544,26.448287550257238,-18.587267281474958,3.51,1.63,115,"61.3",67,"91.1",2161,"6.1",745624,669127,664913,680869,647351,687231,609280,668709,671732,"54.44",,,,,,,,35,1,"4-Seam Fastball",0,0,0,0,0,0,0,0,"Standard","Standard",218,"0.005","-0.037","71.9","7.1",,,"0.037","88.0",0,0,0.5,0.5,22,28,23,29,2,1,6,1,5,1,"1.61","0.86","0.86","33.6",11.734686674359407,16.577844094557545,26.61613482597787,34.0537484637762,22.673646884697497
"ST","2024-08-20","79.2","-2.2","5.81","Siri, Jose",642350,683155,"strikeout","swinging_strike",,,,,14,"Jose Siri strikes out swinging.","R","R","R","ATH","TB","S",2,,0,2,2024,"1.1","0.8",1.3365504623734705,1.3501472189760002,,,,1,3,"Top",,,,,,,5.625052708489005,-115.17833971698107,-4.377726124953353,8.67376673432699,22.765008138848923,-24.45852405455499,3.51,1.63,,,,"78.5",2641,"6",745624,669127,664913,680869,647351,687231,609280,668709,671732,"54.51",,0,"0",1,0,0,,15,3,"Sweeper",0,0,0,0,0,0,0,0,"Standard","Standard",73,"0.011","-0.162","64.5","9.1","4.619286588",,"0.162",,0,0,0.532,0.46799999999999997,22,28,23,29,1,0,6,1,5,1,"2.86","-1.1","-1.1","34.9",24.670149448785693,-27.596211699389443,31.748363824153646,51.59318894413755,48.47663999974068
"ST","2024-08-20","79.2","-2.34","5.81","Siri, Jose",642350,683155,,"swinging_strike",,,,,11,,"R","R","R","ATH","TB","S",,,0,1,2024,"1.34","1.07",-0.27347492616212477,3.9592486379429235,,,,1,3,"Top",,,,,,,1.9951154067656127,-115.23668031317396,0.8442666024845158,11.36605565259003,24.921736623823847,-23.217312760802088,3.51,1.63,,,,"78.2",2651,"5.9",745624,669127,664913,680869,647351,687231,609280,668709,671732,"54.56",,,,,,,,15,2,"Sweeper",0,0,0,0,0,0,0,0,"Standard","Standard",78,"0.004","-0.057","72.7","7.1","6.467836788",,"0.057",,0,0,0.528,0.472,22,28,23,29,1,0,6,1,5,1,"2.62","-1.34","-1.34","34.0",11.347392365959681,10.647402401846039,26.844571181054718,34.330200675478096,24.006272228733422
"ST","2024-08-20","78","-2.42","5.8","Siri, Jose",642350,683155,,"swinging_strike",,,,,1,,"R","R","R","ATH","TB","S",,,0,0,2024,"0.94","0.96",-0.5994612684356929,3.2382862869352107,,,,1,3,"Top",,,,,,,2.1623561799707423,-113.62053604422952,-0.39873705690777383,7.759068687055923,20.91045342010441,-23.97967068233842,3.51,1.63,,,,"77.5",2526,"5.9",745624,669127,664913,680869,647351,687231,609280,668709,671732,"54.61",,,,,,,,15,1,"Sweeper",0,0,0,0,0,0,0,0,"Standard","Standard",75,"0.003","-0.037","48.6","6.0","2.302962864",,"0.037",,0,0,0.525,0.475,22,28,23,29,1,0,6,1,5,1,"2.78","-0.94","-0.94","33.6",1.9371168597333936,27.795370262222274,30.119067618090774,29.548095917174237,14.96684674844889
"SL","2024-08-19","88.5","-1.19","6.24","Siri, Jose",642350,671212,"strikeout","swinging_strike",,,,,5,"Jose Siri strikes out swinging.","R","R","R","ATH","TB","S",2,,3,2,2024,"0.41","-0.29",-0.03263264525870613,2.462766223035076,,691406,,2,4,"Top",,,,,,,1.9705333671015686,-128.93721458607303,-2.5831916302210027,4.2391252952126495,25.831430372522338,-35.119418163988186,3.52,1.64,,,,"88.9",2595,"6.4",745620,669127,664913,680869,647351,680474,609280,668709,671732,"54.14",,0,"0",1,0,0,,29,6,"Slider",2,0,0,2,0,2,0,2,"Standard","Standard",74,"0.038","-0.298","75.0","7.5","0.1",,"0.298",,2,-2,0.748,0.252,24,28,25,29,2,1,6,1,5,1,"3.19","-0.41","-0.41","50.6",2.846153088723686,18.055619306123102,35.10936956052864,38.601933934539105,14.772957028474787
"SL","2024-08-19","89.2","-1.22","6.17","Siri, Jose",642350,671212,,"ball",,,,,14,,"R","R","R","ATH","TB","B",,,2,2,2024,"0.23","-0.01",1.5395247379943344,1.566746439217931,,691406,,2,4,"Top",,,,,,,6.379614937721396,-129.79296969687144,-5.318345988388784,1.2040426416322914,27.3693014842546,-31.334530905111336,3.52031005487867,1.63267370963737,,,,"90",2473,"6.8",745620,669127,664913,680869,647351,680474,609280,668709,671732,"53.68",,,,,,,,29,5,"Slider",2,0,0,2,0,2,0,2,"Standard","Standard",95,"-0.007","0.049",,,,,"-0.049",,2,-2,0.755,0.245,24,28,25,29,2,1,6,1,5,1,"2.87","-0.23","-0.23","46.3",,,,,
"FF","2024-08-19","98.5","-1.23","6.18","Siri, Jose",642350,671212,,"ball",,,,,11,,"R","R","R","ATH","TB","B",,,1,2,2024,"-0.71","1.14",-0.8456424138879917,3.3481086708915124,,691406,,2,4,"Top",,,,,,,2.696211080702448,-143.45513134120637,-4.901450687621522,-10.389185362000742,33.17006093726081,-15.49046036554248,3.54537017858168,1.67998093811273,,,,"98.9",2452,"6.4",745620,669127,664913,680869,647351,680474,609280,668709,671732,"54.06",,,,,,,,29,4,"4-Seam Fastball",2,0,0,2,0,2,0,2,"Standard","Standard",208,"-0.006","0.037",,,,,"-0.037",,2,-2,0.761,0.239,24,28,25,29,2,1,6,1,5,1,"1.2","0.71","0.71","43.6",,,,,
"FF","2024-08-19","99.2","-1.28","6.23","Siri, Jose",642350,671212,,"called_strike",,,,,1,,"R","R","R","ATH","TB","S",,,1,1,2024,"-0.82","1.55",-0.38048154083198527,2.9647710979913096,,691406,,2,4,"Top",,,,,,,4.385328811278784,-144.2188634550527,-7.119403505280121,-12.410951304664382,36.033622407314844,-9.056989010608925,3.52037805864397,1.6904529836204,,,,"99.3",2490,"6.6",745620,669127,664913,680869,647351,680474,609280,668709,671732,"53.95",,,,,,,,29,3,"4-Seam Fastball",2,0,0,2,0,2,0,2,"Standard","Standard",215,"0.009","-0.06",,,,,"0.06",,2,-2,0.752,0.248,24,28,25,29,2,1,6,1,5,1,"0.78","0.82","0.82","43.7",,,,,
"FF","2024-08-19","98.9","-1.29","6.22","Siri, Jose",642350,671212,,"swinging_strike",,,,,11,,"R","R","R","ATH","TB","S",,,1,0,2024,"-0.56","1.64",-0.4107343792344693,4.076013659804601,,691406,,2,4,"Top",,,,,,,3.712954325436937,-143.90347363658685,-4.193986419537754,-8.625391076597072,36.82004097756338,-8.7396579481973,3.52,1.64,,,,"99",2552,"6.6",745620,669127,664913,680869,647351,680474,609280,668709,671732,"53.93",,,,,,,,29,2,"4-Seam Fastball",2,0,0,2,0,2,0,2,"Standard","Standard",210,"0.003","-0.043","63.1","5.3","7.550126736",,"0.043",,2,-2,0.749,0.251,24,28,25,29,2,1,6,1,5,1,"0.71","0.56","0.56","45.2",-7.614093068854832,54.8405983572235,29.44074195354365,32.19837073667489,8.873429215372482
"FF","2024-08-19","98.6","-1.17","6.18","Siri, Jose",642350,671212,,"ball",,,,,14,,"R","R","R","ATH","TB","B",,,0,0,2024,"-0.65","1.48",1.2658557303514142,1.8874691577160914,,691406,,2,4,"Top",,,,,,,8.153823674812823,-143.06292949173832,-9.64722775068853,-10.839412951811578,33.772381023126954,-9.71480101233911,3.50626103652843,1.65432755896336,,,,"98.7",2490,"6.6",745620,669127,664913,680869,647351,680474,609280,668709,671732,"53.92",,,,,,,,29,1,"4-Seam Fastball",2,0,0,2,0,2,0,2,"Standard","Standard",211,"-0.001","0.014",,,,,"-0.014",,2,-2,0.75,0.25,24,28,25,29,2,1,6,1,5,1,"0.88","0.65","0.65","42.7",,,,,
"SL","2024-08-19","87.9","-1.09","6.12","Siri, Jose",642350,671212,"field_out","hit_into_play",,,,,9,"Jose Siri grounds out, shortstop Max Schuemann to first baseman Seth Brown.","R","R","R","ATH","TB","X",6,"ground_ball",1,1,2024,"0.45","-0.43",0.750941852074698,2.1738214224118773,,,,1,2,"Top",108.11,160.05,,,,,3.551576889065721,-128.01684362129123,-2.589451855737593,4.231776960006256,25.42496718041131,-36.6003071883711,3.52,1.64,24,"88.4",-4,"88.3",2652,"6.4",745620,669127,664913,680869,647351,680474,609280,668709,671732,"54.09",0.227,0.242,"0",1,0,0,2,12,3,"Slider",2,0,0,2,0,2,0,2,"Standard","Standard",64,"0.015","-0.243","63.3","8.5",,0.254,"0.243","88.4",2,-2,0.722,0.278,24,28,25,29,1,0,6,1,5,1,"3.37","-0.45","-0.45","42.1",22.433457691396008,-0.49704572561488714,27.518497094822106,48.50301532082702,31.482809647688697
"SL","2024-08-19","90.5","-1.22","6.15","Siri, Jose",642350,671212,,"foul",,,,,14,,"R","R","R","ATH","TB","S",,,1,0,2024,"0.18","-0.14",0.6027705703169415,0.9657582199794259,,,,1,2,"Top",,,,,,,4.173753157851443,-131.67057580605413,-6.674910768316942,1.1682238843862964,30.119408942788755,-32.47092368094802,3.52,1.64,2,"41.5",-31,"90.6",2468,"6.5",745620,669127,664913,680869,647351,680474,609280,668709,671732,"53.99",,,,,,,,12,2,"Slider",2,0,0,2,0,2,0,2,"Standard","Standard",107,"0.004","-0.051","66.0","8.6",,,"0.051","88.0",2,-2,0.718,0.28200000000000003,24,28,25,29,1,0,6,1,5,1,"2.94","-0.18","-0.18","41.4",19.61889519658934,5.325519106928308,37.52106131301754,45.41658028719748,30.48194672944681
"SL","2024-08-19","90","-1.34","6.09","Siri, Jose",642350,671212,,"ball",,,,,14,,"R","R","R","ATH","TB","B",,,0,0,2024,"0.33","0.07",0.19053291349349696,0.46487868188461334,,,,1,2,"Top",,,,,,,3.0851247997117253,-130.99692452459442,-8.176919146042538,3.2589627796045333,25.95718183444114,-29.98066457013948,3.5052632879566,1.65654476215529,,,,"90.4",2640,"6.4",745620,669127,664913,680869,647351,680474,609280,668709,671732,"54.1",,,,,,,,12,1,"Slider",2,0,0,2,0,2,0,2,"Standard","Standard",75,"-0.003","0.039",,,,,"-0.039",,2,-2,0.721,0.279,24,28,25,29,1,0,6,1,5,1,"2.73","-0.33","-0.33","40.0",,,,,
"FF","2024-08-19","100.5","-1.88","5.94","Siri, Jose",642350,695243,"walk","ball",,,,,14,"Jose Siri walks.","R","R","R","ATH","TB","B",,,3,2,2024,"-0.82","1.46",1.5225346570353318,0.48103675448977123,,,,2,9,"Top",,,,,,,11.422399227442918,-145.33734160967364,-13.25993833197506,-14.24560321816278,33.97699827074077,-8.426195047082324,3.56125877328263,1.6568240559491,,,,"101",2401,"6.9",745620,669127,664913,680869,647351,680474,609280,668709,671732,"53.6",,0.689131,"0.7",1,0,0,,65,7,"4-Seam Fastball",3,0,0,3,0,3,0,3,"Standard","Standard",218,"-0.007","0.267",,,,,"-0.267",,3,-3,0.995,0.0050000000000000044,25,28,26,29,1,3,1,1,3,1,"0.83","0.82","0.82","33.9",,,,,
"FF","2024-08-19","100.5","-2.01","5.87","Siri, Jose",642350,695243,,"foul",,,,,5,,"R","R","R","ATH","TB","S",,,3,2,2024,"-0.94","1.29",0.1672605412748518,2.680426471712192,,,,2,9,"Top",,,,,,,8.346606107248466,-145.98888593383586,-6.607962081927826,-15.36809557757113,35.21038437415913,-12.256591930576286,3.52,1.64,269,"78.5",43,"101.4",2423,"6.9",745620,669127,664913,680869,647351,680474,609280,668709,671732,"53.57",,,,,,,,65,6,"4-Seam Fastball",3,0,0,3,0,3,0,3,"Standard","Standard",224,"0","0","74.7","8.0",,,"0","88.0",3,-3,0.995,0.0050000000000000044,25,28,26,29,1,3,1,1,3,1,"0.97","0.94","0.94","31.1",11.882968721727266,7.095807183111178,30.3630214455806,40.215655810349965,23.35215915346716
"FF","2024-08-19","99.6","-2.02","5.99","Siri, Jose",642350,695243,,"swinging_strike",,,,,6,,"R","R","R","ATH","TB","S",,,3,1,2024,"-0.69","1.39",0.4609569097716545,2.7116099188536484,,,,2,9,"Top",,,,,,,8.534261020392528,-144.6895246568928,-6.921735850555967,-11.696273676365793,34.17500503089242,-11.179289923044138,3.52,1.64,,,,"100.6",2468,"6.9",745620,669127,664913,680869,647351,680474,609280,668709,671732,"53.56",,,,,,,,65,5,"4-Seam Fastball",3,0,0,3,0,3,0,3,"Standard","Standard",214,"0.002","-0.089","76.5","7.6","1.665617724",,"0.089",,3,-3,0.993,0.007000000000000006,25,28,26,29,1,3,1,1,3,1,"0.92","0.69","0.69","33.9",10.842361406412657,19.563659327625214,30.40698900265429,43.58670170258175,17.32634527760699
"FF","2024-08-19","100.5","-2.13","5.96","Siri, Jose",642350,695243,,"ball",,,,,11,,"R","R","R","ATH","TB","B",,,2,1,2024,"-0.94","1.32",-0.5560090544024756,3.834239991674051,,,,2,9,"Top",,,,,,,6.641517814869939,-146.1938561384585,-3.668409943225453,-15.020611738066206,36.94478430867584,-12.682697249265683,3.52020166919162,1.6824116835327,,,,"101.1",2440,"6.8",745620,669127,664913,680869,647351,680474,609280,668709,671732,"53.7",,,,,,,,65,4,"4-Seam Fastball",3,0,0,3,0,3,0,3,"Standard","Standard",222,"-0.002","0.112",,,,,"-0.112",,3,-3,0.995,0.0050000000000000044,25,28,26,29,1,3,1,1,3,1,"0.96","0.94","0.94","34.6",,,,,
"FF","2024-08-19","100.3","-2.13","6.05","Siri, Jose",642350,695243,,"ball",,,,,11,,"R","R","R","ATH","TB","B",,,1,1,2024,"-1.03","1.36",-0.39750745633314066,4.385355140466787,,,,2,9,"Top",,,,,,,7.279478520251781,-145.85948700623817,-2.4586304836368944,-16.403445521162002,36.794423234729656,-12.408833049071664,3.53774150000675,1.67239392646888,,,,"100.8",2461,"6.8",745620,669127,664913,680869,647351,680474,609280,668709,671732,"53.73",,,,,,,,65,3,"4-Seam Fastball",3,0,0,3,0,3,0,3,"Standard","Standard",214,"-0.001","0.058",,,,,"-0.058",,3,-3,0.996,0.0040000000000000036,25,28,26,29,1,3,1,1,3,1,"0.92","1.03","1.03","33.5",,,,,
"FF","2024-08-19","98.9","-2.07","5.95","Siri, Jose",642350,695243,,"called_strike",,,,,9,,"R","R","R","ATH","TB","S",,,1,0,2024,"-1.18","1.41",0.40592403926585385,1.8694019109000446,,,,2,9,"Top",,,,,,,9.58231666741143,-143.47830694024495,-9.013897186685304,-18.61465795522217,34.576920838665124,-10.664682740912118,3.61571764830519,1.70485855441942,,,,"99.3",2468,"6.8",745620,669127,664913,680869,647351,680474,609280,668709,671732,"53.72",,,,,,,,65,2,"4-Seam Fastball",3,0,0,3,0,3,0,3,"Standard","Standard",219,"0.001","-0.051",,,,,"0.051",,3,-3,0.995,0.0050000000000000044,25,28,26,29,1,3,1,1,3,1,"0.94","1.18","1.18","32.8",,,,,
"FF","2024-08-19","100","-2.05","5.96","Siri, Jose",642350,695243,,"ball",,,,,1,,"R","R","R","ATH","TB","B",,,0,0,2024,"-0.96","1.42",-0.6247478780846862,3.543804047110495,,,,2,9,"Top",,,,,,,6.252167661464424,-145.39101038415862,-4.6119239346287735,-15.112206300257895,37.37570841396652,-11.162962890989816,3.70157470103673,1.79158781755882,,,,"100.4",2435,"6.8",745620,669127,664913,680869,647351,680474,609280,668709,671732,"53.73",,,,,,,,65,1,"4-Seam Fastball",3,0,0,3,0,3,0,3,"Standard","Standard",222,"-0.001","0.04",,,,,"-0.04",,3,-3,0.996,0.0040000000000000036,25,28,26,29,1,3,1,1,3,1,"0.88","0.96","0.96","30.8",,,,,
"FS","2024-08-19","87.6","-1.89","6.12","Siri, Jose",642350,680880,"strikeout","swinging_strike",,,,,5,"Jose Siri strikes out swinging.","R","R","R","ATH","TB","S",2,,3,2,2024,"-1.02","0.23",-0.027860216030016094,2.722542247866473,,,,0,7,"Top",,,,,,,6.7333835784349345,-127.46566440837246,-2.559464963987997,-12.516671366494528,26.741884038997522,-29.321879065010084,3.52,1.64,,,,"89.1",959,"7.3",745620,669127,664913,680869,647351,680474,609280,668709,671732,"53.21",,0,"0",1,0,0,,49,6,"Split-Finger",3,0,0,3,0,3,0,3,"Standard","Standard",240,"0.031","-0.333","75.5","7.5","1.08599814",,"0.333",,3,-3,0.886,0.11399999999999999,24,28,24,29,1,2,2,1,3,1,"2.74","1.02","1.02","46.1",6.332049345767678,15.20968266325627,32.85221975405856,35.9337645583437,19.76072516249149
"FF","2024-08-19","95","-1.61","6.32","Siri, Jose",642350,680880,,"ball",,,,,12,,"R","R","R","ATH","TB","B",,,2,2,2024,"-0.8","1.13",1.205279506932198,2.702020434775589,,,,0,7,"Top",,,,,,,9.302226554304687,-137.99264938140024,-6.490692527509214,-12.196730851057119,27.065930750160913,-16.456539288362624,3.62090453647038,1.66040773749796,,,,"96.8",1672,"7.2",745620,669127,664913,680869,647351,680474,609280,668709,671732,"53.34",,,,,,,,49,5,"4-Seam Fastball",3,0,0,3,0,3,0,3,"Standard","Standard",216,"-0.011","0.107",,,,,"-0.107",,3,-3,0.897,0.10299999999999998,24,28,24,29,1,2,2,1,3,1,"1.38","0.8","0.8","50.2",,,,,
"FF","2024-08-19","95.6","-1.83","6.3","Siri, Jose",642350,680880,,"ball",,,,,11,,"R","R","R","ATH","TB","B",,,1,2,2024,"-0.69","1.3",-0.16578974252536205,4.557256883895925,,,,0,7,"Top",,,,,,,6.030934861517199,-139.19484054483976,-1.994602210589266,-10.212632397115199,27.94790300398494,-14.885478860756681,3.59333597211267,1.68662109308524,,,,"97.6",1833,"7.1",745620,669127,664913,680869,647351,680474,609280,668709,671732,"53.37",,,,,,,,49,4,"4-Seam Fastball",3,0,0,3,0,3,0,3,"Standard","Standard",213,"-0.003","0.04",,,,,"-0.04",,3,-3,0.9,0.09999999999999998,24,28,24,29,1,2,2,1,3,1,"1.17","0.69","0.69","49.4",,,,,
"FF","2024-08-19","94.8","-1.82","6.27","Siri, Jose",642350,680880,,"swinging_strike",,,,,2,,"R","R","R","ATH","TB","S",,,1,1,2024,"-0.83","1.21",0.11839626169129558,3.0979050352734587,,,,0,7,"Top",,,,,,,7.021370022042569,-137.901597981571,-5.42662610825131,-12.055545801487517,28.849001465138475,-15.736361658824347,3.52,1.64,,,,"96.6",1875,"7.2",745620,669127,664913,680869,647351,680474,609280,668709,671732,"53.3",,,,,,,,49,3,"4-Seam Fastball",3,0,0,3,0,3,0,3,"Standard","Standard",211,"0.006","-0.056","70.9","6.5","0.81334404",,"0.056",,3,-3,0.894,0.10599999999999998,24,28,24,29,1,2,2,1,3,1,"1.32","0.83","0.83","49.6",-1.1425883077976438,30.037737089289454,32.001718290272656,38.55787688237047,10.332578931558803
"SL","2024-08-19","85.8","-2.02","5.99","Siri, Jose",642350,680880,,"ball",,,,,14,,"R","R","R","ATH","TB","B",,,0,1,2024,"0.67","-0.68",0.731164113539912,1.5387294026681038,,,,0,7,"Top",,,,,,,5.21351323061485,-124.83380663998194,-2.8002508503997166,5.7462039477328775,29.29588262613905,-38.825134107038245,3.51647218774747,1.67667209471945,,,,"86.3",2088,"7",745620,669127,664913,680869,647351,680474,609280,668709,671732,"53.48",,,,,,,,49,2,"Slider",3,0,0,3,0,3,0,3,"Standard","Standard",31,"-0.003","0.025",,,,,"-0.025",,3,-3,0.897,0.10299999999999998,24,28,24,29,1,2,2,1,3,1,"3.82","-0.67","-0.67","42.0",,,,,
"SL","2024-08-19","85.1","-2.01","6.09","Siri, Jose",642350,680880,,"called_strike",,,,,5,,"R","R","R","ATH","TB","S",,,0,0,2024,"-0.13","0.28",0.10155146800766074,2.827044163012844,,,,0,7,"Top",,,,,,,5.29331752547126,-123.62567851780881,-1.7529788602559928,-2.660296119538444,30.48413808805667,-29.184414766108716,3.46827197190535,1.62223485161457,,,,"85.4",2077,"7.1",745620,669127,664913,680869,647351,680474,609280,668709,671732,"53.38",,,,,,,,49,1,"Slider",3,0,0,3,0,3,0,3,"Standard","Standard",53,"0.004","-0.037",,,,,"0.037",,3,-3,0.893,0.10699999999999998,24,28,24,29,1,2,2,1,3,1,"2.94","0.13","0.13","43.2",,,,,
"FF","2024-08-18","97.3","3.52","5.43","Siri, Jose",642350,640462,"fielders_choice_out","hit_into_play",,,,,1,"Jose Siri reaches on a fielder's choice out, pitcher A. J. Puk to catcher Adrian Del Castillo to third baseman Eugenio Suárez. José Caballero out at home. Jose Siri to 2nd.","R","R","L","TB","AZ","X",1,"ground_ball",1,2,2024,"1.25","1.3",-0.4599653514843032,3.6107878895903607,676609,,,1,9,"Bot",128.28,189.16,,,,,-13.723888103729806,-141.01610973828193,-2.3062164233126774,19.933594920083724,34.37139301066697,-14.495283599304662,3.53,1.64,2,"34.4",-54,"98.1",2412,"7.1",745051,680728,605137,621028,553993,672695,666971,664983,682998,"53.38",0.382,0.344,"0",1,0,0,1,78,5,"4-Seam Fastball",6,6,6,6,6,6,6,6,"Strategic","Strategic",124,"-0.162","0.195",,,,0.389,"-0.195","88.0",0,0,0.772,0.772,29,28,29,29,1,0,2,4,2,1,"1.14","1.25","-1.25","26.0",,,,,
"SL","2024-08-18","85.3","3.33","5.38","Siri, Jose",642350,640462,,"foul",,,,,13,,"R","R","L","TB","AZ","S",,,1,2,2024,"-0.6","-0.1",-0.98334880367998,1.4777130964149077,676609,,,1,9,"Bot",,,,,,,-9.078702181754544,-123.82865557589606,-2.6363256269690996,-4.232382451288023,26.487246800273116,-32.876990514515576,3.53,1.64,193,"71.7",25,"86.5",2281,"7.3",745051,680728,605137,621028,553993,672695,666971,664983,682998,"53.18",,,,,,,,78,4,"Slider",6,6,6,6,6,6,6,6,"Strategic","Strategic",290,"0","0","61.4","8.5",,,"0","88.0",0,0,0.772,0.772,29,28,29,29,1,0,2,4,2,1,"3.27","-0.6","0.6","29.1",14.791729210720614,-27.3144367853721,36.41794416475506,27.149168959198985,35.07200385782521
"FF","2024-08-18","97.4","3.58","5.32","Siri, Jose",642350,640462,,"swinging_strike",,,,,4,,"R","R","L","TB","AZ","S",,,1,1,2024,"1.11","1.22",-0.536817519930044,2.5205021689586014,676609,,,1,9,"Bot",,,,,,,-13.796287125444488,-140.95264313886622,-4.731989931914506,18.239152903827765,36.15772734318061,-15.052834324128762,3.53,1.64,,,,"98.1",2385,"7.3",745051,680728,605137,621028,553993,672695,666971,664983,682998,"53.24",,,,,,,,78,3,"4-Seam Fastball",6,6,6,6,6,6,6,6,"Strategic","Strategic",128,"-0.051","-0.114","71.5","6.3","2.80333416",,"0.114",,0,0,0.823,0.823,29,28,29,29,1,0,2,4,2,1,"1.24","1.11","-1.11","23.6",-11.861527836579484,32.47025706342702,41.98062323924026,30.556755790450147,7.817813207321967
"SL","2024-08-18","84.7","3.42","5.31","Siri, Jose",642350,640462,,"swinging_strike",,,,,13,,"R","R","L","TB","AZ","S",,,1,0,2024,"-0.57","-0.09",-1.4343360434009693,1.8654273898458373,,676609,,1,9,"Bot",,,,,,,-10.271724453672906,-122.9267101056839,-1.4045896614942375,-3.4724881971590573,27.45998002851817,-32.99669406022825,3.53,1.64,,,,"84.9",2288,"6.9",745051,680728,605137,621028,553993,672695,666971,664983,682998,"53.63",,,,,,,,78,2,"Slider",6,6,6,6,6,6,6,6,"Standard","Standard",270,"0.119","-0.043","77.4","9.4","0.450235068",,"0.043",,0,0,0.704,0.704,29,28,29,29,1,0,2,4,2,1,"3.32","-0.57","0.57","26.4",32.14103257419395,-47.04685319459735,35.153177098716256,23.393319026918547,45.88000204640126
"SL","2024-08-18","85","3.4","5.52","Siri, Jose",642350,640462,,"ball",,,,,1,,"R","R","L","TB","AZ","B",,,0,0,2024,"-0.53","0.4",-0.7516273512083781,3.1874936348656604,,,676609,1,9,"Bot",,,,,,,-8.774778647995774,-123.5359692031761,0.13595046630389018,-3.5421043979700815,26.18444034886685,-28.409949973211535,3.09513829716485,1.40598153497456,,,,"85.7",2279,"7",745051,680728,605137,621028,553993,672695,666971,664983,682998,"53.52",,,,,,,,78,1,"Slider",6,6,6,6,6,6,6,6,"Standard","Standard",302,"0.069","0.036",,,,,"-0.036",,0,0,0.635,0.635,29,28,29,29,1,0,2,4,2,1,"2.78","-0.53","0.53","27.2",,,,,
"FF","2024-08-18","101.6","-2.87","6.38","Siri, Jose",642350,679885,"strikeout","swinging_strike",,,,,11,"Jose Siri strikes out swinging.","R","R","R","TB","AZ","S",2,,2,2,2024,"-0.89","1.34",-1.144399860353249,3.9414671506078425,666624,664040,676609,0,11,"Bot",,,,,,,6.927573401853666,-147.694951848194,-4.710364452763349,-14.631794427695471,36.50659010229922,-11.672209614775507,3.53,1.64,,,,"101",2306,"6.1",745051,680728,621028,677942,553993,672695,666971,664983,682998,"54.4",,0,"0",1,0,0,,95,5,"4-Seam Fastball",7,7,7,7,7,7,7,7,"Strategic","Strategic",217,"-0.077","-0.256",,,,,"0.256",,0,0,0.914,0.914,22,28,23,29,1,1,2,4,2,1,"0.88","0.89","0.89","45.5",,,,,
"FS","2024-08-18","88.9","-2.79","6.5","Siri, Jose",642350,679885,,"blocked_ball",,,,,14,,"R","R","R","TB","AZ","B",,,1,2,2024,"-0.3","0.6",0.12644735238217564,0.47784838915356653,666624,664040,676609,0,11,"Bot",,,,,,,7.7828506098194925,-128.8930869013085,-9.858088850230015,-5.159726107014719,30.236713843832955,-23.38120084179117,3.40115607679716,1.57465981794947,,,,"88.4",718,"6.5",745051,680728,621028,677942,553993,672695,666971,664983,682998,"54.05",,,,,,,,95,4,"Split-Finger",7,7,7,7,7,7,7,7,"Strategic","Strategic",264,"0.013","0.054",,,,,"-0.054",,0,0,0.901,0.901,22,28,23,29,1,1,2,4,2,1,"2.33","0.3","0.3","51.2",,,,,
"SI","2024-08-18","100","-3.08","6.37","Siri, Jose",642350,679885,,"called_strike",,,,,1,,"R","R","R","TB","AZ","S",,,1,1,2024,"-1.48","0.54",-0.4601386826780647,3.3334852654467806,666624,664040,676609,0,11,"Bot",,,,,,,10.660547416021494,-145.25499595165348,-4.240853965215942,-23.47472954296937,34.81653800719675,-23.65611381468083,3.47574380220967,1.61556843306023,,,,"99.5",2242,"6.2",745051,680728,621028,677942,553993,672695,666971,664983,682998,"54.32",,,,,,,,95,3,"Sinker",7,7,7,7,7,7,7,7,"Strategic","Strategic",215,"-0.022","-0.052",,,,,"0.052",,0,0,0.923,0.923,22,28,23,29,1,1,2,4,2,1,"1.75","1.48","1.48","41.8",,,,,
"SI","2024-08-18","99.7","-2.98","6.34","Siri, Jose",642350,679885,,"ball",,,,,14,,"R","R","R","TB","AZ","B",,,0,1,2024,"-1.5","0.56",0.8839705213158893,1.4550660309196886,666624,664040,676609,0,11,"Bot",,,,,,,14.053666988370669,-144.1779012230709,-9.244654904279598,-24.27239957958133,34.324500205801115,-22.123209934890117,3.53335001881134,1.64711551481252,,,,"98.9",2133,"6.2",745051,680728,621028,677942,553993,672695,666971,664983,682998,"54.26",,,,,,,,95,2,"Sinker",7,7,7,7,7,7,7,7,"Strategic","Strategic",216,"0.009","0.014",,,,,"-0.014",,0,0,0.914,0.914,22,28,23,29,1,1,2,4,2,1,"1.76","1.5","1.5","44.3",,,,,
"SI","2024-08-18","100","-3.13","6.34","Siri, Jose",642350,679885,,"called_strike",,,,,11,,"R","R","R","TB","AZ","S",,,0,0,2024,"-1.47","0.5",-1.0239150443637368,3.192111425792575,666624,664040,676609,0,11,"Bot",,,,,,,9.2209988456079,-145.26621614109982,-4.4611233021135375,-23.018587423351434,34.83814365585092,-24.1760821847685,3.49166957019401,1.5135091989128,,,,"99.5",2054,"6.1",745051,680728,621028,677942,553993,672695,666971,664983,682998,"54.35",,,,,,,,95,1,"Sinker",7,7,7,7,7,7,7,7,"Strategic","Strategic",223,"-0.014","-0.042",,,,,"0.042",,0,0,0.928,0.928,22,28,23,29,1,1,2,4,2,1,"1.79","1.47","1.47","43.7",,,,,
"SL","2024-08-14","86.1","-1.18","5.99","Siri, Jose",642350,669854,"field_out","hit_into_play",,,,,14,"Jose Siri flies out to center fielder Jake Meyers.","R","R","R","TB","HOU","X",8,"fly_ball",1,1,2024,"0.09","0.85",0.9587807689879506,2.217893710252321,,,,1,6,"Bot",114.4,104.52,,,,,4.93065725866172,-125.30379101159518,-4.455189090486854,-0.09623352622546882,25.785284554379025,-22.553862985608813,3.53,1.64,239,"93.6",54,"86.7",2198,"6.7",745053,673237,701305,514888,608324,665161,676801,676694,643289,"53.78",0.003,0.002,"0",1,0,0,3,40,3,"Slider",0,1,0,1,1,0,0,1,"Standard","Standard",192,"-0.028","-0.243",,,,0.003,"0.243","93.6",-1,-1,0.355,0.355,30,28,31,29,2,1,5,2,6,4,"2.23","-0.09","-0.09","44.3",,,,,
"SL","2024-08-14","86.2","-1.25","5.97","Siri, Jose",642350,669854,,"ball",,,,,14,,"R","R","R","TB","HOU","B",,,0,1,2024,"-0.04","0.86",0.10327797995348426,1.2870732505352966,,,,1,6,"Bot",,,,,,,3.3025573705434508,-125.4306562510783,-6.643223554075336,-1.071654846687287,26.65394828144964,-21.905030398399187,3.41066120603794,1.63846578025456,,,,"86.5",2243,"6.6",745053,673237,701305,514888,608324,665161,676801,676694,643289,"53.91",,,,,,,,40,2,"Slider",0,1,0,1,1,0,0,1,"Infield shade","Standard",201,"0.003","0.024",,,,,"-0.024",,-1,-1,0.352,0.352,30,28,31,29,2,1,5,2,6,4,"2.22","0.04","0.04","44.3",,,,,
"SL","2024-08-14","85.6","-1.19","6","Siri, Jose",642350,669854,,"swinging_strike",,,,,9,,"R","R","R","TB","HOU","S",,,0,0,2024,"0.16","0.98",0.667554138050648,1.8822053528608615,,,,1,6,"Bot",,,,,,,4.103707745474867,-124.58583189629758,-5.446870537132599,0.7890757342918968,25.445235867147915,-21.065264543410294,3.53,1.64,,,,"86.2",2146,"6.7",745053,673237,701305,514888,608324,665161,676801,676694,643289,"53.77",,,,,,,,40,1,"Slider",0,1,0,1,1,0,0,1,"Standard","Standard",200,"-0.004","-0.037","25.6","8.9","4.946850696",,"0.037",,-1,-1,0.356,0.356,30,28,31,29,2,1,5,2,6,4,"2.13","-0.16","-0.16","45.3",-15.462249721623076,-36.3765929410394,35.51248283026952,44.159628524802066,47.765063738450436
"CU","2024-08-14","81.5","-1.37","5.88","Siri, Jose",642350,669854,"strikeout","swinging_strike",,,,,14,"Jose Siri strikes out swinging.","R","R","R","TB","HOU","S",2,,1,2,2024,"0.9","0.2",1.1704995950357777,1.647815858073256,,,670764,1,3,"Bot",,,,,,,4.0100528380873,-118.66097779780024,-3.309181008580906,7.678482023750338,23.705677512637937,-29.834550366432413,3.53,1.64,,,,"81.9",2250,"6.7",745053,673237,701305,514888,608324,665161,676801,676694,643289,"53.85",,0,"0",1,0,0,,18,4,"Curveball",0,0,0,0,0,0,0,0,"Standard","Standard",38,"-0.022","-0.182","69.7","9.3","6.395732148",,"0.182",,0,0,0.548,0.548,30,28,31,29,1,0,5,2,6,4,"3.24","-0.9","-0.9","44.7",28.94945428210271,-38.55313026005861,30.351242349294242,48.59859386860633,46.74437277828691
"SL","2024-08-14","86.1","-1.07","5.92","Siri, Jose",642350,669854,,"ball",,,,,14,,"R","R","R","TB","HOU","B",,,0,2,2024,"0.31","0.42",1.5996095893273141,0.7304516348823187,,,670764,1,3,"Bot",,,,,,,5.766953294007343,-125.17171550781481,-6.957841419667677,1.995409893338683,26.144595833060013,-26.476192541268006,3.39908814385019,1.59055141688338,,,,"86.7",1876,"6.8",745053,673237,701305,514888,608324,665161,676801,676694,643289,"53.71",,,,,,,,18,3,"Slider",0,0,0,0,0,0,0,0,"Standard","Standard",201,"0.003","0.022",,,,,"-0.022",,0,0,0.545,0.545,30,28,31,29,1,0,5,2,6,4,"2.67","-0.31","-0.31","46.5",,,,,
"CU","2024-08-14","80.1","-1.27","5.94","Siri, Jose",642350,669854,,"foul",,,,,9,,"R","R","R","TB","HOU","S",,,0,1,2024,"0.6","-0.17",0.5737984189699286,1.929659095849218,,,670764,1,3,"Bot",,,,,,,2.949042107118865,-116.59142327280233,-1.8186119013493882,4.884933320576453,22.37445242103802,-33.60191417054764,3.53,1.64,4,"66.6",-25,"80.6",2253,"6.6",745053,673237,701305,514888,608324,665161,676801,676694,643289,"53.87",,,,,,,,18,2,"Curveball",0,0,0,0,0,0,0,0,"Standard","Standard",36,"-0.008","-0.052","73.4","9.0",,,"0.052","88.0",0,0,0.553,0.553,30,28,31,29,1,0,5,2,6,4,"3.73","-0.6","-0.6","46.1",26.19841248422174,-21.383804013647627,30.032857176384724,42.289151830291,38.3447927151747
"SL","2024-08-14","86.8","-1.47","5.94","Siri, Jose",642350,669854,,"called_strike",,,,,6,,"R","R","R","TB","HOU","S",,,0,0,2024,"0.12","0.66",0.3437122097953676,2.2226000016021557,,,670764,1,3,"Bot",,,,,,,4.103988576271028,-126.41877971901182,-4.1069324640256015,0.5384771168870497,24.725772467948193,-24.47692902684687,3.39655640171507,1.65964237399595,,,,"87.6",2112,"6.6",745053,673237,701305,514888,608324,665161,676801,676694,643289,"53.86",,,,,,,,18,1,"Slider",0,0,0,0,0,0,0,0,"Standard","Standard",197,"-0.005","-0.04",,,,,"0.04",,0,0,0.558,0.558,30,28,31,29,1,0,5,2,6,4,"2.35","-0.12","-0.12","43.8",,,,,
"SL","2024-08-14","85","-2.7","5.82","Siri, Jose",642350,650556,"field_out","hit_into_play",,,,,9,"Jose Siri grounds out, shortstop Jeremy Peña to second baseman Jose Altuve to first baseman Zach Dezenzo. Taylor Walls to 2nd.","R","R","R","TB","HOU","X",6,"ground_ball",1,2,2024,"0.81","-0.67",0.37173917277160895,1.6455706245366648,,,670764,0,8,"Bot",106.03,157,,,,,5.601160749647726,-123.61382878845623,-2.030258187181871,6.897777841931677,28.192469628074527,-38.76180958227879,3.53,1.64,9,"108.7",-9,"84.8",3017,"6.5",745053,673237,701305,514888,608324,665161,676801,676694,643289,"53.98",0.374,0.475,"0",1,0,0,2,55,4,"Slider",0,1,0,1,1,0,0,1,"Standard","Standard",55,"-0.011","-0.295","75.7","8.1",,0.381,"0.295","108.7",-1,-1,0.379,0.379,27,28,27,29,1,2,1,2,3,4,"3.87","-0.81","-0.81","51.0",14.439739676951174,7.879475023507443,34.561656034240166,40.54482008292189,25.26669994979143
"FF","2024-08-14","97.6","-2.06","5.7","Siri, Jose",642350,650556,,"ball",,,,,12,,"R","R","R","TB","HOU","B",,,0,2,2024,"-0.27","1.52",2.554780500413288,2.501194958330119,,,670764,0,8,"Bot",,,,,,,13.103815054336522,-141.3906463270375,-6.570527722498837,-6.894044564290059,35.68568487724225,-10.343415441921858,3.21489576933133,1.51009712804546,,,,"97.7",2438,"6.8",745053,673237,701305,514888,608324,665161,676801,676694,643289,"53.68",,,,,,,,55,3,"4-Seam Fastball",0,1,0,1,1,0,0,1,"Standard","Standard",203,"0.009","0.033",,,,,"-0.033",,-1,-1,0.37,0.37,27,28,27,29,1,2,1,2,3,4,"0.91","0.27","0.27","47.2",,,,,
"SL","2024-08-14","84.6","-2.7","5.73","Siri, Jose",642350,650556,,"called_strike",,,,,4,,"R","R","R","TB","HOU","S",,,0,1,2024,"0.92","-0.57",-0.3660190415565622,2.48735147789402,,,670764,0,8,"Bot",,,,,,,3.6055421469186015,-123.04951059534872,0.03929885395456134,8.416159878537007,28.10648413254181,-38.182460510825976,3.21788905721815,1.58495598555523,,,,"84.3",2995,"6.5",745053,673237,701305,514888,608324,665161,676801,676694,643289,"54.01",,,,,,,,55,2,"Slider",0,1,0,1,1,0,0,1,"Strategic","Standard",57,"-0.023","-0.048",,,,,"0.048",,-1,-1,0.393,0.393,27,28,27,29,1,2,1,2,3,4,"3.8","-0.92","-0.92","46.5",,,,,
"SL","2024-08-14","83.3","-2.72","5.76","Siri, Jose",642350,650556,,"called_strike",,,,,14,,"R","R","R","TB","HOU","S",,,0,0,2024,"0.61","-0.54",0.8455916100020022,1.901079972970246,,,670764,0,8,"Bot",,,,,,,7.000226248649186,-121.09776148931395,-1.2663550004739708,4.466709069278337,26.18598048467603,-37.38852047872966,3.5025640907761,1.58228969129333,,,,"83.2",2775,"6.5",745053,673237,701305,514888,608324,665161,676801,676694,643289,"53.97",,,,,,,,55,1,"Slider",0,1,0,1,1,0,0,1,"Strategic","Standard",48,"-0.013","-0.042",,,,,"0.042",,-1,-1,0.406,0.406,27,28,27,29,1,2,1,2,3,4,"3.86","-0.61","-0.61","50.4",,,,,
"CU","2024-08-12","80.7","0.5","5.9","Siri, Jose",642350,664285,"strikeout","swinging_strike",,,,,13,"Jose Siri strikes out swinging.","R","R","L","TB","HOU","S",2,,1,2,2024,"-1.1","-1.49",-0.9085648836536375,0.7276832562427042,,,,0,5,"Bot",,,,,,,-1.0467388459355345,-117.44320991230539,-1.8567403876126178,-9.715096856469124,27.515561995669234,-45.541556929727584,3.48,1.63,,,,"79.7",3048,"6.2",745058,673237,572138,514888,608324,665161,676801,676694,694175,"54.34",,0,"0",1,0,0,,41,4,"Curveball",1,6,1,6,6,1,1,6,"Standard","Standard",320,"-0.01","-0.186","70.7","8.5","2.890200324",,"0.186",,-5,-5,0.071,0.071,30,28,31,29,2,1,6,1,6,2,"5.06","-1.1","1.1","44.9",16.037192558384515,-4.901226876649385,48.40886502751175,28.35672435332994,29.50108226885111
"CH","2024-08-12","92.1","0.33","6.04","Siri, Jose",642350,664285,,"ball",,,,,13,,"R","R","L","TB","HOU","B",,,0,2,2024,"1.34","0.51",-0.30374450271121534,1.1203727413121596,,,,0,5,"Bot",,,,,,,-4.508490273582372,-133.96496799654932,-7.71327450013793,17.13005579748411,29.561519536685726,-24.536152853983495,3.48054741810373,1.6444045413414,,,,"91.7",1665,"6.1",745058,673237,572138,514888,608324,665161,676801,676694,694175,"54.4",,,,,,,,41,3,"Changeup",1,6,1,6,6,1,1,6,"Standard","Standard",130,"0.002","0.023",,,,,"-0.023",,-5,-5,0.069,0.069,30,28,31,29,2,1,6,1,6,2,"2.18","1.34","-1.34","43.7",,,,,
"SI","2024-08-12","94.7","0.31","6.13","Siri, Jose",642350,664285,,"called_strike",,,,,2,,"R","R","L","TB","HOU","S",,,0,1,2024,"1.52","0.36",-0.2624955616191984,3.1893187244878263,,,,0,5,"Bot",,,,,,,-4.81207302281576,-137.80229712006485,-2.7257662265800757,20.336245381740245,34.53123127248512,-27.13118528085941,3.49234108886783,1.75540065189747,,,,"93.1",2126,"5.6",745058,673237,572138,514888,608324,665161,676801,676694,694175,"54.87",,,,,,,,41,2,"Sinker",1,6,1,6,6,1,1,6,"Standard","Standard",141,"-0.004","-0.054",,,,,"0.054",,-5,-5,0.073,0.073,30,28,31,29,2,1,6,1,6,2,"2.2","1.52","-1.52","44.7",,,,,
"CU","2024-08-12","78.3","0.68","5.93","Siri, Jose",642350,664285,,"foul",,,,,7,,"R","R","L","TB","HOU","S",,,0,0,2024,"-1.11","-1.34",-0.3687348647347245,1.5097918128445826,,,,0,5,"Bot",,,,,,,-0.2095057032979099,-113.9139723957717,-0.0820370715943004,-9.506676781832049,24.911345950914747,-43.910734105051276,3.48,1.63,3,"65.2",-26,"77.2",2858,"6",745058,673237,572138,514888,608324,665161,676801,676694,694175,"54.52",,,,,,,,41,1,"Curveball",1,6,1,6,6,1,1,6,"Standard","Standard",319,"-0.002","-0.037","75.0","7.9",,,"0.037","88.0",-5,-5,0.075,0.075,30,28,31,29,2,1,6,1,6,2,"5.12","-1.11","1.11","43.7",11.150847565239197,11.276370513571909,44.053945244078974,32.751725103644766,20.410815409970546
"CU","2024-08-12","80.2","0.54","5.92","Siri, Jose",642350,664285,"strikeout","swinging_strike",,,,,13,"Jose Siri strikes out swinging.","R","R","L","TB","HOU","S",2,,1,2,2024,"-1.19","-1.58",-0.9805027857034513,0.6026026208363655,,,,1,2,"Bot",,,,,,,-1.1120423571691003,-116.70052860256759,-1.875807705930223,-10.368537013574931,27.760758990631206,-46.16751416949602,3.48,1.63,,,,"79.1",2898,"6.1",745058,673237,572138,514888,608324,665161,676801,676694,694175,"54.38",,0,"0",1,0,0,,13,4,"Curveball",0,1,0,1,1,0,0,1,"Standard","Standard",326,"-0.013","-0.182","45.8","8.2","5.741820828",,"0.182",,-1,-1,0.413,0.413,30,28,31,29,1,0,6,1,6,2,"5.2","-1.19","1.19","43.6",30.89350219491848,-23.9915944393336,42.09173336127734,26.820251308513583,39.155510553286014
"CU","2024-08-12","79.1","0.9","5.97","Siri, Jose",642350,664285,,"ball",,,,,13,,"R","R","L","TB","HOU","B",,,0,2,2024,"-1.23","-1.51",-0.12042243866876001,1.448915739593894,,,,1,2,"Bot",,,,,,,0.08012971702042754,-114.99763900380638,-0.07705606852743263,-10.713436138128486,26.594095950831644,-45.569623035301134,3.58839815739092,1.67315489041652,,,,"77.8",2892,"6",745058,673237,572138,514888,608324,665161,676801,676694,694175,"54.55",,,,,,,,13,3,"Curveball",0,1,0,1,1,0,0,1,"Standard","Standard",323,"0.002","0.02",,,,,"-0.02",,-1,-1,0.411,0.411,30,28,31,29,1,0,6,1,6,2,"5.23","-1.23","1.23","42.4",,,,,
"CU","2024-08-12","78.6","0.71","5.86","Siri, Jose",642350,664285,,"called_strike",,,,,9,,"R","R","L","TB","HOU","S",,,0,1,2024,"-1.15","-1.53",0.4830061216310064,1.8651818745895978,,,,1,2,"Bot",,,,,,,1.622686812727018,-114.25317823340944,1.1755369256449368,-10.219399516968162,26.066433284059645,-45.82645272921815,3.1013686393671,1.57102745765354,,,,"77.5",2955,"6.1",745058,673237,572138,514888,608324,665161,676801,676694,694175,"54.38",,,,,,,,13,2,"Curveball",0,1,0,1,1,0,0,1,"Standard","Standard",321,"-0.004","-0.057",,,,,"0.057",,-1,-1,0.415,0.415,30,28,31,29,1,0,6,1,6,2,"5.3","-1.15","1.15","42.0",,,,,
"SI","2024-08-12","93.8","0.83","5.9","Siri, Jose",642350,664285,,"called_strike",,,,,1,,"R","R","L","TB","HOU","S",,,0,0,2024,"1.4","0.53",-0.6841546576920321,3.572258937771372,,,,1,2,"Bot",,,,,,,-6.9620891154534235,-136.3879310503768,-1.429820675706881,19.025708708161996,30.316993472429555,-25.48617434796228,3.68049623270877,1.76534916458763,,,,"93",2165,"5.9",745058,673237,572138,514888,608324,665161,676801,676694,694175,"54.6",,,,,,,,13,1,"Sinker",0,1,0,1,1,0,0,1,"Standard","Standard",133,"-0.003","-0.037",,,,,"0.037",,-1,-1,0.418,0.418,30,28,31,29,1,0,6,1,6,2,"2.07","1.4","-1.4","40.3",,,,,
"FF","2024-08-12","94.3","-3.47","4.7","Siri, Jose",642350,605463,"strikeout","swinging_strike",,,,,2,"Jose Siri strikes out swinging.","R","R","R","TB","HOU","S",2,,3,2,2024,"-1.45","0.88",0.010854089582489124,3.26846932809828,,,,1,7,"Bot",,,,,,,12.095310703916928,-136.81494712051392,0.07175512980724164,-20.918844382542353,31.721943851805317,-21.456552077508384,3.48,1.63,,,,"92.9",2188,"5.7",745058,673237,572138,514888,608324,665161,676801,676694,694175,"54.76",,0,"0",1,0,0,,57,6,"4-Seam Fastball",1,6,1,6,6,1,1,6,"Standard","Standard",241,"-0.008","-0.332","68.8","6.3","1.173174696",,"0.332",,-5,-5,0.029,0.029,32,28,32,29,1,2,3,1,2,2,"1.71","1.45","1.45","13.9",-6.907924676700787,35.853734381635576,28.802049931633334,38.24925335284766,8.260536322944814
"ST","2024-08-12","83.4","-3.56","4.55","Siri, Jose",642350,605463,,"called_strike",,,,,7,,"R","R","R","TB","HOU","S",,,3,1,2024,"1.83","-0.14",-0.5152609158751646,2.1286265885942384,,,,1,7,"Bot",,,,,,,3.3608802693097832,-121.38272544020964,1.225780497507027,17.138955987558944,27.66874134837804,-34.1028186459161,3.65453764231747,1.66869484056028,,,,"81.9",2776,"5.7",745058,673237,572138,514888,608324,665161,676801,676694,694175,"54.83",,,,,,,,57,5,"Sweeper",1,6,1,6,6,1,1,6,"Standard","Standard",52,"-0.003","-0.092",,,,,"0.092",,-5,-5,0.032,0.032,32,28,32,29,1,2,3,1,2,2,"3.46","-1.83","-1.83","10.8",,,,,
"FF","2024-08-12","93.3","-3.29","4.76","Siri, Jose",642350,605463,,"called_strike",,,,,6,,"R","R","R","TB","HOU","S",,,3,0,2024,"-1.46","0.92",0.7245815365731261,3.0485245768451454,,,,1,7,"Bot",,,,,,,13.343661493564246,-135.17660253264444,-0.602923240506581,-20.914900201757796,30.91608716912869,-20.963526561009793,3.86374955941679,1.70310718855732,,,,"91.8",2128,"5.8",745058,673237,572138,514888,608324,665161,676801,676694,694175,"54.74",,,,,,,,57,4,"4-Seam Fastball",1,6,1,6,6,1,1,6,"Standard","Standard",244,"-0.002","-0.081",,,,,"0.081",,-5,-5,0.034,0.034,32,28,32,29,1,2,3,1,2,2,"1.73","1.46","1.46","15.4",,,,,
"FF","2024-08-12","93.6","-3.64","4.72","Siri, Jose",642350,605463,,"ball",,,,,11,,"R","R","R","TB","HOU","B",,,2,0,2024,"-1.33","0.92",-1.4259327360152596,3.997929136412992,,,,1,7,"Bot",,,,,,,8.57134820656605,-136.0206342661453,1.9008875332512887,-18.497896312164254,32.14374155061896,-21.54354989074613,3.55885121043482,1.67817282489263,,,,"92.5",2205,"5.9",745058,673237,572138,514888,608324,665161,676801,676694,694175,"54.62",,,,,,,,57,3,"4-Seam Fastball",1,6,1,6,6,1,1,6,"Standard","Standard",245,"0.003","0.139",,,,,"-0.139",,-5,-5,0.031,0.031,32,28,32,29,1,2,3,1,2,2,"1.71","1.33","1.33","14.5",,,,,
"ST","2024-08-12","83.9","-3.54","4.51","Siri, Jose",642350,605463,,"ball",,,,,14,,"R","R","R","TB","HOU","B",,,1,0,2024,"1.28","-0.65",1.1897434774095328,0.36144676610484705,,,,1,7,"Bot",,,,,,,8.321454633021373,-121.86238336111096,-1.7183691074979603,10.484301420887961,29.378642823112408,-38.410277591678934,3.67331372549862,1.65272150204426,,,,"82.3",2959,"5.9",745058,673237,572138,514888,608324,665161,676801,676694,694175,"54.64",,,,,,,,57,2,"Sweeper",1,6,1,6,6,1,1,6,"Standard","Standard",50,"0.003","0.072",,,,,"-0.072",,-5,-5,0.028,0.028,32,28,32,29,1,2,3,1,2,2,"3.96","-1.28","-1.28","12.4",,,,,
"FF","2024-08-12","92.6","-3.43","4.77","Siri, Jose",642350,605463,,"ball",,,,,12,,"R","R","R","TB","HOU","B",,,0,0,2024,"-1.14","0.95",1.0597569190479248,3.7965007479296746,,,,1,7,"Bot",,,,,,,13.718612814499657,-134.12337459272504,1.3223936531356437,-16.912071555364868,32.353328702245676,-21.37433607207948,3.8680166240308,1.74239426232928,,,,"90.8",2151,"5.7",745058,673237,572138,514888,608324,665161,676801,676694,694175,"54.78",,,,,,,,57,1,"4-Seam Fastball",1,6,1,6,6,1,1,6,"Standard","Standard",241,"0.001","0.039",,,,,"-0.039",,-5,-5,0.027,0.027,32,28,32,29,1,2,3,1,2,2,"1.76","1.14","1.14","13.8",,,,,
"FC","2024-08-11","87","-1.35","6.09","Siri, Jose",642350,544150,"field_out","hit_into_play",,,,,6,"Jose Siri flies out to center fielder Colton Cowser.","R","R","R","TB","BAL","X",8,"fly_ball",1,1,2024,"-0.07","0.53",0.6087624060318197,2.710216337361093,,,,1,7,"Bot",104.87,55.85,,,,,4.874224967918978,-126.65654137082538,-3.0418638787671215,-1.7778546426540547,26.05088027303694,-26.064494199312904,3.48,1.62,358,"96.1",36,"87.7",2310,"6.7",745057,543510,663624,702616,602104,683002,596103,681297,623993,"53.81",0.203,0.397,"0",1,0,0,3,53,3,"Cutter",0,1,0,1,1,0,0,1,"Standard","Standard",196,"-0.035","-0.243",,,,0.786,"0.243","96.1",-1,-1,0.314,0.314,34,28,35,29,3,2,5,1,7,1,"2.48","0.07","0.07","41.3",,,,,
"FF","2024-08-11","93.9","-1.14","6.41","Siri, Jose",642350,544150,,"swinging_strike",,,,,11,,"R","R","R","TB","BAL","S",,,1,0,2024,"-0.66","1.35",-0.3730563978282122,3.6136883068068624,,,,1,7,"Bot",,,,,,,3.481668244275407,-136.60517223222791,-4.478493979929681,-9.107708505756195,33.00503401193665,-14.543731510960903,3.48,1.62,,,,"94",2395,"6.6",745057,543510,663624,702616,602104,683002,596103,681297,623993,"53.9",,,,,,,,53,2,"4-Seam Fastball",0,1,0,1,1,0,0,1,"Standard","Standard",215,"-0.007","-0.051","75.6","7.1","1.773314028",,"0.051",,-1,-1,0.321,0.321,34,28,35,29,3,2,5,1,7,1,"1.26","0.66","0.66","46.3",14.806038425223727,12.706496058608066,27.504475111339122,34.05844494734927,20.12290000488709
"FF","2024-08-11","95.2","-1.21","6.35","Siri, Jose",642350,544150,,"ball",,,,,11,,"R","R","R","TB","BAL","B",,,0,0,2024,"-0.59","1.37",-0.05745114052688316,5.25694945365169,,,,1,7,"Bot",,,,,,,4.383066774223263,-138.552843339042,-0.2248539854977349,-8.562375169281689,34.38190203751295,-14.918388184744265,3.4862395043336,1.61048675000239,,,,"95.5",2308,"6.7",745057,543510,663624,702616,602104,683002,596103,681297,623993,"53.77",,,,,,,,53,1,"4-Seam Fastball",0,1,0,1,1,0,0,1,"Standard","Standard",214,"0.005","0.039",,,,,"-0.039",,-1,-1,0.316,0.316,34,28,35,29,3,2,5,1,7,1,"1.17","0.59","0.59","45.7",,,,,
"FC","2024-08-11","87.1","-1.11","6.19","Siri, Jose",642350,544150,"field_out","hit_into_play",,,,,6,"Jose Siri grounds out, shortstop Gunnar Henderson to first baseman Ryan Mountcastle.","R","R","R","TB","BAL","X",6,"ground_ball",0,1,2024,"0.13","0.61",0.747577437142952,2.371961963103981,,,,2,4,"Bot",108.92,147.41,,,,,4.240450238122822,-126.76692818822367,-4.284461241803182,0.5378274290442329,25.880902717219946,-24.978069073511335,3.48,1.62,19,"70.3",-5,"87.8",2235,"6.7",745057,543510,663624,702616,691723,683002,596103,681297,623993,"53.76",0.093,0.088,"0",1,0,0,2,32,2,"Cutter",0,1,0,1,1,0,0,1,"Standard","Standard",187,"-0.012","-0.215","72.1","8.5",,0.1,"0.215","88.0",-1,-1,0.374,0.374,34,28,35,29,2,1,5,1,7,1,"2.4","-0.13","-0.13","41.6",17.25782797599499,-9.946659803075665,28.45944370221323,45.81480489481255,37.35454471083382
"FC","2024-08-11","86.1","-1.42","6.14","Siri, Jose",642350,544150,,"swinging_strike",,,,,2,,"R","R","R","TB","BAL","S",,,0,0,2024,"0.39","0.66",-0.19530238009247597,3.2971605963610355,,,,2,4,"Bot",,,,,,,2.1429603787534277,-125.44745044650601,-1.8689051326104098,3.61199164697768,26.20637008745733,-25.01258134361362,3.48,1.62,,,,"86.9",2236,"6.8",745057,543510,663624,702616,691723,683002,596103,681297,623993,"53.7",,,,,,,,32,1,"Cutter",0,1,0,1,1,0,0,1,"Standard","Standard",186,"-0.002","-0.041","72.3","7.1","0.749815968",,"0.041",,-1,-1,0.376,0.376,34,28,35,29,2,1,5,1,7,1,"2.41","-0.39","-0.39","40.2",9.9783499128424,0.5009155216660313,26.470509938231835,32.58832243111732,26.725849842548126
"FF","2024-08-11","96.8","-0.99","6.34","Siri, Jose",642350,544150,"strikeout","foul_tip",,,,,2,"Jose Siri strikes out on a foul tip.","R","R","R","TB","BAL","S",2,,2,2,2024,"-0.46","1.24",-0.08637259629026678,3.346222603474845,666139,,,1,2,"Bot",,,,,,,3.4797027637510456,-140.78408837193692,-5.2726676999491575,-6.871061843174051,33.7098473435882,-14.729436736735693,3.48,1.62,,,,"97.3",2346,"6.7",745057,543510,663624,702616,691723,683002,596103,681297,623993,"53.78",,0,"0",1,0,0,,14,5,"4-Seam Fastball",0,0,0,0,0,0,0,0,"Strategic","Standard",209,"-0.053","-0.344","69.4","6.5",,,"0.344",,0,0,0.593,0.593,34,28,35,29,1,0,5,1,7,1,"1.21","0.46","0.46","45.9",4.183954923459708,21.589769946472835,25.88622880591453,36.36660289190854,13.602792292167898
"FC","2024-08-11","88.7","-1.42","6.01","Siri, Jose",642350,544150,,"foul_tip",,,,,14,,"R","R","R","TB","BAL","S",,,2,1,2024,"0.21","0.58",1.5885881769559944,1.9999602006672499,666139,,,1,2,"Bot",,,,,,,6.9847533809928715,-128.87843683232515,-4.942998907519956,0.8012238284120995,28.095009214878342,-24.865729139389533,3.48,1.62,,,,"89.3",2224,"6.9",745057,543510,663624,702616,691723,683002,596103,681297,623993,"53.63",,,,,,,,14,4,"Cutter",0,0,0,0,0,0,0,0,"Strategic","Standard",198,"-0.011","-0.108","72.7","8.3",,,"0.108",,0,0,0.604,0.604,34,28,35,29,1,0,5,1,7,1,"2.34","-0.21","-0.21","37.5",18.674315004858748,3.227075409439537,27.37421332706684,56.59201177818845,23.672248305112717
"FC","2024-08-11","88.3","-1.3","6.09","Siri, Jose",642350,544150,,"ball",,,,,12,,"R","R","R","TB","BAL","B",,,1,1,2024,"0.37","0.61",1.9109120806430149,2.911518866630897,666139,,,1,2,"Bot",,,,,,,7.127185526754167,-128.40052751631723,-2.9043774481452957,2.462183021447403,28.111774186192964,-25.044992462856392,3.47863570234408,1.56403480289368,,,,"88.9",2220,"6.8",745057,543510,663624,702616,691723,683002,596103,681297,623993,"53.68",,,,,,,,14,3,"Cutter",0,0,0,0,0,0,0,0,"Strategic","Standard",192,"0.005","0.02",,,,,"-0.02",,0,0,0.599,0.599,34,28,35,29,1,0,5,1,7,1,"2.33","-0.37","-0.37","42.2",,,,,
"FF","2024-08-11","96.1","-1.18","6.25","Siri, Jose",642350,544150,,"swinging_strike",,,,,3,,"R","R","R","TB","BAL","S",,,1,0,2024,"-0.46","1.5",0.5422696258066177,3.4252373301985224,666139,,,1,2,"Bot",,,,,,,5.675624914753698,-139.65144854726347,-5.264315538572753,-7.3949164940471785,34.38658719429642,-11.613015336209921,3.48,1.62,,,,"96.6",2440,"6.9",745057,543510,663624,702616,691723,683002,596103,681297,623993,"53.64",,,,,,,,14,2,"4-Seam Fastball",0,0,0,0,0,0,0,0,"Strategic","Standard",210,"-0.005","-0.062","73.3","7.0","1.99752258",,"0.062",,0,0,0.604,0.604,34,28,35,29,1,0,5,1,7,1,"1","0.46","0.46","44.3",9.528591616382421,23.513251088784763,25.430899369416245,44.87843574848818,11.079340299234568
"FF","2024-08-11","92.4","-2.6","4.8","Siri, Jose",642350,518886,"strikeout","called_strike",,,,,3,"Jose Siri called out on strikes.","R","R","R","TB","BAL","S",2,,2,2,2024,"-0.76","1.54",0.5540569206097905,3.1140185775715525,666624,666139,,2,8,"Bot",,,,,,,9.748177566107609,-134.13059707550457,-1.7533711608184737,-11.48244583885781,32.753204897310304,-13.573992682368138,3.42730645951649,1.59058236002587,,,,"92.4",2236,"6.7",745057,668939,663624,702616,602104,683002,681297,656775,623993,"53.81",,0,"0",1,0,0,,67,5,"4-Seam Fastball",2,1,2,1,1,2,2,1,"Standard","Standard",223,"-0.03","-0.227",,,,,"0.227",,1,1,0.865,0.865,36,28,36,29,1,3,5,1,5,1,"1.17","0.76","0.76","27.6",,,,,
"FF","2024-08-11","95.4","-1.19","6.31","Siri, Jose",642350,544150,,"ball",,,,,12,,"R","R","R","TB","BAL","B",,,0,0,2024,"-0.36","1.34",1.311988929916292,4.234440657520204,666139,,,1,2,"Bot",,,,,,,7.451294155608352,-138.7016605134303,-2.8035994870394987,-6.453441983466733,34.36588710490901,-14.551359353128918,3.50653507382851,1.59214167415864,,,,"95.8",2341,"6.8",745057,543510,663624,702616,691723,683002,596103,681297,623993,"53.69",,,,,,,,14,1,"4-Seam Fastball",0,0,0,0,0,0,0,0,"Strategic","Standard",212,"0.002","0.038",,,,,"-0.038",,0,0,0.602,0.602,34,28,35,29,1,0,5,1,7,1,"1.19","0.36","0.36","43.2",,,,,
"FF","2024-08-11","92.3","-2.63","4.85","Siri, Jose",642350,518886,,"swinging_strike",,,,,2,,"R","R","R","TB","BAL","S",,,2,1,2024,"-0.66","1.37",0.20179100422906193,3.448251931831151,666624,666139,,2,8,"Bot",,,,,,,8.689620548308122,-134.12133898057476,-0.650869585604636,-10.00115161767152,31.488503043925,-15.85722269030311,3.48,1.62,,,,"92.3",2267,"6.6",745057,668939,663624,702616,602104,683002,681297,656775,623993,"53.91",,,,,,,,67,4,"4-Seam Fastball",2,1,2,1,1,2,2,1,"Standard","Standard",218,"-0.006","-0.06","70.7","6.3","3.688454616",,"0.06",,1,1,0.871,0.871,36,28,36,29,1,3,5,1,5,1,"1.34","0.66","0.66","26.9",-2.3185979208694776,39.98980779584649,27.667621044765227,42.71010687300224,3.486188746525762
"FF","2024-08-11","91.6","-2.82","4.85","Siri, Jose",642350,518886,,"ball",,,,,11,,"R","R","R","TB","BAL","B",,,1,1,2024,"-0.75","1.6",-1.3137352530449413,4.458200875299432,666624,666139,,2,8,"Bot",,,,,,,5.461477775028608,-133.17070859407116,1.516757888762752,-10.215914383899827,32.32326765260029,-13.899246092711515,3.56922563857746,1.58692126881095,,,,"91.5",2223,"6.6",745057,668939,663624,702616,602104,683002,681297,656775,623993,"53.9",,,,,,,,67,3,"4-Seam Fastball",2,1,2,1,1,2,2,1,"Standard","Standard",219,"0.003","0.016",,,,,"-0.016",,1,1,0.868,0.868,36,28,36,29,1,3,5,1,5,1,"1.15","0.75","0.75","25.1",,,,,
"KC","2024-08-11","81.9","-2.76","4.96","Siri, Jose",642350,518886,,"called_strike",,,,,4,,"R","R","R","TB","BAL","S",,,1,0,2024,"1.24","-0.77",-0.29339774743274716,2.8001761555204587,666624,666139,,2,8,"Bot",,,,,,,3.1929385275461777,-119.12146948127635,3.2736041929156787,10.978692964494154,25.545725373909693,-40.36744571145321,3.5246598306567,1.57871020298287,,,,"82",2512,"6.6",745057,668939,663624,702616,602104,683002,681297,656775,623993,"53.88",,,,,,,,67,2,"Knuckle Curve",2,1,2,1,1,2,2,1,"Standard","Standard",56,"-0.003","-0.03",,,,,"0.03",,1,1,0.871,0.871,36,28,36,29,1,3,5,1,5,1,"4.2","-1.24","-1.24","29.4",,,,,
"KC","2024-08-11","83.7","-2.61","5","Siri, Jose",642350,518886,,"ball",,,,,14,,"R","R","R","TB","BAL","B",,,0,0,2024,"0.63","-1.09",0.38621226815930165,1.282136350323539,666624,,666139,2,8,"Bot",,,,,,,5.717254812417661,-121.69681059468267,0.13787850405092605,4.840360468623241,27.947278933696932,-43.20165501595993,3.65285879041912,1.59757729963223,,,,"83.7",2534,"6.7",745057,668939,663624,702616,602104,683002,681297,656775,623993,"53.77",,,,,,,,67,1,"Knuckle Curve",2,1,2,1,1,2,2,1,"Standard","Standard",52,"0.005","0.03",,,,,"-0.03",,1,1,0.866,0.866,36,28,36,29,1,3,5,1,5,1,"4.4","-0.63","-0.63","29.3",,,,,
"FF","2024-08-10","97.5","1.53","5.5","Siri, Jose",642350,672335,"walk","ball",,,,,12,"Jose Siri walks. Yandy Díaz scores. Christopher Morel to 3rd. Dylan Carlson to 2nd.","R","R","L","TB","BAL","B",,,3,2,2024,"0.88","1.11",1.0363418019065374,3.02396424046803,650490,666624,666185,2,8,"Bot",,,,,,,-3.3438026087271546,-141.91250462818263,-3.6530806629776604,12.707867761509874,34.28744431692928,-16.508781066083824,3.45543468864214,1.68409196237806,,,,"96.7",2043,"5.9",745056,668939,663624,702616,602104,683002,681297,656775,656811,"54.57",,0.689131,"0.7",1,0,0,,76,6,"4-Seam Fastball",4,7,4,7,7,5,5,7,"Standard","Standard",137,"0.082","0.251",,,,,"-0.251",,-3,-3,0.152,0.152,28,28,28,29,1,0,3,1,1,1,"1.29","0.88","-0.88","35.3",,,,,
"FF","2024-08-10","96.2","1.5","5.52","Siri, Jose",642350,672335,,"ball",,,,,11,,"R","R","L","TB","BAL","B",,,2,2,2024,"0.25","1.08",-0.758116489960476,3.629628461476939,650490,666624,666185,2,8,"Bot",,,,,,,-6.4863808361135815,-139.97084772625962,-1.8632869779993908,4.686319366512602,30.996984491758457,-17.75105176427551,3.42200318137391,1.63680399043665,,,,"95.6",2089,"5.9",745056,668939,663624,702616,602104,683002,681297,656775,656811,"54.62",,,,,,,,76,5,"4-Seam Fastball",4,7,4,7,7,4,4,7,"Standard","Standard",152,"0.03","0.103",,,,,"-0.103",,-3,-3,0.122,0.122,28,28,28,29,1,0,3,1,1,1,"1.38","0.25","-0.25","36.4",,,,,
"SV","2024-08-10","83.5","1.58","5.5","Siri, Jose",642350,672335,,"called_strike",,,,,4,,"R","R","L","TB","BAL","S",,,2,1,2024,"-1.3","-0.57",-0.36200062082348416,2.223609265802725,650490,666624,666185,2,8,"Bot",,,,,,,-1.9105928386382771,-121.57153467359713,0.05948720524681006,-12.366087231502453,26.222961200299082,-38.00379788680273,3.46969967014852,1.65424447457709,,,,"82.7",2487,"5.9",745056,668939,663624,702616,602104,683002,681297,656775,656811,"54.57",,,,,,,,76,4,"Slurve",4,7,4,7,7,4,4,7,"Standard","Standard",328,"-0.026","-0.05",,,,,"0.05",,-3,-3,0.148,0.148,28,28,28,29,1,0,3,1,1,1,"3.86","-1.3","1.3","35.6",,,,,
"SI","2024-08-10","95.8","1.54","5.56","Siri, Jose",642350,672335,,"called_strike",,,,,8,,"R","R","L","TB","BAL","S",,,2,0,2024,"1.25","0.59",-0.021960942410803597,1.9901056989217518,650490,666624,666185,2,8,"Bot",,,,,,,-6.8579688294255705,-139.2648361535071,-5.051849568103852,17.8122060555015,33.339784928643475,-23.56987726375077,3.42835909916993,1.68637215544272,,,,"94.5",2179,"5.8",745056,668939,663624,702616,602104,683002,681297,656775,656811,"54.75",,,,,,,,76,3,"Sinker",4,7,4,7,7,4,4,7,"Standard","Standard",150,"-0.019","-0.08",,,,,"0.08",,-3,-3,0.167,0.167,28,28,28,29,1,0,3,1,1,1,"1.92","1.25","-1.25","33.9",,,,,
"SV","2024-08-10","83.1","1.71","5.44","Siri, Jose",642350,672335,,"ball",,,,,7,,"R","R","L","TB","BAL","B",,,1,0,2024,"-1.48","-0.34",-0.7172907144947978,1.710627500298835,650490,666624,666185,2,8,"Bot",,,,,,,-2.6343648932464614,-120.9251590649207,-1.34910570436467,-13.871820829261134,25.59795495519743,-35.45539546912645,3.55640213961676,1.68143932963351,,,,"82.1",2553,"5.8",745056,668939,663624,702616,602104,683002,681297,656775,656811,"54.69",,,,,,,,76,2,"Slurve",4,7,4,7,7,4,4,7,"Standard","Standard",318,"0.019","0.088",,,,,"-0.088",,-3,-3,0.148,0.148,28,28,28,29,1,0,3,1,1,1,"3.67","-1.48","1.48","35.5",,,,,
"SV","2024-08-10","83.3","1.61","5.41","Siri, Jose",642350,672335,,"blocked_ball",,,,,13,,"R","R","L","TB","BAL","B",,,0,0,2024,"-1.53","-0.35",-2.300183899865185,1.1027568368354848,650490,666624,666185,2,8,"Bot",,,,,,,-5.916956333698205,-121.10062923758483,-2.642914077794358,-13.629647235751667,26.958742821564982,-35.21459675084646,3.44207406880232,1.70293489052047,,,,"82.2",2631,"5.9",745056,668939,663624,702616,602104,683002,681297,656775,656811,"54.58",,,,,,,,76,1,"Slurve",4,7,4,7,7,4,4,7,"Standard","Standard",320,"0.01","0.031",,,,,"-0.031",,-3,-3,0.138,0.138,28,28,28,29,1,0,3,1,1,1,"3.68","-1.53","1.53","35.4",,,,,
"FC","2024-08-09","88.2","-2.26","5.7","Siri, Jose",642350,621107,"strikeout","swinging_strike",,,,,1,"Jose Siri strikes out swinging. Taylor Walls steals (7) 2nd base.","R","R","R","TB","BAL","S",2,,3,2,2024,"0.02","0.99",-0.5828421964821874,3.3936319402025252,,,670764,1,5,"Bot",,,,,,,4.0298728763740055,-128.4289005134398,-1.5789969655920908,-0.5735206958757971,27.03277656515174,-21.146498779352406,3.46,1.62,,,,"88.5",2116,"6.5",745062,543510,656811,702616,602104,683002,681297,656775,623993,"54.04",,0,"0",1,0,0,,41,6,"Cutter",0,3,0,3,3,0,0,3,"Standard","Standard",201,"-0.033","-0.306","62.5","5.1","3.129617376",,"0.306",,-3,-3,0.203,0.203,30,28,30,29,2,1,6,1,6,1,"1.94","-0.02","-0.02","23.6",-16.86209751719985,53.50811081715034,34.99638649690368,32.535510169451136,4.398713343132271
"SI","2024-08-09","92.6","-2.1","5.6","Siri, Jose",642350,621107,,"ball",,,,,14,,"R","R","R","TB","BAL","B",,,2,2,2024,"-1.65","-0.03",0.6184900926906072,0.8626908883498792,,,670764,1,5,"Bot",,,,,,,10.549984994059653,-134.17375164733616,-6.100554011959665,-22.28801592245677,33.58866035307255,-31.17418277925456,3.45999882174476,1.59545913777883,,,,"92",2174,"6.5",745062,543510,656811,702616,602104,683002,681297,656775,623993,"53.95",,,,,,,,41,5,"Sinker",0,3,0,3,3,0,0,3,"Standard","Standard",214,"0.013","0.077",,,,,"-0.077",,-3,-3,0.19,0.19,30,28,30,29,2,1,6,1,6,1,"2.75","1.65","1.65","22.6",,,,,
"CU","2024-08-09","78.5","-2.29","5.82","Siri, Jose",642350,621107,,"ball",,,,,14,,"R","R","R","TB","BAL","B",,,1,2,2024,"1.25","-0.63",1.929473178634381,0.7116279164247796,,,670764,1,5,"Bot",,,,,,,6.763473121515417,-114.04041291492067,-2.8338440389562756,9.112855536150299,26.51044250654203,-37.17429243498076,3.50067158103533,1.65057805829939,,,,"77.2",2441,"6",745062,543510,656811,702616,602104,683002,681297,656775,623993,"54.46",,,,,,,,41,4,"Curveball",0,3,0,3,3,0,0,3,"Standard","Standard",58,"0.005","0.048",,,,,"-0.048",,-3,-3,0.185,0.185,30,28,30,29,2,1,6,1,6,1,"4.42","-1.25","-1.25","26.5",,,,,
"FC","2024-08-09","88.5","-2.33","5.65","Siri, Jose",642350,621107,,"called_strike",,,,,4,,"R","R","R","TB","BAL","S",,,1,1,2024,"0.13","1.02",-0.4394990829318634,2.5159039261166747,,,670764,1,5,"Bot",,,,,,,4.3434404070028245,-128.78017700114742,-3.694133761986291,0.5327083048115091,27.19538436000114,-20.24870358317821,3.41960687294624,1.61999987817747,,,,"88.4",2193,"6.3",745062,543510,656811,702616,602104,683002,681297,656775,623993,"54.21",,,,,,,,41,3,"Cutter",0,3,0,3,3,0,0,3,"Standard","Standard",204,"-0.008","-0.059",,,,,"0.059",,-3,-3,0.193,0.193,30,28,30,29,2,1,6,1,6,1,"1.89","-0.13","-0.13","24.2",,,,,
"FC","2024-08-09","87.9","-2.26","5.75","Siri, Jose",642350,621107,,"called_strike",,,,,5,,"R","R","R","TB","BAL","S",,,1,0,2024,"0.55","0.75",-0.034399907780332195,2.6051740381917767,,,670764,1,5,"Bot",,,,,,,4.2452798763928845,-127.86598994029714,-3.0247099911961346,5.088412474854226,28.001454105292023,-23.54495361041151,3.49972567726373,1.64977384584675,,,,"87.5",2302,"6.2",745062,543510,656811,702616,602104,683002,681297,656775,623993,"54.32",,,,,,,,41,2,"Cutter",0,3,0,3,3,0,0,3,"Standard","Standard",192,"-0.007","-0.047",,,,,"0.047",,-3,-3,0.2,0.2,30,28,30,29,2,1,6,1,6,1,"2.22","-0.55","-0.55","27.5",,,,,
"CU","2024-08-09","78.4","-2.17","5.86","Siri, Jose",642350,621107,,"ball",,,,,14,,"R","R","R","TB","BAL","B",,,0,0,2024,"1.24","-0.4",1.4162189120545134,1.2135128718355213,,,670764,1,5,"Bot",,,,,,,5.444089768166952,-113.99224417253336,-2.2935411939866137,9.401322361271601,25.413708862895433,-35.33527101942581,3.57227882547861,1.64857720347504,,,,"77.6",2282,"6.2",745062,543510,656811,702616,602104,683002,681297,656775,623993,"54.27",,,,,,,,41,1,"Curveball",0,3,0,3,3,0,0,3,"Standard","Standard",70,"0.005","0.036",,,,,"-0.036",,-3,-3,0.195,0.195,30,28,30,29,2,1,6,1,6,1,"4.18","-1.24","-1.24","28.3",,,,,
"CU","2024-08-09","79.3","-2.29","5.77","Siri, Jose",642350,621107,"strikeout","swinging_strike_blocked",,,,,14,"Jose Siri strikes out swinging.","R","R","R","TB","BAL","S",2,,1,2,2024,"1.25","-0.23",2.1123920385529487,0.6129969886559237,,,,0,3,"Bot",,,,,,,7.312049204741621,-115.18267648094873,-3.958104596432161,9.417061757024793,24.481008870670532,-33.58023216357346,3.46,1.62,,,,"79.1",2477,"6.6",745062,543510,656811,702616,602104,683002,681297,656775,623993,"53.94",,0,"0",1,0,0,,22,4,"Curveball",0,1,0,1,1,0,0,1,"Standard","Standard",66,"-0.02","-0.186","47.4","8.9","10.506500232",,"0.186",,-1,-1,0.429,0.429,30,28,30,29,1,0,6,1,6,1,"3.91","-1.25","-1.25","25.3",23.699645142009544,-48.9718591742359,38.48361153901024,60.18034274371385,43.00315696832027
"ST","2024-08-09","80.5","-2.12","5.79","Siri, Jose",642350,621107,,"ball",,,,,14,,"R","R","R","TB","BAL","B",,,0,2,2024,"1.18","0.48",2.499858586580831,1.9336565407762762,,,,0,3,"Bot",,,,,,,8.00456111275792,-116.86790824552652,-2.6603688494676545,9.008136420873816,24.97577913787988,-27.510407578624864,3.5423081076837,1.58919402493694,,,,"80",2359,"6.4",745062,543510,656811,702616,602104,683002,681297,656775,623993,"54.14",,,,,,,,22,3,"Sweeper",0,1,0,1,1,0,0,1,"Standard","Standard",67,"0.003","0.023",,,,,"-0.023",,-1,-1,0.426,0.426,30,28,30,29,1,0,6,1,6,1,"3.1","-1.18","-1.18","24.7",,,,,
"ST","2024-08-09","77.8","-2.43","5.76","Siri, Jose",642350,621107,,"foul",,,,,14,,"R","R","R","TB","BAL","S",,,0,1,2024,"1.33","0.32",1.38867947535202,1.652041854584422,,,,0,3,"Bot",,,,,,,5.722254333654724,-112.9567161830266,-2.26794964084011,9.83587119750456,26.02187565859411,-29.271452552484273,3.46,1.62,151,"62.4",57,"76.6",2539,"6.2",745062,543510,656811,702616,602104,683002,681297,656775,623993,"54.34",,,,,,,,22,2,"Sweeper",0,1,0,1,1,0,0,1,"Standard","Standard",68,"-0.007","-0.054","66.1","8.7",,,"0.054","88.0",-1,-1,0.433,0.433,30,28,30,29,1,0,6,1,6,1,"3.55","-1.33","-1.33","23.0",15.534613412271383,-10.940561685403411,32.95249928441213,52.421159626540415,34.60014040226038
"ST","2024-08-09","77.1","-2.39","5.81","Siri, Jose",642350,621107,,"foul",,,,,14,,"R","R","R","TB","BAL","S",,,0,0,2024,"1.11","-0.12",0.8478339968819811,0.8614406859879074,,,,0,3,"Bot",,,,,,,4.8558921341546375,-112.0888650633127,-3.1867271354194004,8.21057387866539,23.71962386680062,-32.745649439068025,3.46,1.62,2,"61.7",-32,"76.4",2321,"6.2",745062,543510,656811,702616,602104,683002,681297,656775,623993,"54.28",,,,,,,,22,1,"Sweeper",0,1,0,1,1,0,0,1,"Standard","Standard",67,"-0.004","-0.037","69.7","8.7",,,"0.037","88.0",-1,-1,0.437,0.437,30,28,30,29,1,0,6,1,6,1,"4.02","-1.11","-1.11","21.5",25.638364184160274,7.936630704107058,36.07677978727201,45.34808430381097,33.609769548830585
"FF","2024-08-09","99.3","-1.76","5.18","Siri, Jose",642350,622554,"strikeout","swinging_strike",,,,,3,"Jose Siri strikes out swinging.","R","R","R","TB","BAL","S",2,,3,2,2024,"-0.24","1.42",0.5700550309776171,3.285629512117361,,,,0,8,"Bot",,,,,,,6.969521736603042,-144.30800007803484,-3.061711472884615,-5.18208665583881,37.465223379819214,-11.869011886444675,3.46,1.62,,,,"99.2",2432,"6.6",745062,543510,656811,702616,602104,683002,681297,656775,596103,"53.94",,0,"0",1,0,0,,63,6,"4-Seam Fastball",0,4,0,4,4,0,0,4,"Standard","Standard",212,"-0.021","-0.333","74.5","7.1","2.50709958",,"0.333",,-4,-4,0.049,0.049,29,28,30,29,1,2,2,1,1,1,"0.92","0.24","0.24","29.4",2.4110534805236967,23.98742283317458,28.675389693863725,41.99050905874914,14.629771880868939
"ST","2024-08-09","88.9","-1.78","5.18","Siri, Jose",642350,622554,,"ball",,,,,14,,"R","R","R","TB","BAL","B",,,2,2,2024,"0.82","0.36",1.1686392779507622,-0.3894196799132281,,,,0,8,"Bot",,,,,,,5.5411486412407704,-129.01225213870197,-8.28612859781143,7.720396214107671,31.208017458594618,-26.435936075472483,3.50398610455961,1.61999727605276,,,,"88.9",2450,"6.8",745062,543510,656811,702616,602104,683002,681297,656775,596103,"53.71",,,,,,,,63,5,"Sweeper",0,4,0,4,4,0,0,4,"Standard","Standard",86,"0.007","0.107",,,,,"-0.107",,-4,-4,0.042,0.042,29,28,30,29,1,2,2,1,1,1,"2.58","-0.82","-0.82","23.3",,,,,
"ST","2024-08-09","87.4","-1.68","5.27","Siri, Jose",642350,622554,,"ball",,,,,14,,"R","R","R","TB","BAL","B",,,1,2,2024,"0.76","0.1",2.6040426016163427,-0.04023541127021257,,,,0,8,"Bot",,,,,,,8.800327227352051,-126.76915631964545,-6.795192158769466,6.0986354377845196,28.664013851714195,-29.71299043117064,3.4823911653659,1.59399595120063,,,,"87.4",2484,"6.7",745062,543510,656811,702616,602104,683002,681297,656775,596103,"53.79",,,,,,,,63,4,"Sweeper",0,4,0,4,4,0,0,4,"Standard","Standard",76,"0.003","0.04",,,,,"-0.04",,-4,-4,0.039,0.039,29,28,30,29,1,2,2,1,1,1,"2.93","-0.76","-0.76","29.4",,,,,
"FF","2024-08-09","100.5","-1.75","5.37","Siri, Jose",642350,622554,,"ball",,,,,11,,"R","R","R","TB","BAL","B",,,0,2,2024,"-0.68","1.42",-0.37899575454577816,4.267129107179906,,,,0,8,"Bot",,,,,,,5.397420216726271,-146.20764177368022,-1.050280611708149,-10.994823099932873,36.35323552130401,-11.810210353623212,3.55946592667973,1.70763370016533,,,,"100.3",2394,"6.3",745062,543510,656811,702616,602104,683002,681297,656775,596103,"54.2",,,,,,,,63,3,"4-Seam Fastball",0,4,0,4,4,0,0,4,"Standard","Standard",216,"0.001","0.023",,,,,"-0.023",,-4,-4,0.038,0.038,29,28,30,29,1,2,2,1,1,1,"0.85","0.68","0.68","26.1",,,,,
"ST","2024-08-09","87.4","-1.89","5.26","Siri, Jose",642350,622554,,"swinging_strike",,,,,14,,"R","R","R","TB","BAL","S",,,0,1,2024,"0.71","0.28",1.480084485493907,0.9567141359408842,,,,0,8,"Bot",,,,,,,6.624563503219306,-127.11899696117582,-4.745372609055904,6.221416374942039,27.445906896446644,-28.335562637386392,3.46,1.62,,,,"86.7",2408,"6",745062,543510,656811,702616,602104,683002,681297,656775,596103,"54.49",,,,,,,,63,2,"Sweeper",0,4,0,4,4,0,0,4,"Standard","Standard",84,"-0.004","-0.054","67.5","8.7","6.061446276",,"0.054",,-4,-4,0.042,0.042,29,28,30,29,1,2,2,1,1,1,"2.72","-0.71","-0.71","28.0",16.452404350155184,-3.1715267590178016,38.45034788141416,53.74846173143614,31.283155292723265
"SL","2024-08-09","91.5","-1.73","5.34","Siri, Jose",642350,622554,,"foul",,,,,9,,"R","R","R","TB","BAL","S",,,0,0,2024,"0.25","0.84",0.4993798938400016,1.8603554413794916,,,,0,8,"Bot",,,,,,,5.100386618318879,-133.04363917045998,-4.658553556054666,1.7935086540592802,30.851617766667605,-21.431759453297406,3.46,1.62,,,,"91.4",2417,"6.5",745062,543510,656811,702616,602104,683002,681297,656775,596103,"54.04",,,,,,,,63,1,"Slider",0,4,0,4,4,0,0,4,"Standard","Standard",172,"-0.002","-0.037","85.2","8.1",,,"0.037",,-4,-4,0.044,0.044,29,28,30,29,1,2,2,1,1,1,"1.91","-0.25","-0.25","30.4",20.53695704773552,-9.760003141191676,31.67058550992078,41.65543562541741,39.18555967768495
"ST","2024-08-08","82.8","1.7","5.21","Siri, Jose",642350,668941,"field_out","hit_into_play",,,,,8,"Jose Siri grounds out, third baseman Nolan Arenado to first baseman Paul Goldschmidt.","R","R","L","STL","TB","X",5,"ground_ball",1,1,2024,"-1.44","-0.14",0.007162061342380621,1.8699976591082166,,,,2,7,"Top",110.65,172.26,,,,,-1.0425203492600765,-120.47318612817824,-0.7763800530807434,-13.632337206208602,26.56830071079491,-33.64145816622209,3.46,1.62,8,"86.6",-13,"80.7",2893,"5.2",745143,575929,502671,669357,571448,691026,680977,687363,502054,"55.32",0.143,0.129,"0",1,0,0,2,60,3,"Sweeper",4,5,5,4,5,4,5,4,"Standard","Standard",307,"0.012","-0.244","73.5","8.4",,0.15,"0.244","88.0",-1,1,0.352,0.648,27,28,28,29,1,0,1,1,8,1,"3.51","-1.44","1.44","29.8",10.376570038716157,-0.7206195479816185,37.10843679456112,35.68473332580651,27.440480351118012
"CH","2024-08-08","86.3","1.64","5.36","Siri, Jose",642350,668941,,"ball",,,,,14,,"R","R","L","STL","TB","B",,,0,1,2024,"1.25","0.08",0.6060534396073496,0.8527314401465409,,,,2,7,"Top",,,,,,,-4.890313954363768,-125.56613221224741,-4.566473373475164,14.1783815325339,26.149023671639025,-30.624872484971906,3.72768793440214,1.78210713776006,,,,"84.6",1431,"5.3",745143,575929,502671,669357,571448,691026,680977,687363,502054,"55.22",,,,,,,,60,2,"Changeup",4,5,5,4,5,4,5,4,"Standard","Standard",102,"-0.001","0.029",,,,,"-0.029",,-1,1,0.353,0.647,27,28,28,29,1,0,1,1,8,1,"2.99","1.25","-1.25","29.1",,,,,
"ST","2024-08-08","83.8","1.74","5.42","Siri, Jose",642350,668941,,"called_strike",,,,,4,,"R","R","L","STL","TB","S",,,0,0,2024,"-1.1","0.05",-0.7994201882323967,2.6263873433696405,,,,2,7,"Top",,,,,,,-3.6211012458975644,-121.84930967688867,-0.04774287782184783,-9.972252490023033,28.051433367556548,-31.886533941903462,3.76855327888902,1.75754777951834,,,,"81.8",2771,"5.4",745143,575929,502671,669357,571448,691026,680977,687363,502054,"55.12",,,,,,,,60,1,"Sweeper",4,5,5,4,5,4,5,4,"Standard","Standard",304,"0.002","-0.041",,,,,"0.041",,-1,1,0.351,0.649,27,28,28,29,1,0,1,1,8,1,"3.24","-1.1","1.1","30.8",,,,,
"ST","2024-08-07","83","-1.3","5.84","Siri, Jose",642350,607200,"strikeout","swinging_strike",,,,,12,"Jose Siri strikes out swinging.","R","R","R","STL","TB","S",2,,0,2,2024,"1.02","0.4",1.4936136800022615,3.0501735161569106,,,,0,4,"Top",,,,,,,4.47088895778357,-120.92285659904874,-0.7034356030242277,9.113401524044933,23.616227392150336,-28.284212456019166,3.47,1.62,,,,"84.2",2397,"7",745142,575929,676475,669357,571448,691026,680977,687363,663457,"53.5",,0,"0",1,0,0,,31,3,"Sweeper",3,1,1,3,1,3,1,3,"Standard","Standard",70,"0.016","-0.163","72.1","8.2","0.60646476",,"0.163",,2,-2,0.74,0.26,31,28,31,29,2,1,5,1,6,1,"2.9","-1.02","-1.02","37.3",15.915971635628864,1.7634434959190257,22.326703838145264,55.2276287095338,22.800519664546687
"ST","2024-08-07","81.9","-1.6","5.68","Siri, Jose",642350,607200,,"foul",,,,,8,,"R","R","R","STL","TB","S",,,0,1,2024,"0.63","0.51",0.21967080153100133,1.9548728860039137,,,,0,4,"Top",,,,,,,2.9324602902198134,-119.25286094724153,-2.8449298172347337,5.392107327682978,23.73558349515308,-26.963132076531714,3.47,1.62,103,"67",74,"82.6",2289,"6.8",745142,575929,676475,669357,571448,691026,680977,687363,663457,"53.69",,,,,,,,31,2,"Sweeper",3,1,1,3,1,3,1,3,"Standard","Standard",86,"0.007","-0.054","67.8","8.2",,,"0.054","88.0",2,-2,0.733,0.267,31,28,31,29,2,1,5,1,6,1,"2.89","-0.63","-0.63","34.6",17.595376024726185,-2.1685210257202536,38.90726336739007,40.91748530854488,30.696621916887363
"FC","2024-08-07","89.3","-1.49","5.84","Siri, Jose",642350,607200,,"called_strike",,,,,9,,"R","R","R","STL","TB","S",,,0,0,2024,"0.47","0.58",0.49822548924513066,1.5153020137977085,,,,0,4,"Top",,,,,,,3.9421891103258697,-130.0511697411959,-5.944220839030421,4.642113570906896,25.151491151956694,-24.62524832309965,3.54424125776271,1.6220639340878,,,,"90.4",2112,"6.7",745142,575929,676475,669357,571448,691026,680977,687363,663457,"53.76",,,,,,,,31,1,"Cutter",3,1,1,3,1,3,1,3,"Standard","Standard",192,"0.004","-0.037",,,,,"0.037",,2,-2,0.729,0.271,31,28,31,29,2,1,5,1,6,1,"2.26","-0.47","-0.47","40.8",,,,,
"SI","2024-08-07","93","-1.1","6","Siri, Jose",642350,607200,"strikeout","called_strike",,,,,6,"Jose Siri called out on strikes.","R","R","R","STL","TB","S",2,,2,2,2024,"-0.89","0.94",0.7698122705607979,2.550666355124963,,666139,666185,0,2,"Top",,,,,,,6.815512088068138,-135.10227909967574,-5.141150816586682,-12.390604979532357,31.585502492771464,-19.70756558280263,3.46474741160321,1.5783846073064,,,,"93.8",2144,"7",745142,575929,676475,669357,571448,691026,680977,687363,663457,"53.47",,0,"0",1,0,0,,12,5,"Sinker",1,0,0,1,0,1,0,1,"Standard","Standard",198,"0.048","-0.223",,,,,"0.223",,1,-1,0.51,0.49,31,28,31,29,1,0,5,1,6,1,"1.72","0.89","0.89","47.5",,,,,
"ST","2024-08-07","84.6","-1.6","5.72","Siri, Jose",642350,607200,,"ball",,,,,14,,"R","R","R","STL","TB","B",,,1,2,2024,"1.02","0.26",1.5745627233444606,0.8981541783493672,,666139,666185,0,2,"Top",,,,,,,5.427201388705673,-122.8962539808967,-5.351072405561125,9.00139918149004,27.847543372956814,-28.59572058157881,3.5310073299005,1.62105276066115,,,,"85.2",2535,"7.1",745142,575929,676475,669357,571448,691026,680977,687363,663457,"53.43",,,,,,,,12,4,"Sweeper",1,0,0,1,0,1,0,1,"Standard","Standard",77,"-0.009","0.026",,,,,"-0.026",,1,-1,0.519,0.481,31,28,31,29,1,0,5,1,6,1,"2.97","-1.02","-1.02","35.7",,,,,
"SI","2024-08-07","92.8","-1.08","6.01","Siri, Jose",642350,607200,,"ball",,,,,14,,"R","R","R","STL","TB","B",,,0,2,2024,"-0.83","1.01",1.1933139413925713,1.749360198366342,,666139,666185,0,2,"Top",,,,,,,7.738921481887311,-134.76324331741074,-7.3081063424269175,-11.940515262808798,31.9967620747744,-18.447118888132067,3.66708603778201,1.63765089926754,,,,"93.4",2069,"7",745142,575929,676475,669357,571448,691026,680977,687363,663457,"53.53",,,,,,,,12,3,"Sinker",1,0,0,1,0,1,0,1,"Standard","Standard",195,"-0.005","0.037",,,,,"-0.037",,1,-1,0.524,0.476,31,28,31,29,1,0,5,1,6,1,"1.67","0.83","0.83","43.4",,,,,
"ST","2024-08-07","83.7","-1.77","5.71","Siri, Jose",642350,607200,,"foul",,,,,8,,"R","R","R","STL","TB","S",,,0,1,2024,"0.87","0.08",-0.18230115762836074,1.721400700354021,,666139,666185,0,2,"Top",,,,,,,1.971797273811332,-121.88532610964727,-2.914074243345098,8.183014979579099,25.835338994126232,-30.986348433581572,3.47,1.62,3,"71.7",-32,"84.3",2418,"6.8",745142,575929,676475,669357,571448,691026,680977,687363,663457,"53.68",,,,,,,,12,2,"Sweeper",1,0,0,1,0,1,0,1,"Strategic","Standard",86,"0.014","-0.071","75.7","8.4",,,"0.071","88.0",1,-1,0.51,0.49,31,28,31,29,1,0,5,1,6,1,"3.19","-0.87","-0.87","31.9",23.88101683402763,-16.41260167920454,36.345665332741056,34.72610635267458,40.216136184252534
"ST","2024-08-07","83","-1.71","5.65","Siri, Jose",642350,607200,,"foul_bunt",,,,,4,,"R","R","R","STL","TB","S",,,0,0,2024,"0.71","0.5",-0.5179378651882042,2.8066766447031912,,666139,666185,0,2,"Top",,,,,,,1.3548281821995287,-120.90125591452775,-1.0042668504239276,6.668440441962089,23.869191545519488,-27.314447761227658,3.47,1.62,,,,"84.1",2240,"7",745142,575929,676475,669357,571448,691026,680977,687363,663457,"53.49",,,,,,,,12,1,"Sweeper",1,0,0,1,0,1,0,1,"Standard","Standard",90,"0.008","-0.044","4.7","1.1",,,"0.044","88.0",1,-1,0.502,0.498,31,28,31,29,1,0,5,1,6,1,"2.81","-0.71","-0.71","30.7",40.17049995454788,15.826318865870432,28.527513818057844,29.291863938104722,16.659229978245687
"FF","2024-08-07","96.7","-1.9","5.85","Siri, Jose",642350,681676,"walk","ball",,,,,12,"Jose Siri walks. Josh Lowe to 3rd. Dylan Carlson to 2nd.","R","R","R","STL","TB","B",,,3,0,2024,"-0.5","1.47",0.5693378764330584,3.743958910954892,,666139,666185,0,6,"Top",,,,,,,7.760998193046205,-140.66429610330243,-3.4086895259211567,-8.393399506724858,31.896877410141528,-12.105235648242827,3.57829442252245,1.61641265075342,,,,"97.1",2214,"6.5",745142,575929,676475,669357,571448,691026,680977,687363,663457,"53.99",,0.689131,"0.7",1,0,0,,51,4,"4-Seam Fastball",5,1,1,5,1,5,1,5,"Standard","Standard",207,"-0.031","0.122",,,,,"-0.122",,4,-4,0.788,0.21199999999999997,26,28,26,29,1,2,3,1,3,1,"0.97","0.5","0.5","53.7",,,,,
"FF","2024-08-07","94.7","-2.17","5.77","Siri, Jose",642350,681676,,"ball",,,,,14,,"R","R","R","STL","TB","B",,,2,0,2024,"-0.36","1.35",0.03930843350204499,0.8459274731722921,,666139,666185,0,6,"Top",,,,,,,6.572397492677538,-137.46518264044076,-10.237844043001493,-5.924465756966945,28.700853601362486,-12.985398969309827,3.54170608853085,1.64475369485649,,,,"95.1",2367,"6.6",745142,575929,676475,669357,571448,691026,680977,687363,663457,"53.95",,,,,,,,51,3,"4-Seam Fastball",5,1,1,5,1,5,1,5,"Standard","Standard",197,"-0.024","0.153",,,,,"-0.153",,4,-4,0.812,0.18799999999999994,26,28,26,29,1,2,3,1,3,1,"1.19","0.36","0.36","55.3",,,,,
"FF","2024-08-07","94.5","-2.17","5.78","Siri, Jose",642350,681676,,"ball",,,,,14,,"R","R","R","STL","TB","B",,,1,0,2024,"-0.37","1.33",0.8867474050797881,1.851201194365694,,666139,666185,0,6,"Top",,,,,,,8.799150241185199,-137.26058151490477,-7.540476728578045,-6.570595544897497,29.04918059104601,-13.825450614457388,3.58398974935032,1.62214721992035,,,,"94.7",2343,"6.4",745142,575929,676475,669357,571448,691026,680977,687363,663457,"54.07",,,,,,,,51,2,"4-Seam Fastball",5,1,1,5,1,5,1,5,"Standard","Standard",198,"-0.015","0.08",,,,,"-0.08",,4,-4,0.827,0.17300000000000004,26,28,26,29,1,2,3,1,3,1,"1.22","0.37","0.37","59.1",,,,,
"SI","2024-08-07","94.7","-1.85","5.66","Siri, Jose",642350,552640,"single","hit_into_play",,,,,6,"Jose Siri singles on a sharp ground ball to right fielder Lars Nootbaar.","R","R","R","STL","TB","X",9,"ground_ball",1,2,2024,"-1.29","0.78",0.49647241352664007,2.871723627392362,,,,2,8,"Top",170.73,102.22,,,,,9.058636514667416,-137.62212720898626,-3.333229218692194,-18.421217887939004,32.1270696949938,-21.662780619593416,3.47,1.62,62,"105.6",1,"95.1",2289,"6.7",745142,575929,676475,669357,571448,691026,680977,687363,663457,"53.8",0.521,0.471,"0.9",1,1,0,4,66,4,"Sinker",5,2,2,5,2,5,2,5,"Standard","Standard",218,"-0.013","0.408","69.9","7.0",,0.564,"-0.408","105.6",3,-3,0.968,0.03200000000000003,34,28,34,29,1,3,1,1,2,1,"1.77","1.29","1.29","38.5",-4.304933036578943,25.489803490506258,25.852755502357414,43.74111317141418,14.436918298065187
"SL","2024-08-07","87","-1.82","5.65","Siri, Jose",642350,552640,,"ball",,,,,14,,"R","R","R","STL","TB","B",,,0,2,2024,"0.62","0.03",1.5035010838844218,0.7519277444535701,,,,2,8,"Top",,,,,,,6.729487057840431,-126.52216243135037,-5.680184592690487,5.402876261638806,24.886488435809046,-30.892490257394634,3.61355627511046,1.60827409232089,,,,"87.7",2616,"6.7",745142,575929,676475,669357,571448,691026,680977,687363,663457,"53.83",,,,,,,,66,3,"Slider",5,2,2,5,2,5,2,5,"Standard","Standard",98,"0","0.023",,,,,"-0.023",,3,-3,0.968,0.03200000000000003,34,28,34,29,1,3,1,1,2,1,"2.97","-0.62","-0.62","42.0",,,,,
"SL","2024-08-07","88","-1.8","5.8","Siri, Jose",642350,552640,,"foul",,,,,6,,"R","R","R","STL","TB","S",,,0,1,2024,"0.64","0.39",0.4568350258506715,2.384273059297312,,,,2,8,"Top",,,,,,,4.197581391102243,-128.21470689000017,-3.0784624379181835,6.324913109434138,23.064504163713764,-27.508340920579798,3.47,1.62,175,"82.3",67,"89.1",2577,"6.6",745142,575929,676475,669357,571448,691026,680977,687363,663457,"53.86",,,,,,,,66,2,"Slider",5,2,2,5,2,5,2,5,"Standard","Standard",139,"0.001","-0.058","76.0","8.0",,,"0.058","88.0",3,-3,0.967,0.03300000000000003,34,28,34,29,1,3,1,1,2,1,"2.52","-0.64","-0.64","44.2",10.809438141563493,3.208143047437136,32.16469205062195,42.626516001493634,28.7268837468064
"SL","2024-08-07","87.1","-1.78","5.69","Siri, Jose",642350,552640,,"swinging_strike",,,,,8,,"R","R","R","STL","TB","S",,,0,0,2024,"0.71","-0.07",0.1623757309945858,1.7459578795093424,,,,2,8,"Top",,,,,,,3.240062985726737,-126.8535461546268,-3.2386541699014986,7.070021644697137,24.35434506487023,-32.50495792643792,3.47,1.62,,,,"88.1",2606,"6.8",745142,575929,676475,669357,571448,691026,680977,687363,663457,"53.74",,,,,,,,66,1,"Slider",5,2,2,5,2,5,2,5,"Standard","Standard",120,"0.001","-0.041","75.4","8.5","3.163931952",,"0.041",,3,-3,0.966,0.03400000000000003,34,28,34,29,1,3,1,1,2,1,"3.05","-0.71","-0.71","38.4",22.313255447494523,-18.781706485796963,35.00458222112033,38.79875933627737,39.32131637713461
,"2024-08-07","94.3","-2.25","5.84","Siri, Jose",642350,681676,,"automatic_ball",,,,,,,"R","R","R","STL","TB","B",,,0,0,2024,"-0.8","1.3",,,,666139,666185,0,6,"Top",,,,,,,7.99756872686371,-137.09452857015444,-1.1665923934087354,-11.9036778192585,29.82918142061586,-15.718717175233536,,,,,,"94.3",2226,"6.3",745142,575929,676475,669357,571448,691026,680977,687363,663457,"54.17",,,,,,,,51,1,,5,1,1,5,1,5,1,5,,,208,"-0.008",,,,,,,,4,-4,0.835,0.16500000000000004,26,28,26,29,1,2,3,1,3,1,"1.27","0.8","0.8",,,,,,
"ST","2024-08-06","84.2","-0.53","5.52","Siri, Jose",642350,543243,"strikeout","swinging_strike_blocked",,,,,14,"Jose Siri strikes out swinging, catcher Pedro Pagés to first baseman Paul Goldschmidt.","R","R","R","STL","TB","S",2,,1,2,2024,"0.94","-0.6",0.8150148179276981,0.6394341917742219,,,,2,6,"Top",,,,,,,1.2576014811758065,-122.71767166890658,-3.8093039118497733,9.297612601938924,24.030508638800995,-37.66572124311279,3.5,1.63,,,,"84.9",2772,"6.6",745141,686780,502671,669357,571448,691026,502054,687363,676475,"53.89",,0,"0",1,0,0,,47,4,"Sweeper",4,2,2,4,2,4,2,4,"Standard","Standard",39,"0.009","-0.18","39.0","7.7","2.074069836",,"0.18",,2,-2,0.836,0.16400000000000003,34,28,35,29,3,2,5,2,6,1,"3.8","-0.94","-0.94","51.6",1.3851051192065438,6.224087146613351,34.972508719959706,47.011351050912246,19.840466333118723
"ST","2024-08-06","84.3","-0.51","5.54","Siri, Jose",642350,543243,,"ball",,,,,14,,"R","R","R","STL","TB","B",,,0,2,2024,"1.59","-0.72",2.417410971060879,0.13237312770003173,,,,2,6,"Top",,,,,,,3.667364543072351,-122.60449801281557,-4.728009559281391,15.11062223503934,26.245180540854786,-38.56611839798395,3.48556641261945,1.62792703977683,,,,"84.5",2772,"6.6",745141,686780,502671,669357,571448,691026,502054,687363,676475,"53.86",,,,,,,,47,3,"Sweeper",4,2,2,4,2,4,2,4,"Standard","Standard",30,"-0.001","0.023",,,,,"-0.023",,2,-2,0.837,0.16300000000000003,34,28,35,29,3,2,5,2,6,1,"3.95","-1.59","-1.59","52.8",,,,,
"ST","2024-08-06","84.1","-0.58","5.53","Siri, Jose",642350,543243,,"swinging_strike",,,,,14,,"R","R","R","STL","TB","S",,,0,1,2024,"1.48","-0.54",0.7249889505526146,0.9939746792457176,,,,2,6,"Top",,,,,,,0.10705795577035021,-122.5516950608124,-3.0962887082844395,14.861807282900378,24.102692430667815,-37.20893142948664,3.5,1.63,,,,"84.8",2712,"6.7",745141,686780,502671,669357,571448,691026,502054,687363,676475,"53.83",,,,,,,,47,2,"Sweeper",4,2,2,4,2,4,2,4,"Standard","Standard",35,"0.003","-0.058","75.1","9.1","3.453284316",,"0.058",,2,-2,0.834,0.16600000000000004,34,28,35,29,3,2,5,2,6,1,"3.75","-1.48","-1.48","50.5",28.61839314324572,-22.568923060918898,38.3288504157233,44.37094532318011,44.36590910837066
"ST","2024-08-06","84","-0.75","5.54","Siri, Jose",642350,543243,,"foul",,,,,12,,"R","R","R","STL","TB","S",,,0,0,2024,"1.34","-0.41",1.5430670257432846,2.6246550102078134,,,,2,6,"Top",,,,,,,2.6700734243548223,-122.30478394551757,0.48673588634830134,12.932069162729995,24.80399425874952,-36.641403399611605,3.5,1.63,166,"69.2",30,"84.4",2803,"6.6",745141,686780,502671,669357,571448,691026,502054,687363,676475,"53.92",,,,,,,,47,1,"Sweeper",4,2,2,4,2,4,2,4,"Standard","Standard",44,"0.002","-0.041","68.3","8.4",,,"0.041","88.0",2,-2,0.832,0.16800000000000004,34,28,35,29,3,2,5,2,6,1,"3.65","-1.34","-1.34","46.6",13.525538893746662,-0.6115172873754459,27.002878808475927,54.83157300659441,27.75519096505147
"FC","2024-08-06","86.9","-0.73","5.55","Siri, Jose",642350,543243,"single","hit_into_play",,,,,9,"Jose Siri singles on a line drive to left fielder Tommy Pham.","R","R","R","STL","TB","X",7,"line_drive",1,1,2024,"0.58","0.15",0.6349941812299418,2.025781127995881,,,,0,4,"Top",67.82,89.61,,,,,2.09294933429449,-126.67758013816191,-2.680636871432041,5.927832482734956,22.351244597048137,-30.287875271933256,3.5,1.63,214,"98.6",13,"87.9",2702,"6.5",745141,686780,502671,669357,571448,691026,502054,687363,676475,"53.97",0.929,0.902,"0.9",1,1,0,4,30,3,"Cutter",4,2,2,4,2,4,2,4,"Standard","Standard",122,"-0.046","0.46","75.1","8.5",,1.141,"-0.46","98.6",2,-2,0.73,0.27,34,28,35,29,2,1,5,2,6,1,"2.83","-0.58","-0.58","52.4",18.076823438536056,-5.172092193502011,33.033036721523494,46.220078629023156,37.08920908784352
"FC","2024-08-06","86.3","-0.57","5.61","Siri, Jose",642350,543243,,"ball",,,,,12,,"R","R","R","STL","TB","B",,,0,1,2024,"0.55","-0.07",1.4504068654399196,2.579267864180401,,,,0,4,"Top",,,,,,,3.7203611185853784,-125.80371838863476,-0.9138375488161681,5.16147900155854,23.362597777002932,-32.994858301659804,3.52973585048086,1.61474947080191,,,,"87.1",2820,"6.5",745141,686780,502671,669357,571448,691026,502054,687363,676475,"53.97",,,,,,,,30,2,"Cutter",4,2,2,4,2,4,2,4,"Standard","Standard",91,"-0.003","0.025",,,,,"-0.025",,2,-2,0.733,0.267,34,28,35,29,2,1,5,2,6,1,"3.1","-0.55","-0.55","54.9",,,,,
"FF","2024-08-06","91.4","-0.6","5.63","Siri, Jose",642350,543243,,"foul",,,,,6,,"R","R","R","STL","TB","S",,,0,0,2024,"-0.17","1.69",0.7854446367677203,2.2627668392603315,,,,0,4,"Top",,,,,,,3.8849969879630315,-133.02616357806338,-6.292432695419932,-2.871715806062177,28.070962509670412,-10.946686914713931,3.5,1.63,237,"76.9",29,"91.8",2577,"6.5",745141,686780,502671,669357,571448,691026,502054,687363,676475,"54",,,,,,,,30,1,"4-Seam Fastball",4,2,2,4,2,4,2,4,"Standard","Standard",205,"0.004","-0.037","74.4","8.2",,,"0.037","88.0",2,-2,0.729,0.271,34,28,35,29,2,1,5,2,6,1,"1.03","0.17","0.17","48.3",14.133562693279131,3.138021155352219,34.348265295612514,47.3065806233612,24.94938529103844
"ST","2024-08-06","83.6","-0.71","5.49","Siri, Jose",642350,543243,"force_out","hit_into_play",,,,,14,"Jose Siri grounds into a force out, third baseman Nolan Arenado to second baseman Nolan Gorman. Christopher Morel out at 2nd. Jose Siri to 1st.","R","R","R","STL","TB","X",5,"ground_ball",0,2,2024,"1.17","-0.22",0.9184591453390964,1.3544815496316702,,,666624,1,1,"Top",108.29,166.55,,,,,1.455594074995443,-121.75483260104765,-2.7057696483778915,11.38572772310593,23.95537585176835,-34.020550577911195,3.5,1.63,6,"64.9",-15,"84.2",2553,"6.7",745141,686780,502671,669357,571448,691026,502054,687363,676475,"53.83",0.07,0.063,"0",1,0,0,2,5,3,"Sweeper",0,2,2,0,2,0,2,0,"Standard","Standard",48,"0.014","-0.222","72.2","8.9",,0.077,"0.222","88.0",-2,2,0.321,0.679,34,28,35,29,1,0,5,2,6,1,"3.47","-1.17","-1.17","48.4",24.624204535502418,-12.669269607149202,32.88302359242975,48.30092019724397,42.62034888659717
"SI","2024-08-06","91.6","-0.74","5.45","Siri, Jose",642350,543243,,"swinging_strike",,,,,5,,"R","R","R","STL","TB","S",,,0,1,2024,"-1.1","0.53",0.21645797856125992,2.8714319990329567,,,666624,1,1,"Top",,,,,,,4.820564860458211,-133.4164915485919,-1.8167172053005767,-14.122721072525074,27.869581409891193,-25.65334303824645,3.5,1.63,,,,"92.4",2215,"6.6",745141,686780,502671,669357,571448,691026,502054,687363,676475,"53.86",,,,,,,,5,2,"Sinker",0,2,2,0,2,0,2,0,"Standard","Standard",210,"0.006","-0.052","75.2","6.5","1.16195862",,"0.052",,-2,2,0.315,0.685,34,28,35,29,1,0,5,2,6,1,"2.18","1.1","1.1","48.5",-6.301108693858944,35.810566226618434,27.122463934904903,40.22015043036886,8.582726976733003
"FC","2024-08-06","87.3","-0.71","5.53","Siri, Jose",642350,543243,,"called_strike",,,,,14,,"R","R","R","STL","TB","S",,,0,0,2024,"0.33","0.21",0.9105292669094439,2.420473836590524,,,666624,1,1,"Top",,,,,,,3.2547362216172337,-127.1765605006986,-1.7728951473439576,2.864771897550899,26.163540872591025,-29.77829940455794,3.47341977640822,1.69390969205539,,,,"87.9",2492,"6.6",745141,686780,502671,669357,571448,691026,502054,687363,676475,"53.9",,,,,,,,5,1,"Cutter",0,2,2,0,2,0,2,0,"Standard","Standard",129,"0.003","-0.04",,,,,"0.04",,-2,2,0.312,0.688,34,28,35,29,1,0,5,2,6,1,"2.78","-0.33","-0.33","48.1",,,,,
"SL","2024-08-06","89.1","-0.12","6.25","Siri, Jose",642350,664854,"single","hit_into_play",,,,,5,"Jose Siri singles on a line drive to right fielder Lars Nootbaar. Josh Lowe to 2nd.","R","R","R","STL","TB","X",9,"line_drive",0,2,2024,"0.3","-0.07",-0.11063989817728892,2.524990979598632,,,666139,0,9,"Top",164.21,112.52,,,,,-0.5910645821034106,-129.90887549855395,-3.1072264658704807,3.512238781832565,22.756304874979637,-32.59854966318023,3.5,1.63,214,"71.9",24,"90.1",2460,"6.4",745141,686780,502671,669357,571448,691026,502054,687363,663457,"54.06",0.976,0.901,"0.9",1,1,0,4,66,3,"Slider",4,2,2,4,2,4,2,4,"Standard","Standard",111,"-0.148","0.54","67.4","7.2",,1.041,"-0.54","88.0",2,-2,0.87,0.13,29,28,30,29,1,3,3,2,1,1,"2.89","-0.3","-0.3","65.9",2.3696423198825167,16.821738815093227,28.175003888261564,37.50629293936692,20.258785469341685
"FF","2024-08-06","101.2","-0.16","6.29","Siri, Jose",642350,664854,,"swinging_strike",,,,,12,,"R","R","R","STL","TB","S",,,0,1,2024,"-0.13","1.47",0.14449752549169473,3.882317878554696,,,666139,0,9,"Top",,,,,,,1.165572125105312,-147.36761804838753,-4.923715968834978,-2.1559434246035027,36.12394213648389,-9.778195238011715,3.5,1.63,,,,"101.4",2529,"6.4",745141,686780,502671,669357,571448,691026,502054,687363,663457,"54.09",,,,,,,,66,2,"4-Seam Fastball",4,2,2,4,2,4,2,4,"Standard","Standard",190,"0.016","-0.048","71.6","6.9","1.382591928",,"0.048",,2,-2,0.854,0.14600000000000002,29,28,30,29,1,3,3,2,1,1,"0.76","0.13","0.13","60.8",11.979908103128746,31.98152925214903,22.830584479750133,41.12010093653359,11.970457290560448
"SL","2024-08-06","90.1","-0.31","6.19","Siri, Jose",642350,664854,,"called_strike",,,,,5,,"R","R","R","STL","TB","S",,,0,0,2024,"0.43","0.53",-0.1603973187400134,2.632127280800729,,,666139,0,9,"Top",,,,,,,-0.5400948084317272,-131.21912528849958,-4.039266054427267,5.098039224959482,27.268747383997486,-25.423721004686023,3.48731855117758,1.63815320602123,,,,"90.5",2308,"6.5",745141,686780,502671,669357,571448,691026,502054,687363,663457,"54.04",,,,,,,,66,1,"Slider",4,2,2,4,2,4,2,4,"Standard","Standard",157,"0.01","-0.042",,,,,"0.042",,2,-2,0.844,0.15600000000000003,29,28,30,29,1,3,3,2,1,1,"2.27","-0.43","-0.43","62.7",,,,,
"ST","2024-08-04","79","-2.17","5.11","Siri, Jose",642350,681293,"grounded_into_double_play","hit_into_play",,,,,3,"Jose Siri grounds into a double play, third baseman Alex Bregman to second baseman Jose Altuve to first baseman Jon Singleton. Curtis Mead out at 2nd. Jose Siri out at 1st.","R","R","R","HOU","TB","X",5,"ground_ball",0,1,2024,"1.26","-0.08",0.7365575092517624,3.042581797849166,,,678554,1,6,"Top",102.84,172.87,,,,,4.035011990608348,-114.94950964529872,2.583442472920117,10.187273591817428,24.03155490321168,-33.68452599530696,3.52,1.64,12,"71.5",-14,"79.5",2808,"6.9",746356,673237,572138,514888,608324,665161,643289,676801,694175,"53.57",0.057,0.09,"0",1,0,0,2,44,2,"Sweeper",0,1,1,0,1,0,1,0,"Standard","Standard",68,"0.053","-0.273","71.5","8.2",,0.064,"0.273","88.0",-1,1,0.343,0.657,24,28,24,29,3,2,7,1,6,2,"3.77","-1.26","-1.26","22.0",24.28969569753644,-23.04820351102633,23.088466743065943,45.21423901335994,43.230921515439604
"ST","2024-08-04","81.9","-2.08","4.98","Siri, Jose",642350,681293,,"foul",,,,,8,,"R","R","R","HOU","TB","S",,,0,0,2024,"1.15","0.38",0.2047592325970956,2.0186739973903856,,,678554,1,6,"Top",,,,,,,2.9584053770186873,-119.18056535445015,-0.775821809736646,10.255190773929643,25.538519426403308,-28.686507354970246,3.52,1.64,190,"70.6",49,"82.2",2573,"6.8",746356,673237,572138,514888,608324,665161,643289,676801,694175,"53.72",,,,,,,,44,1,"Sweeper",0,1,1,0,1,0,1,0,"Standard","Standard",76,"0.005","-0.04","76.7","8.1",,,"0.04","88.0",-1,1,0.338,0.6619999999999999,24,28,24,29,3,2,7,1,6,2,"3.05","-1.15","-1.15","18.5",11.280060651603153,-2.537241395071999,33.23830015389787,40.027060657531194,26.527176336979426
"CU","2024-08-04","80.5","-2.04","5.07","Siri, Jose",642350,681293,"strikeout","swinging_strike",,,,,14,"Jose Siri strikes out swinging.","R","R","R","HOU","TB","S",2,,1,2,2024,"1.28","-0.27",0.8570285748257873,1.6583473628948062,,,,0,4,"Top",,,,,,,4.029395092263914,-117.18470515759753,-0.3145597843795157,10.927098474418424,24.19283252758333,-34.82588100475797,3.52,1.64,,,,"80.9",2896,"6.7",746356,673237,572138,514888,608324,665161,643289,676801,694175,"53.76",,0,"0",1,0,0,,27,4,"Curveball",0,1,1,0,1,0,1,0,"Standard","Standard",74,"0.016","-0.186","86.9","8.5","0.658481736",,"0.186",,-1,1,0.384,0.616,24,28,24,29,2,1,7,1,6,2,"3.81","-1.28","-1.28","21.1",24.838156537966935,-21.637318113874162,33.02548779483225,46.14167178998649,48.59968745750012
"ST","2024-08-04","80.3","-2.09","5.14","Siri, Jose",642350,681293,,"swinging_strike",,,,,5,,"R","R","R","HOU","TB","S",,,1,1,2024,"0.99","-0.19",0.03989961093416039,2.8767439569247633,,,,0,4,"Top",,,,,,,2.854032311938314,-116.89789072188016,2.0957559979111426,8.46903363500681,23.17112630193904,-34.512994293544494,3.52,1.64,,,,"80.8",2882,"6.7",746356,673237,572138,514888,608324,665161,643289,676801,694175,"53.8",,,,,,,,27,3,"Sweeper",0,1,1,0,1,0,1,0,"Standard","Standard",76,"0.006","-0.056","72.5","7.8","1.300601304",,"0.056",,-1,1,0.378,0.622,24,28,24,29,2,1,7,1,6,2,"3.73","-0.99","-0.99","23.6",24.695869123425492,-5.244120743312158,29.928375795251878,38.11945109418849,30.56765068320638
"ST","2024-08-04","79.7","-2.27","4.98","Siri, Jose",642350,681293,,"called_strike",,,,,8,,"R","R","R","HOU","TB","S",,,1,0,2024,"1.38","0.4",-0.14960478662944765,1.844522936799338,,,,0,4,"Top",,,,,,,2.062991184008832,-116.03831715068765,-0.8399636078472189,11.966194306059101,24.142017422228154,-28.618248532388286,3.4530814549145,1.57303361002303,,,,"79.7",2781,"6.5",746356,673237,572138,514888,608324,665161,643289,676801,694175,"53.99",,,,,,,,27,2,"Sweeper",0,1,1,0,1,0,1,0,"Standard","Standard",81,"0.005","-0.049",,,,,"0.049",,-1,1,0.373,0.627,24,28,24,29,2,1,7,1,6,2,"3.21","-1.38","-1.38","20.9",,,,,
"FF","2024-08-04","92.7","-1.85","5.1","Siri, Jose",642350,681293,,"ball",,,,,14,,"R","R","R","HOU","TB","B",,,0,0,2024,"-1.15","1.09",1.2682251176688715,1.644206417300148,,,,0,4,"Top",,,,,,,10.600527488443348,-134.52451238628723,-5.408112859129593,-16.325917626887772,30.84243931196947,-17.95909513092189,3.31923879494462,1.64000263968857,,,,"93.5",2362,"7",746356,673237,572138,514888,608324,665161,643289,676801,694175,"53.48",,,,,,,,27,1,"4-Seam Fastball",0,1,1,0,1,0,1,0,"Standard","Standard",232,"-0.004","0.038",,,,,"-0.038",,-1,1,0.377,0.623,24,28,24,29,2,1,7,1,6,2,"1.59","1.15","1.15","23.6",,,,,
"FC","2024-08-04","89.8","-1.83","5.11","Siri, Jose",642350,681293,"strikeout","swinging_strike",,,,,5,"Jose Siri strikes out swinging.","R","R","R","HOU","TB","S",2,,3,2,2024,"-0.03","0.76",0.1652788217543062,2.7487002082145655,,650490,664040,2,1,"Top",,,,,,,5.061670432012999,-130.73075548166995,-1.488967200315766,-1.435180068225555,27.659470599934657,-23.33747378156004,3.52,1.64,,,,"90.6",2481,"6.7",746356,673237,572138,514888,608324,665161,643289,676801,694175,"53.77",,0,"0",1,0,0,,5,6,"Cutter",0,0,0,0,0,0,0,0,"Standard","Standard",201,"0.048","-0.298","70.9","6.5","1.871588448",,"0.298",,0,0,0.5,0.5,24,28,24,29,1,0,7,1,6,2,"2.06","0.03","0.03","21.0",-4.940260819582989,32.72065752811241,34.25020688243308,40.52878900675742,9.331819935597979
"CU","2024-08-04","81","-1.77","5.18","Siri, Jose",642350,681293,,"ball",,,,,14,,"R","R","R","HOU","TB","B",,,2,2,2024,"1.3","-0.7",1.578466970513279,0.7460410041807792,,650490,664040,2,1,"Top",,,,,,,5.014574258906774,-117.78946792019235,-1.8228411103682243,10.87817532100403,25.77372288772812,-38.46290507191081,3.45229296765604,1.57224173159647,,,,"81",2893,"6.7",746356,673237,572138,514888,608324,665161,643289,676801,694175,"53.82",,,,,,,,5,5,"Curveball",0,0,0,0,0,0,0,0,"Standard","Standard",59,"-0.011","0.093",,,,,"-0.093",,0,0,0.511,0.489,24,28,24,29,1,0,7,1,6,2,"4.22","-1.3","-1.3","21.9",,,,,
"CU","2024-08-04","80.7","-1.97","5.16","Siri, Jose",642350,681293,,"foul",,,,,5,,"R","R","R","HOU","TB","S",,,2,1,2024,"1.24","-0.55",0.1992077637246199,2.8594508913202317,,650490,664040,2,1,"Top",,,,,,,2.4845117465448103,-117.28973128170625,2.73636363692133,10.699777126792878,26.101713931862072,-38.01355367288376,3.52,1.64,198,"85.1",59,"80.6",2956,"6.7",746356,673237,572138,514888,608324,665161,643289,676801,694175,"53.81",,,,,,,,5,4,"Curveball",0,0,0,0,0,0,0,0,"Standard","Standard",70,"0.009","-0.102","66.1","7.5",,,"0.102","88.0",0,0,0.502,0.498,24,28,24,29,1,0,7,1,6,2,"4.11","-1.24","-1.24","21.9",14.114677854696206,6.80462465649398,31.28565528039508,40.44937690745994,20.949746541264865
"FC","2024-08-04","89.7","-1.98","5.1","Siri, Jose",642350,681293,,"ball",,,,,14,,"R","R","R","HOU","TB","B",,,1,1,2024,"0.2","0.98",1.4399504734839885,1.934916643444642,,650490,664040,2,1,"Top",,,,,,,8.095410278392192,-130.3183031411538,-3.869568549246523,0.44310481665353,29.154245466732444,-20.416726749997277,3.31678479432199,1.57221337603151,,,,"90",2503,"6.7",746356,673237,572138,514888,608324,665161,643289,676801,694175,"53.78",,,,,,,,5,3,"Cutter",0,0,0,0,0,0,0,0,"Standard","Standard",204,"-0.005","0.042",,,,,"-0.042",,0,0,0.507,0.493,24,28,24,29,1,0,7,1,6,2,"1.88","-0.2","-0.2","19.8",,,,,
"CU","2024-08-04","80.6","-2.06","4.94","Siri, Jose",642350,681293,,"ball",,,,,13,,"R","R","R","HOU","TB","B",,,0,1,2024,"1.25","-0.49",-0.4690322428554796,0.8084437322773832,,650490,664040,2,1,"Top",,,,,,,1.1572122900909738,-117.3151550100619,-1.4339318971010988,11.074059416210636,27.526666415298873,-36.53529262060303,3.38455732213581,1.57222850808718,,,,"80.2",2846,"6.6",746356,673237,572138,514888,608324,665161,643289,676801,694175,"53.93",,,,,,,,5,2,"Curveball",0,0,0,0,0,0,0,0,"Standard","Standard",70,"-0.004","0.033",,,,,"-0.033",,0,0,0.511,0.489,24,28,24,29,1,0,7,1,6,2,"4.07","-1.25","-1.25","17.0",,,,,
"CU","2024-08-04","80.9","-1.83","5.21","Siri, Jose",642350,681293,,"foul",,,,,14,,"R","R","R","HOU","TB","S",,,0,0,2024,"0.94","-0.66",0.6881103311877962,1.448310171620299,,650490,664040,2,1,"Top",,,,,,,3.8638102071158,-117.83456219554955,-0.4798211715381149,7.9652324433503034,22.905147268583132,-38.43998013661386,3.52,1.64,,,,"81.7",2842,"6.8",746356,673237,572138,514888,608324,665161,643289,676801,694175,"53.7",,,,,,,,5,1,"Curveball",0,0,0,0,0,0,0,0,"Standard","Standard",65,"0.006","-0.048","75.1","8.5",,,"0.048",,0,0,0.505,0.495,24,28,24,29,1,0,7,1,6,2,"4.14","-0.94","-0.94","23.6",24.02954398044511,-12.609838132350895,35.634518405698024,44.27931960914944,39.182956167883724
"ST","2024-08-04","83.7","-2.32","5.67","Siri, Jose",642350,681869,"double","hit_into_play",,,,,6,"Jose Siri doubles (14) on a sharp line drive to left fielder Trey Cabbage.","R","R","R","HOU","TB","X",7,"line_drive",0,1,2024,"1.31","0.39",0.37837786314000676,2.3881008050366885,,,,0,9,"Top",32.21,110.18,,,,,3.6579962498064713,-121.86351824521289,-1.8948242915189755,12.182296295197085,25.47463325634861,-28.1208824334846,3.52,1.64,317,"102.5",22,"83.7",2867,"6.4",746356,673237,572138,514888,608324,665161,663550,676694,694175,"54.09",0.515,0.874037037037037,"1.25",1,1,1,6,63,2,"Sweeper",0,1,1,0,1,0,1,0,"Standard","Standard",66,"-0.049","0.73","76.7","8.4",,1.615,"-0.73","102.5",-1,1,0.167,0.833,28,28,29,29,1,3,5,1,7,2,"2.88","-1.31","-1.31","31.7",15.17648248621137,-16.66786494938967,35.83644184278789,42.14572111217472,40.047025500099785
"FC","2024-08-04","87.7","-2.05","5.83","Siri, Jose",642350,681869,,"called_strike",,,,,9,,"R","R","R","HOU","TB","S",,,0,0,2024,"0.52","0.43",0.7230728567887682,1.816969375572953,,,,0,9,"Top",,,,,,,5.635965998723978,-127.73017833232635,-4.519470248739414,4.688288079584144,24.630999152718694,-26.749044540927567,3.58637907303117,1.70643060395296,,,,"88.1",2752,"6.4",746356,673237,572138,514888,608324,665161,663550,676694,694175,"54.15",,,,,,,,63,1,"Cutter",0,1,1,0,1,0,1,0,"Standard","Standard",156,"0.002","-0.037",,,,,"0.037",,-1,1,0.165,0.835,28,28,29,29,1,3,5,1,7,2,"2.51","-0.52","-0.52","41.6",,,,,
"CH","2024-08-03","86.7","-0.92","6.1","Siri, Jose",642350,669854,"walk","ball",,,,,14,"Jose Siri walks.","R","R","R","HOU","TB","B",,,3,2,2024,"-1.26","0.29",0.5582030632145536,0.6595043468532933,,,,1,4,"Top",,,,,,,6.162434336048785,-125.99977645426685,-7.410842996221338,-14.639390954404814,27.15664727379641,-27.651685035201826,3.30931989209168,1.60640721719702,,,,"87.1",1399,"6.8",746358,673237,572138,514888,608324,665161,643289,676694,694175,"53.73",,0.689131,"0.7",1,0,0,,28,8,"Changeup",1,0,0,1,0,1,0,1,"Standard","Standard",237,"-0.028","0.348",,,,,"-0.348",,1,-1,0.647,0.353,30,28,31,29,2,1,7,1,6,1,"2.76","1.26","1.26","45.2",,,,,
"SL","2024-08-03","86.9","-1.39","6.1","Siri, Jose",642350,669854,,"foul",,,,,8,,"R","R","R","HOU","TB","S",,,3,2,2024,"0.13","0.75",0.18630800968746666,2.0248258112866733,,,,1,4,"Top",,,,,,,3.5291983479742726,-126.4816403616847,-5.170555161044797,0.7162716546987411,24.8947223988085,-23.245591414886142,3.52,1.64,3,"72.3",-35,"87.5",2196,"6.6",746358,673237,572138,514888,608324,665161,643289,676694,694175,"53.94",,,,,,,,28,7,"Slider",1,0,0,1,0,1,0,1,"Standard","Standard",200,"0","0","73.7","8.7",,,"0","88.0",1,-1,0.647,0.353,30,28,31,29,2,1,7,1,6,1,"2.25","-0.13","-0.13","45.7",30.948421471079225,-15.956287807769689,29.982725308546314,40.541405433291544,35.78337655347531
"FF","2024-08-03","93.7","-0.96","6.37","Siri, Jose",642350,669854,,"ball",,,,,11,,"R","R","R","HOU","TB","B",,,2,2,2024,"-0.31","1.61",-1.151407057603598,4.016340876875163,,,,1,4,"Top",,,,,,,0.1878482061578936,-136.42332353699678,-3.8860895107491973,-3.9123321278425043,32.79572387025643,-11.563891032786632,3.45416398149055,1.68697656321701,,,,"94",2291,"6.7",746358,673237,572138,514888,608324,665161,643289,676694,694175,"53.83",,,,,,,,28,6,"4-Seam Fastball",1,0,0,1,0,1,0,1,"Standard","Standard",201,"-0.008","0.108",,,,,"-0.108",,1,-1,0.655,0.345,30,28,31,29,2,1,7,1,6,1,"1.01","0.31","0.31","51.9",,,,,
"CU","2024-08-03","82","-1.25","6.15","Siri, Jose",642350,669854,,"ball",,,,,12,,"R","R","R","HOU","TB","B",,,1,2,2024,"0.96","0.48",0.44706379490377035,4.28623014471192,,,,1,4,"Top",,,,,,,1.9859577608115129,-119.32637241000207,1.4538521693666349,8.688659840860058,24.95020614561317,-28.12745285597061,3.28774800886541,1.64962539220475,,,,"81.8",2472,"6.3",746358,673237,572138,514888,608324,665161,643289,676694,694175,"54.17",,,,,,,,28,5,"Curveball",1,0,0,1,0,1,0,1,"Standard","Standard",40,"-0.003","0.043",,,,,"-0.043",,1,-1,0.658,0.34199999999999997,30,28,31,29,2,1,7,1,6,1,"2.93","-0.96","-0.96","44.6",,,,,
"SL","2024-08-03","86.5","-0.96","6.26","Siri, Jose",642350,669854,,"foul",,,,,6,,"R","R","R","HOU","TB","S",,,1,2,2024,"0.15","0.57",0.7055276934944723,2.6289552544372494,,,,1,4,"Top",,,,,,,3.6970908050990117,-125.95322535849517,-3.667403928001189,0.8458147446741361,24.073710716943758,-25.594727688116826,3.52,1.64,262,"87.9",49,"87.2",2139,"6.5",746358,673237,572138,514888,608324,665161,643289,676694,694175,"53.96",,,,,,,,28,4,"Slider",1,0,0,1,0,1,0,1,"Standard","Standard",175,"0","0","61.7","7.5",,,"0","88.0",1,-1,0.658,0.34199999999999997,30,28,31,29,2,1,7,1,6,1,"2.46","-0.15","-0.15","50.9",-5.545701737098573,7.983119784141781,24.828807223075184,47.15307621587335,16.791094817688524
"SL","2024-08-03","85.3","-1.17","6.19","Siri, Jose",642350,669854,,"foul",,,,,3,,"R","R","R","HOU","TB","S",,,1,1,2024,"0.14","0.47",0.5875068543151071,3.1132275357796786,,,,1,4,"Top",,,,,,,3.8474156380944557,-124.1974626071905,-1.9282797335186639,0.7532615118041593,23.705228936853846,-27.10461610040965,3.52,1.64,159,"72.9",67,"85.7",2081,"6.4",746358,673237,572138,514888,608324,665161,643289,676694,694175,"54.09",,,,,,,,28,3,"Slider",1,0,0,1,0,1,0,1,"Standard","Standard",188,"0.005","-0.061","76.5","7.5",,,"0.061","88.0",1,-1,0.653,0.347,30,28,31,29,2,1,7,1,6,1,"2.64","-0.14","-0.14","45.6",6.479175179750926,9.450307296393863,23.081773175292803,45.09376749953512,24.05344871423256
"SL","2024-08-03","85.7","-1.18","6.24","Siri, Jose",642350,669854,,"ball",,,,,12,,"R","R","R","HOU","TB","B",,,0,1,2024,"0.5","0.64",0.9858396204294222,2.91487116738355,,,,1,4,"Top",,,,,,,4.118859925110657,-124.82035887197378,-2.8920044938949436,4.394316257162587,25.70936306610562,-25.07569834972091,3.38236249091221,1.64687989572541,,,,"85.9",2204,"6.4",746358,673237,572138,514888,608324,665161,643289,676694,694175,"54.08",,,,,,,,28,2,"Slider",1,0,0,1,0,1,0,1,"Standard","Standard",187,"-0.002","0.024",,,,,"-0.024",,1,-1,0.655,0.345,30,28,31,29,2,1,7,1,6,1,"2.46","-0.5","-0.5","45.2",,,,,
"FF","2024-08-03","93.3","-0.8","6.38","Siri, Jose",642350,669854,,"called_strike",,,,,1,,"R","R","R","HOU","TB","S",,,0,0,2024,"-0.51","1.55",-0.7245367684166455,3.4439157115597734,,,,1,4,"Top",,,,,,,1.3362072080729985,-135.73743955225643,-5.188060277043924,-6.614439956414734,32.246722731828356,-12.082900739359033,3.52000009477225,1.54495367984661,,,,"93.6",2220,"6.7",746358,673237,572138,514888,608324,665161,643289,676694,694175,"53.83",,,,,,,,28,1,"4-Seam Fastball",1,0,0,1,0,1,0,1,"Standard","Standard",201,"0.003","-0.037",,,,,"0.037",,1,-1,0.652,0.348,30,28,31,29,2,1,7,1,6,1,"1.08","0.51","0.51","51.2",,,,,
"SL","2024-08-03","85","-1.02","6.27","Siri, Jose",642350,669854,"single","hit_into_play",,,,,6,"Jose Siri singles on a ground ball to shortstop Jeremy Peña.","R","R","R","HOU","TB","X",6,"ground_ball",1,1,2024,"0.31","0.53",0.28387997726899006,2.669327283250887,,,,2,2,"Top",117.04,146,,,,,2.4474720512134605,-123.74242016625396,-3.2088633440812226,2.672523277080811,24.29890565018299,-26.27099262726123,3.52,1.64,54,"100.6",1,"85.4",2041,"6.5",746358,673237,572138,514888,608324,665161,643289,676694,694175,"53.98",0.479,0.436,"0.9",1,1,0,4,11,3,"Slider",0,0,0,0,0,0,0,0,"Standard","Standard",177,"-0.013","0.344",,,,0.545,"-0.344","100.6",0,0,0.541,0.45899999999999996,30,28,31,29,1,0,7,1,6,1,"2.62","-0.31","-0.31","46.5",,,,,
"SL","2024-08-03","85","-0.96","6.3","Siri, Jose",642350,669854,,"foul",,,,,6,,"R","R","R","HOU","TB","S",,,1,0,2024,"0.17","0.48",0.45722888937425843,2.633696626128601,,,,2,2,"Top",,,,,,,2.991568341204969,-123.82868684733447,-3.276554282056053,1.1777269412482008,24.209839871104013,-26.83400592825176,3.52,1.64,147,"81.7",70,"85.6",2133,"6.6",746358,673237,572138,514888,608324,665161,643289,676694,694175,"53.91",,,,,,,,11,2,"Slider",0,0,0,0,0,0,0,0,"Standard","Standard",183,"0.002","-0.051","73.2","8.1",,,"0.051","88.0",0,0,0.539,0.46099999999999997,30,28,31,29,1,0,7,1,6,1,"2.67","-0.17","-0.17","48.3",10.127108002059021,-0.5831425745268235,29.986565164844997,44.318032537036366,23.83385280084054
"CU","2024-08-03","80.3","-1.06","6.32","Siri, Jose",642350,669854,,"ball",,,,,14,,"R","R","R","HOU","TB","B",,,0,0,2024,"0.91","-0.38",0.08751502977589265,0.14945015850942722,,,,2,2,"Top",,,,,,,0.8203895631556624,-116.83467198124198,-6.251418845444743,8.1998500829619,22.776681505943,-34.63692471384631,3.48469191234331,1.65896248359179,,,,"80.6",2251,"6.6",746358,673237,572138,514888,608324,665161,643289,676694,694175,"53.92",,,,,,,,11,1,"Curveball",0,0,0,0,0,0,0,0,"Standard","Standard",26,"-0.001","0.04",,,,,"-0.04",,0,0,0.54,0.45999999999999996,30,28,31,29,1,0,7,1,6,1,"3.92","-0.91","-0.91","48.3",,,,,
"FF","2024-08-03","98.9","-2.5","5.94","Siri, Jose",642350,672391,"strikeout","swinging_strike",,,,,12,"Jose Siri strikes out swinging.","R","R","R","HOU","TB","S",2,,1,2,2024,"-0.23","1.69",0.8482795237681227,3.143531403248291,,,666163,0,6,"Top",,,,,,,9.668052962625497,-143.4739735707612,-6.053653118735368,-5.665330022344782,37.01090745536642,-7.628774116332845,3.52,1.64,,,,"98.4",2470,"6.4",746358,673237,572138,514888,608324,665161,643289,676694,694175,"54.06",,0,"0",1,0,0,,43,5,"4-Seam Fastball",1,2,2,1,2,1,2,1,"Standard","Standard",198,"0.025","-0.184","62.0","6.7","5.392783728",,"0.184",,-1,1,0.313,0.687,32,28,32,29,1,2,5,1,6,1,"0.68","0.23","0.23","46.8",-3.4346401144385466,39.899071398480906,25.087506712972317,54.23108540830223,-5.198963187111946
"SV","2024-08-03","80.9","1.97","5.85","Siri, Jose",642350,657571,"field_out","hit_into_play",,,,,7,"Jose Siri grounds out, shortstop Jeremy Peña to first baseman Jon Singleton.","R","R","L","HOU","TB","X",6,"ground_ball",0,1,2024,"-0.85","-0.92",-0.4826303739938932,1.7686965520624462,,,,1,8,"Top",107.41,146,,,,,-3.848770794928395,-117.81508470878562,-0.6822825334640594,-7.100034158230572,23.780902431887117,-40.75676261638618,3.52,1.64,52,"102.6",1,"80.7",3044,"6.2",746358,673237,572138,514888,608324,665161,643289,676694,694175,"54.27",0.489,0.441,"0",1,0,0,4,59,2,"Slurve",1,4,4,1,4,1,4,1,"Standard","Standard",328,"0.005","-0.219","77.0","7.8",,0.512,"0.219","102.6",-3,3,0.079,0.921,27,28,28,29,1,3,6,1,2,1,"4.41","-0.85","0.85","43.7",14.003258334882162,5.032850201898341,42.08070476091756,35.63580323985208,26.581822440445986
"FF","2024-08-03","98.3","-2.49","5.94","Siri, Jose",642350,672391,,"ball",,,,,12,,"R","R","R","HOU","TB","B",,,0,2,2024,"-0.2","1.76",1.66892825297516,2.578984360074821,,,666163,0,6,"Top",,,,,,,11.742138114077678,-142.46698143048746,-7.665058407911527,-5.674189401675742,35.882473658866516,-6.5725549841855235,3.34532759637101,1.6295487323565,,,,"98",2420,"6.5",746358,673237,572138,514888,608324,665161,643289,676694,694175,"53.95",,,,,,,,43,4,"4-Seam Fastball",1,2,2,1,2,1,2,1,"Standard","Standard",193,"-0.003","0.033",,,,,"-0.033",,-1,1,0.316,0.6839999999999999,32,28,32,29,1,2,5,1,6,1,"0.64","0.2","0.2","46.2",,,,,
"FC","2024-08-03","89.2","2.14","5.69","Siri, Jose",642350,657571,,"called_strike",,,,,4,,"R","R","L","HOU","TB","S",,,0,0,2024,"-0.24","0.69",-0.540173282011288,3.044106975633613,,,,1,8,"Top",,,,,,,-6.09460045505351,-129.89662728398727,-1.9842881216464607,-1.5791699982128813,25.057531093753138,-24.165578451980252,3.71212999009813,1.78540409265687,,,,"89.6",2690,"6.3",746358,673237,572138,514888,608324,665161,643289,676694,694175,"54.19",,,,,,,,59,1,"Cutter",1,4,4,1,4,1,4,1,"Standard","Standard",164,"0.001","-0.037",,,,,"0.037",,-3,3,0.078,0.922,27,28,28,29,1,3,6,1,2,1,"2.16","-0.24","0.24","40.2",,,,,
"ST","2024-08-03","84.6","-2.81","5.93","Siri, Jose",642350,672391,,"foul",,,,,2,,"R","R","R","HOU","TB","S",,,0,2,2024,"0.99","-0.4",0.2658875885751999,3.3607504164800686,,,666163,0,6,"Top",,,,,,,5.186871407853397,-123.08807152054463,1.22171286327861,8.916830956949031,26.175081725559895,-36.762352980714375,3.52,1.64,11,"68.9",-16,"84.3",2500,"6.3",746358,673237,572138,514888,608324,665161,643289,676694,694175,"54.24",,,,,,,,43,3,"Sweeper",1,2,2,1,2,1,2,1,"Standard","Standard",60,"0","0","70.9","8.1",,,"0","88.0",-1,1,0.316,0.6839999999999999,32,28,32,29,1,2,5,1,6,1,"3.61","-0.99","-0.99","46.4",21.552168439663365,-17.01634849579369,21.60936924354519,44.271582130221304,38.993501389269845
"ST","2024-08-03","84.5","-2.76","5.91","Siri, Jose",642350,672391,,"foul",,,,,5,,"R","R","R","HOU","TB","S",,,0,1,2024,"0.94","-0.53",-0.12197215495772518,2.309833849994848,,,666163,0,6,"Top",,,,,,,4.279072204725282,-122.92540672041412,-0.8801194092581301,8.457889698394396,27.87879392743508,-37.49196064207221,3.52,1.64,3,"69",-44,"84.2",2489,"6.4",746358,673237,572138,514888,608324,665161,643289,676694,694175,"54.09",,,,,,,,43,2,"Sweeper",1,2,2,1,2,1,2,1,"Standard","Standard",52,"0.009","-0.048","64.7","8.3",,,"0.048","88.0",-1,1,0.307,0.6930000000000001,32,28,32,29,1,2,5,1,6,1,"3.76","-0.94","-0.94","48.1",32.18140657624484,-19.170365329082927,23.86377017828944,37.89797124975171,38.78622448827609
"FF","2024-08-03","98","-2.63","5.93","Siri, Jose",642350,672391,,"called_strike",,,,,8,,"R","R","R","HOU","TB","S",,,0,0,2024,"-0.54","1.58",0.18421147480792643,2.1667128917847474,,,666163,0,6,"Top",,,,,,,8.843602371924371,-142.12923849446054,-8.282664202589556,-9.400063911856858,35.088931313308336,-9.013280062093823,3.59446268027121,1.67449077636162,,,,"97.7",2553,"6.5",746358,673237,572138,514888,608324,665161,643289,676694,694175,"54.02",,,,,,,,43,1,"4-Seam Fastball",1,2,2,1,2,1,2,1,"Infield shade","Standard",196,"0.005","-0.042",,,,,"0.042",,-1,1,0.302,0.698,32,28,32,29,1,2,5,1,6,1,"0.83","0.54","0.54","45.5",,,,,
"SL","2024-08-02","89.3","2.6","5.33","Siri, Jose",642350,579328,"strikeout","swinging_strike_blocked",,,,,13,"Jose Siri strikes out swinging.","R","R","L","HOU","TB","S",2,,1,2,2024,"-0.37","0.22",-0.661540738518706,0.5422844952572108,,,,0,5,"Top",,,,,,,-7.3364605762217865,-129.765599632857,-6.256017439963225,-2.4907149266564814,29.30176428953106,-28.456663575841844,3.55,1.66,,,,"90.2",2469,"7.1",746354,605170,572138,514888,608324,665161,670541,676694,643289,"53.42",,0,"0",1,0,0,,34,4,"Slider",2,2,2,2,2,2,2,2,"Standard","Standard",213,"0.021","-0.186","39.0","7.4","6.186385896",,"0.186",,0,0,0.509,0.491,33,28,33,29,2,1,7,3,5,1,"2.66","-0.37","0.37","38.3",0.40043583280702866,17.395512109653694,42.997493133933496,29.64463479202336,12.234098544202514
"CH","2024-08-02","86.3","2.45","5.43","Siri, Jose",642350,579328,,"swinging_strike",,,,,14,,"R","R","L","HOU","TB","S",,,1,1,2024,"1.08","0.62",0.15341518370463714,1.4229776575468112,,,,0,5,"Top",,,,,,,-7.815927908761346,-125.35936314259743,-4.622088017446489,12.965037199345991,25.06689640265588,-24.93264524715297,3.55,1.66,,,,"87.8",1893,"7.3",746354,605170,572138,514888,608324,665161,670541,676694,643289,"53.17",,,,,,,,34,3,"Changeup",2,2,2,2,2,2,2,2,"Standard","Standard",144,"0.008","-0.056","74.4","9.0","8.323877772",,"0.056",,0,0,0.501,0.499,33,28,33,29,2,1,7,3,5,1,"2.45","1.08","-1.08","44.3",31.42498556773487,-37.74662246588756,32.85387172557721,41.591348705448226,52.73335514069706
"CH","2024-08-02","85.8","2.38","5.54","Siri, Jose",642350,579328,,"ball",,,,,12,,"R","R","L","HOU","TB","B",,,0,1,2024,"1.26","0.92",1.0828318890989284,2.4491717598665392,,,,0,5,"Top",,,,,,,-5.712420392465677,-124.88004307093294,-2.928459983281205,14.299425263068741,26.119049574755987,-22.200844521953133,3.33126996734718,1.50138031211619,,,,"87.1",1801,"7.2",746354,605170,572138,514888,608324,665161,670541,676694,643289,"53.33",,,,,,,,34,2,"Changeup",2,2,2,2,2,2,2,2,"Standard","Standard",140,"-0.003","0.025",,,,,"-0.025",,0,0,0.504,0.496,33,28,33,29,2,1,7,3,5,1,"2.19","1.26","-1.26","44.1",,,,,
"FF","2024-08-02","95","2.77","5.35","Siri, Jose",642350,579328,,"swinging_strike",,,,,5,,"R","R","L","HOU","TB","S",,,0,0,2024,"1","1.37",0.1908161006627993,2.91041111066082,,,,0,5,"Top",,,,,,,-9.098948822909929,-138.01017926544773,-3.7818347131181986,14.871141483110694,33.17064013547967,-14.073403540951066,3.55,1.66,,,,"95.8",2431,"7",746354,605170,572138,514888,608324,665161,670541,676694,643289,"53.46",,,,,,,,34,1,"4-Seam Fastball",2,2,2,2,2,2,2,2,"Standard","Standard",141,"0.004","-0.037","73.6","7.6","1.06797612",,"0.037",,0,0,0.5,0.5,33,28,33,29,2,1,7,3,5,1,"1.18","1","-1","37.7",11.936091097443335,9.087222955627658,31.17248404727068,40.59359674777608,17.98577431433727
"SL","2024-08-02","85.5","2.34","5.68","Siri, Jose",642350,579328,"single","hit_into_play",,,,,8,"Jose Siri singles on a sharp line drive to left fielder Yordan Alvarez.","R","R","L","HOU","TB","X",7,"line_drive",0,0,2024,"-0.24","0.13",0.15695564520411515,2.157782187394885,,,,0,2,"Top",87.15,94.1,,,,,-4.7654969038168895,-124.45976685114344,-2.2993147695149947,-1.4433527583240189,26.278293174773758,-30.5222549360378,3.55,1.66,279,"105.1",17,"87",2529,"7.3",746354,605170,572138,514888,608324,665161,670541,676694,643289,"53.15",0.532,0.638,"0.9",1,1,0,5,10,1,"Slider",0,2,2,0,2,0,2,0,"Standard","Standard",295,"-0.027","0.448","71.4","8.6",,0.996,"-0.448","105.1",-2,2,0.302,0.698,33,28,33,29,1,0,7,3,5,1,"2.99","-0.24","0.24","50.7",12.025647714454305,-6.04954240779126,31.570851589016996,41.83165270763832,29.02334531403307
"SL","2024-08-02","87.6","-2.76","5.66","Siri, Jose",642350,650556,"strikeout","swinging_strike",,,,,14,"Jose Siri strikes out swinging.","R","R","R","HOU","TB","S",2,,2,2,2024,"0.54","-0.32",1.2660630189543256,1.8024144792522296,,,,0,7,"Top",,,,,,,8.653334120005585,-127.2063686371275,-2.4277339740756583,3.764949973613897,29.505644191460576,-35.29784828781412,3.55,1.66,,,,"87.6",2867,"6.7",746354,605170,572138,514888,608324,665161,670541,676694,643289,"53.8",,0,"0",1,0,0,,52,6,"Slider",2,2,2,2,2,2,2,2,"Standard","Standard",59,"0.033","-0.227","57.4","9.2","9.064928388",,"0.227",,0,0,0.506,0.494,27,28,27,29,1,2,2,3,3,1,"3.34","-0.54","-0.54","38.5",31.25117051131573,-44.13626939495509,26.735711953429057,51.92855273550154,50.4225492480927
"SL","2024-08-02","85.1","-2.66","5.95","Siri, Jose",642350,650556,,"foul",,,,,6,,"R","R","R","HOU","TB","S",,,2,2,2024,"1.11","-0.37",0.8105770375348882,2.7023678146372947,,,,0,7,"Top",,,,,,,5.9301139093020305,-123.71322005760463,-0.467978427020839,9.865010684942359,28.43463266241123,-36.035791694906756,3.55,1.66,140,"70.9",21,"84.6",2966,"6.4",746354,605170,572138,514888,608324,665161,670541,676694,643289,"54.11",,,,,,,,52,5,"Slider",2,2,2,2,2,2,2,2,"Standard","Standard",51,"0","0","68.3","7.5",,,"0","88.0",0,0,0.506,0.494,27,28,27,29,1,2,2,3,3,1,"3.56","-1.11","-1.11","49.4",-0.28968389513488696,13.415194055520196,28.278609104575953,50.4722718166278,12.992297149464717
"SL","2024-08-02","86.6","-2.52","5.94","Siri, Jose",642350,650556,,"ball",,,,,14,,"R","R","R","HOU","TB","B",,,1,2,2024,"0.79","-0.44",1.4496188340733562,2.0817267492502234,,,,0,7,"Top",,,,,,,7.868152821294941,-125.80933992447655,-2.022994805227821,6.5644692098286175,28.499809480886274,-36.53352823845275,3.33111101751981,1.46946407658049,,,,"86.4",2970,"6.5",746354,605170,572138,514888,608324,665161,670541,676694,643289,"53.98",,,,,,,,52,4,"Slider",2,2,2,2,2,2,2,2,"Standard","Standard",50,"-0.006","0.04",,,,,"-0.04",,0,0,0.512,0.488,27,28,27,29,1,2,2,3,3,1,"3.51","-0.79","-0.79","45.6",,,,,
"SL","2024-08-02","86.6","-2.79","5.73","Siri, Jose",642350,650556,,"swinging_strike",,,,,6,,"R","R","R","HOU","TB","S",,,1,1,2024,"0.65","-0.07",0.38208740448111117,2.9315677668731523,,,,0,7,"Top",,,,,,,6.274938756627836,-125.96564562563876,-0.25342240928771864,5.461520606406549,27.83439120832686,-33.13523668924535,3.55,1.66,,,,"86.6",2794,"6.5",746354,605170,572138,514888,608324,665161,670541,676694,643289,"53.99",,,,,,,,52,3,"Slider",2,2,2,2,2,2,2,2,"Standard","Standard",72,"0.01","-0.056","55.7","6.1","2.492966976",,"0.056",,0,0,0.502,0.498,27,28,27,29,1,2,2,3,3,1,"3.14","-0.65","-0.65","37.1",-8.148525964517042,46.21613088358538,31.712373563303174,44.28971534164095,0.3302673560005873
"SL","2024-08-02","84.3","3.49","5.62","Siri, Jose",642350,623352,"field_out","hit_into_play",,,,,5,"Jose Siri flies out to shortstop Jeremy Peña.","R","R","L","HOU","TB","X",6,"fly_ball",1,0,2024,"-0.03","-0.03",0.25069925290403045,2.657321112788924,,,,0,9,"Top",115.35,117.2,,,,,-7.443892731047713,-122.53222560822597,-0.3667458481006194,1.3179309384025413,27.223180756220632,-32.64836250983387,3.55,1.66,209,"98",58,"83.8",2528,"6.3",746354,605170,643289,514888,608324,665161,670541,676694,676801,"54.22",0.011,0.013,"0",1,0,0,3,69,2,"Slider",3,2,2,3,2,3,2,3,"Standard","Standard",309,"0.085","-0.292","74.2","8.0",,0.02,"0.292","98.0",1,-1,0.823,0.17700000000000005,30,28,30,29,1,3,2,3,3,1,"3.28","-0.03","0.03","30.3",22.33211843109408,-6.822080660001151,33.09325705998066,41.143122107680476,35.926379438593614
"FF","2024-08-02","96","-2.62","5.59","Siri, Jose",642350,650556,,"called_strike",,,,,1,,"R","R","R","HOU","TB","S",,,1,0,2024,"-0.75","1.35",-0.6166138218139515,3.4566261045044335,,,,0,7,"Top",,,,,,,7.007298252088173,-139.57505295608425,-3.0764579482646757,-11.460447851995388,33.72394183495024,-14.04223121665102,3.45496463960358,1.62576996964751,,,,"95.8",2418,"6.4",746354,605170,572138,514888,608324,665161,670541,676694,643289,"54.08",,,,,,,,52,2,"4-Seam Fastball",2,2,2,2,2,2,2,2,"Standard","Standard",215,"0.008","-0.049",,,,,"0.049",,0,0,0.494,0.506,27,28,27,29,1,2,2,3,3,1,"1.14","0.75","0.75","36.9",,,,,
"SL","2024-08-02","83.1","3.42","5.61","Siri, Jose",642350,623352,,"ball",,,,,13,,"R","R","L","HOU","TB","B",,,0,0,2024,"-0.07","0.09",-1.0187259738754917,0.24997240275072174,,,,0,9,"Top",,,,,,,-10.04569283201504,-120.54706656832303,-5.939362587508111,1.3359331864155097,23.688438872275217,-30.313916014538954,3.17480688913234,1.53272134417509,,,,"83",2538,"6.4",746354,605170,643289,514888,608324,665161,670541,676694,676801,"54.07",,,,,,,,69,1,"Slider",3,2,2,3,2,3,2,3,"Standard","Standard",357,"-0.012","0.038",,,,,"-0.038",,1,-1,0.835,0.16500000000000004,30,28,30,29,1,3,2,3,3,1,"3.24","-0.07","0.07","29.9",,,,,
"SL","2024-08-02","85","-2.85","5.84","Siri, Jose",642350,650556,,"ball",,,,,11,,"R","R","R","HOU","TB","B",,,0,0,2024,"0.63","-0.29",-0.9734181489001856,3.7065843616395933,,,,0,7,"Top",,,,,,,3.143143132255927,-123.69593280998102,1.9260574650615283,5.825428175961202,25.823302376814127,-35.756757777586294,3.36234442056212,1.50109656762472,,,,"85",2753,"6.4",746354,605170,572138,514888,608324,665161,670541,676694,643289,"54.09",,,,,,,,52,1,"Slider",2,2,2,2,2,2,2,2,"Standard","Standard",73,"-0.006","0.038",,,,,"-0.038",,0,0,0.5,0.5,27,28,27,29,1,2,2,3,3,1,"3.46","-0.63","-0.63","43.3",,,,,
"CU","2024-07-30","86.8","-1.25","6.13","Siri, Jose",642350,665795,"strikeout","swinging_strike",,,,,14,"Jose Siri strikes out swinging.","R","R","R","TB","MIA","S",2,,2,2,2024,"0.3","-0.63",0.10973392594653977,0.6607407613797669,676609,680700,,2,4,"Bot",,,,,,,2.6506700285984284,-126.27138126761811,-5.584826165228044,2.6275990383482397,28.278933568046828,-37.83581418696218,3.55,1.66,,,,"87.2",2452,"6.8",745060,663743,669394,672640,681146,669364,624503,660644,660821,"53.69",,0,"0",1,0,0,,35,6,"Curveball",1,2,1,2,2,1,1,2,"Infield shade","Standard",35,"-0.066","-0.227",,,,,"0.227",,-1,-1,0.428,0.428,26,28,26,29,2,1,6,3,5,3,"3.68","-0.3","-0.3","43.0",,,,,
"CH","2024-07-30","95.1","-1.37","6.16","Siri, Jose",642350,665795,,"foul",,,,,13,,"R","R","R","TB","MIA","S",,,2,2,2024,"-1.48","0.38",-1.0992605776628488,2.3826109644944964,676609,680700,,2,4,"Bot",,,,,,,4.075168603455405,-138.27751320309963,-5.083682524937718,-19.894364161798883,34.196362251177426,-26.297214901388095,3.55,1.66,4,"83.5",-31,"95.5",1555,"6.8",745060,663743,669394,672640,681146,669364,624503,660644,660821,"53.69",,,,,,,,35,5,"Changeup",1,2,1,2,2,1,1,2,"Infield shade","Standard",219,"0","0","74.3","8.3",,,"0","88.0",-1,-1,0.428,0.428,26,28,26,29,2,1,6,3,5,3,"2.17","1.48","1.48","43.7",24.025268907203063,-21.142923303458222,30.66179602411332,25.19626572769583,34.29314195375028
"FF","2024-07-30","96.9","-1.06","6.27","Siri, Jose",642350,665795,,"ball",,,,,11,,"R","R","R","TB","MIA","B",,,1,2,2024,"-0.58","1.37",-1.3570230798301264,5.607639048540483,676609,680700,,2,4,"Bot",,,,,,,0.5471642863820299,-141.0251421355609,0.7195970028529406,-7.80937164841301,36.45972791240132,-14.45108701715664,3.41095118425191,1.6072466033499,,,,"96.9",2142,"6.6",745060,663743,669394,672640,681146,669364,624503,660644,660821,"53.91",,,,,,,,35,4,"4-Seam Fastball",1,2,1,2,2,1,1,2,"Infield shade","Standard",212,"0.011","0.028",,,,,"-0.028",,-1,-1,0.417,0.417,26,28,26,29,2,1,6,3,5,3,"1.08","0.58","0.58","39.2",,,,,
"CH","2024-07-30","95.5","-1.09","6.07","Siri, Jose",642350,665795,,"blocked_ball",,,,,13,,"R","R","R","TB","MIA","B",,,0,2,2024,"-1.54","0.49",-0.3807206795237186,0.059414206705491246,676609,680700,,2,4,"Bot",,,,,,,5.3865180207039165,-138.5759084267716,-11.338466879847019,-20.993494828207073,33.73550622928294,-23.36568321656565,3.51768117311666,1.64111450941758,,,,"96.1",1636,"7",745060,663743,669394,672640,681146,669364,624503,660644,660821,"53.49",,,,,,,,35,3,"Changeup",1,2,1,2,2,1,1,2,"Standard","Standard",226,"0.008","0.024",,,,,"-0.024",,-1,-1,0.409,0.409,26,28,26,29,2,1,6,3,5,3,"2.04","1.54","1.54","47.8",,,,,
"CU","2024-07-30","86","-1.04","6.22","Siri, Jose",642350,665795,,"foul",,,,,8,,"R","R","R","TB","MIA","S",,,0,1,2024,"0.73","-0.5",0.15580532747701192,1.964855226662399,676609,680700,,2,4,"Bot",,,,,,,1.3498594165519187,-125.25412835835874,-2.7768521918462596,7.323651980395266,28.285695257829584,-36.95602250843604,3.55,1.66,190,"69.8",25,"86.3",2463,"6.7",745060,663743,669394,672640,681146,669364,624503,660644,660821,"53.8",,,,,,,,35,2,"Curveball",1,2,1,2,2,1,1,2,"Infield shade","Standard",40,"-0.019","-0.059","73.5","7.8",,,"0.059","88.0",-1,-1,0.428,0.428,26,28,26,29,2,1,6,3,5,3,"3.6","-0.73","-0.73","45.7",11.016205964599369,7.477656132506575,37.163223735791,39.14529718156024,21.470096707313928
"CU","2024-07-30","85.5","-1.23","6.15","Siri, Jose",642350,665795,,"called_strike",,,,,6,,"R","R","R","TB","MIA","S",,,0,0,2024,"0.76","-0.52",0.2840446429208505,2.5630547909093035,,676609,680700,2,4,"Bot",,,,,,,2.0526758658496345,-124.45986559384174,-1.0554085552253962,7.345392893569886,27.563642538557332,-37.52821918196423,3.33395297678546,1.57111041626604,,,,"86.1",2475,"6.9",745060,663743,669394,672640,681146,669364,624503,660644,660821,"53.6",,,,,,,,35,1,"Curveball",1,2,1,2,2,1,1,2,"Infield shade","Standard",41,"0.007","-0.048",,,,,"0.048",,-1,-1,0.421,0.421,26,28,26,29,2,1,6,3,5,3,"3.66","-0.76","-0.76","45.3",,,,,
"CH","2024-07-30","95","-1.24","6.2","Siri, Jose",642350,665795,"hit_by_pitch","hit_by_pitch",,,,,11,"Jose Siri hit by pitch.","R","R","R","TB","MIA","B",,,1,2,2024,"-1.59","0.33",-1.67824255840962,3.7456118640152067,,,,0,3,"Bot",,,,,,,2.434116480303407,-138.22389242608008,-1.4286453633246725,-20.758999856325648,35.276602014731125,-27.899930090446844,3.55,1.66,,,,"95.1",1825,"6.7",745060,663743,669394,672640,681146,669364,624503,660644,660821,"53.82",,0.720192,"0.7",1,0,0,,20,4,"Changeup",0,2,0,2,2,0,0,2,"Infield shade","Standard",226,"0.052","0.519",,,,,"-0.519",,-2,-2,0.32,0.32,26,28,26,29,1,0,6,3,5,3,"2.23","1.59","1.59","42.4",,,,,
"SL","2024-07-30","88.7","-1.74","5.22","Siri, Jose",642350,686539,"strikeout","called_strike",,,,,8,"Jose Siri called out on strikes.","R","R","R","TB","MIA","S",2,,1,2,2024,"0.6","-0.48",-0.17903065060491435,1.6515273223663898,666624,666139,680700,1,6,"Bot",,,,,,,2.5362439698365353,-129.2284645908081,-1.6592173446839735,6.166745621462167,27.932668806436368,-37.35843643346095,3.36912633927116,1.60586062103724,,,,"87.7",2977,"5.6",745060,663743,669394,672640,681146,669364,624503,660644,660821,"54.85",,0,"0",1,0,0,,51,4,"Slider",2,3,2,3,3,2,2,3,"Standard","Standard",46,"-0.089","-0.18",,,,,"0.18",,-1,-1,0.528,0.528,26,28,27,29,1,2,5,3,4,3,"3.37","-0.6","-0.6","23.5",,,,,
"CU","2024-07-30","85.9","-1.33","6.18","Siri, Jose",642350,665795,,"ball",,,,,14,,"R","R","R","TB","MIA","B",,,0,2,2024,"0.66","-0.7",1.6368170143566085,-0.7031778218284916,,,,0,3,"Bot",,,,,,,5.726845590556461,-124.66519732332367,-8.575387700527774,5.498196875478904,28.149790936831277,-37.691492195091904,3.29722227033932,1.60500035143684,,,,"86.1",2586,"6.9",745060,663743,669394,672640,681146,669364,624503,660644,660821,"53.64",,,,,,,,20,3,"Curveball",0,2,0,2,2,0,0,2,"Infield shade","Standard",36,"0.003","0.023",,,,,"-0.023",,-2,-2,0.317,0.317,26,28,26,29,1,0,6,3,5,3,"3.84","-0.66","-0.66","42.7",,,,,
"SL","2024-07-30","90.1","-1.79","5.19","Siri, Jose",642350,686539,,"ball",,,,,14,,"R","R","R","TB","MIA","B",,,0,2,2024,"0.02","-0.1",1.7795735025388053,2.0066465973071566,666624,666139,680700,1,6,"Bot",,,,,,,8.702528406543008,-130.86779605863467,-1.656397399065255,-1.7683851474978143,30.172170445787405,-33.17281345409526,3.31807174026629,1.55438802865817,,,,"88.5",2984,"5.6",745060,663743,669394,672640,681146,669364,624503,660644,660821,"54.87",,,,,,,,51,3,"Slider",2,3,2,3,3,2,2,3,"Standard","Standard",31,"0.013","0.02",,,,,"-0.02",,-1,-1,0.515,0.515,26,28,27,29,1,2,5,3,4,3,"2.94","-0.02","-0.02","30.2",,,,,
"FF","2024-07-30","97.2","-1.34","6.29","Siri, Jose",642350,665795,,"swinging_strike",,,,,12,,"R","R","R","TB","MIA","S",,,0,1,2024,"-0.68","1.2",0.8276153868596382,3.6782205377541723,,,,0,3,"Bot",,,,,,,7.3733502388417005,-141.34331593037683,-4.185696690350835,-10.882772771313647,33.39636535413669,-15.365349192925722,3.55,1.66,,,,"97.1",2076,"6.4",745060,663743,669394,672640,681146,669364,624503,660644,660821,"54.13",,,,,,,,20,2,"4-Seam Fastball",0,2,0,2,2,0,0,2,"Standard","Standard",211,"-0.007","-0.054","66.9","6.7","4.240556892",,"0.054",,-2,-2,0.324,0.324,26,28,26,29,1,0,6,3,5,3,"1.23","0.68","0.68","39.3",1.4879521536661444,29.33285899656111,26.892793075116153,46.90070354288225,7.754095839418223
"CH","2024-07-30","92.6","-1.48","6.17","Siri, Jose",642350,665795,,"swinging_strike",,,,,13,,"R","R","R","TB","MIA","S",,,0,0,2024,"-1.58","0.49",-1.0607541052293827,1.8115090509301928,,,,0,3,"Bot",,,,,,,4.552722190469173,-134.69220497745178,-6.383636252621054,-20.220023723834096,31.336453310993065,-24.98586158950166,3.55,1.66,,,,"92.7",1659,"6.6",745060,663743,669394,672640,681146,669364,624503,660644,660821,"53.94",,,,,,,,20,1,"Changeup",0,2,0,2,2,0,0,2,"Standard","Standard",225,"-0.004","-0.037","78.0","8.8","0.777845808",,"0.037",,-2,-2,0.328,0.328,26,28,26,29,1,0,6,3,5,3,"2.19","1.58","1.58","44.2",28.05291908599202,-38.52667025858273,34.41368107799999,24.262198487371148,47.64058867430539
"SL","2024-07-30","87.7","-1.82","5.3","Siri, Jose",642350,686539,,"swinging_strike",,,,,14,,"R","R","R","TB","MIA","S",,,0,1,2024,"0.48","-0.46",1.6235109791328755,0.7546393431332739,666624,666139,680700,1,6,"Bot",,,,,,,7.266700285994805,-127.49286495866248,-3.8556660387860004,3.6377850926418605,27.53636365469157,-36.51935518997502,3.55,1.66,,,,"86.7",2965,"5.8",745060,663743,669394,672640,681146,669364,624503,660644,660821,"54.67",,,,,,,,51,2,"Slider",2,3,2,3,3,2,2,3,"Standard","Standard",36,"-0.032","-0.072","67.1","8.7","8.11664826",,"0.072",,-1,-1,0.547,0.547,26,28,27,29,1,2,5,3,4,3,"3.44","-0.48","-0.48","24.3",21.18724945360385,-11.26211429954919,31.007261139592053,55.20183456283452,36.70327754640597
"SL","2024-07-30","86.8","-1.76","5.29","Siri, Jose",642350,686539,,"foul",,,,,9,,"R","R","R","TB","MIA","S",,,0,0,2024,"0.9","-0.15",0.33007216987044896,2.2332199506989996,666624,666139,680700,1,6,"Bot",,,,,,,3.129467487626811,-126.3769160218785,-0.827625936481326,9.045022168221555,25.90946672060429,-33.822970398503784,3.55,1.66,190,"83.9",60,"85.8",2918,"5.6",745060,663743,669394,672640,681146,669364,624503,660644,660821,"54.86",,,,,,,,51,1,"Slider",2,3,2,3,3,2,2,3,"Standard","Standard",49,"-0.019","-0.041","77.9","7.9",,,"0.041","88.0",-1,-1,0.566,0.566,26,28,27,29,1,2,5,3,4,3,"3.17","-0.9","-0.9","24.1",19.79881482330898,11.085952033902805,34.099115380992934,39.38740893504014,24.933013797745517
"CH","2024-07-30","74.2","1.83","5.59","Siri, Jose",642350,685116,"catcher_interf","ball",,,,,11,"Jose Siri reaches on catcher interference by Nick Fortes. Jose Siri to 1st.","R","R","L","TB","MIA","B",2,,1,2,2024,"1.53","0.52",-1.4792383087021044,4.639579541234835,,,,2,7,"Bot",,,,,,,-9.05438246169035,-107.46181611188224,4.325075194510786,13.482010865519893,20.604871427881594,-29.352759092137322,3.55,1.66,,,,"71.1",1580,"4.4",745060,663743,669394,672640,681146,669364,624503,660644,682073,"56.07",,,"0.7",1,0,0,,65,4,"Changeup",8,3,8,3,3,8,8,3,"Infield shade","Standard",109,"0.001","0.457",,,,,"-0.457",,5,5,0.983,0.983,27,28,27,29,1,3,,3,29,3,"3.7","1.53","-1.53","12.4",,,,,
"ST","2024-07-30","78.7","1.82","5.69","Siri, Jose",642350,685116,,"foul",,,,,5,,"R","R","L","TB","MIA","S",,,1,1,2024,"-1.33","-0.12",-0.2670158722053535,2.338521889106338,676609,,,2,7,"Bot",,,,,,,-2.0225394971561834,-114.45065739802416,-0.10421821093558958,-11.120437920683672,24.920260697883847,-33.44334477171772,3.55,1.66,,"87.8",63,"77.4",2287,"5.8",745060,663743,669394,672640,681146,669364,624503,660644,682073,"54.66",,,,,,,,65,3,"Sweeper",7,3,7,3,3,8,8,3,"Standard","Standard",299,"0.013","-0.073","68.3","8.9",,,"0.073","88.0",4,4,0.97,0.97,27,28,27,29,1,3,,3,29,3,"3.86","-1.33","1.33","26.2",29.490065566936625,-38.543576135691325,31.842182569869763,35.64182957418483,45.17187787626533
"CU","2024-07-30","74.5","1.49","5.93","Siri, Jose",642350,685116,,"foul",,,,,8,,"R","R","L","TB","MIA","S",,,1,0,2024,"-1.38","-0.7",-0.12184596132991743,2.064679714916978,676609,,,2,7,"Bot",,,,,,,-0.8898001926968495,-108.35843305874441,0.6013667390829154,-10.552127851796238,21.70327106512304,-38.01445767872408,3.55,1.66,39,"87.5",-1,"73.7",2549,"6",745060,663743,669394,672640,681146,669364,624503,660644,682073,"54.46",,,,,,,,65,2,"Curveball",7,3,7,3,3,7,7,3,"Standard","Standard",310,"0","-0.039","71.6","9.2",,,"0.039","88.0",4,4,0.97,0.97,27,28,27,29,1,3,,3,29,3,"4.86","-1.38","1.38","43.1",32.31653112350352,-34.84973845362844,33.972256664050306,36.6820801945607,44.655639621909145
"SI","2024-07-30","91.1","1.7","5.64","Siri, Jose",642350,685116,,"ball",,,,,14,,"R","R","L","TB","MIA","B",,,0,0,2024,"1.52","0.41",1.188634516287894,2.0786687123636076,676609,,,2,7,"Bot",,,,,,,-4.497143293437198,-132.53774124884842,-3.8760250350457315,18.834158076104227,29.367111476011967,-26.764035864000462,3.62808911673329,1.71268691564558,,,,"90.4",1927,"5.9",745060,663743,669394,672640,681146,669364,624503,660644,682073,"54.57",,,,,,,,65,1,"Sinker",7,3,7,3,3,7,7,3,"Standard","Standard",118,"0","0.032",,,,,"-0.032",,4,4,0.97,0.97,27,28,27,29,1,3,,3,29,3,"2.35","1.52","-1.52","31.4",,,,,
"FF","2024-07-27","91.5","1.89","5.77","Siri, Jose",642350,671096,"field_out","hit_into_play",,,,,12,"Jose Siri lines out sharply to center fielder TJ Friedl.","R","R","L","TB","CIN","X",8,"line_drive",3,2,2024,"0.84","1.47",1.0689798437396048,3.2631839953020547,,678554,676356,2,4,"Bot",131.77,53.31,,,,,-3.891820684815022,-133.16302057506957,-3.625736505906037,10.814052100172958,29.921620716365982,-14.111431473573525,3.55,1.67,361,"106.1",19,"91.8",2225,"6.6",745059,663886,668715,663697,682622,682829,666181,670770,641584,"53.95",0.516,0.8315749999999997,"0",1,0,0,6,32,7,"4-Seam Fastball",1,0,1,0,0,1,1,0,"Standard","Standard",149,"-0.046","-0.297","69.6","7.7",,1.527,"0.297","106.1",1,1,0.684,0.684,25,28,25,29,2,1,6,1,6,3,"1.26","0.84","-0.84","46.7",9.433019751108125,13.341092600064473,21.12890550615272,48.73021639696788,21.281119039626482
"FF","2024-07-27","93","1.63","5.79","Siri, Jose",642350,671096,,"foul",,,,,6,,"R","R","L","TB","CIN","S",,,3,2,2024,"1","1.41",0.6601877246075014,2.8620860069388763,,678554,676356,2,4,"Bot",,,,,,,-4.722075192825338,-135.31420010885586,-4.804900168631325,13.377413601515366,31.926730761879618,-14.013770295788781,3.55,1.67,213,"77.4",51,"93.1",2294,"6.5",745059,663886,668715,663697,682622,682829,666181,670770,641584,"53.98",,,,,,,,32,6,"4-Seam Fastball",1,0,1,0,0,1,1,0,"Standard","Standard",155,"0","0","68.3","8.2",,,"0","88.0",1,1,0.684,0.684,25,28,25,29,2,1,6,1,6,3,"1.24","1","-1","46.3",9.476868419455238,0.5422701042905208,29.718418360254546,44.61032915670511,19.328762226983418
"FF","2024-07-27","91.7","1.72","5.81","Siri, Jose",642350,671096,,"swinging_strike",,,,,3,,"R","R","L","TB","CIN","S",,,3,1,2024,"0.71","1.59",0.29829714351835424,3.500430080117114,,678554,676356,2,4,"Bot",,,,,,,-5.152932542229129,-133.45193867882233,-3.414333678744501,9.6036609918394,30.322955880022427,-12.723837565192943,3.55,1.67,,,,"92.1",2211,"6.6",745059,663886,668715,663697,682622,682829,666181,670770,641584,"53.88",,,,,,,,32,5,"4-Seam Fastball",1,0,1,0,0,1,1,0,"Standard","Standard",153,"-0.006","-0.074","74.5","7.5","0.894826908",,"0.074",,1,1,0.69,0.69,25,28,25,29,2,1,6,1,6,3,"1.14","0.71","-0.71","46.7",15.189982275163706,15.76822428317326,25.366814963270446,40.7358725961137,19.24099863391296
"CH","2024-07-27","83.6","1.81","5.76","Siri, Jose",642350,671096,,"ball",,,,,13,,"R","R","L","TB","CIN","B",,,2,1,2024,"1.34","1.1",-0.2468581514520094,1.1926738183321635,,678554,676356,2,4,"Bot",,,,,,,-7.43420203605298,-121.42300687059314,-6.251219113203869,14.72532487743421,24.547569461704907,-20.24836310581337,3.44907995987491,1.60747923513824,,,,"83.9",1941,"6.7",745059,663886,668715,663697,682622,682829,666181,670770,641584,"53.83",,,,,,,,32,4,"Changeup",1,0,1,0,0,1,1,0,"Infield shade","Standard",129,"0.007","0.065",,,,,"-0.065",,1,1,0.683,0.683,25,28,25,29,2,1,6,1,6,3,"2.18","1.34","-1.34","40.7",,,,,
"FF","2024-07-27","92.4","1.85","5.73","Siri, Jose",642350,671096,,"ball",,,,,12,,"R","R","L","TB","CIN","B",,,1,1,2024,"1.02","1.35",1.4954107843638962,3.0688050053405935,,678554,676356,2,4,"Bot",,,,,,,-3.153223443102141,-134.43627535208583,-3.8891760096471364,13.034771816063246,31.34563612808144,-15.245334039350046,3.4252465998985,1.54678877294195,,,,"92.7",2227,"6.6",745059,663886,668715,663697,682622,682829,666181,670770,641584,"53.85",,,,,,,,32,3,"4-Seam Fastball",1,0,1,0,0,1,1,0,"Standard","Standard",147,"0.005","0.042",,,,,"-0.042",,1,1,0.678,0.678,25,28,25,29,2,1,6,1,6,3,"1.34","1.02","-1.02","43.0",,,,,
"FF","2024-07-27","91.4","1.91","5.76","Siri, Jose",642350,671096,,"ball",,,,,12,,"R","R","L","TB","CIN","B",,,0,1,2024,"0.72","1.49",0.5541367186369963,3.8972064601893868,,678554,676356,2,4,"Bot",,,,,,,-5.00438638631938,-133.0724919848103,-2.0230275157699245,9.669066948739136,29.87185695587888,-14.282588603397265,3.4621379512438,1.58366920383429,,,,"91.7",2194,"6.6",745059,663886,668715,663697,682622,682829,666181,670770,641584,"53.93",,,,,,,,32,2,"4-Seam Fastball",1,0,1,0,0,1,1,0,"Standard","Standard",148,"0.004","0.033",,,,,"-0.033",,1,1,0.674,0.674,25,28,25,29,2,1,6,1,6,3,"1.24","0.72","-0.72","43.8",,,,,
"FF","2024-07-27","92.5","1.9","5.72","Siri, Jose",642350,671096,,"called_strike",,,,,2,,"R","R","L","TB","CIN","S",,,0,0,2024,"1.11","1.34",0.07257512057268234,3.519887379017114,,678554,676356,2,4,"Bot",,,,,,,-7.101785745921853,-134.51151699396374,-2.7018158910788634,15.018718918740854,30.44677735918286,-15.60986370702422,3.51861462158377,1.60350073834731,,,,"92.6",2280,"6.5",745059,663886,668715,663697,682622,682829,666181,670770,641584,"54",,,,,,,,32,1,"4-Seam Fastball",1,0,1,0,0,1,1,0,"Standard","Standard",148,"-0.006","-0.048",,,,,"0.048",,1,1,0.68,0.68,25,28,25,29,2,1,6,1,6,3,"1.34","1.11","-1.11","44.6",,,,,
"CH","2024-07-27","85.7","2.04","5.86","Siri, Jose",642350,671096,"fielders_choice_out","hit_into_play",,,,,9,"Reds challenged (tag play), call on the field was overturned: Jose Siri reaches on a fielder's choice out, shortstop Elly De La Cruz to third baseman Noelvi Marte. Curtis Mead scores. Jonny DeLuca out at 3rd.","R","R","L","TB","CIN","X",6,"ground_ball",0,0,2024,"1.29","0.82",0.7924739830624528,1.8327978693640694,678554,676356,,1,2,"Bot",108.72,153.36,,,,,-5.585481781646552,-124.51838218224181,-4.850110271810637,14.590989224273814,27.108777893199406,-22.85308450534678,3.55,1.67,90,"77.2",8,"85.6",1968,"6.5",745059,663886,668715,663697,682622,682829,666181,670770,641584,"53.97",0.391,0.366,"0",1,0,0,2,14,1,"Changeup",0,0,0,0,0,1,1,0,"Standard","Standard",134,"-0.009","-0.187","71.7","8.7",,0.437,"0.187","88.0",0,0,0.641,0.641,25,28,25,29,1,0,6,1,6,3,"2.31","1.29","-1.29","41.0",19.760369562934265,-8.78699020490097,32.484603163463,45.745715796789284,32.394245854689345
"SI","2024-07-27","97.9","-1.42","5.75","Siri, Jose",642350,691172,"field_out","hit_into_play",,,,,8,"Jose Siri grounds out to first baseman Spencer Steer.","R","R","R","TB","CIN","X",3,"ground_ball",0,1,2024,"-1.47","-0.08",0.19313908761380838,2.114572385570852,,,,2,8,"Bot",158.37,163.05,,,,,7.711079611789242,-142.2195765048934,-4.079612282885886,-21.714862452103144,35.174697585224486,-32.411533774693524,3.55,1.67,7,"107.7",-16,"97.1",1998,"6.1",745059,663886,668715,663697,682622,682829,666181,670770,641584,"54.38",0.25,0.271,"0",1,0,0,2,64,2,"Sinker",4,0,4,0,0,4,4,0,"Standard","Standard",235,"-0.001","-0.215","70.8","6.9",,0.257,"0.215","107.7",4,4,0.986,0.986,26,28,26,29,1,3,19,1,4,3,"2.48","1.47","1.47","26.9",-9.804892860070312,37.089039898730874,34.424792484022866,39.06356336809059,8.845620704155294
"SI","2024-07-27","97.5","-1.18","5.77","Siri, Jose",642350,691172,,"called_strike",,,,,8,,"R","R","R","TB","CIN","S",,,0,0,2024,"-1.36","-0.12",0.10517505689143958,2.2591601822159193,,,,2,8,"Bot",,,,,,,6.545818586578954,-141.7269093775776,-3.5880891611990418,-19.8759624314728,34.5932382719303,-33.05416826563822,3.70782200278203,1.63805888249096,,,,"96.7",1997,"6",745059,663886,668715,663697,682622,682829,666181,670770,641584,"54.47",,,,,,,,64,1,"Sinker",4,0,4,0,0,4,4,0,"Standard","Standard",231,"0","-0.041",,,,,"0.041",,4,4,0.986,0.986,26,28,26,29,1,3,19,1,4,3,"2.53","1.36","1.36","27.8",,,,,
"CH","2024-07-27","86.4","-1.17","5.65","Siri, Jose",642350,571656,"field_out","hit_into_play",,,,,4,"Jose Siri lines out to shortstop Elly De La Cruz.","R","R","R","TB","CIN","X",6,"line_drive",1,2,2024,"-1.26","-0.3",-0.7726912863413247,2.3408707591905062,,,,0,6,"Bot",105.88,142.67,,,,,3.4871135874533796,-125.68368290471611,-0.9902814971166607,-14.026539549220997,28.17210889029631,-35.33161947582021,3.55,1.67,154,"60.7",21,"85.6",2014,"6",745059,663886,668715,663697,682622,682829,666181,670770,641584,"54.49",0.421,0.379,"0",1,0,0,2,49,5,"Changeup",4,0,4,0,0,4,4,0,"Infield shade","Standard",250,"-0.003","-0.186","71.7","7.2",,0.421,"0.186","88.0",4,4,0.95,0.95,33,28,33,29,1,2,8,1,2,3,"3.38","1.26","1.26","30.1",-0.1464390508193079,5.188901452359008,33.749164448188175,26.883588755057637,25.391520861353925
"SL","2024-07-27","81.2","-1.14","5.64","Siri, Jose",642350,571656,,"foul",,,,,5,,"R","R","R","TB","CIN","S",,,1,2,2024,"1.34","0.12",0.12484281229189342,2.4438979582748144,,,,0,6,"Bot",,,,,,,0.2563650538403871,-118.16347881697183,-0.6550359371455743,12.334783512527418,26.32218864945224,-31.167608797877175,3.55,1.67,141,"67.3",18,"80.2",2800,"6",745059,663886,668715,663697,682622,682829,666181,670770,641584,"54.5",,,,,,,,49,4,"Slider",4,0,4,0,0,4,4,0,"Standard","Standard",88,"0","0","72.4","7.8",,,"0","88.0",4,4,0.95,0.95,33,28,33,29,1,2,8,1,2,3,"3.39","-1.34","-1.34","31.2",11.175725711247457,-3.8178232039031887,34.716687295910475,38.56088024586868,25.246741938516934
"SI","2024-07-27","92","-0.96","5.79","Siri, Jose",642350,571656,,"foul",,,,,4,,"R","R","R","TB","CIN","S",,,1,1,2024,"-1.63","0.64",-0.7419549311316126,2.6972011095660795,,,,0,6,"Bot",,,,,,,4.078416925123793,-133.89536141516996,-3.3303394384607463,-20.506616707962596,30.87024828206235,-23.976035922475063,3.55,1.67,194,"75.7",65,"91.3",2288,"6",745059,663886,668715,663697,682622,682829,666181,670770,641584,"54.5",,,,,,,,49,3,"Sinker",4,0,4,0,0,4,4,0,"Standard","Standard",233,"-0.001","-0.056","67.3","8.7",,,"0.056","88.0",4,4,0.951,0.951,33,28,33,29,1,2,8,1,2,3,"2.07","1.63","1.63","31.7",16.761207168883608,-30.50144726438526,27.708732073898823,28.58777732147996,33.48451739073131
"SL","2024-07-27","81.3","-1.26","5.65","Siri, Jose",642350,571656,,"swinging_strike",,,,,14,,"R","R","R","TB","CIN","S",,,1,0,2024,"0.28","0.44",1.3111221921076042,0.8954771098450043,,,,0,6,"Bot",,,,,,,5.19458243443926,-118.20975300910061,-4.736913055533353,1.3954906954155732,26.358411153004248,-27.31913321220169,3.55,1.67,,,,"80.2",2799,"5.9",745059,663886,668715,663697,682622,682829,666181,670770,641584,"54.55",,,,,,,,49,2,"Slider",4,0,4,0,0,4,4,0,"Standard","Standard",63,"-0.001","-0.049","61.3","9.1","13.760541096",,"0.049",,4,4,0.952,0.952,33,28,33,29,1,2,8,1,2,3,"3.07","-0.28","-0.28","30.3",24.79728305730587,-51.8952874998314,36.508080446211586,49.850523644578665,59.41447164713987
"SI","2024-07-27","91.7","-1.04","5.77","Siri, Jose",642350,571656,,"ball",,,,,11,,"R","R","R","TB","CIN","B",,,0,0,2024,"-1.53","0.92",-1.6925830045246641,3.165658351710013,,,,0,6,"Bot",,,,,,,1.6562109889421814,-133.51852664510406,-2.6289351058226256,-18.54523654700693,32.76862315476478,-20.915002376444384,3.47021672800444,1.69219723187668,,,,"90.7",2304,"6",745059,663886,668715,663697,682622,682829,666181,670770,641584,"54.53",,,,,,,,49,1,"Sinker",4,0,4,0,0,4,4,0,"Standard","Standard",228,"0.001","0.038",,,,,"-0.038",,4,4,0.951,0.951,33,28,33,29,1,2,8,1,2,3,"1.82","1.53","1.53","31.2",,,,,
"CH","2024-07-26","87.2","3.7","5.29","Siri, Jose",642350,666157,"field_out","hit_into_play",,,,,13,"Jose Siri grounds out, second baseman Jonathan India to first baseman Spencer Steer.","R","R","L","TB","CIN","X",4,"ground_ball",2,1,2024,"1.35","-0.11",-0.21583380441887634,0.9576446701370931,,,,1,6,"Bot",134.52,139.79,,,,,-12.15270764552294,-126.33908456050001,-3.906171899241566,17.033166596435343,28.07253195073416,-32.683940783638754,3.55,1.68,5,"101.3",-10,"86.6",1735,"6.4",745068,663886,668715,663697,682622,682829,666181,670770,641584,"54.13",0.273,0.307,"0",1,0,0,2,46,4,"Changeup",2,2,2,2,2,2,2,2,"Standard","Standard",107,"-0.029","-0.302","68.3","7.5",,0.3,"0.302","101.3",0,0,0.546,0.546,26,28,26,29,3,2,6,2,5,1,"3.16","1.35","-1.35","15.9",-2.1201560421756938,26.461538325015916,48.86660335485047,35.043926009241815,13.973979399489522
"FF","2024-07-26","93.5","3.51","5.43","Siri, Jose",642350,666157,,"ball",,,,,11,,"R","R","L","TB","CIN","B",,,1,1,2024,"1.37","0.88",-0.9965516182135767,3.225593559072734,,,,1,6,"Bot",,,,,,,-14.524549248332645,-135.33250672515592,-1.790149545036625,20.171549904244554,31.15113663371066,-21.161734247053364,3.33676946369968,1.56787999765893,,,,"92.6",2237,"6.2",745068,663886,668715,663697,682622,682829,666181,670770,641584,"54.34",,,,,,,,46,3,"4-Seam Fastball",2,2,2,2,2,2,2,2,"Standard","Standard",122,"0.005","0.059",,,,,"-0.059",,0,0,0.541,0.541,26,28,26,29,3,2,6,2,5,1,"1.77","1.37","-1.37","18.2",,,,,
"CU","2024-07-26","80.9","3.62","5.41","Siri, Jose",642350,666157,,"ball",,,,,13,,"R","R","L","TB","CIN","B",,,0,1,2024,"-1.27","0.18",-1.1440797879949236,0.75015867092656,,,,1,6,"Bot",,,,,,,-8.146757798797543,-117.5107830509855,-3.9955263663798166,-9.975971830232634,24.5128369728173,-29.883177948499224,3.44504705038849,1.60228364065092,,,,"80",2713,"6",745068,663886,668715,663697,682622,682829,666181,670770,641584,"54.5",,,,,,,,46,2,"Curveball",2,2,2,2,2,2,2,2,"Standard","Standard",298,"0.003","0.024",,,,,"-0.024",,0,0,0.538,0.538,26,28,26,29,3,2,6,2,5,1,"3.34","-1.27","1.27","21.0",,,,,
"CH","2024-07-26","86.7","3.44","5.36","Siri, Jose",642350,666157,,"swinging_strike",,,,,14,,"R","R","L","TB","CIN","S",,,0,0,2024,"1.28","0.3",1.178346715600696,2.6126944649130004,,,,1,6,"Bot",,,,,,,-8.007212393299675,-125.97607759479038,-0.9183938214034618,15.336935964411442,27.959405310704685,-29.013694550276956,3.55,1.68,,,,"86.1",1766,"6.2",745068,663886,668715,663697,682622,682829,666181,670770,641584,"54.32",,,,,,,,46,1,"Changeup",2,2,2,2,2,2,2,2,"Infield shade","Standard",107,"-0.004","-0.037","77.1","9.0","2.299674816",,"0.037",,0,0,0.542,0.542,26,28,26,29,3,2,6,2,5,1,"2.76","1.28","-1.28","19.2",28.27937769450684,-23.194984812784572,26.624973030004266,51.02829654685807,43.980639360244105
"FF","2024-07-26","93.8","3.6","5.44","Siri, Jose",642350,666157,"strikeout","called_strike",,,,,1,"Jose Siri called out on strikes.","R","R","L","TB","CIN","S",2,,0,2,2024,"1.43","0.97",-0.6309350013216679,3.428186700810312,,,676356,0,4,"Bot",,,,,,,-13.978389087685947,-135.90345215224778,-1.5205101223521549,20.88320927144253,31.251563128420514,-20.07147595427791,3.35135532602619,1.61458576366559,,,,"92.8",2269,"6",745068,663886,668715,663697,682622,682829,666181,670770,641584,"54.48",,0,"0",1,0,0,,31,3,"4-Seam Fastball",2,2,2,2,2,2,2,2,"Standard","Standard",113,"-0.024","-0.15",,,,,"0.15",,0,0,0.587,0.587,26,28,26,29,2,1,6,2,5,1,"1.66","1.43","-1.43","19.3",,,,,
"CH","2024-07-26","87.8","3.61","5.43","Siri, Jose",642350,666157,,"foul",,,,,14,,"R","R","L","TB","CIN","S",,,0,1,2024,"1.48","0.02",0.11362500811856702,1.4296800617813652,,,676356,0,4,"Bot",,,,,,,-11.452061461245185,-127.29275727271173,-3.51420702896041,18.473181562646545,27.77418380522086,-31.34167375068577,3.55,1.68,298,"92.7",43,"87.1",1797,"6.2",745068,663886,668715,663697,682622,682829,666181,670770,641584,"54.32",,,,,,,,31,2,"Changeup",2,2,2,2,2,2,2,2,"Standard","Standard",113,"-0.01","-0.048","71.8","8.0",,,"0.048","92.7",0,0,0.597,0.597,26,28,26,29,2,1,6,2,5,1,"2.97","1.48","-1.48","17.0",13.187970644327534,11.781189285938035,40.72995217153273,35.52011052656559,25.118946983760967
"SI","2024-07-26","93.9","3.72","5.28","Siri, Jose",642350,666157,,"called_strike",,,,,8,,"R","R","L","TB","CIN","S",,,0,0,2024,"1.58","0.69",-0.19593576092949894,1.9383102898967721,,,676356,0,4,"Bot",,,,,,,-13.506448646203461,-135.93870771059287,-4.3383398756065,22.69457331410069,32.088997183081354,-22.801757019131838,3.47451027859158,1.62720278071215,,,,"92.8",2311,"6.1",745068,663886,668715,663697,682622,682829,666181,670770,641584,"54.43",,,,,,,,31,1,"Sinker",2,2,2,2,2,2,2,2,"Standard","Standard",115,"-0.006","-0.042",,,,,"0.042",,0,0,0.603,0.603,26,28,26,29,2,1,6,2,5,1,"1.94","1.58","-1.58","16.8",,,,,
"FC","2024-07-26","89.2","-1.74","6.22","Siri, Jose",642350,607259,"single","hit_into_play",,,,,6,"Jose Siri singles on a ground ball to center fielder TJ Friedl. Isaac Paredes to 3rd.","R","R","R","TB","CIN","X",8,"ground_ball",1,0,2024,"0.19","1",0.32861830510588824,2.3168708153224027,,,670623,2,8,"Bot",120.83,95.85,,,,,4.638802971241321,-129.82554822006855,-5.623179423080005,1.2286020684959436,26.707707323799724,-19.87439551792589,3.55,1.68,38,"99.6",-1,"88.3",2371,"5.7",745068,663886,668715,663697,682622,682829,666181,670770,656413,"54.85",0.451,0.462,"0.9",1,1,0,2,62,2,"Cutter",2,2,2,2,2,2,2,2,"Standard","Standard",187,"0.053","0.324",,,,0.478,"-0.324","99.6",0,0,0.554,0.554,33,28,34,29,1,3,12,2,4,1,"1.86","-0.19","-0.19","57.0",,,,,
"SI","2024-07-26","92.6","-1.65","6.26","Siri, Jose",642350,607259,,"ball",,,,,11,,"R","R","R","TB","CIN","B",,,0,0,2024,"-1.22","1.43",-0.8947217931988904,3.835347824692588,,,670623,2,8,"Bot",,,,,,,4.540403139793686,-134.7671849985122,-3.4458997353585628,-15.809612992562196,32.089401670998534,-14.22364635769913,3.49051665485366,1.64227470546333,,,,"91.2",2291,"5.7",745068,663886,668715,663697,682622,682829,666181,670770,656413,"54.83",,,,,,,,62,1,"Sinker",2,2,2,2,2,2,2,2,"Standard","Standard",197,"0.004","0.034",,,,,"-0.034",,0,0,0.55,0.55,33,28,34,29,1,3,12,2,4,1,"1.24","1.22","1.22","64.2",,,,,
"CH","2024-07-26","88.7","3.55","5.47","Siri, Jose",642350,666157,"field_out","hit_into_play",,,,,5,"Jose Siri grounds out, shortstop Elly De La Cruz to first baseman Spencer Steer. Isaac Paredes scores. Jonny DeLuca to 3rd.","R","R","L","TB","CIN","X",6,"ground_ball",0,1,2024,"1.59","-0.1",-0.015959386826775113,2.3883354893462236,670623,676356,,0,2,"Bot",115.72,155.52,,,,,-11.967875000909293,-128.58889605534847,-1.175688969980209,20.19398201660638,28.187880487437635,-33.29901190976699,3.55,1.68,3,"59.7",-41,"87.9",1869,"6.1",745068,663886,668715,663697,682622,682829,666181,670770,641584,"54.38",0.208,0.21,"0",1,0,0,2,15,2,"Changeup",0,2,0,2,2,1,1,2,"Strategic","Standard",102,"0.008","-0.195","73.7","6.7",,0.215,"0.195","88.0",-2,-2,0.487,0.487,26,28,26,29,1,0,6,2,5,1,"3.04","1.59","-1.59","19.4",-5.297147967595593,14.258906334837913,32.96620236650796,36.0713158202571,19.497432385397396
"FF","2024-07-26","94.7","3.62","5.63","Siri, Jose",642350,666157,,"called_strike",,,,,11,,"R","R","L","TB","CIN","S",,,0,0,2024,"1.28","1.06",-0.2595185684119523,3.939447288507383,670623,676356,,0,2,"Bot",,,,,,,-12.902835245514387,-137.3577279529127,-1.0444887316881968,19.118595829809937,31.30645657150686,-18.725838918884115,3.63252330247573,1.7110955587979,,,,"94",2217,"6.1",745068,663886,668715,663697,682622,682829,666181,670770,641584,"54.36",,,,,,,,15,1,"4-Seam Fastball",0,2,0,2,2,0,0,2,"Strategic","Standard",113,"-0.009","-0.04",,,,,"0.04",,-2,-2,0.496,0.496,26,28,26,29,1,0,6,2,5,1,"1.5","1.28","-1.28","19.2",,,,,