"pitch_type","game_date","release_speed","release_pos_x","release_pos_z","player_name","batter","pitcher","events","description","spin_dir","spin_rate_deprecated","break_angle_deprecated","break_length_deprecated","zone","des","game_type","stand","p_throws","home_team","away_team","type","hit_location","bb_type","balls","strikes","game_year","pfx_x","pfx_z","plate_x","plate_z","on_3b","on_2b","on_1b","outs_when_up","inning","inning_topbot","hc_x","hc_y","tfs_deprecated","tfs_zulu_deprecated","umpire","sv_id","vx0","vy0","vz0","ax","ay","az","sz_top","sz_bot","hit_distance_sc","launch_speed","launch_angle","effective_speed","release_spin_rate","release_extension","game_pk","fielder_2","fielder_3","fielder_4","fielder_5","fielder_6","fielder_7","fielder_8","fielder_9","release_pos_y","estimated_ba_using_speedangle","estimated_woba_using_speedangle","woba_value","woba_denom","babip_value","iso_value","launch_speed_angle","at_bat_number","pitch_number","pitch_name","home_score","away_score","bat_score","fld_score","post_away_score","post_home_score","post_bat_score","post_fld_score","if_fielding_alignment","of_fielding_alignment","spin_axis","delta_home_win_exp","delta_run_exp","bat_speed","swing_length","miss_distance","estimated_slg_using_speedangle","delta_pitcher_run_exp","hyper_speed","home_score_diff","bat_score_diff","home_win_exp","bat_win_exp","age_pit_legacy","age_bat_legacy","age_pit","age_bat","n_thruorder_pitcher","n_priorpa_thisgame_player_at_bat","pitcher_days_since_prev_game","batter_days_since_prev_game","pitcher_days_until_next_game","batter_days_until_next_game","api_break_z_with_gravity","api_break_x_arm","api_break_x_batter_in","arm_angle","attack_angle","attack_direction","swing_path_tilt","intercept_ball_minus_batter_pos_x_inches","intercept_ball_minus_batter_pos_y_inches"
"FF","2026-07-18","95.2","-2.42","5.69","Rodriguez, Grayson",682985,680570,"field_out","hit_into_play",,,,,1,"Riley Greene flies out sharply to center fielder Mike Trout.","R","L","R","LAA","DET","X",8,"fly_ball",1,1,2026,"-0.86","1.29",-0.27663949928863507,3.2946542326311845,693307,,690993,2,4,"Top",113.51,57.22,,,,,7.620116956848133,-138.34097864820376,-3.3791024697081986,-12.871710106994872,33.76311381011868,-15.128355358738597,3.303379265,1.667125984,352,"101.8",47,"96",2124,"7",824008,681351,694384,687093,694203,687263,642350,545361,666176,"53.47",0.017,0.021,"0",1,0,0,3,33,3,"4-Seam Fastball",0,6,6,0,6,0,6,0,"Standard","Standard",220,"0.009","-0.283","73.9","6.8",,0.045,"0.283","101.8",-6,6,0.049,0.951,26,25,27,26,3,2,8,1,,1,"1.25","0.86","-0.86","38.1",13.269489379489938,2.2951697384270995,35.06762425299802,37.74698897799365,32.0404528897311
"CH","2026-07-18","81.9","-2.48","5.62","Rodriguez, Grayson",682985,680570,,"swinging_strike",,,,,14,,"R","L","R","LAA","DET","S",,,1,0,2026,"-1.3","0.31",0.3721997757451778,1.2337978064060708,693307,,690993,2,4,"Top",,,,,,,9.066566152853573,-118.96109452388978,-3.73097509169362,-14.10103663540638,22.995700397882338,-28.65296738568255,3.303379265,1.667125984,,,,"83.3",1803,"7.3",824008,681351,694384,687093,694203,687263,642350,545361,666176,"53.2",,,,,,,,33,2,"Changeup",0,6,6,0,6,0,6,0,"Standard","Standard",249,"0","-0.033",,,,,"0.033",,-6,6,0.049,0.951,26,25,27,26,3,2,8,1,,1,"3.1","1.3","-1.3","38.3",,,,,
"CH","2026-07-18","82.3","-2.44","5.63","Rodriguez, Grayson",682985,680570,,"ball",,,,,11,,"R","L","R","LAA","DET","B",,,0,0,2026,"-1.2","0.26",-1.123810165042373,2.9749538633582526,693307,,690993,2,4,"Top",,,,,,,5.42662895439955,-119.74012063303063,0.2226487882480297,-12.608310658053407,23.348194222589633,-29.962406822876837,3.303379265,1.667125984,,,,"83.7",1800,"7.3",824008,681351,694384,687093,694203,687263,642350,545361,666176,"53.24",,,,,,,,33,1,"Changeup",0,6,6,0,6,0,6,0,"Standard","Standard",251,"0","0.02",,,,,"-0.02",,-6,6,0.049,0.951,26,25,27,26,3,2,8,1,,1,"3.11","1.2","-1.2","36.3",,,,,
"FF","2026-07-18","95.3","-2.36","5.66","Rodriguez, Grayson",690993,680570,"single","hit_into_play",,,,,1,"Colt Keith singles on a sharp ground ball to shortstop Zach Neto. Dillon Dingler to 3rd.","R","L","R","LAA","DET","X",6,"ground_ball",1,2,2026,"-0.52","1.48",-0.3834585650572865,3.161847437095788,,693307,,2,4,"Top",101.9,126.91,,,,,6.408324279693754,-138.5077627589383,-4.1092025580753955,-8.21326875247323,34.179074644368654,-12.485154205893961,3.27792815,1.654281496,4,"100.1",-37,"96.2",2085,"7.1",824008,681351,694384,687093,694203,687263,642350,545361,666176,"53.41",0.073,0.066,"0.9",1,1,0,2,32,4,"4-Seam Fastball",0,6,6,0,6,0,6,0,"Standard","Standard",221,"-0.005","0.776","68.3","5.3",,0.08,"-0.776","100.1",-6,6,0.054,0.946,26,24,27,25,3,2,8,1,,1,"1.06","0.52","-0.52","37.6",-11.675028024240264,28.637640231224356,27.78962935836817,42.51299361581465,10.623012040349582
"CH","2026-07-18","79.8","-2.52","5.6","Rodriguez, Grayson",690993,680570,,"ball",,,,,13,,"R","L","R","LAA","DET","B",,,0,2,2026,"-0.81","0.87",-0.8258549549735389,1.1501909188598023,,693307,,2,4,"Top",,,,,,,5.332752939379249,-116.08416736200863,-4.514703283939082,-8.306847629359336,22.56830851755282,-23.663198290217988,3.27792815,1.654281496,,,,"81.3",1632,"7.4",824008,681351,694384,687093,694203,687263,642350,545361,666176,"53.1",,,,,,,,32,3,"Changeup",0,6,6,0,6,0,6,0,"Standard","Standard",247,"0","0.002",,,,,"-0.002",,-6,6,0.054,0.946,26,24,27,25,3,2,8,1,,1,"2.72","0.81","-0.81","37.2",,,,,
"CH","2026-07-18","81","-2.44","5.72","Rodriguez, Grayson",690993,680570,,"swinging_strike",,,,,14,,"R","L","R","LAA","DET","S",,,0,1,2026,"-1.01","0.6",0.4759865260026477,1.1647348821625325,,693307,,2,4,"Top",,,,,,,8.525083659905073,-117.58407449365636,-4.474965253899916,-11.000838407663853,22.21854963870161,-25.964826636212084,3.27792815,1.654281496,,,,"82.3",1762,"7.3",824008,681351,694384,687093,694203,687263,642350,545361,666176,"53.24",,,,,,,,32,2,"Changeup",0,6,6,0,6,0,6,0,"Standard","Standard",242,"0.001","-0.056","32.6","7.4","4.619159964",,"0.056",,-6,6,0.053,0.947,26,24,27,25,3,2,8,1,,1,"2.89","1.01","-1.01","37.1",27.420978769563348,-15.661642655763814,36.870118274594496,32.27953274673589,40.053731017321
"CH","2026-07-18","82","-2.43","5.64","Rodriguez, Grayson",690993,680570,,"called_strike",,,,,9,,"R","L","R","LAA","DET","S",,,0,0,2026,"-0.85","0.64",0.5791880150531705,1.5362980450298602,,693307,,2,4,"Top",,,,,,,8.53750411671972,-119.10513986343271,-3.751726688129387,-9.770092755769706,23.945826551822147,-25.514073115357082,3.27792815,1.654281496,,,,"83.2",1736,"7.3",824008,681351,694384,687093,694203,687263,642350,545361,666176,"53.18",,,,,,,,32,1,"Changeup",0,6,6,0,6,0,6,0,"Standard","Standard",249,"0.001","-0.039",,,,,"0.039",,-6,6,0.052,0.948,26,24,27,25,3,2,8,1,,1,"2.77","0.85","-0.85","36.7",,,,,
"FF","2026-07-18","95.6","-2.47","5.56","Rodriguez, Grayson",693307,680570,"double","hit_into_play",,,,,6,"Dillon Dingler doubles (20) on a sharp line drive to left fielder Jose Siri.","R","R","R","LAA","DET","X",7,"line_drive",3,2,2026,"-0.95","1.41",0.4402646662827092,2.4577269915085327,,,,2,4,"Top",94.28,72.17,,,,,9.908179480236564,-138.82984700736205,-5.6255468346109865,-14.55966447605925,32.0265902001645,-12.855424678796526,3.271784777,1.651181102,324,"104",16,"96.8",2220,"7.2",824008,681351,694384,687093,694203,687263,642350,545361,666176,"53.33",0.534,0.591,"1.25",1,1,1,5,31,6,"4-Seam Fastball",0,6,6,0,6,0,6,0,"Standard","Standard",222,"-0.004","0.502","75.9","7.3",,0.871,"-0.502","104.0",-6,6,0.056,0.944,26,27,27,28,3,2,8,1,,1,"1.1","0.95","0.95","38.0",13.146514107108414,-5.284835293265501,35.86663378149531,38.04970488736866,30.402039197124104
"SL","2026-07-18","85.7","-2.6","5.54","Rodriguez, Grayson",693307,680570,,"foul",,,,,14,,"R","R","R","LAA","DET","S",,,3,1,2026,"0.36","0.49",1.3778822630834675,1.6304239951093908,,,,2,4,"Top",,,,,,,8.66920813685898,-124.56544194247408,-3.806005075435463,2.114642067976351,23.568312090545376,-26.506286615475684,3.271784777,1.651181102,3,"63.2",-34,"87.2",2373,"7.1",824008,681351,694384,687093,694203,687263,642350,545361,666176,"53.36",,,,,,,,31,5,"Slider",0,6,6,0,6,0,6,0,"Standard","Standard",126,"0.001","-0.094","72.9","8.2",,,"0.094","88.0",-6,6,0.055,0.945,26,27,27,28,3,2,8,1,,1,"2.61","-0.36","-0.36","42.7",20.735978597151863,-3.400793888857788,36.430995464436336,49.10983773163472,35.928818535259545
"FF","2026-07-18","94.8","-2.51","5.6","Rodriguez, Grayson",693307,680570,,"called_strike",,,,,14,,"R","R","R","LAA","DET","S",,,3,0,2026,"-0.97","1.32",0.9059899409788408,2.023947233344714,,,,2,4,"Top",,,,,,,11.18282302224973,-137.47094752831552,-6.480634722002777,-14.837302140231955,32.26636779237512,-14.147998132865155,3.271784777,1.651181102,,,,"95.9",2279,"7.2",824008,681351,694384,687093,694203,687263,642350,545361,666176,"53.28",,,,,,,,31,4,"4-Seam Fastball",0,6,6,0,6,0,6,0,"Standard","Standard",218,"0","-0.064",,,,,"0.064",,-6,6,0.055,0.945,26,27,27,28,3,2,8,1,,1,"1.25","0.97","0.97","37.3",,,,,
"FF","2026-07-18","95.3","-2.48","5.57","Rodriguez, Grayson",693307,680570,,"ball",,,,,12,,"R","R","R","LAA","DET","B",,,2,0,2026,"-0.96","1.4",1.0839044262269792,2.580882642876923,,,,2,4,"Top",,,,,,,11.633093780202666,-138.20241989767496,-5.242313419810804,-14.99867089748312,32.12597292422401,-13.220792285011983,3.271784777,1.651181102,,,,"96.6",2465,"7.3",824008,681351,694384,687093,694203,687263,642350,545361,666176,"53.2",,,,,,,,31,3,"4-Seam Fastball",0,6,6,0,6,0,6,0,"Standard","Standard",144,"0","0.099",,,,,"-0.099",,-6,6,0.055,0.945,26,27,27,28,3,2,8,1,,1,"1.14","0.96","0.96","38.3",,,,,
"CU","2026-07-18","81","-2.45","5.64","Rodriguez, Grayson",693307,680570,,"ball",,,,,14,,"R","R","R","LAA","DET","B",,,1,0,2026,"0.58","-0.56",1.1435750452204139,1.8883308178373177,,,,2,4,"Top",,,,,,,6.886750149355329,-117.88643163809608,-0.46101441299455104,4.167584264035399,21.625517888050567,-37.50134542502912,3.271784777,1.651181102,,,,"82.3",2725,"7.1",824008,681351,694384,687093,694203,687263,642350,545361,666176,"53.4",,,,,,,,31,2,"Curveball",0,6,6,0,6,0,6,0,"Standard","Standard",46,"-0.001","0.064",,,,,"-0.064",,-6,6,0.056,0.944,26,27,27,28,3,2,8,1,,1,"4.02","-0.58","-0.58","44.3",,,,,
"FF","2026-07-18","94.2","-2.28","5.69","Rodriguez, Grayson",693307,680570,,"ball",,,,,14,,"R","R","R","LAA","DET","B",,,0,0,2026,"-0.92","1.31",1.0725810404500955,1.3082542135815318,,,,2,4,"Top",,,,,,,10.79928972572661,-136.5081539007203,-8.464224663085858,-13.827894621668579,29.969487071364185,-13.99185876734037,3.271784777,1.651181102,,,,"95.5",2298,"7.2",824008,681351,694384,687093,694203,687263,642350,545361,666176,"53.27",,,,,,,,31,1,"4-Seam Fastball",0,6,6,0,6,0,6,0,"Standard","Standard",220,"0","0.041",,,,,"-0.041",,-6,6,0.056,0.944,26,27,27,28,3,2,8,1,,1,"1.28","0.92","0.92","41.5",,,,,
"FF","2026-07-18","94.5","-2.56","5.7","Rodriguez, Grayson",805808,680570,"strikeout","foul_tip",,,,,11,"Kevin McGonigle strikes out on a foul tip.","R","L","R","LAA","DET","S",2,,1,2,2026,"-0.97","1.28",-0.2931109273905409,3.706061457580525,,,,1,4,"Top",,,,,,,8.136563576503853,-137.38077260795782,-2.2439259783812493,-14.103758509681732,31.043793020561363,-15.729053537843683,3.085728346,1.557283465,,,,"95.6",2296,"7",824008,681351,694384,687093,694203,687263,642350,545361,666176,"53.49",,0,"0",1,0,0,,30,5,"4-Seam Fastball",0,6,6,0,6,0,6,0,"Infield shade","Standard",224,"0.002","-0.183","62.1","5.6",,,"0.183",,-6,6,0.054,0.946,26,21,27,22,3,2,8,1,,1,"1.29","0.97","-0.97","38.1",7.274159790463326,25.543385694910558,22.693607460898846,39.865801730871965,20.37529203723185
"FF","2026-07-18","94.4","-2.43","5.72","Rodriguez, Grayson",805808,680570,,"foul",,,,,4,,"R","L","R","LAA","DET","S",,,1,2,2026,"-0.92","1.46",-0.34076283151570974,2.2183211889422383,,,,1,4,"Top",,,,,,,7.55874387067143,-137.1068090475799,-6.555190515012011,-13.362500935181938,31.906662912578756,-12.427222998788242,3.085728346,1.557283465,251,"83.6",46,"95.4",2256,"7.1",824008,681351,694384,687093,694203,687263,642350,545361,666176,"53.39",,,,,,,,30,4,"4-Seam Fastball",0,6,6,0,6,0,6,0,"Infield shade","Standard",215,"0","0","72.1","6.5",,,"0","88.0",-6,6,0.054,0.946,26,21,27,22,3,2,8,1,,1,"1.11","0.92","-0.92","39.5",6.752089396314931,17.47707121842306,35.548060405985304,40.825564793805974,24.473957270308965
"CH","2026-07-18","82.2","-2.49","5.61","Rodriguez, Grayson",805808,680570,,"foul_tip",,,,,1,,"R","L","R","LAA","DET","S",,,1,1,2026,"-1.08","0.43",-0.5942664653912488,2.7269398764725707,,,,1,4,"Top",,,,,,,6.504302229698733,-119.62850508084249,-0.6523825214697129,-11.615892936206821,22.99088228009126,-28.125925903451716,3.085728346,1.557283465,,,,"83.8",1868,"7.3",824008,681351,694384,687093,694203,687263,642350,545361,666176,"53.16",,,,,,,,30,3,"Changeup",0,6,6,0,6,0,6,0,"Infield shade","Standard",247,"0.001","-0.074","45.0","5.2",,,"0.074",,-6,6,0.053,0.947,26,21,27,22,3,2,8,1,,1,"2.94","1.08","-1.08","36.6",-7.613402045110685,47.38370557656623,33.42722442488358,44.18649103036174,5.723295960993651
"FF","2026-07-18","93.9","-2.49","5.65","Rodriguez, Grayson",805808,680570,,"ball",,,,,1,,"R","L","R","LAA","DET","B",,,0,1,2026,"-1.04","1.5",-0.6004757703677426,3.084445354316784,,,,1,4,"Top",,,,,,,7.284565563918936,-136.5511323437552,-4.1208842577065115,-14.641029792385227,31.8908892801702,-12.752817479271574,3.085728346,1.557283465,,,,"95.2",2245,"7.2",824008,681351,694384,687093,694203,687263,642350,545361,666176,"53.31",,,,,,,,30,2,"4-Seam Fastball",0,6,6,0,6,0,6,0,"Infield shade","Standard",219,"0","0.035",,,,,"-0.035",,-6,6,0.053,0.947,26,21,27,22,3,2,8,1,,1,"1.1","1.04","-1.04","39.8",,,,,
"FF","2026-07-18","93.4","-2.51","5.75","Rodriguez, Grayson",805808,680570,,"called_strike",,,,,1,,"R","L","R","LAA","DET","S",,,0,0,2026,"-0.84","1.43",-0.5339089905799916,2.9791193179917115,,,,1,4,"Top",,,,,,,6.99798642578802,-135.75546889037625,-4.4211920559496205,-12.003425440375892,31.20219692408837,-13.709706476979632,3.085728346,1.557283465,,,,"94.4",2225,"7.1",824008,681351,694384,687093,694203,687263,642350,545361,666176,"53.43",,,,,,,,30,1,"4-Seam Fastball",0,6,6,0,6,0,6,0,"Infield shade","Standard",217,"0","-0.042",,,,,"0.042",,-6,6,0.053,0.947,26,21,27,22,3,2,8,1,,1,"1.2","0.84","-0.84","38.4",,,,,
"FF","2026-07-18","92.3","-2.53","5.63","Rodriguez, Grayson",681546,680570,"field_out","hit_into_play",,,,,4,"James Outman grounds out to first baseman Nolan Schanuel.","R","L","R","LAA","DET","X",3,"ground_ball",0,0,2026,"-0.95","1.15",-0.3473317920057971,2.4650538069954253,,,,0,4,"Top",157.61,165.05,,,,,7.7277484172753415,-134.16745577081196,-4.598758657568975,-13.207197653836225,30.059809854623513,-17.478355541382406,3.292847769,1.661811024,5,"65.6",-28,"93.6",2211,"7.2",824008,681351,694384,687093,694203,687263,642350,545361,666176,"53.29",0.049,0.044,"0",1,0,0,2,29,1,"4-Seam Fastball",0,6,6,0,6,0,6,0,"Standard","Standard",221,"0.004","-0.264","75.3","8.0",,0.052,"0.264","88.0",-6,6,0.049,0.951,26,29,27,29,2,1,8,6,,1,"1.54","0.95","-0.95","37.1",17.307080936837384,-10.016461114563054,34.92886516985286,40.49646367887064,38.20890006760032
"CH","2026-07-18","81.2","-2.58","5.65","Rodriguez, Grayson",681546,680570,"truncated_pa","ball",,,,,11,,"R","L","R","LAA","DET","B",2,,0,0,2026,"-0.99","0.25",-1.53061705423127,3.0755917474556913,,,656716,2,3,"Top",,,,,,,4.342997179290066,-118.30283876508227,0.5310495042750785,-10.13259869107357,21.1107205612733,-30.120367151685393,3.292847769,1.661811024,,,,"82.9",1868,"7.2",824008,681351,694384,687093,694203,687263,642350,545361,666176,"53.27",,,"0",0,0,0,,25,1,"Changeup",0,6,6,0,6,0,6,0,"Standard","Standard",253,"0.005","-0.279",,,,,"0.279",,-6,6,0.067,0.933,26,29,27,29,2,1,8,6,,1,"3.18","0.99","-0.99","35.5",,,,,
"FF","2026-07-18","94.9","-2.44","5.63","Rodriguez, Grayson",663837,680570,"field_out","hit_into_play",,,,,1,"Matt Vierling flies out to center fielder Mike Trout.","R","R","R","LAA","DET","X",8,"fly_ball",2,0,2026,"-1.06","1.3",-0.4800709825091585,2.908271427176196,,,656716,1,3,"Top",116.51,41.87,,,,,7.593997515274601,-137.9759981681766,-4.229258853490504,-15.305810856523316,33.20739615803163,-14.85136654893968,3.273540026,1.652066929,389,"99.7",31,"95.9",2053,"7.1",824008,681351,694384,687093,694203,687263,642350,545361,666176,"53.43",0.471,0.864,"0",1,0,0,6,24,3,"4-Seam Fastball",0,6,6,0,6,0,6,0,"Standard","Standard",219,"0.008","-0.366","72.5","6.9",,1.651,"0.366","99.7",-6,6,0.059,0.9410000000000001,26,29,27,30,2,1,8,1,,1,"1.25","1.06","1.06","37.6",8.56812321994766,-3.779988295566761,29.86690459200784,28.479368180978696,33.37756328386271
"FF","2026-07-18","94.1","-2.64","5.56","Rodriguez, Grayson",663837,680570,,"ball",,,,,14,,"R","R","R","LAA","DET","B",,,1,0,2026,"-1.07","1.29",0.47896437671941516,0.9950606610173371,,,656716,1,3,"Top",,,,,,,10.531401193827243,-136.3675099657852,-8.820329692223686,-15.745200968641567,30.969017698133857,-14.261780028414954,3.273540026,1.652066929,,,,"95",2137,"7.1",824008,681351,694384,687093,694203,687263,642350,545361,666176,"53.37",,,,,,,,24,2,"4-Seam Fastball",0,6,6,0,6,0,6,0,"Standard","Standard",217,"-0.001","0.071",,,,,"-0.071",,-6,6,0.06,0.94,26,29,27,30,2,1,8,1,,1,"1.32","1.07","1.07","33.2",,,,,
"FF","2026-07-18","93.8","-2.49","5.61","Rodriguez, Grayson",663837,680570,,"ball",,,,,14,,"R","R","R","LAA","DET","B",,,0,0,2026,"-0.95","1.49",1.161426876793407,1.6458671517216827,,,656716,1,3,"Top",,,,,,,11.62851093477233,-135.92334732725018,-7.70391383095024,-14.343143158576888,31.122366659680203,-12.084398738883321,3.273540026,1.652066929,,,,"95",2124,"7.3",824008,681351,694384,687093,694203,687263,642350,545361,666176,"53.18",,,,,,,,24,1,"4-Seam Fastball",0,6,6,0,6,0,6,0,"Standard","Standard",217,"-0.001","0.034",,,,,"-0.034",,-6,6,0.061,0.9390000000000001,26,29,27,30,2,1,8,1,,1,"1.13","0.95","0.95","37.5",,,,,
"CH","2026-07-18","82.5","-2.63","5.58","Rodriguez, Grayson",656716,680570,"field_error","hit_into_play",,,,,13,"Zach McKinstry reaches on a throwing error by second baseman Vaughn Grissom.","R","L","R","LAA","DET","X",4,"ground_ball",0,1,2026,"-1.16","0.47",-0.42996568699054705,1.3121608187227718,,,,1,3,"Top",137.74,155.52,,,,,7.38847855858097,-119.86884694912747,-3.9464298081203117,-12.62962198848275,22.410306643252614,-27.053803299828616,3.169980315,1.59980315,9,"90.8",-8,"84.1",1900,"7.4",824008,681351,694384,687093,694203,687263,642350,545361,666176,"53.14",0.195,0.178,"0.9",1,0,0,2,23,2,"Changeup",0,6,6,0,6,0,6,0,"Standard","Standard",250,"-0.005","0.509","77.1","7.2",,0.216,"-0.509","90.8",-6,6,0.066,0.9339999999999999,26,31,27,31,2,1,8,1,,1,"2.88","1.16","-1.16","35.9",9.071969070015275,5.514079753871595,42.54395814241878,38.919943386765155,25.55004055529416
"CU","2026-07-18","79.4","-2.43","5.66","Rodriguez, Grayson",656716,680570,,"called_strike",,,,,9,,"R","L","R","LAA","DET","S",,,0,0,2026,"0.23","-0.75",0.6405058989566077,1.6677541560086206,,,,1,3,"Top",,,,,,,6.262672861074994,-115.41996491397131,-0.2536643496797346,0.8117136438974184,22.359378050560508,-39.04542617132681,3.169980315,1.59980315,,,,"80.2",2649,"7",824008,681351,694384,687093,694203,687263,642350,545361,666176,"53.52",,,,,,,,23,1,"Curveball",0,6,6,0,6,0,6,0,"Standard","Standard",36,"0","-0.042",,,,,"0.042",,-6,6,0.066,0.9339999999999999,26,31,27,31,2,1,8,1,,1,"4.39","-0.23","0.23","39.6",,,,,
"FF","2026-07-18","95.7","-2.55","5.58","Rodriguez, Grayson",681481,680570,"field_out","hit_into_play",,,,,1,"Kerry Carpenter grounds out, third baseman Denzer Guzman to first baseman Nolan Schanuel.","R","L","R","LAA","DET","X",5,"ground_ball",1,2,2026,"-1","1.39",-0.6764105508841496,2.7599400601024717,,,,0,3,"Top",111.56,149,,,,,7.2875224582170075,-139.02631562933152,-4.8170324169632,-14.682713244605388,34.43410119253129,-13.250822997775154,3.234046916,1.632135827,14,"99.6",-10,"96.7",2265,"7.2",824008,681351,694384,687093,694203,687263,642350,545361,666176,"53.3",0.255,0.244,"0",1,0,0,2,22,4,"4-Seam Fastball",0,6,6,0,6,0,6,0,"Infield shade","Standard",227,"0.003","-0.189","67.2","6.1",,0.286,"0.189","99.6",-6,6,0.063,0.937,26,28,27,29,2,1,8,1,,1,"1.13","1","-1","35.4",5.947475622218359,31.44579679501923,30.21845070772785,47.010880383951445,10.935483257994019
"CH","2026-07-18","81.6","-2.49","5.63","Rodriguez, Grayson",681481,680570,,"foul",,,,,7,,"R","L","R","LAA","DET","S",,,1,1,2026,"-1.07","0.57",-0.4990309961652599,1.7703137610830368,,,,0,3,"Top",,,,,,,6.627846427226231,-118.72091961888611,-3.0445485186675825,-11.378038172783308,21.624380577247805,-26.430420475847907,3.234046916,1.632135827,2,"78.8",-36,"83.1",1832,"7.2",824008,681351,694384,687093,694203,687263,642350,545361,666176,"53.3",,,,,,,,22,3,"Changeup",0,6,6,0,6,0,6,0,"Infield shade","Standard",243,"0.002","-0.062","68.8","8.5",,,"0.062","88.0",-6,6,0.061,0.9390000000000001,26,28,27,29,2,1,8,1,,1,"2.84","1.07","-1.07","35.7",28.82110491089398,-12.577196541077365,33.51462084601453,45.42050926136508,35.30590255609958
"FF","2026-07-18","93.5","-2.66","5.57","Rodriguez, Grayson",681481,680570,,"foul",,,,,4,,"R","L","R","LAA","DET","S",,,1,0,2026,"-1.11","1.03",-0.3244912592211249,2.606341145283987,,,,0,3,"Top",,,,,,,8.571914024455921,-135.87412742537992,-4.0670291031918415,-15.600507119167224,28.223214175723854,-18.65861606590705,3.234046916,1.632135827,220,"95.8",63,"95.1",2266,"7.2",824008,681351,694384,687093,694203,687263,642350,545361,666176,"53.34",,,,,,,,22,2,"4-Seam Fastball",0,6,6,0,6,0,6,0,"Infield shade","Standard",217,"0.001","-0.058","74.6","7.3",,,"0.058","95.8",-6,6,0.06,0.94,26,28,27,29,2,1,8,1,,1,"1.57","1.11","-1.11","33.0",20.151491295101202,7.243920109045936,32.93049091923335,43.517001851407635,25.15517001650447
"CU","2026-07-18","79.8","-2.58","5.73","Rodriguez, Grayson",681481,680570,,"ball",,,,,14,,"R","L","R","LAA","DET","B",,,0,0,2026,"0.39","-0.66",1.3224249150819607,0.3744262169260817,,,,0,3,"Top",,,,,,,7.823434686932035,-116.00202289780107,-3.521872797982359,2.0230764168031157,22.185670845273552,-37.63770781694609,3.234046916,1.632135827,,,,"80.9",2704,"7.1",824008,681351,694384,687093,694203,687263,642350,545361,666176,"53.38",,,,,,,,22,1,"Curveball",0,6,6,0,6,0,6,0,"Infield shade","Standard",36,"-0.001","0.044",,,,,"-0.044",,-6,6,0.061,0.9390000000000001,26,28,27,29,2,1,8,1,,1,"4.25","-0.39","0.39","39.6",,,,,
"CH","2026-07-18","82.4","-2.37","5.58","Rodriguez, Grayson",679529,680570,"strikeout","swinging_strike",,,,,13,"Spencer Torkelson strikes out swinging.","R","R","R","LAA","DET","S",2,,1,2,2026,"-0.82","0.33",-0.19546409558171884,1.2940261489770144,693307,,,2,2,"Top",,,,,,,6.6233691576658735,-119.89389053914125,-3.7029880794382173,-9.141184383439777,22.89681225187452,-28.42761653090564,3.232291667,1.63125,,,,"84",1720,"7.3",824008,681351,694384,687093,694203,687263,642350,545361,666176,"53.19",,0,"0",1,0,0,,17,5,"Changeup",0,6,6,0,6,0,6,0,"Standard","Standard",254,"0.006","-0.236","74.3","8.9","2.87662992",,"0.236",,-6,6,0.078,0.922,26,26,27,27,2,1,8,1,,1,"3.02","0.82","0.82","35.5",31.391920325062692,-34.28964989188097,46.52312332054763,32.88404189015315,49.84525711428189
"FF","2026-07-18","97.2","-2.19","5.72","Rodriguez, Grayson",679529,680570,,"ball",,,,,12,,"R","R","R","LAA","DET","B",,,0,2,2026,"-0.88","1.38",1.111929423675788,3.6696854055599424,693307,,,2,2,"Top",,,,,,,10.935003810302616,-141.00557649979888,-2.963907470061556,-14.306067442414577,34.881194536982846,-13.398952407953805,3.232291667,1.63125,,,,"98.1",2263,"7.2",824008,681351,694384,687093,694203,687263,642350,545361,666176,"53.33",,,,,,,,17,4,"4-Seam Fastball",0,6,6,0,6,0,6,0,"Standard","Standard",214,"-0.001","0.026",,,,,"-0.026",,-6,6,0.079,0.921,26,26,27,27,2,1,8,1,,1,"1.07","0.88","0.88","40.3",,,,,
"FF","2026-07-18","96.5","-2.28","5.66","Rodriguez, Grayson",679529,680570,,"foul",,,,,2,,"R","R","R","LAA","DET","S",,,0,2,2026,"-1.03","1.51",0.2178727390409645,2.9085330180038205,693307,,,2,2,"Top",,,,,,,9.064665684046536,-140.1316279191168,-5.075423668036808,-15.59916384461078,32.36972317699851,-11.365335561005184,3.232291667,1.63125,221,"79",50,"97.7",2300,"7.1",824008,681351,694384,687093,694203,687263,642350,545361,666176,"53.36",,,,,,,,17,3,"4-Seam Fastball",0,6,6,0,6,0,6,0,"Standard","Standard",221,"0","0","69.6","6.7",,,"0","88.0",-6,6,0.079,0.921,26,26,27,27,2,1,8,1,,1,"0.96","1.03","1.03","38.4",-2.96841965508738,10.854453802479958,33.10527019349626,38.616583022405976,20.350419078881167
"SL","2026-07-18","83.4","-2.41","5.66","Rodriguez, Grayson",679529,680570,,"swinging_strike",,,,,14,,"R","R","R","LAA","DET","S",,,0,1,2026,"0.43","0.18",0.10317042511046931,1.2429404757724378,693307,,,2,2,"Top",,,,,,,4.918261739836913,-121.46835578587427,-3.9270961546011964,3.338128122726628,22.476133965940328,-29.80578767990567,3.232291667,1.63125,,,,"84.7",2343,"7",824008,681351,694384,687093,694203,687263,642350,545361,666176,"53.52",,,,,,,,17,2,"Slider",0,6,6,0,6,0,6,0,"Standard","Standard",88,"0.003","-0.053","74.1","8.4","1.237140456",,"0.053",,-6,6,0.076,0.924,26,26,27,27,2,1,8,1,,1,"3.07","-0.43","-0.43","37.9",23.632863223674196,-17.882078138068064,44.91135233934503,36.04558803238071,40.8943049849511
"CU","2026-07-18","79.7","-2.46","5.71","Rodriguez, Grayson",679529,680570,,"called_strike",,,,,6,,"R","R","R","LAA","DET","S",,,0,0,2026,"0.65","-0.59",0.6559447416762552,2.219063206569096,693307,,,2,2,"Top",,,,,,,5.580607928702118,-115.9671144451302,0.501734177820879,4.719641696595564,23.75098957270443,-37.80890905634088,3.232291667,1.63125,,,,"80.4",2747,"7",824008,681351,694384,687093,694203,687263,642350,545361,666176,"53.51",,,,,,,,17,1,"Curveball",0,6,6,0,6,0,6,0,"Standard","Standard",42,"0.001","-0.034",,,,,"0.034",,-6,6,0.075,0.925,26,26,27,27,2,1,8,1,,1,"4.21","-0.65","-0.65","40.8",,,,,
"CH","2026-07-18","81.7","-2.41","5.58","Rodriguez, Grayson",682985,680570,"sac_fly","hit_into_play",,,,,4,"Riley Greene out on a sacrifice fly to center fielder Mike Trout. Kevin McGonigle scores. Dillon Dingler to 3rd.","R","L","R","LAA","DET","X",8,"line_drive",0,2,2026,"-0.82","0.54",-0.6801000520354542,2.573845571667962,805808,693307,,1,2,"Top",117.14,54.74,,,,,5.564365264465157,-118.85780836164813,-1.0760464025341587,-8.807212849996422,21.904837069305316,-27.071428208037283,3.303379265,1.667125984,358,"104.4",20,"83.3",1548,"7.3",824008,681351,694384,687093,694203,687263,642350,545361,666176,"53.2",,0.699,"0",1,0,0,6,16,4,"Changeup",0,5,5,0,6,0,6,0,"Strategic","Standard",248,"-0.015","-0.088","77.7","6.8",,,"0.088","104.4",-5,5,0.09,0.91,26,25,27,26,2,1,8,1,,1,"2.87","0.82","-0.82","36.6",14.828220974411893,8.624332164965068,36.099616583811205,41.07998452675707,31.58385475616044
"CH","2026-07-18","82.1","-2.42","5.63","Rodriguez, Grayson",682985,680570,,"foul",,,,,13,,"R","L","R","LAA","DET","S",,,0,2,2026,"-0.94","0.38",-1.0166622767801163,1.6693062416222593,805808,693307,,1,2,"Top",,,,,,,5.082942342695388,-119.53179280849564,-2.965998889633523,-10.019406235712038,23.447040193399186,-28.186250310544423,3.303379265,1.667125984,3,"63.9",-30,"83.5",1841,"7.2",824008,681351,694384,687093,694203,687263,642350,545361,666176,"53.31",,,,,,,,16,3,"Changeup",0,5,5,0,5,0,5,0,"Strategic","Standard",247,"0","0","66.8","7.8",,,"0","88.0",-5,5,0.09,0.91,26,25,27,26,2,1,8,1,,1,"3.01","0.94","-0.94","39.0",23.10028422208048,-9.831463928116596,42.1019019595601,44.4983606591827,41.95071651085776
"FF","2026-07-18","95.6","-2.43","5.65","Rodriguez, Grayson",682985,680570,,"swinging_strike",,,,,5,,"R","L","R","LAA","DET","S",,,0,1,2026,"-1.15","1.36",-0.1412394996660944,2.659793631473841,805808,693307,,1,2,"Top",,,,,,,8.699991759469558,-138.86341156923416,-5.1810347136499235,-16.883297830433886,33.98199654481176,-13.629063136045751,3.303379265,1.667125984,,,,"96.5",2413,"7.1",824008,681351,694384,687093,694203,687263,642350,545361,666176,"53.39",,,,,,,,16,2,"4-Seam Fastball",0,5,5,0,5,0,5,0,"Strategic","Standard",221,"0.006","-0.07","78.4","6.9","0.146920068",,"0.07",,-5,5,0.084,0.916,26,25,27,26,2,1,8,1,,1,"1.16","1.15","-1.15","36.5",14.369560287067838,-1.5124494553689147,46.91953396565128,36.30632317733082,30.13180918148975
"CH","2026-07-18","81.8","-2.54","5.61","Rodriguez, Grayson",682985,680570,,"called_strike",,,,,4,,"R","L","R","LAA","DET","S",,,0,0,2026,"-0.89","0.56",-0.5519108377619071,2.534157362178613,805808,693307,,1,2,"Top",,,,,,,6.288483522304763,-119.01037988949115,-1.2816655747866628,-9.659039188522849,21.73212702988363,-26.841603531598285,3.303379265,1.667125984,,,,"83.3",1763,"7.2",824008,681351,694384,687093,694203,687263,642350,545361,666176,"53.32",,,,,,,,16,1,"Changeup",0,5,5,0,5,0,5,0,"Strategic","Standard",248,"0.004","-0.065",,,,,"0.065",,-5,5,0.08,0.92,26,25,27,26,2,1,8,1,,1,"2.84","0.89","-0.89","35.9",,,,,
"CU","2026-07-18","81.4","-2.34","5.73","Rodriguez, Grayson",690993,680570,"sac_fly","hit_into_play",,,,,5,"Colt Keith out on a sacrifice fly to center fielder Mike Trout. James Outman scores. Kevin McGonigle to 3rd. Dillon Dingler to 2nd.","R","L","R","LAA","DET","X",8,"fly_ball",0,0,2026,"0.51","-0.37",0.22145425346848335,2.32769852098295,681546,805808,693307,0,2,"Top",123.45,42.14,,,,,4.740272398132668,-118.49816912208968,-0.11515625170872612,3.891527048556616,21.965369664453785,-35.82425573813357,3.27792815,1.654281496,387,"98.2",34,"82.5",2690,"7",824008,681351,694384,687093,694203,687263,642350,545361,666176,"53.55",,0.502,"0",1,0,0,5,15,1,"Curveball",0,4,4,0,5,0,5,0,"Standard","Standard",40,"-0.009","-0.221","69.5","7.0",,,"0.221","98.2",-4,4,0.089,0.911,26,24,27,25,2,1,8,1,,1,"3.8","-0.51","0.51","43.8",12.171162708222129,-4.308050675968251,36.64350883735977,35.41478372217556,30.626512803710312
"SL","2026-07-18","85.1","-2.41","5.71","Rodriguez, Grayson",693307,680570,"hit_by_pitch","hit_by_pitch",,,,,11,"Dillon Dingler hit by pitch. James Outman to 3rd. Kevin McGonigle to 2nd.","R","R","R","LAA","DET","B",,,3,2,2026,"0.54","0.03",-1.0533498432849868,3.4320309074485094,,681546,805808,0,2,"Top",,,,,,,2.05784633347516,-124.06017537993657,1.0367694958751283,5.273519357177469,22.34028583138241,-32.28725841776482,3.271784777,1.651181102,,,,"86.5",2471,"6.8",824008,681351,694384,687093,694203,687263,642350,545361,666176,"53.66",,0.72904,"0.7",1,0,0,,14,6,"Slider",0,4,4,0,4,0,4,0,"Standard","Standard",100,"-0.025","0.361",,,,,"-0.361",,-4,4,0.114,0.886,26,27,27,28,2,1,8,1,,1,"3.08","-0.54","-0.54","41.0",,,,,
"FF","2026-07-18","97.2","-2.28","5.67","Rodriguez, Grayson",693307,680570,,"foul",,,,,5,,"R","R","R","LAA","DET","S",,,3,1,2026,"-0.99","1.2",-0.17400511122839524,2.2430681651849445,,681546,805808,0,2,"Top",,,,,,,7.977586664515819,-141.29790367125673,-6.318565739252352,-15.062762948917245,31.711223347728268,-14.836616628613633,3.271784777,1.651181102,3,"83.9",-37,"98.6",2274,"7.1",824008,681351,694384,687093,694203,687263,642350,545361,666176,"53.42",,,,,,,,14,5,"4-Seam Fastball",0,4,4,0,4,0,4,0,"Standard","Standard",217,"0.008","-0.146","75.0","7.0",,,"0.146","88.0",-4,4,0.106,0.894,26,27,27,28,2,1,8,1,,1,"1.22","0.99","0.99","37.0",7.576338321705394,1.734868312724333,37.05753774676628,31.70670055756873,26.490762661773058
"FF","2026-07-18","97","-2.29","5.72","Rodriguez, Grayson",693307,680570,,"called_strike",,,,,1,,"R","R","R","LAA","DET","S",,,3,0,2026,"-0.98","1.35",-0.7162776789270068,3.215449806350324,,681546,805808,0,2,"Top",,,,,,,6.516844910491553,-141.09326672617084,-4.145596546148247,-14.588743173190819,33.13315466040111,-13.431971934675108,3.271784777,1.651181102,,,,"98.2",2232,"7.1",824008,681351,694384,687093,694203,687263,642350,545361,666176,"53.43",,,,,,,,14,4,"4-Seam Fastball",0,4,4,0,4,0,4,0,"Standard","Standard",215,"0.005","-0.07",,,,,"0.07",,-4,4,0.101,0.899,26,27,27,28,2,1,8,1,,1,"1.08","0.98","0.98","40.7",,,,,
"FF","2026-07-18","96.9","-2.2","5.72","Rodriguez, Grayson",693307,680570,,"ball",,,,,14,,"R","R","R","LAA","DET","B",,,2,0,2026,"-0.9","1.37",1.2995400818015193,1.5496359406754254,,681546,805808,0,2,"Top",,,,,,,11.465233013513203,-140.3876513462116,-8.61439985775332,-14.502153638248544,32.21312884446349,-12.18335997747145,3.271784777,1.651181102,,,,"98.1",2188,"7.2",824008,681351,694384,687093,694203,687263,642350,545361,666176,"53.26",,,,,,,,14,3,"4-Seam Fastball",0,4,4,0,4,0,4,0,"Standard","Standard",215,"-0.008","0.159",,,,,"-0.159",,-4,4,0.109,0.891,26,27,27,28,2,1,8,1,,1,"1.08","0.9","0.9","40.8",,,,,
"CH","2026-07-18","81.8","-2.38","5.68","Rodriguez, Grayson",693307,680570,,"ball",,,,,11,,"R","R","R","LAA","DET","B",,,1,0,2026,"-0.66","0.55",-1.378253967787797,3.214114058131344,,681546,805808,0,2,"Top",,,,,,,3.5922354929893325,-119.08854514095434,0.1270625193658128,-6.977937413949858,22.593401122362952,-27.191631444532163,3.271784777,1.651181102,,,,"83.2",1534,"7.1",824008,681351,694384,687093,694203,687263,642350,545361,666176,"53.35",,,,,,,,14,2,"Changeup",0,4,4,0,4,0,4,0,"Infield shade","Standard",254,"-0.006","0.073",,,,,"-0.073",,-4,4,0.115,0.885,26,27,27,28,2,1,8,1,,1,"2.85","0.66","0.66","35.9",,,,,
"CU","2026-07-18","82.5","-2.32","5.76","Rodriguez, Grayson",693307,680570,,"blocked_ball",,,,,14,,"R","R","R","LAA","DET","B",,,0,0,2026,"0.73","-0.17",1.741385826390136,0.6367326132765063,,681546,805808,0,2,"Top",,,,,,,7.755600922783208,-119.80946807527205,-4.509765802780974,5.422100266438065,24.430194480051473,-33.07739235588862,3.271784777,1.651181102,,,,"83.3",2711,"7.1",824008,681351,694384,687093,694203,687263,642350,545361,666176,"53.45",,,,,,,,14,1,"Curveball",0,4,4,0,4,0,4,0,"Standard","Standard",33,"-0.003","0.052",,,,,"-0.052",,-4,4,0.118,0.882,26,27,27,28,2,1,8,1,,1,"3.55","-0.73","-0.73","42.6",,,,,
"FF","2026-07-18","95.4","-2.35","5.6","Rodriguez, Grayson",805808,680570,"single","hit_into_play",,,,,8,"Kevin McGonigle singles on a line drive to left fielder Jose Siri. James Outman to 2nd.","R","L","R","LAA","DET","X",7,"line_drive",3,2,2026,"-1","1.39",-0.1041396779035566,1.555563676870999,,,681546,0,2,"Top",75.87,87.32,,,,,8.239893070500594,-138.51727625339944,-8.038324426469782,-14.683189959592381,31.349635928917973,-12.60966376128704,3.085728346,1.557283465,261,"95.4",16,"96.7",2221,"7.2",824008,681351,694384,687093,694203,687263,642350,545361,666176,"53.29",0.691,0.636,"0.9",1,1,0,4,13,7,"4-Seam Fastball",0,4,4,0,4,0,4,0,"Infield shade","Standard",221,"-0.02","0.408","71.9","6.7",,0.831,"-0.408","95.4",-4,4,0.138,0.862,26,21,27,22,2,1,8,1,,1,"1.13","1","-1","36.4",-3.8052473613773374,8.828928788607733,44.5967045578472,38.990961876591456,26.49591087352321
"FF","2026-07-18","95.8","-2.26","5.66","Rodriguez, Grayson",805808,680570,,"foul",,,,,8,,"R","L","R","LAA","DET","S",,,3,2,2026,"-0.56","1.32",-0.1065900264707853,1.5122680098292989,,,681546,0,2,"Top",,,,,,,6.98175580789604,-139.19780741499287,-8.220842148491759,-8.877460082086817,32.819525836474625,-13.2905839317265,3.085728346,1.557283465,250,"82.2",21,"96.9",2222,"7.1",824008,681351,694384,687093,694203,687263,642350,545361,666176,"53.39",,,,,,,,13,6,"4-Seam Fastball",0,4,4,0,4,0,4,0,"Infield shade","Standard",220,"0","0","69.4","6.2",,,"0","88.0",-4,4,0.138,0.862,26,21,27,22,2,1,8,1,,1,"1.18","0.56","-0.56","37.4",-14.814898191280424,16.690607701865545,43.07331494638414,38.04123453022558,21.37811367223639
"FF","2026-07-18","95.4","-2.35","5.72","Rodriguez, Grayson",805808,680570,,"called_strike",,,,,5,,"R","L","R","LAA","DET","S",,,3,1,2026,"-0.42","1.54",-0.12757540306623688,2.279089043810535,,,681546,0,2,"Top",,,,,,,6.842194907099287,-138.56697827668432,-6.733299358681067,-7.13231442616956,34.49155307685312,-11.02005816713027,3.085728346,1.557283465,,,,"96.3",2235,"7.2",824008,681351,694384,687093,694203,687263,642350,545361,666176,"53.34",,,,,,,,13,5,"4-Seam Fastball",0,4,4,0,4,0,4,0,"Infield shade","Standard",217,"0.006","-0.103",,,,,"0.103",,-4,4,0.132,0.868,26,21,27,22,2,1,8,1,,1,"1","0.42","-0.42","37.4",,,,,
"FF","2026-07-18","95.5","-2.36","5.71","Rodriguez, Grayson",805808,680570,,"ball",,,,,12,,"R","L","R","LAA","DET","B",,,2,1,2026,"-0.62","1.46",0.9373211094322783,2.3796472830812214,,,681546,0,2,"Top",,,,,,,10.111563711726747,-138.62433102541328,-6.302268292451316,-10.307983441725492,32.79972968459016,-12.139401241767954,3.085728346,1.557283465,,,,"96.5",2191,"7.1",824008,681351,694384,687093,694203,687263,642350,545361,666176,"53.39",,,,,,,,13,4,"4-Seam Fastball",0,4,4,0,4,0,4,0,"Infield shade","Standard",215,"-0.008","0.125",,,,,"-0.125",,-4,4,0.14,0.86,26,21,27,22,2,1,8,1,,1,"1.07","0.62","-0.62","38.4",,,,,
"FF","2026-07-18","94.9","-2.36","5.75","Rodriguez, Grayson",805808,680570,,"ball",,,,,12,,"R","L","R","LAA","DET","B",,,1,1,2026,"-0.59","1.49",0.06306758729828033,3.6778488636193654,,,681546,0,2,"Top",,,,,,,7.711661538400254,-137.89367826730864,-2.9705726192359228,-9.33774453986155,32.34101098253711,-12.758341521498355,3.085728346,1.557283465,,,,"95.9",2245,"7.1",824008,681351,694384,687093,694203,687263,642350,545361,666176,"53.43",,,,,,,,13,3,"4-Seam Fastball",0,4,4,0,4,0,4,0,"Infield shade","Standard",217,"-0.003","0.056",,,,,"-0.056",,-4,4,0.143,0.857,26,21,27,22,2,1,8,1,,1,"1.06","0.59","-0.59","38.4",,,,,
"CH","2026-07-18","81.9","-2.42","5.68","Rodriguez, Grayson",805808,680570,,"ball",,,,,13,,"R","L","R","LAA","DET","B",,,0,1,2026,"-0.96","0.62",-0.2619713170984723,1.0744942260404824,,,681546,0,2,"Top",,,,,,,6.814308530745372,-119.11739059246743,-4.92270282856475,-10.370855100964803,21.3820125095485,-25.524234125596806,3.085728346,1.557283465,,,,"83.6",1867,"7.3",824008,681351,694384,687093,694203,687263,642350,545361,666176,"53.19",,,,,,,,13,2,"Changeup",0,4,4,0,4,0,4,0,"Infield shade","Standard",251,"-0.001","0.025",,,,,"-0.025",,-4,4,0.144,0.856,26,21,27,22,2,1,8,1,,1,"2.76","0.96","-0.96","37.0",,,,,
"CU","2026-07-18","80.2","-2.57","5.83","Rodriguez, Grayson",805808,680570,,"foul",,,,,4,,"R","L","R","LAA","DET","S",,,0,0,2026,"0.26","-0.47",-0.6548926862502585,2.4247631095648483,,,681546,0,2,"Top",,,,,,,3.6982481911679974,-116.64523484720436,0.40023293316918074,1.6236321088329755,24.426604224118062,-36.7854124591837,3.085728346,1.557283465,106,"68.2",11,"80.7",2643,"6.9",824008,681351,694384,687093,694203,687263,642350,545361,666176,"53.6",,,,,,,,13,1,"Curveball",0,4,4,0,4,0,4,0,"Infield shade","Standard",38,"0.002","-0.043","68.3","6.0",,,"0.043","88.0",-4,4,0.142,0.858,26,21,27,22,2,1,8,1,,1,"4.05","-0.26","0.26","41.9",-0.9878250738482427,26.215835307145117,32.079196657531476,45.18532153425886,18.693231924051183
"CH","2026-07-18","82.8","-2.58","5.56","Rodriguez, Grayson",681546,680570,"single","hit_into_play",,,,,8,"James Outman singles on a sharp line drive to right fielder Jo Adell.","R","L","R","LAA","DET","X",9,"line_drive",2,2,2026,"-1.1","0.33",0.013528504864241508,1.8281043738892695,,,,0,2,"Top",206.54,107.9,,,,,8.190280195654964,-120.36523153892064,-2.473022875746289,-12.29651961303466,23.201360917275384,-28.68620087302754,3.292847769,1.661811024,243,"102.8",14,"84.3",1960,"7.3",824008,681351,694384,687093,694203,687263,642350,545361,666176,"53.19",0.766,0.794,"0.9",1,1,0,4,12,5,"Changeup",0,4,4,0,4,0,4,0,"Infield shade","Standard",253,"-0.018","0.486","74.5","8.2",,1.095,"-0.486","102.8",-4,4,0.16,0.84,26,29,27,29,1,0,8,6,,1,"3","1.1","-1.1","35.5",19.21488421962427,-11.004298079025814,38.456757263162686,35.54008366257142,35.74488187207936
"FF","2026-07-18","96.1","-2.59","5.63","Rodriguez, Grayson",681546,680570,,"ball",,,,,11,,"R","L","R","LAA","DET","B",,,1,2,2026,"-0.97","1.37",-1.3998124260217444,3.877730191009406,,,,0,2,"Top",,,,,,,5.453791595144543,-139.77274266140086,-1.9920733467318141,-14.024202771898036,36.143121210058666,-14.159227701410405,3.292847769,1.661811024,,,,"96.9",2352,"7.1",824008,681351,694384,687093,694203,687263,642350,545361,666176,"53.4",,,,,,,,12,4,"4-Seam Fastball",0,4,4,0,4,0,4,0,"Infield shade","Standard",217,"-0.001","0.047",,,,,"-0.047",,-4,4,0.161,0.839,26,29,27,29,1,0,8,6,,1,"1.13","0.97","-0.97","38.1",,,,,
"CH","2026-07-18","82.6","-2.63","5.65","Rodriguez, Grayson",681546,680570,,"swinging_strike",,,,,7,,"R","L","R","LAA","DET","S",,,1,1,2026,"-1.09","0.46",-0.3047709048746625,2.0047132098018285,,,,0,2,"Top",,,,,,,7.5162653744519465,-119.98858795658096,-2.4639301646695286,-11.988427387738996,23.862373466525348,-27.47614454772564,3.292847769,1.661811024,,,,"84",1932,"7.4",824008,681351,694384,687093,694203,687263,642350,545361,666176,"53.15",,,,,,,,12,3,"Changeup",0,4,4,0,4,0,4,0,"Standard","Standard",250,"0.003","-0.062","70.5","8.7","1.8698805",,"0.062",,-4,4,0.158,0.842,26,29,27,29,1,0,8,6,,1,"2.9","1.09","-1.09","35.8",28.509955489325325,-31.956844862019484,32.64835782405799,40.139965038569215,51.60697316414992
"CH","2026-07-18","82.2","-2.66","5.64","Rodriguez, Grayson",681546,680570,,"ball",,,,,11,,"R","L","R","LAA","DET","B",,,0,1,2026,"-1.12","0.47",-1.5026356999080677,3.2622576351990196,,,,0,2,"Top",,,,,,,4.8840749479021985,-119.57283158381296,0.477678470554601,-11.711334606248933,24.50266433281846,-28.046031975010756,3.292847769,1.661811024,,,,"83.2",1868,"7.1",824008,681351,694384,687093,694203,687263,642350,545361,666176,"53.37",,,,,,,,12,2,"Changeup",0,4,4,0,4,0,4,0,"Standard","Standard",252,"-0.002","0.03",,,,,"-0.03",,-4,4,0.16,0.84,26,29,27,29,1,0,8,6,,1,"2.93","1.12","-1.12","37.9",,,,,
"FF","2026-07-18","95.1","-2.61","5.68","Rodriguez, Grayson",681546,680570,,"foul",,,,,4,,"R","L","R","LAA","DET","S",,,0,0,2026,"-0.82","1.28",-0.4864089355295187,2.6605526707642264,,,,0,2,"Top",,,,,,,7.481720959075727,-138.04625115368518,-4.94327607889336,-12.344387264545249,36.381342569153155,-14.913877550382878,3.292847769,1.661811024,,,,"95.7",2292,"7.2",824008,681351,694384,687093,694203,687263,642350,545361,666176,"53.29",,,,,,,,12,1,"4-Seam Fastball",0,4,4,0,4,0,4,0,"Standard","Standard",219,"0.002","-0.043","75.9","8.1",,,"0.043",,-4,4,0.158,0.842,26,29,27,29,1,0,8,6,,1,"1.29","0.82","-0.82","38.2",24.35285242239241,-9.7808627058227,30.65987841372742,43.27496551935033,39.87638694366525
"SL","2026-07-18","85.7","-2.62","5.62","Rodriguez, Grayson",663837,680570,"field_out","hit_into_play",,,,,4,"Matt Vierling lines out sharply to left fielder Jose Siri.","R","R","R","LAA","DET","X",7,"line_drive",1,1,2026,"0.54","0.1",-0.35965151124741024,2.161085542083035,,,656716,2,1,"Top",60.49,82.05,,,,,4.221262338647579,-124.79584471603792,-1.9378392001540647,4.8383287005210445,24.423654765143006,-30.995267919253326,3.273540026,1.652066929,331,"107.4",16,"87.1",2353,"7.1",824008,681351,694384,687093,694203,687263,642350,545361,666176,"53.4",0.626,0.737,"0",1,0,0,5,8,3,"Slider",0,4,4,0,4,0,4,0,"Standard","Standard",111,"0.01","-0.266","73.3","7.4",,1.124,"0.266","107.4",-4,4,0.186,0.8140000000000001,26,29,27,30,1,0,8,1,,1,"3","-0.54","-0.54","34.5",12.109468599710505,-11.842421221544175,33.19070731347376,30.011548559695882,36.4642395450379
"FF","2026-07-18","96.6","-2.44","5.65","Rodriguez, Grayson",663837,680570,,"ball",,,,,14,,"R","R","R","LAA","DET","B",,,0,1,2026,"-1.2","1.26",0.9637565152602416,2.078460195516213,,,656716,2,1,"Top",,,,,,,11.890053479208337,-140.0400221369904,-6.688047543360019,-18.568603793585364,32.498234920565885,-14.184604427158527,3.273540026,1.652066929,,,,"97.8",2160,"7.2",824008,681351,694384,687093,694203,687263,642350,545361,666176,"53.29",,,,,,,,8,2,"4-Seam Fastball",0,4,4,0,4,0,4,0,"Standard","Standard",223,"-0.001","0.03",,,,,"-0.03",,-4,4,0.187,0.813,26,29,27,30,1,0,8,1,,1,"1.21","1.2","1.2","37.8",,,,,
"FF","2026-07-18","96.4","-2.53","5.61","Rodriguez, Grayson",663837,680570,,"called_strike",,,,,7,,"R","R","R","LAA","DET","S",,,0,0,2026,"-1.26","1.35",-0.5454310061603778,2.1126088343554907,,,656716,2,1,"Top",,,,,,,8.249782195918389,-140.00620988551626,-6.678341165400163,-18.506423034516963,33.11974047347642,-13.109843105265059,3.273540026,1.652066929,,,,"97.7",2185,"7.2",824008,681351,694384,687093,694203,687263,642350,545361,666176,"53.28",,,,,,,,8,1,"4-Seam Fastball",0,4,4,0,4,0,4,0,"Standard","Standard",221,"0.002","-0.042",,,,,"0.042",,-4,4,0.185,0.815,26,29,27,30,1,0,8,1,,1,"1.13","1.26","1.26","37.9",,,,,
"FF","2026-07-18","97.6","-2.49","5.56","Rodriguez, Grayson",656716,680570,"walk","ball",,,,,11,"Zach McKinstry walks.","R","L","R","LAA","DET","B",,,3,2,2026,"-1.2","1.32",-1.2710151821113007,2.7175834404816115,,,,2,1,"Top",,,,,,,6.1553123087645085,-141.9160376846271,-5.076352402773477,-17.66836779673431,35.12352272196234,-13.34679852603701,3.169980315,1.59980315,,,,"98.8",2321,"7.2",824008,681351,694384,687093,694203,687263,642350,545361,666176,"53.32",,0.698289,"0.7",1,0,0,,7,7,"4-Seam Fastball",0,4,4,0,4,0,4,0,"Infield shade","Standard",223,"-0.005","0.295",,,,,"-0.295",,-4,4,0.19,0.81,26,31,27,31,1,0,8,1,,1,"1.09","1.2","-1.2","38.5",,,,,
"CH","2026-07-18","85.4","-2.61","5.6","Rodriguez, Grayson",656716,680570,,"foul",,,,,7,,"R","L","R","LAA","DET","S",,,3,2,2026,"-1.02","0.48",-0.46926712537977,1.818869498235081,,,,2,1,"Top",,,,,,,7.205643515540179,-124.21197327541131,-3.4543044536834557,-11.990184069107055,23.276138581895736,-26.694457091307196,3.169980315,1.59980315,182,"67.3",55,"87.3",1926,"7.3",824008,681351,694384,687093,694203,687263,642350,545361,666176,"53.15",,,,,,,,7,6,"Changeup",0,4,4,0,4,0,4,0,"Infield shade","Standard",248,"0","0","66.3","7.4",,,"0","88.0",-4,4,0.19,0.81,26,31,27,31,1,0,8,1,,1,"2.63","1.02","-1.02","36.0",10.282885230582304,-4.102312183383215,37.26124153734299,38.98816896853532,32.15947729786578
"FF","2026-07-18","96.6","-2.43","5.68","Rodriguez, Grayson",656716,680570,,"ball",,,,,14,,"R","L","R","LAA","DET","B",,,2,2,2026,"-1.1","1.16",1.1411552015908504,1.5140743793722136,,,,2,1,"Top",,,,,,,12.092710160185446,-139.99649690652933,-8.053937092318376,-17.150727404394768,30.97009246692081,-15.216214437128986,3.169980315,1.59980315,,,,"98",2362,"7.2",824008,681351,694384,687093,694203,687263,642350,545361,666176,"53.26",,,,,,,,7,5,"4-Seam Fastball",0,4,4,0,4,0,4,0,"Infield shade","Standard",220,"-0.002","0.086",,,,,"-0.086",,-4,4,0.192,0.808,26,31,27,31,1,0,8,1,,1,"1.3","1.1","-1.1","35.7",,,,,
"CH","2026-07-18","83.2","-2.66","5.64","Rodriguez, Grayson",656716,680570,,"ball",,,,,13,,"R","L","R","LAA","DET","B",,,1,2,2026,"-0.98","0.53",-1.8872950910598871,1.089769355839028,,,,2,1,"Top",,,,,,,3.779091669557621,-121.11442345745715,-4.939190032475738,-10.386625519840464,21.576396202976344,-26.211482683235335,3.169980315,1.59980315,,,,"85.2",1858,"7.4",824008,681351,694384,687093,694203,687263,642350,545361,666176,"53.12",,,,,,,,7,4,"Changeup",0,4,4,0,4,0,4,0,"Infield shade","Standard",251,"0","0.044",,,,,"-0.044",,-4,4,0.192,0.808,26,31,27,31,1,0,8,1,,1,"2.74","0.98","-0.98","34.3",,,,,
"CH","2026-07-18","83.9","-2.52","5.63","Rodriguez, Grayson",656716,680570,,"swinging_strike",,,,,8,,"R","L","R","LAA","DET","S",,,1,1,2026,"-1.2","0.72",0.23238850170015457,1.6695156030550193,,,,2,1,"Top",,,,,,,8.86774075146694,-121.8735540468859,-4.017149217668698,-13.720210472450708,23.108514847889495,-24.426224857246247,3.169980315,1.59980315,,,,"85.5",1879,"7.3",824008,681351,694384,687093,694203,687263,642350,545361,666176,"53.19",,,,,,,,7,3,"Changeup",0,4,4,0,4,0,4,0,"Standard","Standard",249,"0.001","-0.069","69.3","8.2","1.01912556",,"0.069",,-4,4,0.191,0.8089999999999999,26,31,27,31,1,0,8,1,,1,"2.52","1.2","-1.2","37.2",33.33335344820401,-30.541964013532628,40.379828439494766,31.283520069789954,45.55659989246654
"CH","2026-07-18","83.4","-2.61","5.61","Rodriguez, Grayson",656716,680570,,"ball",,,,,13,,"R","L","R","LAA","DET","B",,,0,1,2026,"-1.13","0.72",-0.8916433141096318,1.955666615403778,,,,2,1,"Top",,,,,,,6.296707939857379,-121.27204037439041,-3.2211166760342134,-12.388472514120394,23.553121170372627,-24.64860184068484,3.169980315,1.59980315,,,,"85",1800,"7.4",824008,681351,694384,687093,694203,687263,642350,545361,666176,"53.15",,,,,,,,7,2,"Changeup",0,4,4,0,4,0,4,0,"Standard","Standard",251,"-0.001","0.031",,,,,"-0.031",,-4,4,0.192,0.808,26,31,27,31,1,0,8,1,,1,"2.56","1.13","-1.13","37.1",,,,,
"CU","2026-07-18","81.5","-2.37","5.75","Rodriguez, Grayson",656716,680570,,"called_strike",,,,,6,,"R","L","R","LAA","DET","S",,,0,0,2026,"0.45","-0.57",0.6684289440026339,2.597953124298751,,,,2,1,"Top",,,,,,,5.967118213905419,-118.56160542459939,0.9474901259374604,2.9159511622836987,25.227883214080077,-37.94569981219586,3.169980315,1.59980315,,,,"82.5",2791,"7.2",824008,681351,694384,687093,694203,687263,642350,545361,666176,"53.28",,,,,,,,7,1,"Curveball",0,4,4,0,4,0,4,0,"Standard","Standard",49,"0.001","-0.044",,,,,"0.044",,-4,4,0.191,0.8089999999999999,26,31,27,31,1,0,8,1,,1,"4.03","-0.45","0.45","41.1",,,,,
"FF","2026-07-18","95.6","-2.59","5.61","Rodriguez, Grayson",681481,680570,"field_out","hit_into_play",,,,,5,"Kerry Carpenter pops out to shortstop Zach Neto.","R","L","R","LAA","DET","X",6,"popup",1,0,2026,"-1.31","1.01",-0.17233115530210052,2.128682785974398,,,,1,1,"Top",106.66,138.13,,,,,9.474638412793716,-138.84162120706628,-5.7334216663923,-19.09324346264838,31.991770773815773,-17.929358156293993,3.234046916,1.632135827,164,"86.5",66,"97.1",2263,"7.3",824008,681351,694384,687093,694203,687263,642350,545361,666176,"53.17",0.006,0.007,"0",1,0,0,3,6,2,"4-Seam Fastball",0,4,4,0,4,0,4,0,"Infield shade","Standard",225,"0.009","-0.307","76.4","7.7",,0.01,"0.307","88.0",-4,4,0.182,0.8180000000000001,26,28,27,29,1,0,8,1,,1,"1.5","1.31","-1.31","41.1",23.563304947391277,-0.42647090716218766,35.25539634488767,42.167525348685444,32.19318864878679
"FF","2026-07-18","96.6","-2.73","5.6","Rodriguez, Grayson",681481,680570,,"ball",,,,,13,,"R","L","R","LAA","DET","B",,,0,0,2026,"-1.24","1.14",-0.17812454820579693,0.9158191664646178,,,,1,1,"Top",,,,,,,9.755476102154377,-140.08828531938258,-9.404591394201898,-18.586936522828683,32.79160791911881,-15.051345749246355,3.234046916,1.632135827,,,,"98",2310,"7.3",824008,681351,694384,687093,694203,687263,642350,545361,666176,"53.18",,,,,,,,6,1,"4-Seam Fastball",0,4,4,0,4,0,4,0,"Infield shade","Standard",219,"-0.001","0.043",,,,,"-0.043",,-4,4,0.183,0.817,26,28,27,29,1,0,8,1,,1,"1.32","1.24","-1.24","34.0",,,,,
"FF","2026-07-18","94.6","-2.18","5.75","Rodriguez, Grayson",679529,680570,"home_run","hit_into_play",,,,,5,"Spencer Torkelson homers (17) on a fly ball to left center field. Dillon Dingler scores. Colt Keith scores.","R","R","R","LAA","DET","X",,"fly_ball",0,0,2026,"-1.2","1.12",0.2131721102411026,2.4979029724403263,693307,,690993,1,1,"Top",76.12,38.42,,,,,9.008154463185091,-137.39419161982318,-5.165587930504232,-17.26263166960647,31.120688621040017,-17.008146423825135,3.232291667,1.63125,415,"104.2",34,"95.8",2130,"7.1",824008,681351,694384,687093,694203,687263,642350,545361,666176,"53.38",0.703,1.414,"2",1,0,3,6,5,1,"4-Seam Fastball",0,1,1,0,4,0,4,0,"Standard","Standard",221,"-0.161","1.179","78.5","7.9",,2.756,"-1.179","104.2",-1,1,0.344,0.656,26,26,27,27,1,0,8,1,,1,"1.44","1.2","1.2","40.9",13.201081126392198,-9.442508979910363,36.76314441161946,38.12722221391629,29.981288335766333
"CH","2026-07-18","82.2","-2.41","5.75","Rodriguez, Grayson",682985,680570,"strikeout","swinging_strike",,,,,8,"Riley Greene strikes out swinging.","R","L","R","LAA","DET","S",2,,1,2,2026,"-1.31","0.38",-0.14591952670158004,1.5563141747955394,693307,,690993,0,1,"Top",,,,,,,7.762500844068615,-119.43219379989436,-3.4850379749772236,-14.017088089577047,23.691376323142073,-28.05441213516399,3.303379265,1.667125984,,,,"83.4",1710,"7.2",824008,681351,694384,687093,694203,687263,642350,545361,666176,"53.29",,0,"0",1,0,0,,4,4,"Changeup",0,1,1,0,1,0,1,0,"Standard","Standard",251,"0.032","-0.258","71.4","8.2","5.10513222",,"0.258",,-1,1,0.312,0.688,26,25,27,26,1,0,8,1,,1,"3.01","1.31","-1.31","36.2",31.197957798667744,-30.053751478228136,47.02006714470413,36.65278887908307,52.45399644128243
"FF","2026-07-18","94.6","-2.32","5.85","Rodriguez, Grayson",682985,680570,,"ball",,,,,12,,"R","L","R","LAA","DET","B",,,0,2,2026,"-1.39","1.05",0.18015944000775286,4.42824581507963,693307,,690993,0,1,"Top",,,,,,,9.718797183452281,-137.4077335379744,-0.20705246832682422,-19.83473893872541,32.86575362658661,-19.115908035763287,3.303379265,1.667125984,,,,"95.4",2178,"7",824008,681351,694384,687093,694203,687263,642350,545361,666176,"53.47",,,,,,,,4,3,"4-Seam Fastball",0,1,1,0,1,0,1,0,"Standard","Standard",224,"-0.004","0.019",,,,,"-0.019",,-1,1,0.316,0.6839999999999999,26,25,27,26,1,0,8,1,,1,"1.52","1.39","-1.39","39.8",,,,,
"FF","2026-07-18","95","-2.42","5.72","Rodriguez, Grayson",682985,680570,,"foul",,,,,4,,"R","L","R","LAA","DET","S",,,0,1,2026,"-0.99","1.25",-0.3296771742232495,2.4870831464591747,693307,,690993,0,1,"Top",,,,,,,7.772448694768372,-138.0870729956922,-5.509911393319002,-14.374548439141257,31.175537914825497,-15.169952568456115,3.303379265,1.667125984,,,,"96.5",2067,"7.2",824008,681351,694384,687093,694203,687263,642350,545361,666176,"53.28",,,,,,,,4,2,"4-Seam Fastball",0,1,1,0,1,0,1,0,"Standard","Standard",226,"0.011","-0.063","77.4","6.5",,,"0.063",,-1,1,0.305,0.6950000000000001,26,25,27,26,1,0,8,1,,1,"1.29","0.99","-0.99","40.2",4.241639110952896,11.015616744114428,45.74832960740654,38.8383991278477,25.493685580617047
"FF","2026-07-18","95.8","-2.45","5.75","Rodriguez, Grayson",682985,680570,,"foul",,,,,5,,"R","L","R","LAA","DET","S",,,0,0,2026,"-0.97","1.38",-0.12127267123506225,2.33440755766895,693307,,690993,0,1,"Top",,,,,,,8.42725487564759,-139.2005589092789,-6.444130545753375,-14.446628325160484,31.08096649206945,-12.935020446677692,3.303379265,1.667125984,233,"78.6",49,"97.3",2230,"7.2",824008,681351,694384,687093,694203,687263,642350,545361,666176,"53.32",,,,,,,,4,1,"4-Seam Fastball",0,1,1,0,1,0,1,0,"Standard","Standard",224,"0.007","-0.037","75.1","7.2",,,"0.037","88.0",-1,1,0.298,0.702,26,25,27,26,1,0,8,1,,1,"1.11","0.97","-0.97","38.8",31.416309703384922,13.550556955867084,37.338716035739125,36.62061768559126,29.001238110489485
"FF","2026-07-18","94.9","-2.57","5.79","Rodriguez, Grayson",690993,680570,"single","hit_into_play",,,,,1,"Colt Keith singles on a sharp line drive to center fielder Mike Trout. Kevin McGonigle scores. Dillon Dingler to 3rd.","R","L","R","LAA","DET","X",8,"line_drive",1,0,2026,"-0.94","1.36",-0.5095889611847689,3.3016374847601737,,805808,693307,0,1,"Top",99.14,76.93,,,,,7.568396811857295,-137.99779248532622,-3.7792436883227754,-13.665183431332938,31.254178341481452,-14.186462976920337,3.27792815,1.654281496,241,"103.4",11,"96.2",2213,"7.1",824008,681351,694384,687093,694203,687263,642350,545361,666176,"53.41",0.94,0.911,"0.9",1,1,0,4,3,2,"4-Seam Fastball",0,0,0,0,1,0,1,0,"Standard","Standard",222,"-0.105","0.431","69.5","5.9",,1.16,"-0.431","103.4",0,0,0.403,0.597,26,24,27,25,1,0,8,1,,1,"1.18","0.94","-0.94","38.5",5.016468289408094,15.048022386990723,25.184703757402982,43.07790963792651,21.259319170999163
"CH","2026-07-18","81.8","-2.66","5.74","Rodriguez, Grayson",690993,680570,,"ball",,,,,11,,"R","L","R","LAA","DET","B",,,0,0,2026,"-0.71","0.54",-0.873763244007679,2.684682199345882,,805808,693307,0,1,"Top",,,,,,,5.471291980945361,-119.01784982776381,-1.2161072975737819,-7.812029535125308,21.706497411691043,-26.968483978955728,3.27792815,1.654281496,,,,"83.2",1608,"7.1",824008,681351,694384,687093,694203,687263,642350,545361,666176,"53.37",,,,,,,,3,1,"Changeup",0,0,0,0,0,0,0,0,"Standard","Standard",256,"-0.007","0.052",,,,,"-0.052",,0,0,0.41,0.5900000000000001,26,24,27,25,1,0,8,1,,1,"2.85","0.71","-0.71","34.9",,,,,
"FF","2026-07-18","95.8","-2.61","5.77","Rodriguez, Grayson",693307,680570,"hit_by_pitch","hit_by_pitch",,,,,11,"Dillon Dingler hit by pitch.","R","R","R","LAA","DET","B",,,1,1,2026,"-1.05","1.61",-1.5822736251770824,3.577703728041029,,805808,,0,1,"Top",,,,,,,5.177850758363117,-139.34704285703472,-3.7038065712790176,-14.909794296459703,33.600563935952756,-10.641441511251143,3.271784777,1.651181102,,,,"96.7",2275,"7",824008,681351,694384,687093,694203,687263,642350,545361,666176,"53.48",,0.72904,"0.7",1,0,0,,2,3,"4-Seam Fastball",0,0,0,0,0,0,0,0,"Standard","Standard",224,"-0.033","0.332",,,,,"-0.332",,0,0,0.443,0.5569999999999999,26,27,27,28,1,0,8,1,,1,"0.89","1.05","1.05","37.7",,,,,
"FF","2026-07-18","96.3","-2.64","5.81","Rodriguez, Grayson",693307,680570,,"called_strike",,,,,1,,"R","R","R","LAA","DET","S",,,1,0,2026,"-0.86","1.51",-0.3815940087207763,3.143770053052215,,805808,,0,1,"Top",,,,,,,7.977210115579573,-139.87944724125168,-4.801113640644061,-13.09323130782606,33.51376933324139,-11.415709379059319,3.271784777,1.651181102,,,,"97.1",2253,"7",824008,681351,694384,687093,694203,687263,642350,545361,666176,"53.5",,,,,,,,2,2,"4-Seam Fastball",0,0,0,0,0,0,0,0,"Standard","Standard",218,"0.005","-0.052",,,,,"0.052",,0,0,0.438,0.562,26,27,27,28,1,0,8,1,,1,"0.96","0.86","0.86","37.5",,,,,
"FF","2026-07-18","96.4","-2.66","5.75","Rodriguez, Grayson",693307,680570,,"ball",,,,,11,,"R","R","R","LAA","DET","B",,,0,0,2026,"-0.68","1.47",-0.30297209988268947,3.772615262245442,,805808,,0,1,"Top",,,,,,,7.880153236779205,-140.12387140114544,-2.9067302337230214,-10.851286653329941,33.47602371923716,-12.43470463383842,3.271784777,1.651181102,,,,"97.5",2297,"7.1",824008,681351,694384,687093,694203,687263,642350,545361,666176,"53.39",,,,,,,,2,1,"4-Seam Fastball",0,0,0,0,0,0,0,0,"Standard","Standard",222,"-0.003","0.023",,,,,"-0.023",,0,0,0.441,0.5589999999999999,26,27,27,28,1,0,8,1,,1,"1","0.68","0.68","37.8",,,,,
"CH","2026-07-18","83.7","-2.68","5.57","Rodriguez, Grayson",805808,680570,"double","hit_into_play",,,,,13,"Kevin McGonigle doubles (19) on a line drive to center fielder Mike Trout.","R","L","R","LAA","DET","X",8,"line_drive",3,2,2026,"-1.08","0.22",-0.38690979466806596,1.3433971474046142,,,,0,1,"Top",139.14,78.61,,,,,7.519168806565913,-121.62879509485833,-3.546257080629553,-12.25553261057982,24.18236642594728,-29.509985063228182,3.085728346,1.557283465,301,"95.9",20,"85",1862,"7.2",824008,681351,694384,687093,694203,687263,642350,545361,666176,"53.26",0.297,0.36,"1.25",1,1,1,4,1,8,"Changeup",0,0,0,0,0,0,0,0,"Infield shade","Standard",258,"-0.054","0.642","71.9","7.3",,0.568,"-0.642","95.9",0,0,0.495,0.505,26,21,27,22,1,0,8,1,,1,"3.05","1.08","-1.08","34.8",20.951846849670236,14.565005088231285,39.51069906659615,40.455187020469126,35.833481741824386
"CH","2026-07-18","83.2","-2.66","5.62","Rodriguez, Grayson",805808,680570,,"ball",,,,,13,,"R","L","R","LAA","DET","B",,,2,2,2026,"-0.87","0.25",-1.0683495123593265,2.202270035824588,,,,0,1,"Top",,,,,,,5.441781925859835,-121.10394939664029,-1.6891488093042883,-9.5922099671063,23.674344224597732,-29.575749481772238,3.085728346,1.557283465,,,,"84.7",1790,"7.3",824008,681351,694384,687093,694203,687263,642350,545361,666176,"53.24",,,,,,,,1,7,"Changeup",0,0,0,0,0,0,0,0,"Infield shade","Standard",258,"-0.008","0.115",,,,,"-0.115",,0,0,0.503,0.497,26,21,27,22,1,0,8,1,,1,"3.04","0.87","-0.87","33.9",,,,,
"CU","2026-07-18","81.3","-2.69","5.72","Rodriguez, Grayson",805808,680570,,"foul",,,,,8,,"R","L","R","LAA","DET","S",,,2,2,2026,"0.42","-0.71",0.045760101135745856,1.5998667040967929,,,,0,1,"Top",,,,,,,5.293337471726878,-118.24236990989837,-0.8902446758721417,2.7812667633275687,25.62861768359535,-38.82160805996563,3.085728346,1.557283465,4,"87.8",-26,"82",2664,"7.1",824008,681351,694384,687093,694203,687263,642350,545361,666176,"53.39",,,,,,,,1,6,"Curveball",0,0,0,0,0,0,0,0,"Infield shade","Standard",40,"0","0","72.9","7.5",,,"0","88.0",0,0,0.503,0.497,26,21,27,22,1,0,8,1,,1,"4.2","-0.42","0.42","40.3",23.970557400343953,-0.4716549849189693,37.83869399910549,37.950556887583346,41.90420101617326
"CH","2026-07-18","82.3","-2.59","5.57","Rodriguez, Grayson",805808,680570,,"ball",,,,,14,,"R","L","R","LAA","DET","B",,,1,2,2026,"-1.25","0.24",0.0619221106862653,-0.014906973800528522,,,,0,1,"Top",,,,,,,8.570354973475974,-119.48661188985061,-6.4115752829459485,-13.6394176145579,23.648032780756427,-28.73642096804853,3.085728346,1.557283465,,,,"83.7",1876,"7.4",824008,681351,694384,687093,694203,687263,642350,545361,666176,"53.11",,,,,,,,1,5,"Changeup",0,0,0,0,0,0,0,0,"Infield shade","Standard",245,"-0.004","0.047",,,,,"-0.047",,0,0,0.507,0.493,26,21,27,22,1,0,8,1,,1,"3.14","1.25","-1.25","36.1",,,,,
"FF","2026-07-18","96.2","-2.69","5.68","Rodriguez, Grayson",805808,680570,,"foul",,,,,12,,"R","L","R","LAA","DET","S",,,1,2,2026,"-1.05","1.35",0.3791540181180233,3.287282224244027,,,,0,1,"Top",,,,,,,10.615542727794638,-139.62161622485823,-3.69097073109545,-16.101064415322146,32.27940205582892,-13.929192836892433,3.085728346,1.557283465,180,"67.6",47,"97.5",2300,"7.2",824008,681351,694384,687093,694203,687263,642350,545361,666176,"53.27",,,,,,,,1,4,"4-Seam Fastball",0,0,0,0,0,0,0,0,"Infield shade","Standard",202,"0","0","67.7","6.2",,,"0","88.0",0,0,0.507,0.493,26,21,27,22,1,0,8,1,,1,"1.14","1.05","-1.05","37.3",11.093884764937892,4.951878672736274,30.508546895891442,32.265670682754596,28.31030758872312
"CH","2026-07-18","81.9","-2.69","5.57","Rodriguez, Grayson",805808,680570,,"ball",,,,,13,,"R","L","R","LAA","DET","B",,,0,2,2026,"-0.78","0.32",-1.1349679733620592,0.29085706010031975,,,,0,1,"Top",,,,,,,5.101857986568105,-119.13792357029531,-5.853054784884663,-8.377291433161657,21.77396024639086,-28.20673935074989,3.085728346,1.557283465,,,,"83.6",1824,"7.3",824008,681351,694384,687093,694203,687263,642350,545361,666176,"53.16",,,,,,,,1,3,"Changeup",0,0,0,0,0,0,0,0,"Infield shade","Standard",253,"-0.002","0.023",,,,,"-0.023",,0,0,0.509,0.491,26,21,27,22,1,0,8,1,,1,"3.06","0.78","-0.78","35.6",,,,,
"CH","2026-07-18","83","-2.73","5.65","Rodriguez, Grayson",805808,680570,,"swinging_strike",,,,,2,,"R","L","R","LAA","DET","S",,,0,1,2026,"-0.94","0.31",0.026377516905227716,2.9339478336943805,,,,0,1,"Top",,,,,,,8.217776955340195,-120.64901704531431,-0.1600767152359417,-10.707277048923043,22.807305050301306,-29.294081895613264,3.085728346,1.557283465,,,,"84.5",1824,"7.3",824008,681351,694384,687093,694203,687263,642350,545361,666176,"53.24",,,,,,,,1,2,"Changeup",0,0,0,0,0,0,0,0,"Infield shade","Standard",252,"0.006","-0.056","67.4","5.9","0.294485916",,"0.056",,0,0,0.503,0.497,26,21,27,22,1,0,8,1,,1,"2.99","0.94","-0.94","36.3",4.82852525746292,20.53479140099664,33.11882867720689,37.145147231414434,23.987626326644357
"FF","2026-07-18","94.6","-2.75","5.69","Rodriguez, Grayson",805808,680570,,"foul",,,,,4,,"R","L","R","LAA","DET","S",,,0,0,2026,"-1.06","1.3",-0.42811689959638355,2.1252388044685953,,,,0,1,"Top",,,,,,,8.520845350819624,-137.47510143763978,-6.443170145925802,-15.277736159350141,30.408765110293132,-14.363124179822366,3.085728346,1.557283465,111,"81.8",7,"96.1",2081,"7.2",824008,681351,694384,687093,694203,687263,642350,545361,666176,"53.27",,,,,,,,1,1,"4-Seam Fastball",0,0,0,0,0,0,0,0,"Standard","Standard",216,"0.003","-0.043","75.3","7.2",,,"0.043","88.0",0,0,0.5,0.5,26,21,27,22,1,0,8,1,,1,"1.25","1.06","-1.06","35.5",12.07893654520402,7.479864873288713,36.55487454625703,42.69661016846088,31.407306404058364
"FF","2026-07-10","95.3","-2.15","5.68","Rodriguez, Grayson",668904,680570,"single","hit_into_play",,,,,12,"Royce Lewis singles on a ground ball to shortstop Zach Neto. Josh Bell to 3rd.","R","R","R","MIN","LAA","X",6,"ground_ball",1,2,2026,"-0.4","1.35",0.9429575132416987,2.5493032243463225,,605137,,1,6,"Bot",118.88,142.56,,,,,9.04776669655104,-138.48902094007454,-5.5303313665397615,-7.117947957165889,31.130296014937358,-13.739596345438384,3.205085302,1.617519685,29,"83.9",-3,"96.5",2204,"7.1",823685,623168,694384,672724,687093,687263,685133,666139,666176,"53.44",0.153,0.138,"0.9",1,1,0,2,49,4,"4-Seam Fastball",1,4,1,4,4,1,1,4,"Infield shade","Standard",226,"0.073","0.637","71.9","7.9",,0.172,"-0.637","88.0",-3,-3,0.169,0.169,26,27,27,27,3,2,26,1,8,1,"1.17","0.4","0.4","37.0",14.365021553786223,3.0849736768148364,21.662923012614925,49.66382910390103,30.42639192535753
"FF","2026-07-10","94.9","-2.43","5.7","Rodriguez, Grayson",668904,680570,,"swinging_strike",,,,,12,,"R","R","R","MIN","LAA","S",,,1,1,2026,"-0.48","1.38",0.9116871843141515,2.904837047033807,,605137,,1,6,"Bot",,,,,,,9.862704308960845,-137.8603666105338,-4.618732068224201,-8.363429856333555,31.720999795891682,-13.734239068567113,3.205085302,1.617519685,,,,"96.2",2269,"7.2",823685,623168,694384,672724,687093,687263,685133,666139,666176,"53.3",,,,,,,,49,3,"4-Seam Fastball",1,4,1,4,4,1,1,4,"Infield shade","Standard",220,"-0.011","-0.077","74.8","7.7","1.153688952",,"0.077",,-3,-3,0.18,0.18,26,27,27,27,3,2,26,1,8,1,"1.17","0.48","0.48","39.2",7.71407660021736,19.28558674155678,23.92377324886101,50.571293115115026,13.638330173967901
"CH","2026-07-10","80.1","-2.37","5.81","Rodriguez, Grayson",668904,680570,,"ball",,,,,14,,"R","R","R","MIN","LAA","B",,,0,1,2026,"-0.71","0.51",1.2287774152232556,2.232454679131574,,605137,,1,6,"Bot",,,,,,,9.374912594215619,-116.42239480311821,-2.0203457190271035,-8.150182022084586,20.07087879827058,-27.339766835562774,3.205085302,1.617519685,,,,"81.7",1732,"7.3",823685,623168,694384,672724,687093,687263,685133,666139,666176,"53.24",,,,,,,,49,2,"Changeup",1,4,1,4,4,1,1,4,"Infield shade","Standard",245,"0.004","0.038",,,,,"-0.038",,-3,-3,0.176,0.176,26,27,27,27,3,2,26,1,8,1,"3.03","0.71","0.71","38.0",,,,,
"CH","2026-07-10","79.1","-2.33","5.78","Rodriguez, Grayson",668904,680570,,"swinging_strike",,,,,9,,"R","R","R","MIN","LAA","S",,,0,0,2026,"-0.59","0.28",0.3592752253206818,1.8542962036473716,,605137,,1,6,"Bot",,,,,,,7.045053654515587,-115.04609761567275,-2.084763339093393,-6.551695917897713,21.447529618560065,-29.524413594331072,3.205085302,1.617519685,,,,"80.6",1681,"7.3",823685,623168,694384,672724,687093,687263,685133,666139,666176,"53.16",,,,,,,,49,1,"Changeup",1,4,1,4,4,1,1,4,"Standard","Standard",247,"-0.006","-0.047","77.1","8.7","0.417640068",,"0.047",,-3,-3,0.182,0.182,26,27,27,27,3,2,26,1,8,1,"3.37","0.59","0.59","36.6",15.762448195320031,-29.229437422080537,22.1091763856514,42.808877305598465,51.939949464964876
"FF","2026-07-10","93.7","-2.68","5.53","Rodriguez, Grayson",605137,680570,"double","hit_into_play",,,,,5,"Josh Bell doubles (20) on a sharp line drive to right fielder Jo Adell.","R","L","R","MIN","LAA","X",9,"line_drive",2,1,2026,"-0.67","1.19",0.07691979645034952,2.4356736429298147,,,,1,6,"Bot",203.33,90.6,,,,,8.693741233044852,-136.13461583297772,-4.819549099590126,-10.218028106218314,28.283021812887267,-16.409447266451654,3.334973753,1.683070866,265,"108",14,"95.4",2349,"7.2",823685,623168,694384,672724,687093,687263,685133,666139,666176,"53.25",0.703,0.75,"1.25",1,1,1,5,48,4,"4-Seam Fastball",1,4,1,4,4,1,1,4,"Infield shade","Standard",227,"0.044","0.592","79.8","8.0",,1.072,"-0.592","108.0",-3,-3,0.138,0.138,26,33,27,34,3,2,26,1,8,1,"1.4","0.67","-0.67","34.8",11.097897219353987,-2.815233002893197,38.11913053728221,36.39634679635398,28.089083746609678
"CH","2026-07-10","82","-2.51","5.56","Rodriguez, Grayson",605137,680570,,"called_strike",,,,,6,,"R","L","R","MIN","LAA","S",,,2,0,2026,"-0.88","0.24",0.4795219659459634,2.3925933572827196,,,,1,6,"Bot",,,,,,,8.57346110810484,-119.22103749760717,-0.94256245199279,-9.84427049570125,19.321486552016474,-29.927351078776272,3.334973753,1.683070866,,,,"84.2",1984,"7.4",823685,623168,694384,672724,687093,687263,685133,666139,666176,"53.08",,,,,,,,48,3,"Changeup",1,4,1,4,4,1,1,4,"Infield shade","Standard",251,"-0.007","-0.07",,,,,"0.07",,-3,-3,0.145,0.145,26,33,27,34,3,2,26,1,8,1,"3.12","0.88","-0.88","36.0",,,,,
"CH","2026-07-10","81.3","-2.69","5.7","Rodriguez, Grayson",605137,680570,,"ball",,,,,11,,"R","L","R","MIN","LAA","B",,,1,0,2026,"-0.82","0.31",-1.4805881003645378,3.351453604192164,,,,1,6,"Bot",,,,,,,4.348655636914314,-118.51126936874385,0.8346086717677899,-8.516792948583365,19.348582709605424,-29.514643082776146,3.334973753,1.683070866,,,,"83.4",1884,"7.2",823685,623168,694384,672724,687093,687263,685133,666139,666176,"53.26",,,,,,,,48,2,"Changeup",1,4,1,4,4,1,1,4,"Infield shade","Standard",255,"0.007","0.077",,,,,"-0.077",,-3,-3,0.138,0.138,26,33,27,34,3,2,26,1,8,1,"3.08","0.82","-0.82","35.8",,,,,
"FF","2026-07-10","93.5","-2.54","5.58","Rodriguez, Grayson",605137,680570,,"ball",,,,,14,,"R","L","R","MIN","LAA","B",,,0,0,2026,"-0.56","1.32",1.296479191646926,2.127355341779305,,,,1,6,"Bot",,,,,,,11.182856405888955,-135.7647241127066,-6.018889252237468,-9.178674034901503,27.180142177390547,-14.622933346802354,3.334973753,1.683070866,,,,"95.4",2319,"7.3",823685,623168,694384,672724,687093,687263,685133,666139,666176,"53.21",,,,,,,,48,1,"4-Seam Fastball",1,4,1,4,4,1,1,4,"Infield shade","Standard",222,"0.003","0.043",,,,,"-0.043",,-3,-3,0.135,0.135,26,33,27,34,3,2,26,1,8,1,"1.28","0.56","-0.56","35.3",,,,,
"FF","2026-07-10","96.1","-2.44","5.51","Rodriguez, Grayson",665019,680570,"field_out","hit_into_play",,,,,12,"Kody Clemens grounds out softly, third baseman Vaughn Grissom to first baseman Nolan Schanuel.","R","L","R","MIN","LAA","X",5,"ground_ball",1,2,2026,"-0.76","1.38",0.8937852486379413,2.436045427721064,,,,0,6,"Bot",118.1,176.02,,,,,10.705196015187088,-139.54911769354536,-5.666007337519447,-12.170019934761305,28.776686369000842,-12.97858347996537,3.211228675,1.620620079,29,"59.2",0,"98.5",2378,"7.6",823685,623168,694384,672724,687093,687263,685133,666139,666176,"52.94",0.104,0.099,"0",1,0,0,1,47,4,"4-Seam Fastball",1,4,1,4,4,1,1,4,"Infield shade","Standard",222,"-0.02","-0.189","63.2","5.5",,0.122,"0.189","88.0",-3,-3,0.155,0.155,26,30,27,30,3,2,26,1,8,1,"1.08","0.76","-0.76","36.9",-9.726538144309103,21.282437980201554,36.95758365868262,23.436884565639865,19.83141747165447
"CU","2026-07-10","77.6","-2.42","5.73","Rodriguez, Grayson",665019,680570,,"ball",,,,,14,,"R","L","R","MIN","LAA","B",,,0,2,2026,"0.43","-0.87",0.9424358916464304,-0.6788589040854349,,,,0,6,"Bot",,,,,,,6.415290845457717,-112.90581722413536,-4.980302213061269,2.641102225054715,18.81251421568988,-39.03078309895844,3.211228675,1.620620079,,,,"79.3",2754,"7.3",823685,623168,694384,672724,687093,687263,685133,666139,666176,"53.24",,,,,,,,47,3,"Curveball",1,4,1,4,4,1,1,4,"Infield shade","Standard",36,"0.003","0.023",,,,,"-0.023",,-3,-3,0.152,0.152,26,30,27,30,3,2,26,1,8,1,"4.63","-0.43","0.43","41.3",,,,,
"FF","2026-07-10","95.2","-2.46","5.58","Rodriguez, Grayson",665019,680570,,"foul",,,,,3,,"R","L","R","MIN","LAA","S",,,0,1,2026,"-0.91","1.38",0.33738045250244453,2.955020218971764,,,,0,6,"Bot",,,,,,,9.49772740922114,-138.31474340400982,-4.317528510791972,-13.723497800980677,28.49793716067402,-13.592214823345165,3.211228675,1.620620079,242,"75",30,"97.1",2353,"7.3",823685,623168,694384,672724,687093,687263,685133,666139,666176,"53.21",,,,,,,,47,2,"4-Seam Fastball",1,4,1,4,4,1,1,4,"Standard","Standard",216,"-0.007","-0.056","72.5","7.0",,,"0.056","88.0",-3,-3,0.159,0.159,26,30,27,30,3,2,26,1,8,1,"1.13","0.91","-0.91","34.0",13.12427816640135,-6.2903182062246525,27.8900853977381,30.67736222750939,31.15880511877338
"CH","2026-07-10","80.5","-2.42","5.63","Rodriguez, Grayson",665019,680570,,"called_strike",,,,,4,,"R","L","R","MIN","LAA","S",,,0,0,2026,"-0.85","0.38",-0.753308925792039,2.5015124879632085,,,,0,6,"Bot",,,,,,,5.420693277994311,-117.29525276596686,-0.8929841330139965,-8.8504568904861,19.287421365459018,-28.646875893182738,3.211228675,1.620620079,,,,"82.8",1771,"7.4",823685,623168,694384,672724,687093,687263,685133,666139,666176,"53.06",,,,,,,,47,1,"Changeup",1,4,1,4,4,1,1,4,"Standard","Standard",252,"-0.004","-0.043",,,,,"0.043",,-3,-3,0.163,0.163,26,30,27,30,3,2,26,1,8,1,"3.09","0.85","-0.85","37.7",,,,,
"FF","2026-07-10","95.5","-2.43","5.51","Rodriguez, Grayson",680777,680570,"field_out","hit_into_play",,,,,5,"Ryan Jeffers flies out sharply to right fielder Jo Adell.","R","R","R","MIN","LAA","X",9,"fly_ball",2,0,2026,"-0.87","1.44",0.12579194309705033,2.3580184385562855,,,656484,2,5,"Bot",171.56,58.38,,,,,8.778521977523338,-138.74781169584392,-5.836153962150588,-13.182081240256748,31.762518906409376,-12.43463033674344,3.284949147,1.657824803,365,"100.7",35,"97",2411,"7.3",823685,623168,694384,672724,687093,687263,685133,666139,666176,"53.23",0.391,0.759,"0",1,0,0,5,42,3,"4-Seam Fastball",1,4,1,4,4,1,1,4,"Infield shade","Standard",225,"-0.032","-0.37","80.2","7.3",,1.471,"0.37","100.7",-3,-3,0.169,0.169,26,29,27,29,3,2,26,53,8,2,"1.07","0.87","0.87","34.6",6.400456515045923,0.5374969101728632,30.26263903291506,36.48927232210575,28.863219304437006
"FF","2026-07-10","95.2","-2.28","5.56","Rodriguez, Grayson",680777,680570,,"ball",,,,,14,,"R","R","R","MIN","LAA","B",,,1,0,2026,"-0.71","1.34",1.2577193046756172,1.7572940200135485,,,656484,2,5,"Bot",,,,,,,10.98937960944089,-138.07159536082276,-7.2718536717221705,-11.564627225708922,30.533663682919517,-13.486738575766887,3.284949147,1.657824803,,,,"96.8",2328,"7.4",823685,623168,694384,672724,687093,687263,685133,666139,666176,"53.11",,,,,,,,42,2,"4-Seam Fastball",1,4,1,4,4,1,1,4,"Infield shade","Standard",221,"0.005","0.05",,,,,"-0.05",,-3,-3,0.164,0.164,26,29,27,29,3,2,26,53,8,2,"1.19","0.71","0.71","36.4",,,,,
"FF","2026-07-10","95.5","-2.23","5.67","Rodriguez, Grayson",680777,680570,,"ball",,,,,11,,"R","R","R","MIN","LAA","B",,,0,0,2026,"-0.74","1.28",-0.0023797576804452936,3.635936832756529,,,656484,2,5,"Bot",,,,,,,7.621607990677173,-138.78881964800675,-2.471347777444814,-11.37113067491571,33.08394470675891,-15.330626716727194,3.284949147,1.657824803,,,,"96.8",2319,"7.3",823685,623168,694384,672724,687093,687263,685133,666139,666176,"53.23",,,,,,,,42,1,"4-Seam Fastball",1,4,1,4,4,1,1,4,"Infield shade","Standard",223,"0.003","0.041",,,,,"-0.041",,-3,-3,0.161,0.161,26,29,27,29,3,2,26,53,8,2,"1.24","0.74","0.74","39.8",,,,,
"FF","2026-07-10","95.7","-2.35","5.63","Rodriguez, Grayson",663616,680570,"field_out","hit_into_play",,,,,1,"Trevor Larnach flies out to left fielder Wade Meckler.","R","L","R","MIN","LAA","X",7,"fly_ball",1,1,2026,"-0.88","1.32",-0.6838004595573838,3.077478201167745,,,656484,1,5,"Bot",42.62,112.86,,,,,6.4787527338429465,-139.17143871700233,-3.9940688476122337,-12.94728122130327,31.850677855477592,-14.376926896690298,3.323564633,1.677312992,296,"86.7",39,"97.1",2372,"7.1",823685,623168,694384,672724,687093,687263,685133,666139,666176,"53.36",0.014,0.02,"0",1,0,0,3,41,3,"4-Seam Fastball",1,4,1,4,4,1,1,4,"Infield shade","Standard",223,"-0.032","-0.251","67.7","6.4",,0.031,"0.251","88.0",-3,-3,0.193,0.193,26,29,27,29,3,2,26,1,8,1,"1.18","0.88","-0.88","38.2",-1.7411670202718081,0.1611736854421344,29.22660869096378,42.621943328624184,24.805563343309146
"CH","2026-07-10","79.8","-2.43","5.68","Rodriguez, Grayson",663616,680570,,"swinging_strike_blocked",,,,,13,,"R","L","R","MIN","LAA","S",,,1,0,2026,"-0.92","0.34",-0.5296457639089642,0.635822876568179,,,656484,1,5,"Bot",,,,,,,6.022244168156435,-116.06713543081722,-4.862767360187519,-9.410592703100193,20.476570154296354,-28.44706222903744,3.323564633,1.677312992,,,,"81.6",1922,"7.4",823685,623168,694384,672724,687093,687263,685133,666139,666176,"53.08",,,,,,,,41,2,"Changeup",1,4,1,4,4,1,1,4,"Infield shade","Standard",246,"-0.007","-0.045","70.5","8.8","28.11269472",,"0.045",,-3,-3,0.2,0.2,26,29,27,29,3,2,26,1,8,1,"3.23","0.92","-0.92","35.7",26.75141498148877,-67.3696563773992,36.27107789029036,,
"CU","2026-07-10","79.5","-2.38","5.74","Rodriguez, Grayson",663616,680570,,"blocked_ball",,,,,14,,"R","L","R","MIN","LAA","B",,,0,0,2026,"0.53","-0.71",1.4390568299412967,-0.695168212027411,,,656484,1,5,"Bot",,,,,,,7.357368372333235,-115.61781556698195,-5.855638306309479,3.6100003176389324,18.429513349909104,-37.80679610015316,3.323564633,1.677312992,,,,"81.1",2795,"7.1",823685,623168,694384,672724,687093,687263,685133,666139,666176,"53.42",,,,,,,,41,1,"Curveball",1,4,1,4,4,1,1,4,"Standard","Standard",37,"0.005","0.034",,,,,"-0.034",,-3,-3,0.195,0.195,26,29,27,29,3,2,26,1,8,1,"4.28","-0.53","0.53","40.6",,,,,
"CH","2026-07-10","80.1","-2.38","5.65","Rodriguez, Grayson",807712,680570,"field_out","hit_into_play",,,,,8,"Luke Keaschall flies out to left fielder Wade Meckler.","R","R","R","MIN","LAA","X",7,"fly_ball",0,1,2026,"-0.46","0.33",-0.22149979885554133,1.87216790623249,,,656484,0,5,"Bot",82.24,76.51,,,,,5.716112329520002,-116.71517498057972,-2.1653320847825426,-5.1571537805047845,19.095059326399376,-28.99617089571312,3.213861549,1.621948819,321,"96.2",47,"82.4",1818,"7.5",823685,623168,694384,672724,687093,687263,685133,666139,666176,"53.03",0.006,0.008,"0",1,0,0,3,40,2,"Changeup",1,4,1,4,4,1,1,4,"Infield shade","Standard",250,"-0.036","-0.215",,,,0.015,"0.215","96.2",-3,-3,0.231,0.231,26,23,27,24,2,1,26,1,8,1,"3.18","0.46","0.46","36.0",,,,,
"CH","2026-07-10","80.1","-2.36","5.67","Rodriguez, Grayson",807712,680570,,"called_strike",,,,,14,,"R","R","R","MIN","LAA","S",,,0,0,2026,"-0.69","0.41",0.46673468614893265,1.4967892264265417,,,656484,0,5,"Bot",,,,,,,7.626895930795069,-116.51302006138201,-3.224073863375016,-7.51718271245744,17.975660653375673,-28.05653463819711,3.213861549,1.621948819,,,,"82.3",1793,"7.4",823685,623168,694384,672724,687093,687263,685133,666139,666176,"53.14",,,,,,,,40,1,"Changeup",1,4,1,4,4,1,1,4,"Standard","Standard",246,"-0.006","-0.043",,,,,"0.043",,-3,-3,0.237,0.237,26,23,27,24,2,1,26,1,8,1,"3.1","0.69","0.69","35.8",,,,,
"FF","2026-07-10","92.5","-2.63","5.53","Rodriguez, Grayson",656484,680570,"single","hit_into_play",,,,,6,"Tristan Gray singles on a line drive to right fielder Jo Adell.","R","L","R","MIN","LAA","X",9,"line_drive",0,0,2026,"-0.88","1.2",0.3059392051315961,2.3852825782203926,,,,0,5,"Bot",199.07,115.23,,,,,9.526684130496697,-134.48618678070596,-4.793409598362836,-12.678599538696732,26.804812734276418,-16.704035678239865,3.259498032,1.644980315,188,"98.8",11,"94.6",2198,"7.4",823685,623168,694384,672724,687093,687263,685133,666139,666176,"53.1",0.9,0.855,"0.9",1,1,0,4,39,1,"4-Seam Fastball",1,4,1,4,4,1,1,4,"Infield shade","Standard",223,"0.045","0.457",,,,1.053,"-0.457","98.8",-3,-3,0.192,0.192,26,30,27,30,2,1,26,1,8,1,"1.45","0.88","-0.88","33.3",,,,,
"CH","2026-07-10","81.8","-2.56","5.6","Rodriguez, Grayson",702176,680570,"field_out","hit_into_play",,,,,13,"Alan Roden grounds out, second baseman Oswald Peraza to first baseman Nolan Schanuel.","R","L","R","MIN","LAA","X",4,"ground_ball",1,0,2026,"-0.81","0.33",-0.8672491696068316,2.123607677865848,,686797,,2,4,"Bot",151.32,155.23,,,,,5.467776262735188,-119.15555913144361,-1.786697038724531,-8.740990429413893,21.351924668103926,-28.88601249059618,3.159448819,1.594488189,21,"97",-5,"83.8",2076,"7.4",823685,623168,694384,672724,687093,687263,685133,666139,666176,"53.11",0.278,0.271,"0",1,0,0,2,32,2,"Changeup",1,2,1,2,2,1,1,2,"Standard","Standard",263,"-0.046","-0.305","64.4","7.3",,0.322,"0.305","97.0",-1,-1,0.408,0.408,26,26,27,27,2,1,26,1,8,1,"3.05","0.81","-0.81","35.0",17.742560277250043,-1.5867920623235168,17.745127806402525,48.35082599811595,28.671457312026877
"CH","2026-07-10","82.2","-2.27","5.63","Rodriguez, Grayson",702176,680570,,"ball",,,,,13,,"R","L","R","MIN","LAA","B",,,0,0,2026,"-0.82","0.4",-0.6110344831363232,0.7156160858453693,,686797,,2,4,"Bot",,,,,,,5.469374213512287,-119.70710669951858,-5.311717106166498,-8.928270988447018,20.514387515014324,-27.529422508023266,3.159448819,1.594488189,,,,"84.4",1999,"7.5",823685,623168,694384,672724,687093,687263,685133,666139,666176,"53.04",,,,,,,,32,1,"Changeup",1,2,1,2,2,1,1,2,"Standard","Standard",249,"0.002","0.027",,,,,"-0.027",,-1,-1,0.406,0.406,26,26,27,27,2,1,26,1,8,1,"2.94","0.82","-0.82","35.1",,,,,
"FF","2026-07-10","94.8","-2.59","5.53","Rodriguez, Grayson",686797,680570,"double","hit_into_play",,,,,1,"Brooks Lee doubles (14) on a sharp line drive to center fielder Josh Lowe.","R","L","R","MIN","LAA","X",8,"line_drive",2,0,2026,"-1.09","1.33",-0.29337966857960684,2.9107676362291333,,,,2,4,"Bot",164.27,63.31,,,,,8.551842942525598,-137.75115956426413,-4.081017602807966,-15.798511934433147,29.813396082838466,-14.496351947445495,3.208595801,1.619291339,349,"103.4",19,"96.4",2445,"7.2",823685,623168,694384,672724,687093,687263,685133,666139,666176,"53.28",0.437,0.557,"1.25",1,1,1,5,31,3,"4-Seam Fastball",1,2,1,2,2,1,1,2,"Infield shade","Standard",225,"0.025","0.442","70.8","6.5",,0.898,"-0.442","103.4",-1,-1,0.381,0.381,26,25,27,25,2,1,26,1,8,1,"1.21","1.09","-1.09","33.9",10.104461594240096,1.264683801724767,29.099182302414057,39.20986026436104,25.301203972187665
"CH","2026-07-10","82.8","-2.44","5.53","Rodriguez, Grayson",686797,680570,,"ball",,,,,14,,"R","L","R","MIN","LAA","B",,,1,0,2026,"-0.94","0.59",1.309454983940986,0.7271904127879218,,,,2,4,"Bot",,,,,,,10.576769642360452,-120.07096427928273,-5.531197768904814,-10.994144248632244,20.959584562746237,-25.541860533019925,3.208595801,1.619291339,,,,"85.1",1966,"7.8",823685,623168,694384,672724,687093,687263,685133,666139,666176,"52.74",,,,,,,,31,2,"Changeup",1,2,1,2,2,1,1,2,"Infield shade","Standard",247,"0.003","0.064",,,,,"-0.064",,-1,-1,0.378,0.378,26,25,27,25,2,1,26,1,8,1,"2.73","0.94","-0.94","34.2",,,,,
"CU","2026-07-10","79.4","-2.47","5.58","Rodriguez, Grayson",686797,680570,,"ball",,,,,14,,"R","L","R","MIN","LAA","B",,,0,0,2026,"0.38","-0.87",0.3107366953705337,1.3384098862902136,,,,2,4,"Bot",,,,,,,5.372511819855177,-115.56500834303192,-0.6443612582353936,2.4721388919897516,20.54246654274094,-40.095036325591046,3.208595801,1.619291339,,,,"81",2650,"7.3",823685,623168,694384,672724,687093,687263,685133,666139,666176,"53.21",,,,,,,,31,1,"Curveball",1,2,1,2,2,1,1,2,"Infield shade","Standard",43,"0.002","0.041",,,,,"-0.041",,-1,-1,0.376,0.376,26,25,27,25,2,1,26,1,8,1,"4.47","-0.38","0.38","38.7",,,,,
"FF","2026-07-10","95.8","-2.61","5.59","Rodriguez, Grayson",668904,680570,"field_out","hit_into_play",,,,,4,"Royce Lewis lines out to center fielder Josh Lowe.","R","R","R","MIN","LAA","X",8,"line_drive",0,1,2026,"-0.84","1.25",-0.36304095504237244,2.2010222669880743,,,,1,4,"Bot",111.67,83.35,,,,,7.946416954840665,-139.3030073039579,-6.107628614847137,-12.650575972822834,30.86444826902514,-14.753442049104036,3.205085302,1.617519685,291,"94.7",16,"97.8",2416,"7.4",823685,623168,694384,672724,687093,687263,685133,666139,666176,"53.07",0.691,0.636,"0",1,0,0,4,30,2,"4-Seam Fastball",1,2,1,2,2,1,1,2,"Infield shade","Standard",226,"-0.019","-0.222","74.5","8.0",,0.831,"0.222","94.7",-1,-1,0.395,0.395,26,27,27,27,2,1,26,1,8,1,"1.24","0.84","0.84","31.7",11.331046711026758,-4.2505700883732,25.676126778484758,35.47506094069356,25.47028330521184
"CH","2026-07-10","82.8","-2.44","5.47","Rodriguez, Grayson",668904,680570,,"swinging_strike",,,,,14,,"R","R","R","MIN","LAA","S",,,0,0,2026,"-0.75","0.57",0.49211598509549603,0.9912684758714287,,,,1,4,"Bot",,,,,,,8.342940500723001,-120.39877858165502,-4.861850743571934,-8.746890211434453,19.005404855218888,-25.86857509444026,3.205085302,1.617519685,,,,"85.9",1891,"7.9",823685,623168,694384,672724,687093,687263,685133,666139,666176,"52.61",,,,,,,,30,1,"Changeup",1,2,1,2,2,1,1,2,"Infield shade","Standard",248,"-0.003","-0.042","61.6","8.5","5.662525224",,"0.042",,-1,-1,0.398,0.398,26,27,27,27,2,1,26,1,8,1,"2.7","0.75","0.75","33.9",12.603614658415923,-22.297381579756138,26.03667180654899,43.54325811550059,47.62196246355016
"CH","2026-07-10","82.5","-2.46","5.52","Rodriguez, Grayson",605137,680570,"field_out","hit_into_play",,,,,8,"Josh Bell flies out to center fielder Josh Lowe.","R","L","R","MIN","LAA","X",8,"fly_ball",2,2,2026,"-0.83","0.54",-0.0865653429317822,1.6024782897747074,,,,0,4,"Bot",141.68,91.47,,,,,7.13909925655552,-120.06659187315462,-3.3907219448248913,-9.359269663478377,20.662478523011853,-26.449722554182916,3.334973753,1.683070866,271,"77.7",38,"84.8",1940,"7.6",823685,623168,694384,672724,687093,687263,685133,666139,666176,"52.94",0.031,0.03,"0",1,0,0,3,29,5,"Changeup",1,2,1,2,2,1,1,2,"Strategic","Standard",251,"-0.025","-0.235","64.8","8.2",,0.046,"0.235","88.0",-1,-1,0.423,0.423,26,33,27,34,2,1,26,1,8,1,"2.77","0.83","-0.83","35.3",6.949215116986857,-7.88907825534227,37.12612594366381,38.27688715983157,31.332482476543895
"FF","2026-07-10","96.7","-2.51","5.56","Rodriguez, Grayson",605137,680570,,"foul",,,,,5,,"R","L","R","MIN","LAA","S",,,2,1,2026,"-0.83","1.27",-0.2276951124721942,2.3859823131921734,,,,0,4,"Bot",,,,,,,8.077933274963494,-140.63433708048845,-5.784489325274207,-12.785135682339295,30.77374867844016,-14.109475615460436,3.334973753,1.683070866,226,"83.2",20,"98.8",2449,"7.4",823685,623168,694384,672724,687093,687263,685133,666139,666176,"53.11",,,,,,,,29,4,"4-Seam Fastball",1,2,1,2,2,1,1,2,"Strategic","Standard",223,"-0.01","-0.08","76.8","8.0",,,"0.08","88.0",-1,-1,0.433,0.433,26,33,27,34,2,1,26,1,8,1,"1.16","0.83","-0.83","35.3",1.0569775138309867,7.560931685176197,35.86778123059008,39.168997322175976,17.883601836766243
"FF","2026-07-10","95.6","-2.43","5.7","Rodriguez, Grayson",605137,680570,,"ball",,,,,11,,"R","L","R","MIN","LAA","B",,,1,1,2026,"-0.74","1.26",-1.1560982820496224,4.326064497813979,,,,0,4,"Bot",,,,,,,5.099269833528418,-139.19976708984967,-0.7800414805030622,-10.715609089290309,30.455763416515182,-15.792914316832723,3.334973753,1.683070866,,,,"97.4",2413,"7.2",823685,623168,694384,672724,687093,687263,685133,666139,666176,"53.27",,,,,,,,29,3,"4-Seam Fastball",1,2,1,2,2,1,1,2,"Strategic","Standard",225,"0.007","0.064",,,,,"-0.064",,-1,-1,0.426,0.426,26,33,27,34,2,1,26,1,8,1,"1.23","0.74","-0.74","37.4",,,,,
"CH","2026-07-10","82","-2.56","5.62","Rodriguez, Grayson",605137,680570,,"foul",,,,,11,,"R","L","R","MIN","LAA","S",,,1,0,2026,"-1.07","0.26",-1.072314307431076,2.5886433851434285,,,,0,4,"Bot",,,,,,,5.543975559292255,-119.46894415004311,-0.6725327293120771,-11.31991405023093,20.668187832784543,-29.749134448382737,3.334973753,1.683070866,179,"73.2",62,"84.2",1991,"7.4",823685,623168,694384,672724,687093,687263,685133,666139,666176,"53.09",,,,,,,,29,2,"Changeup",1,2,1,2,2,1,1,2,"Standard","Standard",250,"-0.007","-0.058","67.4","8.0",,,"0.058","88.0",-1,-1,0.433,0.433,26,33,27,34,2,1,26,1,8,1,"3.09","1.07","-1.07","35.2",0.17344334155749666,-0.3787489702411234,31.681762444706024,49.21061934770928,23.805283275896123
"FF","2026-07-10","94.2","-2.65","5.61","Rodriguez, Grayson",605137,680570,,"ball",,,,,11,,"R","L","R","MIN","LAA","B",,,0,0,2026,"-0.82","1.34",-1.4063271524675747,3.0272906050263018,,,,0,4,"Bot",,,,,,,5.127247546150582,-137.10871585121973,-3.936725136607943,-11.414469219849828,27.904568934920423,-14.600506430133265,3.334973753,1.683070866,,,,"96.3",2301,"7.3",823685,623168,694384,672724,687093,687263,685133,666139,666176,"53.21",,,,,,,,29,1,"4-Seam Fastball",1,2,1,2,2,1,1,2,"Standard","Standard",225,"0.005","0.044",,,,,"-0.044",,-1,-1,0.428,0.428,26,33,27,34,2,1,26,1,8,1,"1.21","0.82","-0.82","32.2",,,,,
"FF","2026-07-10","96","-2.25","5.75","Rodriguez, Grayson",665019,680570,"field_out","hit_into_play",,,,,11,"Kody Clemens flies out to left fielder Wade Meckler.","R","L","R","MIN","LAA","X",7,"fly_ball",0,2,2026,"-0.67","1.2",-0.16509297779026977,3.3920602962150186,,,680777,2,3,"Bot",88.45,95.21,,,,,7.104406611685995,-139.58367492802628,-3.262878310622083,-10.354006780491005,31.34098260802175,-15.992376250923993,3.211228675,1.620620079,276,"81.8",42,"97.6",2435,"7.2",823685,623168,694384,672724,687093,687263,685133,666139,666176,"53.27",0.006,0.005,"0",1,0,0,3,23,3,"4-Seam Fastball",1,0,1,0,0,1,1,0,"Strategic","Standard",216,"-0.013","-0.174","70.1","6.3",,0.006,"0.174","88.0",1,1,0.636,0.636,26,30,27,30,2,1,26,1,8,1,"1.28","0.67","-0.67","36.5",5.040446101132217,13.088502319644066,19.718324880483483,36.917618222288006,25.670281023977886
"FF","2026-07-10","95.9","-2.32","5.64","Rodriguez, Grayson",665019,680570,,"foul_tip",,,,,5,,"R","L","R","MIN","LAA","S",,,0,1,2026,"-0.73","1.31",0.0063101080209103655,2.5136595561890025,,,680777,2,3,"Bot",,,,,,,7.872212405422083,-139.3943912458704,-5.595624635789711,-11.181967587413997,28.806568662838387,-13.932428156490857,3.211228675,1.620620079,,,,"97.7",2311,"7.2",823685,623168,694384,672724,687093,687263,685133,666139,666176,"53.31",,,,,,,,23,2,"4-Seam Fastball",1,0,1,0,0,1,1,0,"Infield shade","Standard",222,"-0.005","-0.063","74.5","6.8",,,"0.063",,1,1,0.641,0.641,26,30,27,30,2,1,26,1,8,1,"1.15","0.73","-0.73","36.7",3.3531949952616644,12.559623350967495,34.08608511499583,35.818058142663546,20.027376230417453
"FF","2026-07-10","95.8","-2.3","5.67","Rodriguez, Grayson",665019,680570,,"foul",,,,,5,,"R","L","R","MIN","LAA","S",,,0,0,2026,"-0.71","1.42",0.06425402042660189,2.591101521469381,,,680777,2,3,"Bot",,,,,,,7.916552747915859,-139.1947329559004,-5.6508935352893275,-11.00772108748285,30.60614084918177,-12.627108925219401,3.211228675,1.620620079,250,"76.1",36,"97.4",2339,"7.2",823685,623168,694384,672724,687093,687263,685133,666139,666176,"53.29",,,,,,,,23,1,"4-Seam Fastball",1,0,1,0,0,1,1,0,"Infield shade","Standard",218,"-0.003","-0.042","72.6","7.5",,,"0.042","88.0",1,1,0.644,0.644,26,30,27,30,2,1,26,1,8,1,"1.07","0.71","-0.71","39.0",13.510243410017596,-1.5473876491074767,30.35735595400551,34.90057650620646,28.151486213981407
"FF","2026-07-10","96.2","-2.5","5.55","Rodriguez, Grayson",680777,680570,"walk","ball",,,,,14,"Ryan Jeffers walks.","R","R","R","MIN","LAA","B",,,3,0,2026,"-0.88","1.27",1.5262782350977133,1.9749178174103414,,,,2,3,"Bot",,,,,,,12.834187145274075,-139.51150029507463,-6.740369107871507,-14.260918715701456,28.695440200591538,-14.191552006591827,3.284949147,1.657824803,,,,"98.4",2332,"7.5",823685,623168,694384,672724,687093,687263,685133,666139,666176,"52.99",,0.698289,"0.7",1,0,0,,22,4,"4-Seam Fastball",1,0,1,0,0,1,1,0,"Infield shade","Standard",217,"0.004","0.137",,,,,"-0.137",,1,1,0.64,0.64,26,29,27,29,2,1,26,53,8,2,"1.2","0.88","0.88","37.7",,,,,
"FF","2026-07-10","97.2","-2.3","5.67","Rodriguez, Grayson",680777,680570,,"ball",,,,,12,,"R","R","R","MIN","LAA","B",,,2,0,2026,"-0.73","1.28",1.0284601077236155,3.26491854119459,,,,2,3,"Bot",,,,,,,10.725391681954846,-141.28179382034102,-3.841897456379886,-12.056773863382652,28.528893391688218,-14.283408995713677,3.284949147,1.657824803,,,,"99.6",2396,"7.4",823685,623168,694384,672724,687093,687263,685133,666139,666176,"53.08",,,,,,,,22,3,"4-Seam Fastball",1,0,1,0,0,1,1,0,"Infield shade","Standard",227,"0.004","0.099",,,,,"-0.099",,1,1,0.636,0.636,26,29,27,29,2,1,26,53,8,2,"1.12","0.73","0.73","39.1",,,,,
"CH","2026-07-10","82.7","-2.44","5.61","Rodriguez, Grayson",680777,680570,,"ball",,,,,14,,"R","R","R","MIN","LAA","B",,,1,0,2026,"-0.76","0.33",1.2932551468914475,1.1275946043431055,,,,2,3,"Bot",,,,,,,10.143947528820247,-120.16526684855835,-4.312426556273125,-9.053455787678661,19.189239561006055,-28.361704776033605,3.284949147,1.657824803,,,,"85.2",1859,"7.6",823685,623168,694384,672724,687093,687263,685133,666139,666176,"52.9",,,,,,,,22,2,"Changeup",1,0,1,0,0,1,1,0,"Infield shade","Standard",246,"0.002","0.064",,,,,"-0.064",,1,1,0.634,0.634,26,29,27,29,2,1,26,53,8,2,"2.96","0.76","0.76","37.5",,,,,
"CU","2026-07-10","81.1","-2.32","5.76","Rodriguez, Grayson",680777,680570,,"ball",,,,,14,,"R","R","R","MIN","LAA","B",,,0,0,2026,"0.39","-0.55",1.6572981078954578,1.8897946079029233,,,,2,3,"Bot",,,,,,,8.149062158486107,-118.01707217111603,-0.7852445453048575,2.2605052357317494,20.557620117608064,-37.39182594623102,3.284949147,1.657824803,,,,"82.8",2703,"7.3",823685,623168,694384,672724,687093,687263,685133,666139,666176,"53.24",,,,,,,,22,1,"Curveball",1,0,1,0,0,1,1,0,"Infield shade","Standard",41,"0.001","0.041",,,,,"-0.041",,1,1,0.633,0.633,26,29,27,29,2,1,26,53,8,2,"3.99","-0.39","-0.39","42.7",,,,,
"FF","2026-07-10","96.2","-2.19","5.68","Rodriguez, Grayson",663616,680570,"grounded_into_double_play","hit_into_play",,,,,3,"Trevor Larnach grounds into a double play, shortstop Zach Neto to first baseman Nolan Schanuel. Luke Keaschall out at 2nd. Trevor Larnach out at 1st.","R","L","R","MIN","LAA","X",6,"ground_ball",0,2,2026,"-0.86","1.32",0.4840080867465574,3.2186210278536684,,,807712,0,3,"Bot",123.96,135.73,,,,,9.154288303373391,-139.8590424649689,-3.8862560786180578,-13.319949540578984,30.59094041336746,-14.118560223363327,3.323564633,1.677312992,115,"71.5",10,"98",2441,"7.3",823685,623168,694384,672724,687093,687263,685133,666139,666176,"53.21",0.263,0.237,"0",1,0,0,2,21,3,"4-Seam Fastball",1,0,1,0,0,1,1,0,"Strategic","Standard",224,"-0.056","-0.264","68.1","5.8",,0.263,"0.264","88.0",1,1,0.689,0.689,26,29,27,29,2,1,26,1,8,1,"1.14","0.86","-0.86","36.9",1.4697054848735338,6.4178768235818255,29.59879629755107,28.98828107862439,20.12121923847495
"CH","2026-07-10","80.8","-2.27","5.65","Rodriguez, Grayson",663616,680570,,"swinging_strike",,,,,13,,"R","L","R","MIN","LAA","S",,,0,1,2026,"-1.07","0.02",-0.40826630565178257,1.4955449898144777,,,807712,0,3,"Bot",,,,,,,6.3323743983650145,-117.64007760837366,-2.5217102489296996,-11.123400724623318,19.816308712776394,-31.782394948054247,3.323564633,1.677312992,,,,"83.2",1997,"7.6",823685,623168,694384,672724,687093,687263,685133,666139,666176,"52.9",,,,,,,,21,2,"Changeup",1,0,1,0,0,1,1,0,"Infield shade","Standard",253,"-0.008","-0.051","69.3","8.5","7.892871096",,"0.051",,1,1,0.697,0.697,26,29,27,29,2,1,26,1,8,1,"3.44","1.07","-1.07","36.7",18.42485857748013,-55.23968748085156,30.042053581936234,40.076364663395076,58.69889443106812
"CH","2026-07-10","81.1","-2.36","5.62","Rodriguez, Grayson",663616,680570,,"called_strike",,,,,13,,"R","L","R","MIN","LAA","S",,,0,0,2026,"-1.02","0.13",-0.8534028930083715,1.546386107971811,,,807712,0,3,"Bot",,,,,,,5.422703414453321,-118.07049746547182,-2.653697739907768,-10.563281836200758,19.181080183024765,-30.659681501130876,3.323564633,1.677312992,,,,"83.3",1928,"7.4",823685,623168,694384,672724,687093,687263,685133,666139,666176,"53.12",,,,,,,,21,1,"Changeup",1,0,1,0,0,1,1,0,"Infield shade","Standard",251,"-0.004","-0.043",,,,,"0.043",,1,1,0.701,0.701,26,29,27,29,2,1,26,1,8,1,"3.29","1.02","-1.02","34.5",,,,,
"FF","2026-07-10","96.6","-2.38","5.73","Rodriguez, Grayson",807712,680570,"hit_by_pitch","hit_by_pitch",,,,,11,"Luke Keaschall hit by pitch.","R","R","R","MIN","LAA","B",,,2,2,2026,"-0.73","1.43",-1.2392604786481907,3.1416057861831423,,,,0,3,"Bot",,,,,,,4.750383231881549,-140.5591029350635,-4.504878589065842,-10.703162451796294,33.00296978768765,-12.412086435292123,3.213861549,1.621948819,,,,"98.1",2424,"7.2",823685,623168,694384,672724,687093,687263,685133,666139,666176,"53.29",,0.72904,"0.7",1,0,0,,20,5,"4-Seam Fastball",1,0,1,0,0,1,1,0,"Standard","Standard",218,"0.035","0.488",,,,,"-0.488",,1,1,0.666,0.666,26,23,27,24,1,0,26,1,8,1,"1.02","0.73","0.73","40.4",,,,,
"FF","2026-07-10","95.8","-2.51","5.54","Rodriguez, Grayson",807712,680570,,"foul_tip",,,,,8,,"R","R","R","MIN","LAA","S",,,2,1,2026,"-0.93","1.35",0.1439190466016922,1.6424427891027706,,,,0,3,"Bot",,,,,,,9.211308486119954,-139.10621668092998,-7.677396579335088,-14.16155937165271,30.696816447319293,-13.000110637313588,3.213861549,1.621948819,,,,"97.5",2388,"7.3",823685,623168,694384,672724,687093,687263,685133,666139,666176,"53.19",,,,,,,,20,4,"4-Seam Fastball",1,0,1,0,0,1,1,0,"Standard","Standard",220,"-0.006","-0.08","28.9","5.3",,,"0.08",,1,1,0.672,0.672,26,23,27,24,1,0,26,1,8,1,"1.14","0.93","0.93","36.3",-13.858262084806595,45.735389695502214,46.139449877037784,38.48762102979768,-0.1276786684371678
"CH","2026-07-10","81.5","-2.47","5.55","Rodriguez, Grayson",807712,680570,,"ball",,,,,14,,"R","R","R","MIN","LAA","B",,,1,1,2026,"-1.13","0.33",0.8204482344356678,0.46034783492471654,,,,0,3,"Bot",,,,,,,9.729606779565822,-118.32579507706436,-5.402827126435921,-12.32431380842977,19.19138866352895,-28.24873523525434,3.213861549,1.621948819,,,,"83.9",2015,"7.6",823685,623168,694384,672724,687093,687263,685133,666139,666176,"52.87",,,,,,,,20,3,"Changeup",1,0,1,0,0,1,1,0,"Infield shade","Standard",248,"0.004","0.064",,,,,"-0.064",,1,1,0.668,0.668,26,23,27,24,1,0,26,1,8,1,"3.07","1.13","1.13","33.1",,,,,
"SL","2026-07-10","83.2","-2.59","5.69","Rodriguez, Grayson",807712,680570,,"ball",,,,,11,,"R","R","R","MIN","LAA","B",,,0,1,2026,"0.59","-0.09",-1.330392749663618,3.007404750306443,,,,0,3,"Bot",,,,,,,1.7156181964023038,-121.22701149509797,0.6305223223077294,5.523301572960122,21.21713311643342,-33.378242103971,3.213861549,1.621948819,,,,"84.9",2237,"7.1",823685,623168,694384,672724,687093,687263,685133,666139,666176,"53.42",,,,,,,,20,2,"Slider",1,0,1,0,0,1,1,0,"Infield shade","Standard",109,"0.002","0.03",,,,,"-0.03",,1,1,0.666,0.666,26,23,27,24,1,0,26,1,8,1,"3.35","-0.59","-0.59","35.0",,,,,
"FF","2026-07-10","93.2","-2.7","5.57","Rodriguez, Grayson",807712,680570,,"called_strike",,,,,5,,"R","R","R","MIN","LAA","S",,,0,0,2026,"-0.81","1.34",-0.08390332358915442,2.6424640451503443,,,,0,3,"Bot",,,,,,,8.57513407730839,-135.48931203141527,-4.667830697936378,-11.726142150626748,26.751291260953728,-14.763432529698452,3.213861549,1.621948819,,,,"95.1",2256,"7.3",823685,623168,694384,672724,687093,687263,685133,666139,666176,"53.25",,,,,,,,20,1,"4-Seam Fastball",1,0,1,0,0,1,1,0,"Infield shade","Standard",220,"-0.003","-0.043",,,,,"0.043",,1,1,0.669,0.669,26,23,27,24,1,0,26,1,8,1,"1.27","0.81","0.81","32.7",,,,,
"CH","2026-07-10","84.1","-2.43","5.55","Rodriguez, Grayson",656484,680570,"field_out","hit_into_play",,,,,14,"Tristan Gray grounds out to first baseman Nolan Schanuel.","R","L","R","MIN","LAA","X",3,"ground_ball",1,2,2026,"-0.97","0.22",0.2959575616576593,1.1063584937572308,,,,2,2,"Bot",152.34,166.88,,,,,8.388952765230007,-122.20496379596352,-4.238256566659049,-11.23472421286066,21.610876647286876,-29.377977355446212,3.259498032,1.644980315,26,"78.8",-1,"86.4",2053,"7.6",823685,623168,694384,672724,687093,687263,685133,666139,666176,"52.9",0.15,0.14,"0",1,0,0,2,15,4,"Changeup",1,0,1,0,0,1,1,0,"Infield shade","Standard",249,"-0.006","-0.178","70.5","7.7",,0.169,"0.178","88.0",1,1,0.618,0.618,26,30,27,30,1,0,26,1,8,1,"2.99","0.97","-0.97","37.1",11.49150565507923,-23.441006610094504,36.24251330252827,35.859591297485466,43.8747760981415
"SL","2026-07-10","82","-2.44","5.63","Rodriguez, Grayson",656484,680570,,"ball",,,,,14,,"R","L","R","MIN","LAA","B",,,0,2,2026,"0.56","-0.4",1.344546043586302,0.09444687543295016,,,,2,2,"Bot",,,,,,,7.464959817524379,-119.27067663845654,-5.003316813493113,4.062042159779619,21.59769184498454,-35.272005299848765,3.259498032,1.644980315,,,,"83.7",2694,"7.3",823685,623168,694384,672724,687093,687263,685133,666139,666176,"53.2",,,,,,,,15,3,"Slider",1,0,1,0,0,1,1,0,"Infield shade","Standard",35,"0.001","0.025",,,,,"-0.025",,1,1,0.617,0.617,26,30,27,30,1,0,26,1,8,1,"3.78","-0.56","0.56","39.2",,,,,
"FF","2026-07-10","97.2","-2.48","5.65","Rodriguez, Grayson",656484,680570,,"foul",,,,,5,,"R","L","R","MIN","LAA","S",,,0,1,2026,"-0.9","1.25",0.14973785846159304,2.6389659123984512,,,,2,2,"Bot",,,,,,,9.214768970578028,-141.1628059068089,-5.337034416545373,-14.121803051255327,31.765580180161226,-14.374148298977905,3.259498032,1.644980315,264,"84.5",48,"98.8",2431,"7.3",823685,623168,694384,672724,687093,687263,685133,666139,666176,"53.24",,,,,,,,15,2,"4-Seam Fastball",1,0,1,0,0,1,1,0,"Infield shade","Standard",218,"-0.003","-0.063","77.6","5.9",,,"0.063","88.0",1,1,0.62,0.62,26,30,27,30,1,0,26,1,8,1,"1.17","0.9","-0.9","40.5",-1.379961000334848,16.165934113233217,28.394742756549785,35.976711900018984,21.250681972973428
"FF","2026-07-10","97.1","-2.56","5.7","Rodriguez, Grayson",656484,680570,,"called_strike",,,,,13,,"R","L","R","MIN","LAA","S",,,0,0,2026,"-0.94","1.27",-0.9379528061251681,2.2905653851152583,,,,2,2,"Bot",,,,,,,6.579354249338806,-141.19489977469894,-6.45209016528962,-14.029322674339513,31.77043474977825,-13.845367694494408,3.259498032,1.644980315,,,,"98.9",2437,"7.3",823685,623168,694384,672724,687093,687263,685133,666139,666176,"53.2",,,,,,,,15,1,"4-Seam Fastball",1,0,1,0,0,1,1,0,"Infield shade","Standard",221,"-0.001","-0.044",,,,,"0.044",,1,1,0.621,0.621,26,30,27,30,1,0,26,1,8,1,"1.15","0.94","-0.94","38.6",,,,,
"CH","2026-07-10","82.1","-2.61","5.59","Rodriguez, Grayson",702176,680570,"field_out","hit_into_play",,,,,5,"Alan Roden flies out to left fielder Wade Meckler.","R","L","R","MIN","LAA","X",7,"fly_ball",2,2,2026,"-0.94","0.2",-0.23057984196199932,2.413656289489434,,,,1,2,"Bot",103.83,107.51,,,,,7.306694682047374,-119.43863569869642,-0.9234233587828798,-10.264010802729796,19.56160084565374,-30.230041277794797,3.159448819,1.594488189,236,"85",52,"84.2",1993,"7.4",823685,623168,694384,672724,687093,687263,685133,666139,666176,"53.14",0.014,0.013,"0",1,0,0,3,14,6,"Changeup",1,0,1,0,0,1,1,0,"Infield shade","Standard",263,"-0.013","-0.238","69.1","6.9",,0.017,"0.238","88.0",1,1,0.634,0.634,26,26,27,27,1,0,26,1,8,1,"3.14","0.94","-0.94","34.8",-19.929600573951046,-14.826801889038816,31.375966599357678,40.08001489130835,34.696117387297896
"CH","2026-07-10","82.5","-2.53","5.53","Rodriguez, Grayson",702176,680570,,"ball",,,,,13,,"R","L","R","MIN","LAA","B",,,1,2,2026,"-0.87","0.24",-1.4751427434764204,1.591378355688284,,,,1,2,"Bot",,,,,,,4.191453056006182,-120.21764155758827,-2.8499250476110465,-9.22309132019344,20.201470611333132,-29.522614019680656,3.159448819,1.594488189,,,,"84.9",1928,"7.5",823685,623168,694384,672724,687093,687263,685133,666139,666176,"53.03",,,,,,,,14,5,"Changeup",1,0,1,0,0,1,1,0,"Infield shade","Standard",255,"0.003","0.056",,,,,"-0.056",,1,1,0.631,0.631,26,26,27,27,1,0,26,1,8,1,"3.06","0.87","-0.87","33.8",,,,,
"CU","2026-07-10","81.5","-2.28","5.75","Rodriguez, Grayson",702176,680570,,"foul",,,,,9,,"R","L","R","MIN","LAA","S",,,1,2,2026,"0.86","-0.74",0.6902198575503978,1.6076087907184595,,,,1,2,"Bot",,,,,,,4.980944882401813,-118.64550829929634,-1.0840700693735326,7.222531895688491,21.542595575643944,-39.15706688464447,3.159448819,1.594488189,118,"59",19,"83",2827,"7.2",823685,623168,694384,672724,687093,687263,685133,666139,666176,"53.33",,,,,,,,14,4,"Curveball",1,0,1,0,0,1,1,0,"Infield shade","Standard",36,"0","0","71.5","7.3",,,"0","88.0",1,1,0.631,0.631,26,26,27,27,1,0,26,1,8,1,"4.15","-0.86","0.86","43.1",20.39544691035517,-11.673417429864768,34.34779060149071,29.978860978194408,39.359981042133306
"FF","2026-07-10","96.5","-2.44","5.82","Rodriguez, Grayson",702176,680570,,"ball",,,,,11,,"R","L","R","MIN","LAA","B",,,0,2,2026,"-0.83","1.19",-1.30129876983457,4.80082672431334,,,,1,2,"Bot",,,,,,,4.977195214231951,-140.52658933268927,0.2033566481607365,-12.14354618849307,29.62572540831449,-16.60716979895345,3.159448819,1.594488189,,,,"98.1",2393,"7",823685,623168,694384,672724,687093,687263,685133,666139,666176,"53.51",,,,,,,,14,3,"4-Seam Fastball",1,0,1,0,0,1,1,0,"Infield shade","Standard",224,"0.001","0.018",,,,,"-0.018",,1,1,0.63,0.63,26,26,27,27,1,0,26,1,8,1,"1.24","0.83","-0.83","41.4",,,,,
"FF","2026-07-10","96.4","-2.36","5.74","Rodriguez, Grayson",702176,680570,,"foul",,,,,3,,"R","L","R","MIN","LAA","S",,,0,1,2026,"-0.92","1.06",0.3632511475523291,2.9943398302785726,,,,1,2,"Bot",,,,,,,9.427545824547774,-140.20843807775722,-4.0821862066453365,-14.179132411137303,27.839436893474083,-17.451015468016497,3.159448819,1.594488189,240,"74.7",31,"98.4",2382,"7.1",823685,623168,694384,672724,687093,687263,685133,666139,666176,"53.36",,,,,,,,14,2,"4-Seam Fastball",1,0,1,0,0,1,1,0,"Infield shade","Standard",226,"-0.004","-0.057","70.5","6.5",,,"0.057","88.0",1,1,0.634,0.634,26,26,27,27,1,0,26,1,8,1,"1.37","0.92","-0.92","37.0",9.817965654878758,-5.2028487514979975,24.854003703616904,33.32003231066375,31.425815094656343
"CH","2026-07-10","82.5","-2.51","5.62","Rodriguez, Grayson",702176,680570,,"called_strike",,,,,4,,"R","L","R","MIN","LAA","S",,,0,0,2026,"-0.87","0.4",-0.5421569761693972,2.458536007302086,,,,1,2,"Bot",,,,,,,6.273320398283776,-120.1947347794022,-1.3993637454870786,-9.568729285219344,19.265809666631274,-28.193152270763488,3.159448819,1.594488189,,,,"84.8",1814,"7.3",823685,623168,694384,672724,687093,687263,685133,666139,666176,"53.18",,,,,,,,14,1,"Changeup",1,0,1,0,0,1,1,0,"Infield shade","Standard",254,"-0.002","-0.042",,,,,"0.042",,1,1,0.636,0.636,26,26,27,27,1,0,26,1,8,1,"2.89","0.87","-0.87","33.6",,,,,
"FF","2026-07-10","95.7","-2.56","5.6","Rodriguez, Grayson",686797,680570,"field_out","hit_into_play",,,,,2,"Brooks Lee pops out to third baseman Vaughn Grissom in foul territory.","R","L","R","MIN","LAA","X",5,"popup",2,2,2026,"-0.93","1.34",0.09241950332089177,3.2790553429079243,,,,0,2,"Bot",73.05,171.95,,,,,9.193146462880092,-139.1248779079708,-3.456324264601047,-14.062276080336993,30.219965950657727,-14.169703914742982,3.208595801,1.619291339,160,"77.5",63,"97.4",2355,"7.2",823685,623168,694384,672724,687093,687263,685133,666139,666176,"53.25",0.017,0.022,"0",1,0,0,3,13,5,"4-Seam Fastball",1,0,1,0,0,1,1,0,"Strategic","Standard",223,"-0.017","-0.235","68.6","5.8",,0.028,"0.235","88.0",1,1,0.653,0.653,26,25,27,25,1,0,26,1,8,1,"1.15","0.93","-0.93","35.6",3.75251459089609,10.154409984512652,25.185222189206502,36.1855535519635,20.68681097935864
"FF","2026-07-10","95.1","-2.68","5.56","Rodriguez, Grayson",686797,680570,,"foul",,,,,2,,"R","L","R","MIN","LAA","S",,,2,1,2026,"-0.92","1.55",-0.1892991026383436,2.727687121676156,,,,0,2,"Bot",,,,,,,8.690945868865109,-138.2168095235009,-5.213428110544669,-13.616302989917159,29.251626420066035,-11.336163129541246,3.208595801,1.619291339,,,,"97.1",2399,"7.4",823685,623168,694384,672724,687093,687263,685133,666139,666176,"53.12",,,,,,,,13,4,"4-Seam Fastball",1,0,1,0,0,1,1,0,"Infield shade","Standard",218,"-0.006","-0.08","74.8","6.9",,,"0.08",,1,1,0.659,0.659,26,25,27,25,1,0,26,1,8,1,"0.97","0.92","-0.92","34.8",10.57125039903693,-1.1868282106376349,32.96573369985011,38.41124429916131,24.067810170089135
"CH","2026-07-10","81.8","-2.36","5.65","Rodriguez, Grayson",686797,680570,,"ball",,,,,14,,"R","L","R","MIN","LAA","B",,,1,1,2026,"-0.95","0.5",1.3296786746072966,1.4004701750832491,,,,0,2,"Bot",,,,,,,10.283194596651887,-118.78291036118674,-3.888765888281527,-10.751925360042454,18.90922384766927,-26.922120430221703,3.208595801,1.619291339,,,,"83.9",1958,"7.4",823685,623168,694384,672724,687093,687263,685133,666139,666176,"53.06",,,,,,,,13,3,"Changeup",1,0,1,0,0,1,1,0,"Infield shade","Standard",253,"0.004","0.064",,,,,"-0.064",,1,1,0.655,0.655,26,25,27,25,1,0,26,1,8,1,"2.88","0.95","-0.95","36.3",,,,,
"CH","2026-07-10","81","-2.71","5.53","Rodriguez, Grayson",686797,680570,,"foul",,,,,8,,"R","L","R","MIN","LAA","S",,,1,0,2026,"-1.02","0.37",-0.22244130451331334,1.6416068892260784,,,,0,2,"Bot",,,,,,,7.629062465693196,-117.807316932153,-2.632979935033206,-10.861327740088871,20.113163224252258,-28.427151037338007,3.208595801,1.619291339,12,"76.3",-9,"83.2",1877,"7.5",823685,623168,694384,672724,687093,687263,685133,666139,666176,"52.97",,,,,,,,13,2,"Changeup",1,0,1,0,0,1,1,0,"Infield shade","Standard",252,"-0.004","-0.058","69.8","8.0",,,"0.058","88.0",1,1,0.659,0.659,26,25,27,25,1,0,26,1,8,1,"3.08","1.02","-1.02","31.8",24.88833462291782,-21.854866034166616,31.049140659416025,39.85165267075006,42.11629076894001
"FF","2026-07-10","94.6","-2.59","5.63","Rodriguez, Grayson",686797,680570,,"ball",,,,,14,,"R","L","R","MIN","LAA","B",,,0,0,2026,"-0.87","1.26",1.144831852535467,1.9241909794949015,,,,0,2,"Bot",,,,,,,11.779123656827554,-137.18680923776827,-6.702776991793913,-13.516633044490776,29.423772951282015,-14.899700787102462,3.208595801,1.619291339,,,,"96.2",2370,"7.3",823685,623168,694384,672724,687093,687263,685133,666139,666176,"53.16",,,,,,,,13,1,"4-Seam Fastball",1,0,1,0,0,1,1,0,"Infield shade","Standard",217,"0.003","0.044",,,,,"-0.044",,1,1,0.656,0.656,26,25,27,25,1,0,26,1,8,1,"1.3","0.87","-0.87","35.1",,,,,
"FF","2026-07-10","96.4","-2.37","5.67","Rodriguez, Grayson",668904,680570,"field_out","hit_into_play",,,,,6,"Royce Lewis lines out sharply to right fielder Jo Adell.","R","R","R","MIN","LAA","X",9,"line_drive",3,2,2026,"-0.77","1.26",0.527903887949233,2.1375917376389486,,605137,,2,1,"Bot",182.1,75.65,,,,,9.533312031416017,-139.99360771218144,-6.646624225270839,-12.124141184620935,28.878594680318162,-14.225046057433225,3.205085302,1.617519685,335,"100.9",18,"98.4",2355,"7.3",823685,623168,694384,672724,687093,687263,685133,666139,666176,"53.17",0.42,0.494,"0",1,0,0,5,9,8,"4-Seam Fastball",1,0,1,0,0,1,1,0,"Standard","Standard",223,"-0.03","-0.273","73.4","7.7",,0.751,"0.273","100.9",1,1,0.633,0.633,26,27,27,27,1,0,26,1,8,1,"1.18","0.77","0.77","37.0",9.712054031885197,8.697221910834187,25.289609480622584,43.99079637886115,22.876923871554443
"CH","2026-07-10","81.7","-2.5","5.6","Rodriguez, Grayson",668904,680570,,"foul",,,,,11,,"R","R","R","MIN","LAA","S",,,3,2,2026,"-0.75","0.28",-0.5361107078124605,3.432667545317808,,605137,,2,1,"Bot",,,,,,,5.952875114214946,-118.94990166554577,1.2520591351140142,-8.17762413112541,18.829728525332122,-29.91138815087433,3.205085302,1.617519685,187,"65.8",49,"84",1865,"7.4",823685,623168,694384,672724,687093,687263,685133,666139,666176,"53.12",,,,,,,,9,7,"Changeup",1,0,1,0,0,1,1,0,"Standard","Standard",261,"0","0","73.1","7.1",,,"0","88.0",1,1,0.633,0.633,26,27,27,27,1,0,26,1,8,1,"3.09","0.75","0.75","33.6",9.053275847367987,-8.641192525516008,16.683458538984674,30.29138287927955,33.66168779116591
"FF","2026-07-10","97.9","-2.2","5.82","Rodriguez, Grayson",668904,680570,,"foul",,,,,2,,"R","R","R","MIN","LAA","S",,,3,2,2026,"-1.15","1.14",-0.004436410191552387,3.0289617215808917,,605137,,2,1,"Bot",,,,,,,8.656500686060296,-142.38357927236652,-4.607032367283454,-17.557139550155625,30.84854583602442,-15.784758316521312,3.205085302,1.617519685,172,"79.9",14,"99.5",2291,"7.1",823685,623168,694384,672724,687093,687263,685133,666139,666176,"53.43",,,,,,,,9,6,"4-Seam Fastball",1,0,1,0,0,1,1,0,"Standard","Standard",218,"0","0","77.5","7.0",,,"0","88.0",1,1,0.633,0.633,26,27,27,27,1,0,26,1,8,1,"1.23","1.15","1.15","39.6",2.2337049745185955,11.263252003774998,20.082127740456453,37.18300299308623,21.438855666919522
"FF","2026-07-10","96.1","-2.43","5.68","Rodriguez, Grayson",668904,680570,,"foul",,,,,5,,"R","R","R","MIN","LAA","S",,,3,1,2026,"-0.84","1.3",0.10747128978028231,2.6454820700338653,,605137,,2,1,"Bot",,,,,,,8.695443848989523,-139.65949780810226,-5.325321138840138,-12.91702232737926,29.7923289990463,-14.15436741217602,3.205085302,1.617519685,227,"75",28,"97.7",2307,"7.2",823685,623168,694384,672724,687093,687263,685133,666139,666176,"53.33",,,,,,,,9,5,"4-Seam Fastball",1,0,1,0,0,1,1,0,"Infield shade","Standard",222,"-0.003","-0.059","78.6","7.5",,,"0.059","88.0",1,1,0.636,0.636,26,27,27,27,1,0,26,1,8,1,"1.17","0.84","0.84","42.8",1.8505331388815582,10.631412327667162,21.006858360999907,39.68877722594402,20.3699366728531
"CU","2026-07-10","80.3","-2.26","5.88","Rodriguez, Grayson",668904,680570,,"ball",,,,,14,,"R","R","R","MIN","LAA","B",,,2,1,2026,"0.49","-0.52",1.0237739069340188,1.997051086989957,,605137,,2,1,"Bot",,,,,,,6.336427228495371,-116.80686056389966,-0.6819400884590919,3.3393166577908033,21.518243284844353,-36.986612976974115,3.205085302,1.617519685,,,,"81.8",2702,"7.3",823685,623168,694384,672724,687093,687263,685133,666139,666176,"53.24",,,,,,,,9,4,"Curveball",1,0,1,0,0,1,1,0,"Infield shade","Standard",42,"0.003","0.039",,,,,"-0.039",,1,1,0.633,0.633,26,27,27,27,1,0,26,1,8,1,"4.05","-0.49","-0.49","40.8",,,,,
"FF","2026-07-10","96.3","-2.37","5.94","Rodriguez, Grayson",668904,680570,,"ball",,,,,11,,"R","R","R","MIN","LAA","B",,,1,1,2026,"-0.81","1.23",-0.5121008645775421,4.545820658663175,,605137,,2,1,"Bot",,,,,,,6.861983544075833,-140.19039936047085,-0.8559704110453673,-12.260748863199556,30.85824553150744,-15.886485665930545,3.205085302,1.617519685,,,,"97.9",2278,"7.1",823685,623168,694384,672724,687093,687263,685133,666139,666176,"53.4",,,,,,,,9,3,"4-Seam Fastball",1,0,1,0,0,1,1,0,"Infield shade","Standard",215,"0.002","0.035",,,,,"-0.035",,1,1,0.631,0.631,26,27,27,27,1,0,26,1,8,1,"1.22","0.81","0.81","43.5",,,,,
"FF","2026-07-10","95.8","-2.28","5.78","Rodriguez, Grayson",668904,680570,,"foul_tip",,,,,2,,"R","R","R","MIN","LAA","S",,,1,0,2026,"-0.91","1.26",0.044654127355744366,2.828487139892919,,605137,,2,1,"Bot",,,,,,,8.26164216432473,-139.21979235079866,-4.955188419957111,-13.631777199310854,30.293291692799656,-14.803923752281014,3.205085302,1.617519685,,,,"97.2",2294,"7.1",823685,623168,694384,672724,687093,687263,685133,666139,666176,"53.43",,,,,,,,9,2,"4-Seam Fastball",1,0,1,0,0,1,1,0,"Infield shade","Standard",221,"-0.002","-0.05","80.8","7.6",,,"0.05",,1,1,0.633,0.633,26,27,27,27,1,0,26,1,8,1,"1.22","0.91","0.91","40.7",5.675597186572688,2.715396859654595,24.06098742984462,38.62669260356059,25.19263683276459
"FF","2026-07-10","95.6","-2.34","5.81","Rodriguez, Grayson",668904,680570,,"ball",,,,,3,,"R","R","R","MIN","LAA","B",,,0,0,2026,"-0.84","1.23",0.4682920421563703,3.166562311366805,,605137,,2,1,"Bot",,,,,,,9.357034795270964,-138.96168582175667,-4.061513909826388,-12.864408113257415,29.59176958168333,-15.43315243209366,3.205085302,1.617519685,,,,"97.2",2314,"7.1",823685,623168,694384,672724,687093,687263,685133,666139,666176,"53.38",,,,,,,,9,1,"4-Seam Fastball",1,0,1,0,0,1,1,0,"Standard","Standard",220,"0.001","0.027",,,,,"-0.027",,1,1,0.632,0.632,26,27,27,27,1,0,26,1,8,1,"1.26","0.84","0.84","37.5",,,,,
"CU","2026-07-10","82","-2.6","5.9","Rodriguez, Grayson",605137,680570,"double","hit_into_play",,,,,4,"Josh Bell doubles (19) on a sharp line drive to right fielder Jo Adell.","R","L","R","MIN","LAA","X",9,"line_drive",0,0,2026,"0.38","-0.43",-0.366084267860381,2.6457930962425444,,,,2,1,"Bot",211.06,92.89,,,,,4.2754610917655675,-119.44877855648227,0.1859881128343044,2.964045587793161,20.26473542063178,-36.54857667222885,3.334973753,1.683070866,290,"100.9",19,"83.4",2774,"6.9",823685,623168,694384,672724,687093,687263,685133,666139,666176,"53.58",0.389,0.468,"1.25",1,1,1,5,8,1,"Curveball",1,0,1,0,0,1,1,0,"Infield shade","Standard",45,"0.02","0.548","75.5","8.4",,0.729,"-0.548","100.9",1,1,0.612,0.612,26,33,27,34,1,0,26,1,8,1,"3.78","-0.38","0.38","40.3",18.804147147976177,-6.949090513224105,30.51873361577132,42.527313170413066,35.626308471255996
"FF","2026-07-10","94.9","-2.37","5.74","Rodriguez, Grayson",665019,680570,"sac_fly","hit_into_play",,,,,6,"Kody Clemens out on a sacrifice fly to right fielder Jo Adell. Trevor Larnach scores.","R","L","R","MIN","LAA","X",9,"line_drive",0,0,2026,"-0.96","1.2",0.35753234428411773,2.213864785433131,663616,,,1,1,"Bot",176.78,82.8,,,,,9.371717643597405,-137.90041745243698,-6.213144832227845,-14.191620063749799,27.19476841853855,-15.596830318093202,3.211228675,1.620620079,314,"106.4",16,"96.8",2220,"7.2",823685,623168,694384,672724,687093,687263,685133,666139,666176,"53.31",,0.662,"0",1,0,0,5,7,1,"4-Seam Fastball",0,0,0,0,0,1,1,0,"Strategic","Standard",225,"0.017","-0.114","70.6","7.0",,,"0.114","106.4",0,0,0.595,0.595,26,30,27,30,1,0,26,1,8,1,"1.31","0.96","-0.96","37.4",8.765667367229096,0.7318463896679409,34.33256218202285,31.42514014255287,31.257588105210804
"FF","2026-07-10","95","-2.15","5.96","Rodriguez, Grayson",680777,680570,"field_out","hit_into_play",,,,,12,"Ryan Jeffers flies out to right fielder Jo Adell. Trevor Larnach to 3rd.","R","R","R","MIN","LAA","X",9,"fly_ball",0,2,2026,"-0.94","1.35",0.33576832724868333,3.6512460175309878,,663616,,0,1,"Bot",203.55,97.94,,,,,8.72559280160799,-138.0562963622569,-3.335569554529912,-13.94151129541813,29.38502740459762,-14.374788098356232,3.284949147,1.657824803,315,"89.1",29,"96.9",2352,"7.3",823685,623168,694384,672724,687093,687263,685133,666139,666176,"53.15",0.04,0.04,"0",1,0,0,3,6,3,"4-Seam Fastball",0,0,0,0,0,0,0,0,"Infield shade","Standard",218,"0.004","-0.193","65.6","5.6",,0.073,"0.193","89.1",0,0,0.591,0.591,26,29,27,29,1,0,26,53,8,2,"1.18","0.94","0.94","40.7",0.06342469741530299,19.423310781067286,14.858615788259478,36.498887231731565,21.184754554096514
"FF","2026-07-10","95.6","-2.36","5.82","Rodriguez, Grayson",680777,680570,,"foul",,,,,2,,"R","R","R","MIN","LAA","S",,,0,1,2026,"-0.89","1.27",-0.19076074384334318,3.3470882588430064,,663616,,0,1,"Bot",,,,,,,7.809796349483048,-139.0723952670248,-3.7033090140845464,-13.310441935841855,29.17875179026139,-14.992126617091518,3.284949147,1.657824803,266,"85.4",43,"97.4",2334,"7.2",823685,623168,694384,672724,687093,687263,685133,666139,666176,"53.34",,,,,,,,6,2,"4-Seam Fastball",0,0,0,0,0,0,0,0,"Infield shade","Standard",221,"-0.01","-0.065","71.9","6.1",,,"0.065","88.0",0,0,0.601,0.601,26,29,27,29,1,0,26,53,8,2,"1.21","0.89","0.89","38.5",3.7868418267096544,14.776888407722716,19.571473873178885,32.81980916100711,24.7924701327089
"FF","2026-07-10","94.7","-2.38","5.83","Rodriguez, Grayson",680777,680570,,"foul",,,,,1,,"R","R","R","MIN","LAA","S",,,0,0,2026,"-0.99","1.36",-0.56164717270948,2.8666718405891842,,663616,,0,1,"Bot",,,,,,,7.028550314161364,-137.727374463548,-5.030586409823207,-14.149688902478054,29.763414464256243,-13.926928376043415,3.284949147,1.657824803,3,"90.1",-40,"96.1",2375,"7",823685,623168,694384,672724,687093,687263,685133,666139,666176,"53.45",,,,,,,,6,1,"4-Seam Fastball",0,0,0,0,0,0,0,0,"Infield shade","Standard",219,"-0.006","-0.035","76.0","6.5",,,"0.035","90.1",0,0,0.607,0.607,26,29,27,29,1,0,26,53,8,2,"1.18","0.99","0.99","37.8",6.571163132742172,0.667863564726279,22.869498095926097,29.925776402608523,30.772735628827782
"FF","2026-07-10","95.7","-2.62","5.69","Rodriguez, Grayson",663616,680570,"double","hit_into_play",,,,,2,"Trevor Larnach doubles (17) on a sharp line drive to center fielder Josh Lowe.","R","L","R","MIN","LAA","X",8,"line_drive",2,0,2026,"-1.16","1.07",-0.22914715329824764,2.932287481325764,,,,0,1,"Bot",154.45,70.96,,,,,9.052288681899006,-139.18229788786886,-4.02459051651501,-17.049744059869482,29.54114295325083,-17.512422365185156,3.323564633,1.677312992,325,"101.7",14,"97.5",2460,"7.2",823685,623168,694384,672724,687093,687263,685133,666139,666176,"53.28",0.771,0.773,"1.25",1,1,1,4,5,3,"4-Seam Fastball",0,0,0,0,0,0,0,0,"Infield shade","Standard",219,"0.049","0.599","72.8","6.6",,1.028,"-0.599","101.7",0,0,0.558,0.558,26,29,27,29,1,0,26,1,8,1,"1.41","1.16","-1.16","32.9",-11.2735719679517,-5.661121525930441,28.689431964132527,37.05795960992052,33.735029936869076
"FF","2026-07-10","95","-2.89","5.68","Rodriguez, Grayson",663616,680570,,"ball",,,,,13,,"R","L","R","MIN","LAA","B",,,1,0,2026,"-1.13","1.04",-1.997272312710958,2.3354465062885774,,,,0,1,"Bot",,,,,,,4.963065716628479,-138.1838643628809,-5.305038536092808,-15.5940890622419,31.779787693465334,-17.895143631680497,3.323564633,1.677312992,,,,"96.3",2432,"7.1",823685,623168,694384,672724,687093,687263,685133,666139,666176,"53.37",,,,,,,,5,2,"4-Seam Fastball",0,0,0,0,0,0,0,0,"Infield shade","Standard",225,"0.007","0.084",,,,,"-0.084",,0,0,0.551,0.551,26,29,27,29,1,0,26,1,8,1,"1.5","1.13","-1.13","32.3",,,,,
"FF","2026-07-10","93.9","-2.84","5.74","Rodriguez, Grayson",663616,680570,,"ball",,,,,11,,"R","L","R","MIN","LAA","B",,,0,0,2026,"-1.16","1.05",-1.9984683348902945,2.6828730322261967,,,,0,1,"Bot",,,,,,,4.843563947335762,-136.66593329986904,-4.400890201401253,-15.630178614027697,30.287164878197803,-18.20226981025188,3.323564633,1.677312992,,,,"95.1",2391,"7",823685,623168,694384,672724,687093,687263,685133,666139,666176,"53.52",,,,,,,,5,1,"4-Seam Fastball",0,0,0,0,0,0,0,0,"Infield shade","Standard",220,"0.003","0.044",,,,,"-0.044",,0,0,0.548,0.548,26,29,27,29,1,0,26,1,8,1,"1.53","1.16","-1.16","34.3",,,,,
"CH","2026-06-14","83.4","-2.34","5.61","Rodriguez, Grayson",656775,680570,"hit_by_pitch","hit_by_pitch",,,,,14,"Cedric Mullins hit by pitch. Victor Mesa Jr. to 3rd. Jonathan Aranda to 2nd.","R","L","R","LAA","TB","B",,,3,2,2026,"-0.86","0.74",2.57327415015854,-1.0836787845191806,,683748,666018,1,3,"Top",,,,,,,13.025827261025308,-120.49541583641117,-10.177878981559502,-10.823608384038527,22.915614048138465,-23.020390309801574,3.004986877,1.516535433,,,,"84.4",1816,"7.3",824021,682515,694384,663611,694203,687263,685133,545361,666176,"53.19",,0.72904,"0.7",1,0,0,,20,7,"Changeup",1,0,0,1,0,1,0,1,"Standard","Standard",244,"-0.06","0.307",,,,,"-0.307",,1,-1,0.552,0.44799999999999995,26,31,27,32,2,1,6,1,26,1,"2.58","0.86","-0.86","35.5",,,,,
"FF","2026-06-14","97.4","-2.25","5.64","Rodriguez, Grayson",656775,680570,,"ball",,,,,11,,"R","L","R","LAA","TB","B",,,2,2,2026,"-1.19","1.21",-0.8500635798917346,2.7293007734627555,,683748,666018,1,3,"Top",,,,,,,6.621037703774057,-141.6459252237253,-4.957871499698867,-17.616110425930703,35.20641724252055,-14.988640442309201,3.004986877,1.516535433,,,,"98.5",2323,"7.2",824021,682515,694384,663611,694203,687263,685133,545361,666176,"53.34",,,,,,,,20,6,"4-Seam Fastball",1,0,0,1,0,1,0,1,"Standard","Standard",224,"-0.019","0.094",,,,,"-0.094",,1,-1,0.571,0.42900000000000005,26,31,27,32,2,1,6,1,26,1,"1.22","1.19","-1.19","37.0",,,,,
"FF","2026-06-14","97.4","-2.18","5.7","Rodriguez, Grayson",656775,680570,,"foul",,,,,11,,"R","L","R","LAA","TB","S",,,2,2,2026,"-0.72","1.22",-0.24403136227858857,3.471795484543078,,683748,666018,1,3,"Top",,,,,,,6.895697761582153,-141.60595140027945,-3.1077804841202386,-11.304202440493711,35.70080190038873,-15.322170337646478,3.004986877,1.516535433,202,"79.7",19,"98.3",2227,"7.1",824021,682515,694384,663611,694203,687263,685133,545361,666176,"53.42",,,,,,,,20,5,"4-Seam Fastball",1,0,0,1,0,1,0,1,"Standard","Standard",216,"0","0","66.1","6.2",,,"0","88.0",1,-1,0.571,0.42900000000000005,26,31,27,32,2,1,6,1,26,1,"1.21","0.72","-0.72","34.6",-0.9751379735895929,29.695704756141065,19.81836245386834,39.00318204890803,11.376930437767875
"FF","2026-06-14","96.6","-2.16","5.66","Rodriguez, Grayson",656775,680570,,"foul",,,,,6,,"R","L","R","LAA","TB","S",,,2,1,2026,"-0.96","1.1",0.38583657696650053,2.1206802945132908,,683748,666018,1,3,"Top",,,,,,,9.054082047987006,-140.29625249209656,-6.247507224161027,-14.730940134761019,33.34327638499186,-16.368337778173625,3.004986877,1.516535433,198,"70.1",51,"97.8",2309,"7.2",824021,682515,694384,663611,694203,687263,685133,545361,666176,"53.3",,,,,,,,20,4,"4-Seam Fastball",1,0,0,1,0,1,0,1,"Standard","Standard",221,"0.015","-0.078","71.9","6.8",,,"0.078","88.0",1,-1,0.556,0.44399999999999995,26,31,27,32,2,1,6,1,26,1,"1.36","0.96","-0.96","40.1",-2.327335239219776,10.658790574769814,39.40762938401526,30.70829714342878,18.73931801937472
"CU","2026-06-14","82.5","-2.15","5.68","Rodriguez, Grayson",656775,680570,,"ball",,,,,14,,"R","L","R","LAA","TB","B",,,1,1,2026,"0.4","-0.63",1.6650896953602394,1.6385037388672732,,683748,666018,1,3,"Top",,,,,,,7.890476765995376,-119.91467651617839,-1.1436028252034702,2.184951967723213,24.698935792917272,-38.19199017101143,3.004986877,1.516535433,,,,"83.5",2638,"7.2",824021,682515,694384,663611,694203,687263,685133,545361,666176,"53.31",,,,,,,,20,3,"Curveball",1,0,0,1,0,1,0,1,"Standard","Standard",42,"-0.01","0.076",,,,,"-0.076",,1,-1,0.566,0.43400000000000005,26,31,27,32,2,1,6,1,26,1,"4","-0.4","0.4","42.5",,,,,
"CH","2026-06-14","81.3","-2.41","5.65","Rodriguez, Grayson",656775,680570,,"foul",,,,,6,,"R","L","R","LAA","TB","S",,,1,0,2026,"-0.79","0.51",0.3901486404852813,2.091016724724676,,683748,666018,1,3,"Top",,,,,,,7.85257862772531,-118.14780953650613,-2.1307453605841102,-8.89408901788029,22.700908084408724,-27.222454533559603,3.004986877,1.516535433,302,"107.3",23,"82.6",1375,"7.2",824021,682515,694384,663611,694203,687263,685133,545361,666176,"53.27",,,,,,,,20,2,"Changeup",1,0,0,1,0,1,0,1,"Standard","Standard",253,"0.01","-0.056","75.1","8.2",,,"0.056","107.3",1,-1,0.556,0.44399999999999995,26,31,27,32,2,1,6,1,26,1,"2.95","0.79","-0.79","39.2",22.467453345288572,-26.282419207049774,31.480544324635986,31.53938508252518,43.406194338029316
"CH","2026-06-14","82.6","-2.31","5.57","Rodriguez, Grayson",656775,680570,,"blocked_ball",,,,,13,,"R","L","R","LAA","TB","B",,,0,0,2026,"-0.91","0.61",-0.505489341506845,0.7320425441806155,,683748,666018,1,3,"Top",,,,,,,5.966385565116961,-120.05974691019453,-5.558602095958317,-9.926363872640295,22.125674479505896,-25.383527910909358,3.004986877,1.516535433,,,,"84.1",1621,"7.3",824021,682515,694384,663611,694203,687263,685133,545361,666176,"53.24",,,,,,,,20,1,"Changeup",1,0,0,1,0,1,0,1,"Standard","Standard",257,"-0.007","0.04",,,,,"-0.04",,1,-1,0.563,0.43700000000000006,26,31,27,32,2,1,6,1,26,1,"2.72","0.91","-0.91","35.8",,,,,
"FF","2026-06-14","96.8","-2.26","5.71","Rodriguez, Grayson",666018,680570,"single","hit_into_play",,,,,9,"Jonathan Aranda singles on a line drive to center fielder Mike Trout. Victor Mesa Jr. to 2nd.","R","L","R","LAA","TB","X",8,"line_drive",1,1,2026,"-0.69","1.39",0.4453736175112133,2.090131778669785,,,683748,1,3,"Top",142.22,98.14,,,,,8.84891214100845,-140.44849603944354,-7.150844672636428,-11.20108281699881,34.248905632416,-12.28157732424592,3.189288058,1.609547244,187,"78.4",15,"97.7",2175,"7.1",824021,682515,694384,663611,694203,687263,685133,545361,666176,"53.37",0.774,0.722,"0.9",1,1,0,4,19,3,"4-Seam Fastball",1,0,0,1,0,1,0,1,"Infield shade","Standard",219,"-0.048","0.421","76.1","7.1",,0.868,"-0.421","88.0",1,-1,0.611,0.389,26,28,27,28,2,1,6,1,26,1,"1.07","0.69","-0.69","35.8",1.941090371529773,7.417975121007004,42.52182934636972,34.090279958797716,22.75438502711109
"CH","2026-06-14","81.8","-2.25","5.56","Rodriguez, Grayson",666018,680570,,"ball",,,,,13,,"R","L","R","LAA","TB","B",,,0,1,2026,"-0.63","0.61",-0.8122342205536486,1.4422549093849897,,,683748,1,3,"Top",,,,,,,4.532049595485608,-119.09193949805746,-3.750205829272417,-6.89027537295276,22.59999489493264,-25.863699790643945,3.189288058,1.609547244,,,,"83.2",1519,"7.2",824021,682515,694384,663611,694203,687263,685133,545361,666176,"53.31",,,,,,,,19,2,"Changeup",1,0,0,1,0,1,0,1,"Infield shade","Standard",259,"-0.003","0.03",,,,,"-0.03",,1,-1,0.614,0.386,26,28,27,28,2,1,6,1,26,1,"2.79","0.63","-0.63","38.7",,,,,
"CH","2026-06-14","81.7","-2.35","5.63","Rodriguez, Grayson",666018,680570,,"swinging_strike",,,,,6,,"R","L","R","LAA","TB","S",,,0,0,2026,"-0.65","0.62",0.38693141697503386,2.408879189412932,,,683748,1,3,"Top",,,,,,,7.476468813840388,-118.83228557305739,-1.7432002161388218,-7.5529533654711685,21.34347954294373,-26.135174964707275,3.189288058,1.609547244,,,,"83.2",1477,"7.1",824021,682515,694384,663611,694203,687263,685133,545361,666176,"53.35",,,,,,,,19,1,"Changeup",1,0,0,1,0,1,0,1,"Infield shade","Standard",255,"0.005","-0.041","79.2","8.2","2.614885872",,"0.041",,1,-1,0.609,0.391,26,28,27,28,2,1,6,1,26,1,"2.78","0.65","-0.65","35.1",32.286455463517555,-35.60770062387867,36.5220301819491,36.87617347770182,51.20041904633283
"FF","2026-06-14","96.9","-2.38","5.63","Rodriguez, Grayson",650490,680570,"strikeout","called_strike",,,,,6,"Logan Porter challenged (pitch result), call on the field was overturned: Yandy Díaz called out on strikes.","R","R","R","LAA","TB","S",2,,1,2,2026,"-0.89","1.3",0.7484563028955417,2.3457752958791724,,,683748,0,3,"Top",,,,,,,10.469744443365968,-140.7021247673992,-6.108848932811091,-14.162287214774832,32.38393018729243,-13.595408168400855,3.227903543,1.629035433,,,,"98.3",2159,"7.2",824021,682515,694384,663611,694203,687263,685133,545361,666176,"53.3",,0,"0",1,0,0,,18,4,"4-Seam Fastball",1,0,0,1,0,1,0,1,"Standard","Standard",222,"0.028","-0.178",,,,,"0.178",,1,-1,0.581,0.41900000000000004,26,34,27,35,2,1,6,1,26,1,"1.14","0.89","0.89","36.8",,,,,
"CH","2026-06-14","82.2","-2.26","5.63","Rodriguez, Grayson",650490,680570,,"ball",,,,,14,,"R","R","R","LAA","TB","B",,,0,2,2026,"-0.64","0.63",1.4602469604107737,1.085905816668574,,,683748,0,3,"Top",,,,,,,9.73473777142637,-119.30836662982453,-4.851568457410744,-7.842913322635494,21.142041125015645,-25.42439708860055,3.227903543,1.629035433,,,,"83.8",1544,"7.3",824021,682515,694384,663611,694203,687263,685133,545361,666176,"53.18",,,,,,,,18,3,"Changeup",1,0,0,1,0,1,0,1,"Standard","Standard",251,"-0.004","0.018",,,,,"-0.018",,1,-1,0.585,0.41500000000000004,26,34,27,35,2,1,6,1,26,1,"2.74","0.64","0.64","37.9",,,,,
"CU","2026-06-14","80.9","-2.41","5.77","Rodriguez, Grayson",650490,680570,,"called_strike",,,,,2,,"R","R","R","LAA","TB","S",,,0,1,2026,"0.83","-0.62",0.24861595970188843,2.804890763152031,,,683748,0,3,"Top",,,,,,,4.297833760976813,-117.71438444257815,1.4958982670888261,6.840699253829732,22.660972536782563,-38.48478818243966,3.227903543,1.629035433,,,,"81.9",2595,"7",824021,682515,694384,663611,694203,687263,685133,545361,666176,"53.49",,,,,,,,18,2,"Curveball",1,0,0,1,0,1,0,1,"Standard","Standard",41,"0.01","-0.051",,,,,"0.051",,1,-1,0.575,0.42500000000000004,26,34,27,35,2,1,6,1,26,1,"4.11","-0.83","-0.83","43.6",,,,,
"FF","2026-06-14","97","-2.42","5.59","Rodriguez, Grayson",650490,680570,,"called_strike",,,,,5,,"R","R","R","LAA","TB","S",,,0,0,2026,"-0.79","1.35",-0.17750013836739598,2.579221418724351,,,683748,0,3,"Top",,,,,,,7.880254321636796,-140.90542521130814,-5.472259529774741,-12.329946889472012,34.37792944494823,-13.182440050361816,3.227903543,1.629035433,,,,"98.2",2133,"7.2",824021,682515,694384,663611,694203,687263,685133,545361,666176,"53.28",,,,,,,,18,1,"4-Seam Fastball",1,0,0,1,0,1,0,1,"Standard","Standard",223,"0.006","-0.043",,,,,"0.043",,1,-1,0.569,0.43100000000000005,26,34,27,35,2,1,6,1,26,1,"1.1","0.79","0.79","39.7",,,,,
"CU","2026-06-14","81.8","-2.57","5.69","Rodriguez, Grayson",683748,680570,"walk","ball",,,,,12,"Victor Mesa Jr. walks.","R","L","R","LAA","TB","B",,,3,2,2026,"0.95","-0.52",0.259853957519256,3.869219475369098,,,,0,3,"Top",,,,,,,4.492086177494616,-118.93707228228975,3.7975279348774,7.953556681443337,25.179783779465446,-38.16720032633163,3.15769357,1.593602362,,,,"82.5",2519,"7",824021,682515,694384,663611,694203,687263,685133,545361,666176,"53.48",,0.698289,"0.7",1,0,0,,17,10,"Curveball",1,0,0,1,0,1,0,1,"Strategic","Standard",44,"-0.037","0.373",,,,,"-0.373",,1,-1,0.606,0.394,26,24,27,25,1,0,6,1,26,3,"3.97","-0.95","0.95","40.6",,,,,
"FF","2026-06-14","98.2","-2.57","5.51","Rodriguez, Grayson",683748,680570,,"foul",,,,,11,,"R","L","R","LAA","TB","S",,,3,2,2026,"-1.06","1.23",-0.8820607283811173,3.1126597684605444,,,,0,3,"Top",,,,,,,7.111030074742004,-142.645527893773,-3.7031524281705477,-16.156705300455023,37.163509204561116,-14.768943228508931,3.15769357,1.593602362,203,"80.2",19,"99.1",2211,"7.2",824021,682515,694384,663611,694203,687263,685133,545361,666176,"53.31",,,,,,,,17,9,"4-Seam Fastball",1,0,0,1,0,1,0,1,"Strategic","Standard",223,"0","0","70.8","7.9",,,"0","88.0",1,-1,0.606,0.394,26,24,27,25,1,0,6,1,26,3,"1.17","1.06","-1.06","38.1",8.727355071892642,3.783255496226975,22.33862263132684,44.950537460759605,20.44621594829936
"FF","2026-06-14","98","-2.55","5.55","Rodriguez, Grayson",683748,680570,,"foul",,,,,5,,"R","L","R","LAA","TB","S",,,3,2,2026,"-0.81","1.21",0.24835361276084156,2.2960788888417896,,,,0,3,"Top",,,,,,,9.489797453493894,-142.25699311293695,-5.923467827492485,-13.353494035872378,37.202374752503914,-14.494202301140582,3.15769357,1.593602362,210,"76.9",55,"98.7",2259,"7.1",824021,682515,694384,663611,694203,687263,685133,545361,666176,"53.38",,,,,,,,17,8,"4-Seam Fastball",1,0,0,1,0,1,0,1,"Strategic","Standard",227,"0","0","76.7","7.8",,,"0","88.0",1,-1,0.606,0.394,26,24,27,25,1,0,6,1,26,3,"1.2","0.81","-0.81","35.1",5.737309905194568,-7.116980433116404,32.24209996842292,31.847188072678517,30.152686141037577
"FF","2026-06-14","96.9","-2.66","5.48","Rodriguez, Grayson",683748,680570,,"foul",,,,,1,,"R","L","R","LAA","TB","S",,,3,2,2026,"-1.11","1.15",-0.5455308243472177,2.9497997778260823,,,,0,3,"Top",,,,,,,8.258143061170978,-140.81268541928895,-3.7385815602552,-16.627650311665843,32.42881436164846,-16.218703638125483,3.15769357,1.593602362,173,"80.7",14,"98.2",2181,"7.1",824021,682515,694384,663611,694203,687263,685133,545361,666176,"53.39",,,,,,,,17,7,"4-Seam Fastball",1,0,0,1,0,1,0,1,"Strategic","Standard",223,"0","0","75.5","7.7",,,"0","88.0",1,-1,0.606,0.394,26,24,27,25,1,0,6,1,26,3,"1.29","1.11","-1.11","34.6",7.743563296167907,5.568529490410569,24.309987828752167,41.02489507395157,21.173887639793726
"FF","2026-06-14","97.3","-2.5","5.54","Rodriguez, Grayson",683748,680570,,"foul",,,,,13,,"R","L","R","LAA","TB","S",,,3,2,2026,"-1.04","1.31",-0.8498776741853302,2.0340531285029915,,,,0,3,"Top",,,,,,,6.906491584898953,-141.3136664698126,-6.761627065611803,-15.597562788847643,34.312626516805814,-13.304648656864439,3.15769357,1.593602362,220,"74.7",47,"98.5",2205,"7.2",824021,682515,694384,663611,694203,687263,685133,545361,666176,"53.31",,,,,,,,17,6,"4-Seam Fastball",1,0,0,1,0,1,0,1,"Strategic","Standard",224,"0","0","68.8","8.0",,,"0","88.0",1,-1,0.606,0.394,26,24,27,25,1,0,6,1,26,3,"1.12","1.04","-1.04","34.6",-3.303456066406852,9.135308934613262,29.299882727954767,45.81219111265587,18.86172907153646
"FF","2026-06-14","95.1","-2.51","5.46","Rodriguez, Grayson",683748,680570,,"foul_tip",,,,,8,,"R","L","R","LAA","TB","S",,,3,1,2026,"-1.03","1.33",-0.07547538306319179,1.8111943444554912,,,,0,3,"Top",,,,,,,8.7988221039952,-138.12923537948862,-6.801867545286631,-15.204941790100408,32.11661938662394,-13.710541342104882,3.15769357,1.593602362,,,,"96.5",2140,"7.3",824021,682515,694384,663611,694203,687263,685133,545361,666176,"53.23",,,,,,,,17,5,"4-Seam Fastball",1,0,0,1,0,1,0,1,"Standard","Standard",222,"0.011","-0.109","74.0","7.7",,,"0.109",,1,-1,0.595,0.405,26,24,27,25,1,0,6,1,26,3,"1.2","1.03","-1.03","33.9",1.9782528518414706,8.139835637429195,37.55829546875123,35.82615280918954,20.862555924847136
"CH","2026-06-14","82.3","-2.69","5.5","Rodriguez, Grayson",683748,680570,,"ball",,,,,11,,"R","L","R","LAA","TB","B",,,2,1,2026,"-0.88","0.49",-0.802303279888231,3.3624986185893273,,,,0,3,"Top",,,,,,,6.030843636973708,-119.72766635201717,0.8954959079709176,-9.614797993319199,22.511992917946465,-27.824212751417676,3.15769357,1.593602362,,,,"83.4",1490,"7",824021,682515,694384,663611,694203,687263,685133,545361,666176,"53.55",,,,,,,,17,4,"Changeup",1,0,0,1,0,1,0,1,"Standard","Standard",267,"-0.013","0.144",,,,,"-0.144",,1,-1,0.608,0.392,26,24,27,25,1,0,6,1,26,3,"2.87","0.88","-0.88","31.2",,,,,
"FF","2026-06-14","94.8","-2.68","5.46","Rodriguez, Grayson",683748,680570,,"called_strike",,,,,2,,"R","L","R","LAA","TB","S",,,2,0,2026,"-0.9","1.35",-0.027919361428007217,3.1018115939996753,,,,0,3,"Top",,,,,,,9.000972485829084,-137.68915439301486,-3.379755751484962,-13.43965804161129,31.699180642820387,-14.500460748402823,3.15769357,1.593602362,,,,"95.8",2195,"7",824021,682515,694384,663611,694203,687263,685133,545361,666176,"53.45",,,,,,,,17,3,"4-Seam Fastball",1,0,0,1,0,1,0,1,"Standard","Standard",228,"0.009","-0.078",,,,,"0.078",,1,-1,0.599,0.401,26,24,27,25,1,0,6,1,26,3,"1.21","0.9","-0.9","30.9",,,,,
"FF","2026-06-14","94.3","-2.6","5.5","Rodriguez, Grayson",683748,680570,,"ball",,,,,13,,"R","L","R","LAA","TB","B",,,1,0,2026,"-0.86","1.31",-0.012622615682886362,1.252001688833161,,,,0,3,"Top",,,,,,,8.725387634172103,-136.80774484189712,-8.134660949638755,-12.801322724709198,31.22919123614799,-14.005698230127107,3.15769357,1.593602362,,,,"95.5",2164,"7.2",824021,682515,694384,663611,694203,687263,685133,545361,666176,"53.27",,,,,,,,17,2,"4-Seam Fastball",1,0,0,1,0,1,0,1,"Standard","Standard",221,"-0.009","0.084",,,,,"-0.084",,1,-1,0.608,0.392,26,24,27,25,1,0,6,1,26,3,"1.27","0.86","-0.86","33.2",,,,,
"FF","2026-06-14","93.6","-2.78","5.59","Rodriguez, Grayson",683748,680570,,"ball",,,,,11,,"R","L","R","LAA","TB","B",,,0,0,2026,"-0.86","1.24",-0.9513115163779196,3.648371334338125,,,,0,3,"Top",,,,,,,6.677622936998376,-136.06667746639974,-1.846636973014881,-12.16196947278744,32.103047689464745,-16.67073284625196,3.15769357,1.593602362,,,,"94.7",2014,"7.1",824021,682515,694384,663611,694203,687263,685133,545361,666176,"53.36",,,,,,,,17,1,"4-Seam Fastball",1,0,0,1,0,1,0,1,"Standard","Standard",224,"-0.004","0.044",,,,,"-0.044",,1,-1,0.612,0.388,26,24,27,25,1,0,6,1,26,3,"1.39","0.86","-0.86","34.7",,,,,
"FF","2026-06-14","96.7","-2.35","5.71","Rodriguez, Grayson",676439,680570,"field_out","hit_into_play",,,,,3,"Hunter Feduccia lines out to center fielder Mike Trout.","R","L","R","LAA","TB","X",8,"line_drive",1,1,2026,"-0.67","1.24",0.3186814946170773,2.962216098314851,,,810938,2,2,"Top",131.79,66.56,,,,,8.699569222985819,-140.58288034199114,-4.490645549507162,-10.972136484055586,33.13667546808408,-14.839552221780071,3.262130906,1.646309055,329,"96.8",19,"97.8",2077,"7.1",824021,682515,694384,663611,694203,687263,685133,545361,666176,"53.43",0.351,0.397,"0",1,0,0,4,11,3,"4-Seam Fastball",0,0,0,0,0,0,0,0,"Standard","Standard",221,"0.022","-0.266","70.5","6.5",,0.597,"0.266","96.8",0,0,0.529,0.471,26,29,27,29,1,0,6,1,26,3,"1.21","0.67","-0.67","38.5",7.558332608255894,2.8925191531155177,30.034610455067916,31.808492199620524,24.940979258719945
"CH","2026-06-14","83.1","-2.45","5.6","Rodriguez, Grayson",676439,680570,,"ball",,,,,14,,"R","L","R","LAA","TB","B",,,0,1,2026,"-0.83","0.68",1.792987495081571,1.1955929823839715,,,810938,2,2,"Top",,,,,,,11.391390253071839,-120.47226036057945,-4.789399144799381,-10.188821056057249,22.189432575395067,-24.721067533751842,3.262130906,1.646309055,,,,"84.3",1432,"7.2",824021,682515,694384,663611,694203,687263,685133,545361,666176,"53.33",,,,,,,,11,2,"Changeup",0,0,0,0,0,0,0,0,"Standard","Standard",252,"-0.002","0.03",,,,,"-0.03",,0,0,0.531,0.469,26,29,27,29,1,0,6,1,26,3,"2.63","0.83","-0.83","35.9",,,,,
"FF","2026-06-14","95.8","-2.44","5.61","Rodriguez, Grayson",676439,680570,,"called_strike",,,,,7,,"R","L","R","LAA","TB","S",,,0,0,2026,"-1.06","1.13",-0.3361761200320146,1.790415557697955,,,810938,2,2,"Top",,,,,,,8.06433525681894,-139.1208331639475,-6.9031808538044155,-15.656108244187596,32.256855263398315,-16.11698711231194,3.262130906,1.646309055,,,,"97",2148,"7.2",824021,682515,694384,663611,694203,687263,685133,545361,666176,"53.32",,,,,,,,11,1,"4-Seam Fastball",0,0,0,0,0,0,0,0,"Standard","Standard",221,"0.003","-0.042",,,,,"0.042",,0,0,0.528,0.472,26,29,27,29,1,0,6,1,26,3,"1.37","1.06","-1.06","35.0",,,,,
"FF","2026-06-14","95.3","-2.5","5.66","Rodriguez, Grayson",810938,680570,"force_out","hit_into_play",,,,,13,"Ben Williamson grounds into a force out, shortstop Zach Neto to second baseman Nick Madrigal. Richie Palacios out at 2nd. Ben Williamson to 1st.","R","R","R","LAA","TB","X",6,"ground_ball",1,0,2026,"-1.01","1.09",-1.2410462610997968,2.309789297066507,,,680700,1,2,"Top",103.82,153.25,,,,,5.643530119171827,-138.54226337617692,-5.4251539286333825,-14.25345810641389,35.31933967028605,-17.07897911696771,3.229658793,1.62992126,7,"75.6",-17,"96",2147,"7.1",824021,682515,694384,663611,694203,687263,685133,545361,666176,"53.42",0.079,0.078,"0",1,0,0,2,10,2,"4-Seam Fastball",0,0,0,0,0,0,0,0,"Standard","Standard",221,"0.035","-0.356","68.5","6.3",,0.094,"0.356","88.0",0,0,0.493,0.507,26,25,27,26,1,0,6,2,26,1,"1.45","1.01","1.01","36.4",-5.731570437665093,9.8583384752912,36.68346574628065,26.17841704798706,27.419077053288273
"FF","2026-06-14","94.9","-2.44","5.65","Rodriguez, Grayson",810938,680570,,"ball",,,,,13,,"R","R","R","LAA","TB","B",,,0,0,2026,"-0.99","1.06",-1.2294289076870137,1.700520648075856,,,680700,1,2,"Top",,,,,,,5.470437127100791,-137.89484349806366,-6.882461343452148,-13.865886007433138,33.096692839125815,-17.323850098176976,3.229658793,1.62992126,,,,"96",2061,"7.2",824021,682515,694384,663611,694203,687263,685133,545361,666176,"53.31",,,,,,,,10,1,"4-Seam Fastball",0,0,0,0,0,0,0,0,"Standard","Standard",223,"-0.004","0.034",,,,,"-0.034",,0,0,0.497,0.503,26,25,27,26,1,0,6,2,26,1,"1.5","0.99","0.99","35.9",,,,,
"FF","2026-06-14","96.8","-2.62","5.54","Rodriguez, Grayson",680700,680570,"walk","ball",,,,,11,"Richie Palacios walks.","R","L","R","LAA","TB","B",,,3,2,2026,"-1.05","1.05",-0.9921456580318886,2.9565915415809623,,,,1,2,"Top",,,,,,,6.82716525812001,-140.68135263921292,-3.5748205353972025,-15.507149493049475,35.3451815248459,-17.602133923408793,3.040091864,1.534251969,,,,"97.8",2087,"7.2",824021,682515,694384,663611,694203,687263,685133,545361,666176,"53.31",,0.698289,"0.7",1,0,0,,9,7,"4-Seam Fastball",0,0,0,0,0,0,0,0,"Strategic","Standard",223,"-0.022","0.338",,,,,"-0.338",,0,0,0.519,0.481,26,29,27,29,1,0,6,1,26,3,"1.41","1.05","-1.05","33.7",,,,,
"FF","2026-06-14","97.1","-2.64","5.58","Rodriguez, Grayson",680700,680570,,"ball",,,,,11,,"R","L","R","LAA","TB","B",,,2,2,2026,"-0.99","1.16",-0.8696449533193275,3.9276085253356374,,,,1,2,"Top",,,,,,,7.070912269967905,-141.16532068981059,-1.4079520815428772,-14.831542996469345,34.128330376736,-16.664237425374363,3.040091864,1.534251969,,,,"98.2",2200,"7.1",824021,682515,694384,663611,694203,687263,685133,545361,666176,"53.42",,,,,,,,9,6,"4-Seam Fastball",0,0,0,0,0,0,0,0,"Strategic","Standard",222,"-0.007","0.112",,,,,"-0.112",,0,0,0.526,0.474,26,29,27,29,1,0,6,1,26,3,"1.28","0.99","-0.99","35.5",,,,,
"CH","2026-06-14","83.3","-2.58","5.51","Rodriguez, Grayson",680700,680570,,"foul",,,,,7,,"R","L","R","LAA","TB","S",,,2,2,2026,"-0.78","0.43",-0.7630021573118841,1.881292748595523,,,,1,2,"Top",,,,,,,5.782750272601006,-121.31455771225288,-2.6189769912779655,-8.800651417405481,21.353466406899486,-27.646691863872398,3.040091864,1.534251969,170,"68.6",27,"85.1",1599,"7.2",824021,682515,694384,663611,694203,687263,685133,545361,666176,"53.32",,,,,,,,9,5,"Changeup",0,0,0,0,0,0,0,0,"Strategic","Standard",256,"0","0","62.7","6.7",,,"0","88.0",0,0,0.526,0.474,26,29,27,29,1,0,6,1,26,3,"2.83","0.78","-0.78","33.3",-5.868641285715931,30.053770757372327,27.94853401995006,45.83280867289868,18.33262843759087
"FF","2026-06-14","97.4","-2.46","5.54","Rodriguez, Grayson",680700,680570,,"ball",,,,,11,,"R","L","R","LAA","TB","B",,,1,2,2026,"-1.15","1.08",-1.2507102483366759,3.058581600638534,,,,1,2,"Top",,,,,,,6.013798628943139,-141.73193237123743,-3.509424573195239,-16.86287365789651,34.37907535397274,-17.054993816095262,3.040091864,1.534251969,,,,"98.9",2215,"7.3",824021,682515,694384,663611,694203,687263,685133,545361,666176,"53.23",,,,,,,,9,4,"4-Seam Fastball",0,0,0,0,0,0,0,0,"Strategic","Standard",226,"-0.002","0.056",,,,,"-0.056",,0,0,0.528,0.472,26,29,27,29,1,0,6,1,26,3,"1.34","1.15","-1.15","36.0",,,,,
"FF","2026-06-14","97.3","-2.64","5.59","Rodriguez, Grayson",680700,680570,,"foul",,,,,6,,"R","L","R","LAA","TB","S",,,1,1,2026,"-0.96","1.2",0.5313347617240591,2.460632910936793,,,,1,2,"Top",,,,,,,10.817124951867388,-141.21492238148235,-5.498058625085485,-15.441116812163687,34.915739759286545,-14.960339026105935,3.040091864,1.534251969,184,"62.3",34,"98.4",2231,"7.3",824021,682515,694384,663611,694203,687263,685133,545361,666176,"53.24",,,,,,,,9,3,"4-Seam Fastball",0,0,0,0,0,0,0,0,"Standard","Standard",221,"0.004","-0.074","62.8","6.1",,,"0.074","88.0",0,0,0.524,0.476,26,29,27,29,1,0,6,1,26,3,"1.23","0.96","-0.96","34.4",-18.75487433397879,22.457824643779695,35.00683701522891,31.295936063366195,15.322382680221558
"CH","2026-06-14","82.1","-2.73","5.56","Rodriguez, Grayson",680700,680570,,"ball",,,,,13,,"R","L","R","LAA","TB","B",,,0,1,2026,"-1.05","0.34",-1.6075378493588843,2.038484691012336,,,,1,2,"Top",,,,,,,4.664887793517439,-119.55575096915115,-1.8836021330963706,-10.99430034040375,23.0546795550624,-28.80522063311864,3.040091864,1.534251969,,,,"83.4",1729,"7.1",824021,682515,694384,663611,694203,687263,685133,545361,666176,"53.37",,,,,,,,9,2,"Changeup",0,0,0,0,0,0,0,0,"Standard","Standard",260,"-0.002","0.035",,,,,"-0.035",,0,0,0.526,0.474,26,29,27,29,1,0,6,1,26,3,"3.04","1.05","-1.05","30.8",,,,,
"CH","2026-06-14","83.2","-2.63","5.51","Rodriguez, Grayson",680700,680570,,"swinging_strike",,,,,14,,"R","L","R","LAA","TB","S",,,0,0,2026,"-0.97","0.42",0.13483063922660965,0.987857051778712,,,,1,2,"Top",,,,,,,8.298510707815856,-120.91158924270435,-4.540531400403651,-11.068344108260483,23.101350484902873,-27.38696372739845,3.040091864,1.534251969,,,,"84.5",1727,"7.1",824021,682515,694384,663611,694203,687263,685133,545361,666176,"53.37",,,,,,,,9,1,"Changeup",0,0,0,0,0,0,0,0,"Standard","Standard",250,"0.003","-0.042","70.5","8.7","4.434047196",,"0.042",,0,0,0.523,0.477,26,29,27,29,1,0,6,1,26,3,"2.88","0.97","-0.97","32.0",21.13568273509067,-36.45456196140986,32.33183675500931,37.599257024387455,55.64794110848057
"CU","2026-06-14","79.3","-2.54","5.71","Rodriguez, Grayson",802415,680570,"field_out","hit_into_play",,,,,2,"Chandler Simpson flies out to center fielder Mike Trout.","R","L","R","LAA","TB","X",8,"fly_ball",0,1,2026,"0.22","-0.34",0.2338986652938193,2.9303748679868247,,,,0,2,"Top",104.01,102.06,,,,,5.633421458985421,-115.30180194203734,1.5905063542674571,0.8884578565950388,21.672597933527985,-35.73671551334987,3.177878937,1.60378937,249,"84.9",49,"80.1",2560,"6.9",824021,682515,694384,663611,694203,687263,685133,545361,666176,"53.58",0.009,0.008,"0",1,0,0,3,8,2,"Curveball",0,0,0,0,0,0,0,0,"Strategic","Standard",28,"0.02","-0.221","66.9","6.7",,0.013,"0.221","88.0",0,0,0.503,0.497,26,25,27,26,1,0,6,1,26,2,"3.97","-0.22","0.22","37.5",9.808653934966532,-1.9458996410251534,25.636361967513082,39.43155120824468,28.88921963862824
"FF","2026-06-14","94.1","-2.6","5.6","Rodriguez, Grayson",802415,680570,,"called_strike",,,,,2,,"R","L","R","LAA","TB","S",,,0,0,2026,"-0.89","1.29",-0.146569974541213,2.935336417805457,,,,0,2,"Top",,,,,,,8.395216899836765,-136.70140585414524,-3.943623637777808,-13.00908542821969,30.943218625917513,-15.346509995155108,3.177878937,1.60378937,,,,"95.3",2200,"7.1",824021,682515,694384,663611,694203,687263,685133,545361,666176,"53.38",,,,,,,,8,1,"4-Seam Fastball",0,0,0,0,0,0,0,0,"Strategic","Standard",217,"0.003","-0.043",,,,,"0.043",,0,0,0.5,0.5,26,25,27,26,1,0,6,1,26,2,"1.3","0.89","-0.89","32.1",,,,,
"FF","2026-06-14","97.3","-2.24","5.72","Rodriguez, Grayson",691406,680570,"grounded_into_double_play","hit_into_play",,,,,6,"Junior Caminero grounds into a double play, shortstop Zach Neto to second baseman Nick Madrigal to first baseman Nolan Schanuel. Cedric Mullins out at 2nd. Junior Caminero out at 1st.","R","R","R","LAA","TB","X",6,"ground_ball",2,0,2026,"-1.01","1.44",0.3387235372782915,2.2020941456428647,666018,,656775,1,1,"Top",106.41,151.73,,,,,9.3112830596038,-141.17556301632814,-7.084649529106667,-15.703975205207794,34.24031718850271,-11.502883439859438,3.243700787,1.637007874,31,"113.7",-3,"98.3",2234,"7.1",824021,682515,694384,663611,694203,687263,685133,545361,666176,"53.35",0.451,0.406,"0",1,0,0,4,4,3,"4-Seam Fastball",0,0,0,0,0,0,0,0,"Standard","Standard",213,"0.123","-0.381","84.4","9.2",,0.467,"0.381","113.7",0,0,0.425,0.575,26,22,27,23,1,0,6,1,26,1,"1","1.01","1.01","39.7",8.690207835189081,-12.237728345464541,27.409519480516927,39.492292753100976,34.34626240560963
"FF","2026-06-14","95.6","-2.34","5.65","Rodriguez, Grayson",691406,680570,,"ball",,,,,14,,"R","R","R","LAA","TB","B",,,1,0,2026,"-1","1.39",1.6780051667604108,2.0093331562153742,666018,,656775,1,1,"Top",,,,,,,12.90646688445212,-138.41864341693346,-6.9807785284322135,-15.811039666320456,32.02999911547978,-12.80868754030823,3.243700787,1.637007874,,,,"96.7",2114,"7.3",824021,682515,694384,663611,694203,687263,685133,545361,666176,"53.23",,,,,,,,4,2,"4-Seam Fastball",0,0,0,0,0,0,0,0,"Standard","Standard",215,"-0.007","0.049",,,,,"-0.049",,0,0,0.432,0.5680000000000001,26,22,27,23,1,0,6,1,26,1,"1.14","1","1","38.1",,,,,
"CU","2026-06-14","79.9","-2.29","5.78","Rodriguez, Grayson",691406,680570,,"ball",,,,,14,,"R","R","R","LAA","TB","B",,,0,0,2026,"0.72","-0.4",1.2863306575156368,2.414530738042765,666018,,656775,1,1,"Top",,,,,,,6.500664160282759,-116.21884031356872,0.3875951116395959,5.143114483027135,23.69582824837398,-36.100861363689056,3.243700787,1.637007874,,,,"80.8",2504,"7.1",824021,682515,694384,663611,694203,687263,685133,545361,666176,"53.36",,,,,,,,4,1,"Curveball",0,0,0,0,0,0,0,0,"Standard","Standard",36,"-0.003","0.027",,,,,"-0.027",,0,0,0.435,0.565,26,22,27,23,1,0,6,1,26,1,"4","-0.72","-0.72","40.9",,,,,
"FF","2026-06-14","95.6","-2.37","5.72","Rodriguez, Grayson",656775,680570,"single","hit_into_play",,,,,6,"Cedric Mullins singles on a line drive to right fielder Jo Adell. Jonathan Aranda to 3rd.","R","L","R","LAA","TB","X",9,"line_drive",0,0,2026,"-0.69","1.3",0.5453368888579183,2.011722532389294,,666018,,1,1,"Top",183.41,113.74,,,,,9.307935823988538,-138.79271979268376,-6.928699244694423,-11.191435262366836,33.88804324482884,-13.948063038123935,3.004986877,1.516535433,181,"96.3",10,"96.6",2122,"7.2",824021,682515,694384,663611,694203,687263,685133,545361,666176,"53.31",0.697,0.648,"0.9",1,1,0,4,3,1,"4-Seam Fastball",0,0,0,0,0,0,0,0,"Standard","Standard",217,"-0.046","0.551","73.2","7.3",,0.794,"-0.551","96.3",0,0,0.481,0.519,26,31,27,32,1,0,6,1,26,1,"1.22","0.69","-0.69","37.2",10.693899951098688,-2.595625468740562,37.768075830221136,29.443691442037235,26.826972878563854
"FF","2026-06-14","95.9","-2.48","5.6","Rodriguez, Grayson",666018,680570,"double","hit_into_play",,,,,8,"Jonathan Aranda doubles (10) on a sharp line drive to center fielder Mike Trout.","R","L","R","LAA","TB","X",8,"line_drive",0,0,2026,"-1.17","1.22",0.06486879529085421,1.753882666629677,,,,1,1,"Top",148.6,59.1,,,,,9.495096848925728,-139.081176920641,-7.152360380792722,-17.511436934422775,35.69862605768938,-14.805915072034784,3.189288058,1.609547244,351,"108.7",17,"96.7",2142,"7.2",824021,682515,694384,663611,694203,687263,685133,545361,666176,"53.27",0.649,0.791,"1.25",1,1,1,6,2,1,"4-Seam Fastball",0,0,0,0,0,0,0,0,"Infield shade","Standard",218,"-0.041","0.642","76.2","7.6",,1.219,"-0.642","108.7",0,0,0.522,0.478,26,28,27,28,1,0,6,1,26,1,"1.3","1.17","-1.17","36.2",3.7751124002091747,2.249979231780296,40.14617503104661,38.87131500737658,28.67874588895002
"FF","2026-06-14","97.7","-2.46","5.62","Rodriguez, Grayson",650490,680570,"field_out","hit_into_play",,,,,11,"Yandy Díaz lines out to second baseman Nick Madrigal.","R","R","R","LAA","TB","X",4,"line_drive",1,2,2026,"-1","1.31",-1.0129864839591645,2.516822334868322,,,,0,1,"Top",126.8,127.08,,,,,6.323697139618525,-142.07344837630373,-5.778213227383965,-15.08195754730112,34.27098476801101,-13.350432547015117,3.227903543,1.629035433,184,"63.9",23,"99.1",2274,"7.2",824021,682515,694384,663611,694203,687263,685133,545361,666176,"53.25",0.629,0.566,"0",1,0,0,4,1,4,"4-Seam Fastball",0,0,0,0,0,0,0,0,"Standard","Standard",217,"0.015","-0.189","74.8","7.2",,0.655,"0.189","88.0",0,0,0.507,0.493,26,34,27,35,1,0,6,1,26,1,"1.1","1","1","38.3",-6.743329692586714,3.9657931539483102,27.489961768618095,26.651353295747313,28.010433854445502
"CH","2026-06-14","83.4","-2.65","5.52","Rodriguez, Grayson",650490,680570,,"ball",,,,,14,,"R","R","R","LAA","TB","B",,,0,2,2026,"-0.87","0.24",0.7475719668401063,-0.4260258078702037,,,,0,1,"Top",,,,,,,9.596749467555924,-120.88392208266922,-7.493310315515873,-10.383860929752155,23.36794960401812,-28.49669617714029,3.227903543,1.629035433,,,,"84.7",1867,"7.3",824021,682515,694384,663611,694203,687263,685133,545361,666176,"53.19",,,,,,,,1,3,"Changeup",0,0,0,0,0,0,0,0,"Standard","Standard",247,"-0.002","0.023",,,,,"-0.023",,0,0,0.509,0.491,26,34,27,35,1,0,6,1,26,1,"3.06","0.87","0.87","42.3",,,,,
"FF","2026-06-14","95.2","-2.64","5.59","Rodriguez, Grayson",650490,680570,,"foul",,,,,5,,"R","R","R","LAA","TB","S",,,0,1,2026,"-0.98","1.05",0.018043124142824274,2.397404931628049,,,,0,1,"Top",,,,,,,9.25532613877497,-138.2335271482414,-4.929959836302524,-14.673709791834472,33.64176780299948,-17.765246272529097,3.227903543,1.629035433,214,"73.4",40,"96.3",1939,"7.3",824021,682515,694384,663611,694203,687263,685133,545361,666176,"53.24",,,,,,,,1,2,"4-Seam Fastball",0,0,0,0,0,0,0,0,"Standard","Standard",221,"0.006","-0.056","76.5","7.3",,,"0.056","88.0",0,0,0.503,0.497,26,34,27,35,1,0,6,1,26,1,"1.49","0.98","0.98","35.4",-11.202836011736157,19.336058734108317,26.302839840182695,36.9166778517734,20.65524719777265
"FF","2026-06-14","93.6","-2.63","5.7","Rodriguez, Grayson",650490,680570,,"called_strike",,,,,7,,"R","R","R","LAA","TB","S",,,0,0,2026,"-0.9","1.11",-0.49817621048041794,1.5796147962527414,,,,0,1,"Top",,,,,,,7.557942569690495,-135.8431192352816,-7.1440803846246,-12.874541806048207,32.77457656523999,-17.015647951363963,3.227903543,1.629035433,,,,"94.5",2072,"7.2",824021,682515,694384,663611,694203,687263,685133,545361,666176,"53.32",,,,,,,,1,1,"4-Seam Fastball",0,0,0,0,0,0,0,0,"Standard","Standard",217,"0.003","-0.043",,,,,"0.043",,0,0,0.5,0.5,26,34,27,35,1,0,6,1,26,1,"1.53","0.9","0.9","37.7",,,,,
"FF","2026-06-08","95.1","-2.37","5.66","Rodriguez, Grayson",701358,680570,"double","hit_into_play",,,,,4,"Cam Smith doubles (10) on a sharp line drive to left fielder Wade Meckler. Brice Matthews scores.","R","R","R","LAA","HOU","X",7,"line_drive",1,0,2026,"-1.01","1.26",-0.46847976737865893,2.394173547369304,,694728,,1,6,"Top",45.56,117.93,,,,,7.313050381966957,-138.09966294081545,-5.572288612868413,-14.574108866374774,34.012273718339415,-14.99121146331381,3.348138123,1.689714567,281,"111.3",17,"95.9",2226,"7.1",824025,681351,641820,663611,694203,687263,685133,545361,666176,"53.42",0.7,0.864,"1.25",1,1,1,6,48,2,"4-Seam Fastball",3,2,2,3,3,3,3,3,"Standard","Standard",222,"-0.156","0.758","83.9","7.8",,1.393,"-0.758","111.3",1,-1,0.625,0.375,26,23,27,23,3,2,6,1,6,1,"1.29","1.01","1.01","36.2",15.948635337952647,-17.79604616064727,34.547186571468686,31.626129156988462,39.34061705781588
"SL","2026-06-08","84.6","-2.51","5.6","Rodriguez, Grayson",701358,680570,,"ball",,,,,11,,"R","R","R","LAA","HOU","B",,,0,0,2026,"0.35","0.32",-1.1233316082002678,3.3187452192646814,,694728,,1,6,"Top",,,,,,,2.4878587708506044,-123.25367352006143,0.57582909603537,3.10035092262087,24.99878661400961,-29.226579321933528,3.348138123,1.689714567,,,,"85.4",2273,"6.8",824025,681351,641820,663611,694203,687263,685133,545361,666176,"53.7",,,,,,,,48,1,"Slider",3,2,2,3,2,3,2,3,"Standard","Standard",122,"-0.003","0.04",,,,,"-0.04",,1,-1,0.628,0.372,26,23,27,23,3,2,6,1,6,1,"2.86","-0.35","-0.35","33.7",,,,,
"FF","2026-06-08","97.3","-2.29","5.61","Rodriguez, Grayson",664774,680570,"double","hit_into_play",,,,,8,"LaMonte Wade Jr. doubles (2) on a ground ball to right fielder Jo Adell. Isaac Paredes scores.","R","L","R","LAA","HOU","X",9,"ground_ball",2,2,2026,"-0.97","1.2",0.09153203508067742,1.809275368253719,,670623,,1,6,"Top",224.36,96.32,,,,,8.676989109254144,-141.14352696160458,-7.2171023784817026,-15.045828143477307,36.06783847168995,-14.66775944222778,3.161204068,1.595374016,14,"101.3",-7,"98",2243,"7.1",824025,681351,641820,663611,694203,687263,685133,545361,666176,"53.37",0.237,0.213,"1.25",1,1,1,2,47,5,"4-Seam Fastball",3,1,1,3,2,3,2,3,"Standard","Standard",229,"-0.134","0.851","74.6","7.1",,0.246,"-0.851","101.3",2,-2,0.762,0.238,26,32,27,32,3,2,6,1,6,26,"1.25","0.97","-0.97","35.3",14.563120254366698,-7.870548396734239,32.551474819822744,30.648980472990367,40.67351567784907
"FF","2026-06-08","96.5","-2.34","5.67","Rodriguez, Grayson",664774,680570,,"foul",,,,,1,,"R","L","R","LAA","HOU","S",,,2,1,2026,"-0.92","1.22",-0.4204701184774291,3.123501841161355,,670623,,1,6,"Top",,,,,,,7.277747215553284,-140.33594101530161,-3.8446738926484927,-13.789312846161842,33.53052466100647,-15.43484315749696,3.161204068,1.595374016,235,"79.3",28,"97.7",2264,"7.1",824025,681351,641820,663611,694203,687263,685133,545361,666176,"53.38",,,,,,,,47,4,"4-Seam Fastball",3,1,1,3,1,3,1,3,"Standard","Standard",229,"0.011","-0.078","69.4","5.9",,,"0.078","88.0",2,-2,0.751,0.249,26,32,27,32,3,2,6,1,6,26,"1.24","0.92","-0.92","35.0",0.8495436240991658,10.482251883287098,23.877834362600687,36.198577511867356,26.371607844976293
"CH","2026-06-08","81.9","-2.28","5.53","Rodriguez, Grayson",664774,680570,,"blocked_ball",,,,,14,,"R","L","R","LAA","HOU","B",,,1,1,2026,"-1.05","0.57",0.9600019950661265,0.4678131129132268,,670623,,1,6,"Top",,,,,,,9.444306169163355,-118.77445342212667,-5.754377496770921,-11.721615315406087,23.0632048976097,-25.818964510084783,3.161204068,1.595374016,,,,"83.2",1805,"7.4",824025,681351,641820,663611,694203,687263,685133,545361,666176,"53.14",,,,,,,,47,3,"Changeup",3,1,1,3,1,3,1,3,"Standard","Standard",241,"-0.006","0.035",,,,,"-0.035",,2,-2,0.757,0.243,26,32,27,32,3,2,6,1,6,26,"2.86","1.05","-1.05","34.3",,,,,
"FF","2026-06-08","94.8","-2.44","5.63","Rodriguez, Grayson",664774,680570,,"called_strike",,,,,1,,"R","L","R","LAA","HOU","S",,,1,0,2026,"-0.93","1.25",-0.7391327007856092,3.082676386039616,,670623,,1,6,"Top",,,,,,,6.5757728375484525,-137.81767696284044,-3.637248864722227,-13.288573288298933,32.46062458277673,-15.649490252688931,3.161204068,1.595374016,,,,"95.8",2333,"7",824025,681351,641820,663611,694203,687263,685133,545361,666176,"53.45",,,,,,,,47,2,"4-Seam Fastball",3,1,1,3,1,3,1,3,"Standard","Standard",225,"0.006","-0.049",,,,,"0.049",,2,-2,0.751,0.249,26,32,27,32,3,2,6,1,6,26,"1.3","0.93","-0.93","35.6",,,,,
"FF","2026-06-08","96.1","-2.29","5.61","Rodriguez, Grayson",664774,680570,,"ball",,,,,11,,"R","L","R","LAA","HOU","B",,,0,0,2026,"-0.8","1.34",-0.9968846445001822,2.9938114313705446,,670623,,1,6,"Top",,,,,,,5.292595772230532,-139.82164718079133,-4.280275600097206,-11.703319800185518,33.287769532775336,-13.814364410187885,3.161204068,1.595374016,,,,"97.2",2388,"7",824025,681351,641820,663611,694203,687263,685133,545361,666176,"53.45",,,,,,,,47,1,"4-Seam Fastball",3,1,1,3,1,3,1,3,"Standard","Standard",221,"-0.004","0.04",,,,,"-0.04",,2,-2,0.755,0.245,26,32,27,32,3,2,6,1,6,26,"1.14","0.8","-0.8","39.4",,,,,
"SL","2026-06-08","83.3","-2.33","5.63","Rodriguez, Grayson",514888,680570,"strikeout","swinging_strike",,,,,14,"Jose Altuve strikes out swinging.","R","R","R","LAA","HOU","S",2,,0,2,2026,"0.39","-0.02",0.3702477918475447,1.0535376041338127,,670623,,0,6,"Top",,,,,,,5.407135850573423,-121.2493071818082,-3.84385641786028,2.847704063604941,22.86745954530136,-31.82654047208571,2.926000656,1.476673228,,,,"84.5",2332,"7",824025,681351,641820,663611,694203,687263,685133,545361,666176,"53.54",,0,"0",1,0,0,,46,3,"Slider",3,1,1,3,1,3,1,3,"Standard","Standard",77,"0.035","-0.244",,,,,"0.244",,2,-2,0.72,0.28,26,36,27,36,3,2,6,1,6,1,"3.29","-0.39","-0.39","37.2",,,,,
"SL","2026-06-08","84.7","-2.72","5.65","Rodriguez, Grayson",514888,680570,,"called_strike",,,,,4,,"R","R","R","LAA","HOU","S",,,0,1,2026,"0.52","0.24",-0.5057770191280095,2.2753687805408087,,670623,,0,6,"Top",,,,,,,4.090619721169417,-123.40534674035499,-1.8662659739334044,4.561285217273977,23.517822406603155,-29.556396995200423,2.926000656,1.476673228,,,,"85.8",2372,"6.9",824025,681351,641820,663611,694203,687263,685133,545361,666176,"53.64",,,,,,,,46,2,"Slider",3,1,1,3,1,3,1,3,"Standard","Standard",132,"0.014","-0.065",,,,,"0.065",,2,-2,0.706,0.29400000000000004,26,36,27,36,3,2,6,1,6,1,"2.92","-0.52","-0.52","36.7",,,,,
"CH","2026-06-08","81.3","-2.31","5.52","Rodriguez, Grayson",514888,680570,,"called_strike",,,,,14,,"R","R","R","LAA","HOU","S",,,0,0,2026,"-1.01","0.67",0.24295791779924514,1.3196690608907358,,670623,,0,6,"Top",,,,,,,7.772392673794839,-118.11837568634294,-3.9255256430277794,-10.972821701090815,22.329973650067,-25.328317819793014,2.926000656,1.476673228,,,,"82.8",1596,"7.4",824025,681351,641820,663611,694203,687263,685133,545361,666176,"53.14",,,,,,,,46,1,"Changeup",3,1,1,3,1,3,1,3,"Standard","Standard",251,"0.009","-0.035",,,,,"0.035",,2,-2,0.697,0.30300000000000005,26,36,27,36,3,2,6,1,6,1,"2.79","1.01","1.01","34.2",,,,,
"FF","2026-06-08","95.2","-2.55","5.55","Rodriguez, Grayson",670623,680570,"double","hit_into_play",,,,,6,"Isaac Paredes doubles (12) on a ground ball to left fielder Wade Meckler.","R","R","R","LAA","HOU","X",7,"ground_ball",0,0,2026,"-1.04","1.3",0.29040626869076513,2.1698434912958566,,,,0,6,"Top",36.69,89.06,,,,,9.896103638816824,-138.1115667212695,-6.038921252139382,-15.576535134814145,32.22143718244977,-14.32324329767737,3.180511811,1.60511811,97,"101.9",5,"96.6",2328,"7.4",824025,681351,641820,663611,694203,687263,685133,545361,666176,"53.13",0.58,0.541,"1.25",1,1,1,4,45,1,"4-Seam Fastball",3,1,1,3,1,3,1,3,"Standard","Standard",218,"-0.082","0.728",,,,0.661,"-0.728","101.9",2,-2,0.779,0.22099999999999997,26,27,27,27,3,2,6,1,6,1,"1.24","1.04","1.04","36.6",,,,,
"FF","2026-06-08","96.9","-2.26","5.63","Rodriguez, Grayson",572233,680570,"strikeout","swinging_strike",,,,,12,"Christian Walker strikes out swinging.","R","R","R","LAA","HOU","S",2,,2,2,2026,"-0.94","1.53",0.10535152062095277,3.5530866417584193,805672,,670541,2,5,"Top",,,,,,,8.53972383529026,-140.68212825839723,-3.308571195379307,-14.561744610523395,37.367538261254246,-11.488295004839765,3.178756562,1.604232283,,,,"97.4",2242,"7.1",824025,681351,641820,663611,694203,687263,685133,545361,666176,"53.38",,0,"0",1,0,0,,41,5,"4-Seam Fastball",3,1,1,3,1,3,1,3,"Standard","Standard",220,"0.052","-0.229","74.0","6.2","0.342609684",,"0.229",,2,-2,0.76,0.24,26,35,27,35,3,2,6,1,6,1,"0.95","0.94","0.94","42.0",-0.7225441167225211,21.575677813498253,20.22501603930763,35.55530995496017,19.514271161050154
"SL","2026-06-08","88.5","-2.41","5.56","Rodriguez, Grayson",572233,680570,,"swinging_strike",,,,,14,,"R","R","R","LAA","HOU","S",,,2,1,2026,"0.45","0.41",1.3267381257252238,0.8472084794924917,805672,,670541,2,5,"Top",,,,,,,8.12866251847822,-128.5239809432015,-6.049217442033516,3.2595470118772782,27.52886698627774,-26.57204905322648,3.178756562,1.604232283,,,,"89.3",2388,"7",824025,681351,641820,663611,694203,687263,685133,545361,666176,"53.51",,,,,,,,41,4,"Slider",3,1,1,3,1,3,1,3,"Standard","Standard",160,"0.013","-0.073","57.8","7.9","8.726524572",,"0.073",,2,-2,0.747,0.253,26,35,27,35,3,2,6,1,6,1,"2.52","-0.45","-0.45","33.6",5.756394903622595,-8.836534662585494,34.41237537674826,48.19162193570364,35.808855977426774
"CH","2026-06-08","81.8","-2.28","5.5","Rodriguez, Grayson",572233,680570,,"foul",,,,,4,,"R","R","R","LAA","HOU","S",,,2,0,2026,"-0.92","0.7",-0.3320337868997504,2.2533045513926364,805672,,670541,2,5,"Top",,,,,,,6.272484239535108,-118.9765915966894,-1.961907618002361,-9.950042124522916,21.668497664651195,-25.340748713619057,3.178756562,1.604232283,212,"65.2",22,"83.5",1621,"7.3",824025,681351,641820,663611,694203,687263,685133,545361,666176,"53.16",,,,,,,,41,3,"Changeup",3,1,1,3,1,3,1,3,"Standard","Standard",255,"0.007","-0.035","79.2","7.1",,,"0.035","88.0",2,-2,0.74,0.26,26,35,27,35,3,2,6,1,6,1,"2.7","0.92","0.92","36.5",5.002716066449655,-4.834067624968793,35.25642440492818,30.51402035449363,32.77683786996333
"FF","2026-06-08","96.7","-2.29","5.6","Rodriguez, Grayson",572233,680570,,"ball",,,,,13,,"R","R","R","LAA","HOU","B",,,1,0,2026,"-1.13","1.05",-0.024384010835332814,0.8259018386014103,805672,,670541,2,5,"Top",,,,,,,8.748080391279185,-140.2920286561621,-9.441802341904385,-16.975414011998293,33.31702919960372,-16.21510645814592,3.178756562,1.604232283,,,,"98",2334,"7.3",824025,681351,641820,663611,694203,687263,685133,545361,666176,"53.18",,,,,,,,41,2,"4-Seam Fastball",3,1,1,3,1,3,1,3,"Standard","Standard",214,"-0.007","0.035",,,,,"-0.035",,2,-2,0.747,0.253,26,35,27,35,3,2,6,1,6,1,"1.41","1.13","1.13","36.9",,,,,
"CH","2026-06-08","80.2","-2.28","5.64","Rodriguez, Grayson",572233,680570,,"ball",,,,,14,,"R","R","R","LAA","HOU","B",,,0,0,2026,"-1.03","0.59",0.7257867753614986,1.333104971298377,805672,,670541,2,5,"Top",,,,,,,8.708928662376872,-116.50393856656993,-3.789590773393562,-11.018834509091251,21.024461966961276,-26.24210479006942,3.178756562,1.604232283,,,,"81.8",1690,"7.4",824025,681351,641820,663611,694203,687263,685133,545361,666176,"53.13",,,,,,,,41,1,"Changeup",3,1,1,3,1,3,1,3,"Standard","Standard",253,"-0.004","0.02",,,,,"-0.02",,2,-2,0.751,0.249,26,35,27,35,3,2,6,1,6,1,"2.95","1.03","1.03","38.7",,,,,
"FF","2026-06-08","96.3","-2.22","5.6","Rodriguez, Grayson",665161,680570,"field_out","hit_into_play",,,,,1,"Jeremy Peña grounds out to first baseman Trey Mancini. Collin Price to 3rd.","R","R","R","LAA","HOU","X",3,"ground_ball",3,2,2026,"-1.14","1.01",-0.6870709229012686,3.024803523025171,,805672,,1,5,"Top",156.4,169.35,,,,,6.742129973121433,-140.01717221731388,-3.397739903638308,-16.534423992788852,33.264814590987534,-18.356133609033712,3.19718668,1.613533465,42,"54.4",3,"97.4",2027,"7.1",824025,681351,641820,663611,694203,687263,685133,545361,666176,"53.41",0.13,0.117,"0",1,0,0,1,39,7,"4-Seam Fastball",3,1,1,3,1,3,1,3,"Standard","Standard",227,"0.045","-0.266","59.1","5.3",,0.152,"0.266","88.0",2,-2,0.724,0.276,26,28,27,29,3,2,6,1,6,1,"1.46","1.14","1.14","36.8",-13.768899631839524,29.54044253519009,33.468186391507146,25.87839025850008,10.037589644622177
"CH","2026-06-08","79.9","-2.36","5.51","Rodriguez, Grayson",665161,680570,,"ball",,,,,14,,"R","R","R","LAA","HOU","B",,,2,2,2026,"-0.85","0.58",0.7648132648005558,0.7171010268722404,,805672,,1,5,"Top",,,,,,,8.591558294322512,-116.00527742348046,-4.751756605734348,-9.247919797023577,21.534559654016682,-26.183616869306412,3.19718668,1.613533465,,,,"81.4",1571,"7.4",824025,681351,641820,663611,694203,687263,685133,545361,666176,"53.07",,,,,,,,39,6,"Changeup",3,1,1,3,1,3,1,3,"Standard","Standard",254,"-0.012","0.071",,,,,"-0.071",,2,-2,0.736,0.264,26,28,27,29,3,2,6,1,6,1,"3","0.85","0.85","37.7",,,,,
"FF","2026-06-08","96.7","-2.17","5.73","Rodriguez, Grayson",665161,680570,,"ball",,,,,11,,"R","R","R","LAA","HOU","B",,,1,2,2026,"-0.95","1.12",-0.9469757839279758,4.21042426809306,,805672,,1,5,"Top",,,,,,,5.521792604528313,-140.79058207011508,-0.9687276716787442,-13.876814529156174,32.64351975439938,-17.238188348689977,3.19718668,1.613533465,,,,"98.1",2162,"7.1",824025,681351,641820,663611,694203,687263,685133,545361,666176,"53.38",,,,,,,,39,5,"4-Seam Fastball",3,1,1,3,1,3,1,3,"Standard","Standard",221,"-0.006","0.033",,,,,"-0.033",,2,-2,0.742,0.258,26,28,27,29,3,2,6,1,6,1,"1.31","0.95","0.95","39.9",,,,,
"FF","2026-06-08","97.3","-2.24","5.68","Rodriguez, Grayson",665161,680570,,"foul",,,,,5,,"R","R","R","LAA","HOU","S",,,1,2,2026,"-0.82","1.52",0.19221460553303304,2.62062072125954,,805672,,1,5,"Top",,,,,,,8.507291317846176,-141.25707369999577,-6.060537124674802,-13.005894256446476,35.639571400476385,-10.6529968794455,3.19718668,1.613533465,236,"83.5",52,"98.5",2333,"7.3",824025,681351,641820,663611,694203,687263,685133,545361,666176,"53.19",,,,,,,,39,4,"4-Seam Fastball",3,1,1,3,1,3,1,3,"Standard","Standard",219,"0","0","73.0","6.7",,,"0","88.0",2,-2,0.742,0.258,26,28,27,29,3,2,6,1,6,1,"0.92","0.82","0.82","41.9",0.7592011658400659,9.211192980950392,33.481982525777326,37.06182695668063,18.674214326843416
"FF","2026-06-08","95.9","-2.4","5.63","Rodriguez, Grayson",665161,680570,,"foul_tip",,,,,1,,"R","R","R","LAA","HOU","S",,,1,1,2026,"-0.92","1.48",-0.5188922478309056,2.9680640665911087,,805672,,1,5,"Top",,,,,,,7.129379227532098,-139.28919475515522,-4.638425918041602,-13.640593351902858,34.998753889269985,-12.132326432489332,3.19718668,1.613533465,,,,"96.8",2283,"7.2",824025,681351,641820,663611,694203,687263,685133,545361,666176,"53.32",,,,,,,,39,3,"4-Seam Fastball",3,1,1,3,1,3,1,3,"Standard","Standard",224,"0.011","-0.077","68.1","6.0",,,"0.077",,2,-2,0.731,0.269,26,28,27,29,3,2,6,1,6,1,"1.03","0.92","0.92","35.9",-3.875810361180535,14.918586572885479,34.67619089730724,29.046299578998926,13.298085187910036
"CH","2026-06-08","80.6","-2.47","5.61","Rodriguez, Grayson",665161,680570,,"ball",,,,,13,,"R","R","R","LAA","HOU","B",,,0,1,2026,"-1.06","0.43",-0.9774484641224586,1.553120256387455,,805672,,1,5,"Top",,,,,,,5.425213942486734,-117.28218708736838,-2.9862504271478363,-10.855444474190088,22.15871783306299,-27.85550536529178,3.19718668,1.613533465,,,,"82",1833,"7.2",824025,681351,641820,663611,694203,687263,685133,545361,666176,"53.28",,,,,,,,39,2,"Changeup",3,1,1,3,1,3,1,3,"Standard","Standard",245,"-0.005","0.038",,,,,"-0.038",,2,-2,0.736,0.264,26,28,27,29,3,2,6,1,6,1,"3.08","1.06","1.06","36.1",,,,,
"FF","2026-06-08","95","-2.42","5.61","Rodriguez, Grayson",665161,680570,,"called_strike",,,,,5,,"R","R","R","LAA","HOU","S",,,0,0,2026,"-0.8","1.49",-0.03835531379526025,2.6691840304192636,,805672,,1,5,"Top",,,,,,,8.106618669654273,-137.9246532687201,-5.222180897071799,-12.092418447274435,33.558532008913645,-12.266949163664476,3.19718668,1.613533465,,,,"96",2263,"7.2",824025,681351,641820,663611,694203,687263,685133,545361,666176,"53.3",,,,,,,,39,1,"4-Seam Fastball",3,1,1,3,1,3,1,3,"Standard","Standard",225,"0.007","-0.047",,,,,"0.047",,2,-2,0.729,0.271,26,28,27,29,3,2,6,1,6,1,"1.07","0.8","0.8","37.4",,,,,
"FF","2026-06-08","95.3","-2.65","5.44","Rodriguez, Grayson",805672,680570,"double","hit_into_play",,,,,5,"Collin Price doubles (1) on a ground ball to right fielder Jo Adell.","R","R","R","LAA","HOU","X",9,"ground_ball",3,1,2026,"-0.94","1.1",0.024777368745393047,2.61922129173347,,,,1,5,"Top",221.94,94.51,,,,,9.247370392975032,-138.47234743381804,-4.122633736018599,-14.246014358657726,32.62786844821908,-17.255083652224094,3.392896982,1.71230315,136,"94",7,"96.6",2264,"7.2",824025,681351,641820,663611,694203,687263,685133,545361,666176,"53.27",0.523,0.482,"1.25",1,1,1,4,38,5,"4-Seam Fastball",3,1,1,3,1,3,1,3,"Standard","Standard",222,"-0.038","0.465","70.3","6.2",,0.588,"-0.465","94.0",2,-2,0.767,0.23299999999999998,26,26,27,27,2,1,6,2,6,1,"1.43","0.94","0.94","32.1",-12.888223761388213,20.58225453662039,34.17163812809159,36.92579901631958,11.93693041049976
"FF","2026-06-08","94.3","-2.73","5.43","Rodriguez, Grayson",805672,680570,,"called_strike",,,,,14,,"R","R","R","LAA","HOU","S",,,3,0,2026,"-1.11","1.08",0.4800757922092449,1.4729591837655174,,,,1,5,"Top",,,,,,,10.91010147185062,-136.82733003550086,-6.867309009544601,-16.392154635728232,30.705818987087113,-17.202540697738176,3.392896982,1.71230315,,,,"95.6",2246,"7.2",824025,681351,641820,663611,694203,687263,685133,545361,666176,"53.29",,,,,,,,38,4,"4-Seam Fastball",3,1,1,3,1,3,1,3,"Standard","Standard",223,"0.007","-0.084",,,,,"0.084",,2,-2,0.76,0.24,26,26,27,27,2,1,6,2,6,1,"1.5","1.11","1.11","35.2",,,,,
"FF","2026-06-08","95.2","-2.56","5.41","Rodriguez, Grayson",805672,680570,,"ball",,,,,14,,"R","R","R","LAA","HOU","B",,,2,0,2026,"-0.91","1.26",0.6229951920027519,1.1428317615064372,,,,1,5,"Top",,,,,,,10.494357717527276,-138.08678274080535,-8.307028487526168,-13.992598520004348,30.807405706489636,-14.299132476364559,3.392896982,1.71230315,,,,"96.7",2225,"7.3",824025,681351,641820,663611,694203,687263,685133,545361,666176,"53.15",,,,,,,,38,3,"4-Seam Fastball",3,1,1,3,1,3,1,3,"Standard","Standard",219,"-0.01","0.141",,,,,"-0.141",,2,-2,0.77,0.22999999999999998,26,26,27,27,2,1,6,2,6,1,"1.27","0.91","0.91","32.4",,,,,
"CU","2026-06-08","78.7","-2.58","5.61","Rodriguez, Grayson",805672,680570,,"ball",,,,,14,,"R","R","R","LAA","HOU","B",,,1,0,2026,"0.85","-0.39",1.1952863134408434,0.9180695654161544,,,,1,5,"Top",,,,,,,6.581507204546371,-114.51781956596743,-2.3535591996759653,6.1877165400917615,22.099804180302446,-35.37276548241488,3.392896982,1.71230315,,,,"79.7",2642,"7.1",824025,681351,641820,663611,694203,687263,685133,545361,666176,"53.4",,,,,,,,38,2,"Curveball",3,1,1,3,1,3,1,3,"Standard","Standard",34,"-0.007","0.077",,,,,"-0.077",,2,-2,0.777,0.22299999999999998,26,26,27,27,2,1,6,2,6,1,"4.09","-0.85","-0.85","38.0",,,,,
"SL","2026-06-08","83","-2.68","5.55","Rodriguez, Grayson",805672,680570,,"ball",,,,,14,,"R","R","R","LAA","HOU","B",,,0,0,2026,"0.4","0.23",0.5685309535083385,1.113047794614476,,,,1,5,"Top",,,,,,,6.646480314031695,-120.77970799811668,-3.9625174666869483,2.6298244365181187,23.03650049761444,-29.329458347848693,3.392896982,1.71230315,,,,"84.3",2197,"7.1",824025,681351,641820,663611,694203,687263,685133,545361,666176,"53.42",,,,,,,,38,1,"Slider",3,1,1,3,1,3,1,3,"Standard","Standard",127,"-0.003","0.043",,,,,"-0.043",,2,-2,0.78,0.21999999999999997,26,26,27,27,2,1,6,2,6,1,"3.07","-0.4","-0.4","33.8",,,,,
"FF","2026-06-08","94","-2.59","5.56","Rodriguez, Grayson",666211,680570,"field_out","hit_into_play",,,,,5,"Taylor Trammell flies out to center fielder Mike Trout.","R","L","R","LAA","HOU","X",8,"fly_ball",0,0,2026,"-0.63","1.34",0.13702428297743274,2.373454524607949,,,,0,5,"Top",117.85,62.56,,,,,8.532181999478915,-136.378617725781,-5.321554514032206,-10.005717719957769,35.214381685829075,-14.465450345363621,3.26300853,1.646751969,338,"96.2",40,"94.6",2252,"7.2",824025,681351,641820,663611,694203,687263,685133,545361,666176,"53.29",0.066,0.124,"0",1,0,0,3,37,1,"4-Seam Fastball",3,1,1,3,1,3,1,3,"Standard","Standard",216,"0.029","-0.264","77.4","7.7",,0.234,"0.264","96.2",2,-2,0.751,0.249,26,28,27,29,2,1,6,1,6,1,"1.29","0.63","-0.63","34.3",10.213988258339402,-0.6859896249599324,38.58824064675115,31.619094738324343,28.34789356320108
"FF","2026-06-08","98","-2.35","5.54","Rodriguez, Grayson",701358,680570,"field_out","hit_into_play",,,,,4,"Cam Smith grounds out, shortstop Zach Neto to first baseman Trey Mancini.","R","R","R","LAA","HOU","X",6,"ground_ball",1,2,2026,"-1.06","1.14",-0.31171168121085757,2.20331375268979,,,,2,4,"Top",109.74,146.54,,,,,8.071584450568285,-142.37482619439,-6.092392515862455,-16.323485031229026,33.00566873315375,-15.428357540163853,3.348138123,1.689714567,19,"104.8",-6,"99.7",2391,"7.3",824025,681351,641820,663611,694203,687263,685133,545361,666176,"53.16",0.41,0.369,"0",1,0,0,2,31,4,"4-Seam Fastball",3,1,1,3,1,3,1,3,"Standard","Standard",222,"0.008","-0.178","79.0","7.2",,0.433,"0.178","104.8",2,-2,0.778,0.22199999999999998,26,23,27,23,2,1,6,1,6,1,"1.24","1.06","1.06","38.1",5.180335046937054,0.03904984374543521,33.18147050590228,34.98828475842491,27.289762025508374
"CH","2026-06-08","82.5","-2.57","5.46","Rodriguez, Grayson",701358,680570,,"foul",,,,,4,,"R","R","R","LAA","HOU","S",,,1,1,2026,"-0.75","0.53",-0.547068077904728,2.586747642786821,,,,2,4,"Top",,,,,,,6.163522031096572,-120.06685806482182,-0.8977467764272575,-8.452784291870504,22.546892079123264,-27.07022279447529,3.348138123,1.689714567,287,"98.2",53,"84.4",1602,"7.4",824025,681351,641820,663611,694203,687263,685133,545361,666176,"53.05",,,,,,,,31,3,"Changeup",3,1,1,3,1,3,1,3,"Standard","Standard",252,"0.003","-0.069","73.9","8.1",,,"0.069","98.2",2,-2,0.775,0.22499999999999998,26,23,27,23,2,1,6,1,6,1,"2.81","0.75","0.75","34.7",21.099667118278937,-28.486005358716096,30.351460839283195,31.332081260494924,45.46756690136585
"FF","2026-06-08","97.2","-2.49","5.49","Rodriguez, Grayson",701358,680570,,"ball",,,,,12,,"R","R","R","LAA","HOU","B",,,0,1,2026,"-0.94","0.96",0.9417319903210464,2.656488016733184,,,,2,4,"Top",,,,,,,11.448264829863028,-140.92165490750065,-4.060680904584082,-15.287668946749513,35.842782568356355,-18.615191037935126,3.348138123,1.689714567,,,,"98.2",2234,"7.3",824025,681351,641820,663611,694203,687263,685133,545361,666176,"53.19",,,,,,,,31,2,"4-Seam Fastball",3,1,1,3,1,3,1,3,"Standard","Standard",223,"-0.001","0.031",,,,,"-0.031",,2,-2,0.776,0.22399999999999998,26,23,27,23,2,1,6,1,6,1,"1.49","0.94","0.94","37.1",,,,,
"FF","2026-06-08","97.3","-2.48","5.58","Rodriguez, Grayson",701358,680570,,"foul",,,,,1,,"R","R","R","LAA","HOU","S",,,0,0,2026,"-1.11","1.15",-0.8249799652274672,2.868698601010956,,,,2,4,"Top",,,,,,,7.105964865955795,-141.56889563780268,-4.319736041595764,-16.53490782656696,32.65324141683462,-15.85526604870355,3.348138123,1.689714567,183,"89.8",14,"99",2227,"7.3",824025,681351,641820,663611,694203,687263,685133,545361,666176,"53.24",,,,,,,,31,1,"4-Seam Fastball",3,1,1,3,1,3,1,3,"Standard","Standard",218,"0.002","-0.044","80.1","7.7",,,"0.044","89.8",2,-2,0.774,0.22599999999999998,26,23,27,23,2,1,6,1,6,1,"1.26","1.11","1.11","36.8",14.213518662695451,-17.639241295226103,27.970755217493156,28.837785795282887,37.064875732161944
"FF","2026-06-08","96.8","-2.6","5.51","Rodriguez, Grayson",664774,680570,"field_out","hit_into_play",,,,,8,"LaMonte Wade Jr. lines out to left fielder Wade Meckler.","R","L","R","LAA","HOU","X",7,"line_drive",0,1,2026,"-0.83","1.34",0.2145389628787946,1.598234299157883,,,,1,4,"Top",86.63,95.08,,,,,9.510360746132438,-140.53507335191927,-7.859877374337471,-13.191470193204694,32.187177958668215,-12.807985659144824,3.161204068,1.595374016,277,"80.3",29,"98.4",2238,"7.4",824025,681351,641820,663611,694203,687263,685133,545361,666176,"53.14",0.14,0.162,"0",1,0,0,3,30,2,"4-Seam Fastball",3,1,1,3,1,3,1,3,"Standard","Standard",218,"0.015","-0.222","73.0","6.8",,0.234,"0.222","88.0",2,-2,0.759,0.241,26,32,27,32,2,1,6,1,6,26,"1.11","0.83","-0.83","35.2",0.6605804822867067,8.48548478994246,41.75296016391618,30.048955111862405,28.443624150411445
"FF","2026-06-08","95.4","-2.56","5.54","Rodriguez, Grayson",664774,680570,,"called_strike",,,,,1,,"R","L","R","LAA","HOU","S",,,0,0,2026,"-0.93","1.22",-0.650011986374572,3.115553235930717,,,,1,4,"Top",,,,,,,7.179853485188311,-138.67111189478325,-3.366145747973392,-13.588495867628989,31.820562594142373,-15.902962318048438,3.161204068,1.595374016,,,,"96.7",2230,"7.2",824025,681351,641820,663611,694203,687263,685133,545361,666176,"53.34",,,,,,,,30,1,"4-Seam Fastball",3,1,1,3,1,3,1,3,"Standard","Standard",219,"0.003","-0.042",,,,,"0.042",,2,-2,0.756,0.244,26,32,27,32,2,1,6,1,6,26,"1.3","0.93","-0.93","33.9",,,,,
"FF","2026-06-08","97.7","-2.42","5.58","Rodriguez, Grayson",514888,680570,"field_out","hit_into_play",,,,,7,"Jose Altuve grounds out, second baseman Nick Madrigal to first baseman Trey Mancini.","R","R","R","LAA","HOU","X",4,"ground_ball",1,2,2026,"-1.43","1.04",-0.5735313565133788,1.704590052679678,,,,0,4,"Top",134.16,157.47,,,,,8.397545692680552,-141.9313622019122,-7.229485586617551,-21.26756897327644,34.061995816554045,-16.534542925778297,2.926000656,1.476673228,2,"89.3",-37,"99.1",2307,"7.3",824025,681351,641820,663611,694203,687263,685133,545361,666176,"53.2",0.048,0.043,"0",1,0,0,2,29,4,"4-Seam Fastball",3,1,1,3,1,3,1,3,"Standard","Standard",222,"0.019","-0.189","65.9","6.0",,0.052,"0.189","89.3",2,-2,0.737,0.263,26,36,27,36,2,1,6,1,6,1,"1.36","1.43","1.43","36.7",-11.015879581990752,27.07427230477729,32.95765011231509,33.49124037748585,16.653268878268122
"FF","2026-06-08","97.5","-2.44","5.56","Rodriguez, Grayson",514888,680570,,"ball",,,,,13,,"R","R","R","LAA","HOU","B",,,0,2,2026,"-1.44","0.98",-0.2837797676782612,1.2980848351210885,,,,0,4,"Top",,,,,,,9.223725752373392,-141.41691475073654,-8.055744192340422,-21.408895122283052,34.26812669666519,-17.258595584935957,2.926000656,1.476673228,,,,"98.7",2358,"7.3",824025,681351,641820,663611,694203,687263,685133,545361,666176,"53.21",,,,,,,,29,3,"4-Seam Fastball",3,1,1,3,1,3,1,3,"Standard","Standard",223,"-0.003","0.023",,,,,"-0.023",,2,-2,0.74,0.26,26,36,27,36,2,1,6,1,6,1,"1.44","1.44","1.44","34.9",,,,,
"CU","2026-06-08","78.3","-2.61","5.79","Rodriguez, Grayson",514888,680570,,"foul",,,,,13,,"R","R","R","LAA","HOU","S",,,0,1,2026,"0.72","-0.74",-0.6333838165729387,1.2954507510239583,,,,0,4,"Top",,,,,,,2.893301510180498,-113.85158966957313,-1.0634298235933848,5.547940959035378,24.417858472995867,-38.53781201602421,2.926000656,1.476673228,9,"88.9",-11,"78.6",2627,"7",824025,681351,641820,663611,694203,687263,685133,545361,666176,"53.54",,,,,,,,29,2,"Curveball",3,1,1,3,1,3,1,3,"Standard","Standard",43,"0.007","-0.056","73.3","7.3",,,"0.056","88.9",2,-2,0.733,0.267,26,36,27,36,2,1,6,1,6,1,"4.51","-0.72","-0.72","39.5",17.388266328509353,-19.77092644797574,32.10418639817963,28.86605235529057,38.49404289515558
"CH","2026-06-08","81.8","-2.53","5.52","Rodriguez, Grayson",514888,680570,,"foul",,,,,2,,"R","R","R","LAA","HOU","S",,,0,0,2026,"-0.91","0.7",0.04938161122753282,2.7241883670575526,,,,0,4,"Top",,,,,,,7.679325372603023,-118.90054269109883,-0.8850718717147766,-10.12876660099976,23.265894969190917,-25.62596455042897,2.926000656,1.476673228,5,"55.5",-30,"83.2",1393,"7.3",824025,681351,641820,663611,694203,687263,685133,545361,666176,"53.16",,,,,,,,29,1,"Changeup",3,1,1,3,1,3,1,3,"Standard","Standard",260,"0.004","-0.043","74.4","8.1",,,"0.043","88.0",2,-2,0.729,0.271,26,36,27,36,2,1,6,1,6,1,"2.72","0.91","0.91","36.6",28.872086612382237,-34.77226237687705,24.935997606618134,37.924636947918344,41.29896541893177
"FF","2026-06-08","97.5","-2.4","5.62","Rodriguez, Grayson",670623,680570,"field_out","hit_into_play",,,,,8,"Isaac Paredes lines out to right fielder Jo Adell.","R","R","R","LAA","HOU","X",9,"line_drive",0,1,2026,"-0.8","1.2",0.15225828008994902,1.9473530287247063,,572233,,2,3,"Top",168.78,88.06,,,,,8.77779361081649,-141.54804029398835,-6.988695547055289,-12.808754899429466,34.81603706616412,-14.5262156696568,3.180511811,1.60511811,296,"96.1",19,"98.6",2260,"7.2",824025,681351,641820,663611,694203,687263,685133,545361,666176,"53.3",0.331,0.354,"0",1,0,0,4,25,2,"4-Seam Fastball",3,1,1,3,1,3,1,3,"Standard","Standard",218,"0.028","-0.24","68.4","7.5",,0.513,"0.24","96.1",2,-2,0.736,0.264,26,27,27,27,2,1,6,1,6,1,"1.22","0.8","0.8","34.9",10.886392993014812,4.573933385493368,36.84193968732438,34.31468961095538,26.389263719396403
"FF","2026-06-08","96.4","-2.3","5.59","Rodriguez, Grayson",670623,680570,,"called_strike",,,,,4,,"R","R","R","LAA","HOU","S",,,0,0,2026,"-1.12","1.15",-0.2815851451171332,2.5115246246938385,,572233,,2,3,"Top",,,,,,,8.0234982755374,-140.04156294765025,-5.094297721341744,-16.620960139315375,33.34834527366712,-16.090151963806004,3.180511811,1.60511811,,,,"97.7",2223,"7.2",824025,681351,641820,663611,694203,687263,685133,545361,666176,"53.26",,,,,,,,25,1,"4-Seam Fastball",3,1,1,3,1,3,1,3,"Standard","Standard",220,"0.005","-0.039",,,,,"0.039",,2,-2,0.731,0.269,26,27,27,27,2,1,6,1,6,1,"1.32","1.12","1.12","40.1",,,,,
"SL","2026-06-08","84.2","-2.6","5.66","Rodriguez, Grayson",572233,680570,"double","hit_into_play",,,,,4,"Christian Walker doubles (12) on a sharp line drive to left fielder Wade Meckler. Yordan Alvarez scores.","R","R","R","LAA","HOU","X",7,"line_drive",0,1,2026,"0.32","0.03",-0.6363191564012635,2.2645064934973633,,670541,,2,3,"Top",34.4,114.53,,,,,3.912002262109301,-122.65084123892642,-1.371921872347899,2.4496733287420724,24.09007954945352,-31.85416272136695,3.178756562,1.604232283,228,"101",13,"85.4",2371,"7",824025,681351,641820,663611,694203,687263,685133,545361,666176,"53.53",0.934,0.915,"1.25",1,1,1,4,24,2,"Slider",3,0,0,3,1,3,1,3,"Standard","Standard",83,"-0.084","0.944","77.1","7.5",,1.178,"-0.944","101.0",3,-3,0.815,0.18500000000000005,26,35,27,35,2,1,6,1,6,1,"3.18","-0.32","-0.32","36.6",11.65603112929692,-15.474756807157858,34.891922019102665,26.63486507016299,33.055850420255666
"FF","2026-06-08","96.5","-2.39","5.64","Rodriguez, Grayson",572233,680570,,"foul",,,,,9,,"R","R","R","LAA","HOU","S",,,0,0,2026,"-0.95","1.29",0.753354035730152,2.022656777728918,,670541,,2,3,"Top",,,,,,,10.616322137028373,-140.00342568364684,-6.845005157299497,-14.993893309584056,34.699869177966825,-13.72966037732667,3.178756562,1.604232283,285,"70.1",27,"97.5",2266,"7.2",824025,681351,641820,663611,694203,687263,685133,545361,666176,"53.26",,,,,,,,24,1,"4-Seam Fastball",3,0,0,3,0,3,0,3,"Standard","Standard",218,"0.004","-0.039","72.7","6.6",,,"0.039","88.0",3,-3,0.811,0.18899999999999995,26,35,27,35,2,1,6,1,6,1,"1.19","0.95","0.95","37.2",-13.43061565904094,17.762436190686977,34.286458964119454,44.22130962953246,17.268050995721154
"CH","2026-06-08","83.5","-2.56","5.52","Rodriguez, Grayson",670541,680570,"field_error","hit_into_play",,,,,5,"Yordan Alvarez reaches on a fielding error by center fielder Mike Trout. Yordan Alvarez to 2nd.","R","L","R","LAA","HOU","X",8,"fly_ball",3,2,2026,"-0.85","0.6",0.05368074172631743,2.441799389911732,,,,2,3,"Top",133.44,37.06,,,,,7.807290756761556,-121.44622982005636,-1.7073944026575103,-9.87315769311558,22.22436920055232,-26.07468700238489,3.392019357,1.711860236,399,"104.3",33,"85.4",1787,"7.4",824025,681351,641820,663611,694203,687263,685133,545361,666176,"53.11",0.683,1.352,"0.9",1,0,0,6,23,6,"Changeup",3,0,0,3,0,3,0,3,"Infield shade","Standard",256,"-0.018","0.335","75.6","7.5",,2.648,"-0.335","104.3",3,-3,0.829,0.17100000000000004,26,29,27,29,2,1,6,1,6,1,"2.65","0.85","-0.85","35.8",10.406114622419981,-0.0980027395035133,38.24638957512602,37.14593184909511,35.31298939029892
"SL","2026-06-08","88.3","-2.69","5.55","Rodriguez, Grayson",670541,680570,,"ball",,,,,14,,"R","L","R","LAA","HOU","B",,,2,2,2026,"0.28","0.23",0.7760309023944558,1.5846194343617794,,,,2,3,"Top",,,,,,,7.844595926101839,-128.38388362978924,-3.9088087611309428,1.6174527186479466,24.46400719843719,-29.065985329365354,3.392019357,1.711860236,,,,"89.7",2534,"7",824025,681351,641820,663611,694203,687263,685133,545361,666176,"53.46",,,,,,,,23,5,"Slider",3,0,0,3,0,3,0,3,"Infield shade","Standard",114,"-0.003","0.086",,,,,"-0.086",,3,-3,0.832,0.16800000000000004,26,29,27,29,2,1,6,1,6,1,"2.68","-0.28","0.28","35.1",,,,,
"CH","2026-06-08","83","-2.5","5.59","Rodriguez, Grayson",670541,680570,,"ball",,,,,13,,"R","L","R","LAA","HOU","B",,,1,2,2026,"-0.9","0.37",-0.9534885037780664,1.4052238939625399,,,,2,3,"Top",,,,,,,5.3860442315239325,-120.7522088508454,-3.6945816759924885,-9.86898017067885,21.782455029357635,-28.050466257289344,3.392019357,1.711860236,,,,"84.8",1935,"7.3",824025,681351,641820,663611,694203,687263,685133,545361,666176,"53.2",,,,,,,,23,4,"Changeup",3,0,0,3,0,3,0,3,"Infield shade","Standard",255,"-0.001","0.044",,,,,"-0.044",,3,-3,0.833,0.16700000000000004,26,29,27,29,2,1,6,1,6,1,"2.92","0.9","-0.9","37.1",,,,,
"CH","2026-06-08","83","-2.5","5.49","Rodriguez, Grayson",670541,680570,,"ball",,,,,13,,"R","L","R","LAA","HOU","B",,,0,2,2026,"-0.87","0.68",-1.2208935620481804,2.022958022086512,,,,2,3,"Top",,,,,,,4.726884655225069,-120.83245245548258,-2.6681778104427414,-9.415738866264062,21.762413566154024,-25.229614502366136,3.392019357,1.711860236,,,,"85",1771,"7.4",824025,681351,641820,663611,694203,687263,685133,545361,666176,"53.13",,,,,,,,23,3,"Changeup",3,0,0,3,0,3,0,3,"Infield shade","Standard",255,"-0.001","0.025",,,,,"-0.025",,3,-3,0.834,0.16600000000000004,26,29,27,29,2,1,6,1,6,1,"2.61","0.87","-0.87","34.9",,,,,
"FF","2026-06-08","97.4","-2.46","5.6","Rodriguez, Grayson",670541,680570,,"foul",,,,,2,,"R","L","R","LAA","HOU","S",,,0,1,2026,"-1.14","1.01",0.18363459314568487,3.3699973134822674,,,,2,3,"Top",,,,,,,9.813005251656314,-141.42517231722294,-2.663624730688565,-17.559242747661735,33.32649675095458,-18.185152025133334,3.392019357,1.711860236,203,"73.3",34,"98.7",2172,"7.2",824025,681351,641820,663611,694203,687263,685133,545361,666176,"53.28",,,,,,,,23,2,"4-Seam Fastball",3,0,0,3,0,3,0,3,"Infield shade","Standard",220,"0.002","-0.063","69.2","6.2",,,"0.063","88.0",3,-3,0.832,0.16800000000000004,26,29,27,29,2,1,6,1,6,1,"1.41","1.14","-1.14","39.8",-7.947460670571966,13.459793796699014,33.74529583685066,36.174470997777505,20.12131568985403
"FF","2026-06-08","97.2","-2.45","5.49","Rodriguez, Grayson",670541,680570,,"foul",,,,,7,,"R","L","R","LAA","HOU","S",,,0,0,2026,"-1.05","1.35",-0.28245861088128166,2.1097986787631333,,,,2,3,"Top",,,,,,,8.343373479657417,-141.10871992755736,-6.512217340494482,-16.034104871427846,33.957851743564056,-12.851981608355432,3.392019357,1.711860236,188,"77.3",19,"98.5",2210,"7.3",824025,681351,641820,663611,694203,687263,685133,545361,666176,"53.21",,,,,,,,23,1,"4-Seam Fastball",3,0,0,3,0,3,0,3,"Infield shade","Standard",223,"0.001","-0.044","77.8","7.5",,,"0.044","88.0",3,-3,0.831,0.16900000000000004,26,29,27,29,2,1,6,1,6,1,"1.09","1.05","-1.05","35.5",-5.235962327797766,9.910269675176735,43.395684972907034,41.32019584882734,18.401996166227086
"FF","2026-06-08","98.3","-2.35","5.53","Rodriguez, Grayson",665161,680570,"strikeout","called_strike",,,,,6,"Jeremy Peña called out on strikes.","R","R","R","LAA","HOU","S",2,,1,2,2026,"-1.16","1.22",0.5913970314852974,2.271661167765142,,,,1,3,"Top",,,,,,,10.774391498112077,-142.58434392193178,-6.049316320409315,-18.32484924947847,35.03442367521666,-14.328658833541585,3.19718668,1.613533465,,,,"99.5",2160,"7.3",824025,681351,641820,663611,694203,687263,685133,545361,666176,"53.2",,0,"0",1,0,0,,22,4,"4-Seam Fastball",3,0,0,3,0,3,0,3,"Standard","Standard",219,"0.011","-0.183",,,,,"0.183",,3,-3,0.82,0.18000000000000005,26,28,27,29,2,1,6,1,6,1,"1.17","1.16","1.16","35.3",,,,,
"FF","2026-06-08","97.5","-2.42","5.56","Rodriguez, Grayson",665161,680570,,"ball",,,,,12,,"R","R","R","LAA","HOU","B",,,0,2,2026,"-0.89","1.43",0.8589520456283216,3.14270713238351,,,,1,3,"Top",,,,,,,10.941984225235485,-141.42155143881945,-4.121491874830297,-14.518826325476978,35.11434177346339,-12.322409398931306,3.19718668,1.613533465,,,,"98.7",2159,"7.3",824025,681351,641820,663611,694203,687263,685133,545361,666176,"53.17",,,,,,,,22,3,"4-Seam Fastball",3,0,0,3,0,3,0,3,"Standard","Standard",221,"-0.002","0.018",,,,,"-0.018",,3,-3,0.822,0.17800000000000005,26,28,27,29,2,1,6,1,6,1,"1.01","0.89","0.89","37.7",,,,,
"FF","2026-06-08","96.5","-2.55","5.52","Rodriguez, Grayson",665161,680570,,"called_strike",,,,,5,,"R","R","R","LAA","HOU","S",,,0,1,2026,"-0.99","1.37",-0.1847267335735152,2.5849671674988803,,,,1,3,"Top",,,,,,,8.663267198561599,-140.22328997144876,-5.275509087484455,-15.050673137383363,33.899682809533324,-13.035672285678816,3.19718668,1.613533465,,,,"98.1",2079,"7.4",824025,681351,641820,663611,694203,687263,685133,545361,666176,"53.08",,,,,,,,22,2,"4-Seam Fastball",3,0,0,3,0,3,0,3,"Standard","Standard",219,"0.004","-0.057",,,,,"0.057",,3,-3,0.818,0.18200000000000005,26,28,27,29,2,1,6,1,6,1,"1.09","0.99","0.99","34.9",,,,,
"CH","2026-06-08","82.5","-2.49","5.59","Rodriguez, Grayson",665161,680570,,"swinging_strike",,,,,4,,"R","R","R","LAA","HOU","S",,,0,0,2026,"-0.99","0.66",-0.3795444692003088,2.4222685041915946,,,,1,3,"Top",,,,,,,6.837670525045134,-119.95828998605299,-1.8097968275560794,-10.871755629382436,22.98552149196755,-25.60758399346412,3.19718668,1.613533465,,,,"84.1",1658,"7.4",824025,681351,641820,663611,694203,687263,685133,545361,666176,"53.13",,,,,,,,22,1,"Changeup",3,0,0,3,0,3,0,3,"Standard","Standard",253,"0.002","-0.042","71.3","9.0","6.735521964",,"0.042",,3,-3,0.816,0.18400000000000005,26,28,27,29,2,1,6,1,6,1,"2.69","0.99","0.99","33.7",30.879484965881737,-57.259432846354045,31.401879271356773,30.184637995262403,58.13846805983751
"SL","2026-06-08","85","-2.68","5.54","Rodriguez, Grayson",805672,680570,"strikeout","swinging_strike",,,,,14,"Collin Price strikes out swinging.","R","R","R","LAA","HOU","S",2,,3,2,2026,"0.43","0.08",0.8407544088186082,0.7622141866226837,,,,0,3,"Top",,,,,,,7.386771198197483,-123.53271417875058,-4.834204437245194,2.9193360521891543,24.255359668873844,-30.632542855306685,3.392896982,1.71230315,,,,"86.4",2337,"7.2",824025,681351,641820,663611,694203,687263,685133,545361,666176,"53.31",,0,"0",1,0,0,,21,7,"Slider",3,0,0,3,0,3,0,3,"Standard","Standard",97,"0.028","-0.351","74.1","8.6","7.843420272",,"0.351",,3,-3,0.788,0.21199999999999997,26,26,27,27,1,0,6,2,6,1,"3.08","-0.43","-0.43","34.8",24.19289579297973,-30.52832413826637,33.09575570086347,43.6861906167941,46.44250574485346
"CH","2026-06-08","82","-2.57","5.5","Rodriguez, Grayson",805672,680570,,"ball",,,,,13,,"R","R","R","LAA","HOU","B",,,2,2,2026,"-0.9","0.47",-1.6493422269272369,1.9601282924413281,,,,0,3,"Top",,,,,,,3.9060992641156687,-119.38646192129606,-2.220910239145809,-9.342294331650896,21.715338295633874,-27.468468418931053,3.392896982,1.71230315,,,,"83.9",1639,"7.4",824025,681351,641820,663611,694203,687263,685133,545361,666176,"53.14",,,,,,,,21,6,"Changeup",3,0,0,3,0,3,0,3,"Standard","Standard",260,"-0.009","0.115",,,,,"-0.115",,3,-3,0.797,0.20299999999999996,26,26,27,27,1,0,6,2,6,1,"2.9","0.9","0.9","32.9",,,,,
"FF","2026-06-08","97","-2.44","5.56","Rodriguez, Grayson",805672,680570,,"ball",,,,,12,,"R","R","R","LAA","HOU","B",,,1,2,2026,"-0.94","1.36",1.0071964481290085,3.066405248291959,,,,0,3,"Top",,,,,,,11.467574226723936,-140.69972526446332,-4.10097585912147,-15.167437763077809,34.491298785874605,-13.34324130792229,3.392896982,1.71230315,,,,"98.2",2050,"7.3",824025,681351,641820,663611,694203,687263,685133,545361,666176,"53.2",,,,,,,,21,5,"4-Seam Fastball",3,0,0,3,0,3,0,3,"Standard","Standard",226,"-0.004","0.047",,,,,"-0.047",,3,-3,0.801,0.19899999999999995,26,26,27,27,1,0,6,2,6,1,"1.09","0.94","0.94","39.0",,,,,
"CH","2026-06-08","82.3","-2.65","5.63","Rodriguez, Grayson",805672,680570,,"foul",,,,,4,,"R","R","R","LAA","HOU","S",,,1,2,2026,"-0.81","0.3",-0.5518467349065405,2.281143923424722,,,,0,3,"Top",,,,,,,6.405886372938859,-119.69860622470789,-1.4706845586429542,-9.023649644671643,23.01548462507114,-29.168798604017535,3.392896982,1.71230315,6,"84.2",-22,"83.6",1726,"7.2",824025,681351,641820,663611,694203,687263,685133,545361,666176,"53.32",,,,,,,,21,4,"Changeup",3,0,0,3,0,3,0,3,"Standard","Standard",253,"0","0","75.9","8.3",,,"0","88.0",3,-3,0.801,0.19899999999999995,26,26,27,27,1,0,6,2,6,1,"3.06","0.81","0.81","33.7",32.991992380516784,-34.54509988767127,30.893081386472183,28.549257683774325,46.40459389925706
"SL","2026-06-08","84.2","-2.84","5.57","Rodriguez, Grayson",805672,680570,,"foul",,,,,8,,"R","R","R","LAA","HOU","S",,,1,1,2026,"0.55","0.13",-0.012972761120548182,1.6480745663234102,,,,0,3,"Top",,,,,,,5.43443967581793,-122.48316048034297,-2.7783088332715957,4.44280341814004,24.208191924686663,-30.538002901451737,3.392896982,1.71230315,18,"77.6",-5,"85.4",2404,"7.1",824025,681351,641820,663611,694203,687263,685133,545361,666176,"53.44",,,,,,,,21,3,"Slider",3,0,0,3,0,3,0,3,"Standard","Standard",106,"0.006","-0.062","76.6","8.1",,,"0.062","88.0",3,-3,0.795,0.20499999999999996,26,26,27,27,1,0,6,2,6,1,"3.09","-0.55","-0.55","32.6",21.178293805111682,-23.487438279306055,35.019059539172815,35.19055362378534,43.228481807262895
"SL","2026-06-08","84","-2.79","5.58","Rodriguez, Grayson",805672,680570,,"called_strike",,,,,4,,"R","R","R","LAA","HOU","S",,,1,0,2026,"0.4","0.32",-0.5638234641206649,2.8257285313616145,,,,0,3,"Top",,,,,,,4.3598164089078955,-122.27277160686138,-0.41674080753976295,3.0925741017832435,24.450622472516876,-29.1507361376164,3.392896982,1.71230315,,,,"85.1",2286,"7",824025,681351,641820,663611,694203,687263,685133,545361,666176,"53.46",,,,,,,,21,2,"Slider",3,0,0,3,0,3,0,3,"Standard","Standard",115,"0.005","-0.058",,,,,"0.058",,3,-3,0.79,0.20999999999999996,26,26,27,27,1,0,6,2,6,1,"2.92","-0.4","-0.4","33.8",,,,,
"FF","2026-06-08","93.9","-2.73","5.53","Rodriguez, Grayson",805672,680570,,"ball",,,,,11,,"R","R","R","LAA","HOU","B",,,0,0,2026,"-1.12","1.26",-1.5365992935956254,2.637298360112415,,,,0,3,"Top",,,,,,,5.661879496028888,-136.5403086763153,-4.432144628929799,-15.257618375775998,32.39253298405671,-15.624222830612121,3.392896982,1.71230315,,,,"95.2",2152,"7.3",824025,681351,641820,663611,694203,687263,685133,545361,666176,"53.24",,,,,,,,21,1,"4-Seam Fastball",3,0,0,3,0,3,0,3,"Standard","Standard",226,"-0.004","0.044",,,,,"-0.044",,3,-3,0.794,0.20599999999999996,26,26,27,27,1,0,6,2,6,1,"1.34","1.12","1.12","31.7",,,,,
"FF","2026-06-08","96.5","-2.41","5.61","Rodriguez, Grayson",666211,680570,"field_out","hit_into_play",,,,,8,"Taylor Trammell grounds out, second baseman Nick Madrigal to first baseman Trey Mancini.","R","L","R","LAA","HOU","X",4,"ground_ball",1,1,2026,"-1.4","1.17",-0.050474664092400534,2.07880981073656,664774,701358,,2,2,"Top",148.69,152.02,,,,,9.610427784348825,-139.99217843072358,-6.277040928963174,-20.73568288785782,37.344306724717896,-15.565931053968166,3.26300853,1.646751969,27,"109.1",-3,"97.3",2178,"7.3",824025,681351,641820,663611,694203,687263,685133,545361,666176,"53.2",0.437,0.393,"0",1,0,0,4,11,3,"4-Seam Fastball",0,0,0,0,0,0,0,0,"Standard","Standard",230,"0.057","-0.251","73.5","7.8",,0.445,"0.251","109.1",0,0,0.494,0.506,26,28,27,29,1,0,6,1,6,1,"1.33","1.4","-1.4","40.3",15.117515693632184,1.303390211292454,29.439287223794004,35.589119480913844,29.240926725437923
"FF","2026-06-08","96.4","-2.51","5.69","Rodriguez, Grayson",666211,680570,,"foul",,,,,4,,"R","L","R","LAA","HOU","S",,,1,0,2026,"-1.17","1.21",-0.693224282001313,2.692443121197544,664774,701358,,2,2,"Top",,,,,,,7.582725156276829,-140.06986492458046,-4.943881478691285,-17.19536900370716,36.36022769473916,-15.382827590450308,3.26300853,1.646751969,304,"91.6",39,"97.1",2291,"7.1",824025,681351,641820,663611,694203,687263,685133,545361,666176,"53.37",,,,,,,,11,2,"4-Seam Fastball",0,0,0,0,0,0,0,0,"Standard","Standard",221,"0.005","-0.042","70.7","7.4",,,"0.042","91.6",0,0,0.489,0.511,26,28,27,29,1,0,6,1,6,1,"1.28","1.17","-1.17","36.3",-1.5461480853980378,5.256039163897127,31.202635535283235,43.65794117316183,17.753982710550734
"CH","2026-06-08","82.4","-2.46","5.56","Rodriguez, Grayson",666211,680570,,"ball",,,,,14,,"R","L","R","LAA","HOU","B",,,0,0,2026,"-0.79","0.51",0.4620807635161429,0.617552345887606,664774,701358,,2,2,"Top",,,,,,,8.251376296013525,-119.68031326956161,-5.550638358167666,-9.140741435478331,22.542304712021416,-26.349885259342663,3.26300853,1.646751969,,,,"83.9",1569,"7.3",824025,681351,641820,663611,694203,687263,685133,545361,666176,"53.17",,,,,,,,11,1,"Changeup",0,0,0,0,0,0,0,0,"Standard","Standard",258,"-0.002","0.033",,,,,"-0.033",,0,0,0.491,0.509,26,28,27,29,1,0,6,1,6,1,"2.85","0.79","-0.79","37.2",,,,,
"CU","2026-06-08","79.8","-2.43","5.78","Rodriguez, Grayson",701358,680570,"double","hit_into_play",,,,,8,"Cam Smith doubles (9) on a sharp line drive to left fielder Wade Meckler. LaMonte Wade Jr. to 3rd.","R","R","R","LAA","HOU","X",7,"line_drive",0,2,2026,"0.61","-1.03",-0.07040813277737612,2.022314460198608,,,664774,2,2,"Top",44.05,95.97,,,,,3.9954680710333785,-116.04841489247102,0.7556629115159001,4.679901621263316,23.53748443741788,-41.82683643326685,3.348138123,1.689714567,236,"107.3",14,"80.5",2694,"7",824025,681351,641820,663611,694203,687263,685133,545361,666176,"53.53",0.697,0.748,"1.25",1,1,1,5,10,3,"Curveball",0,0,0,0,0,0,0,0,"Standard","Standard",40,"-0.046","0.925","75.0","7.5",,1.065,"-0.925","107.3",0,0,0.537,0.46299999999999997,26,23,27,23,1,0,6,1,6,1,"4.64","-0.61","-0.61","40.7",10.650923003900509,-8.401489791276877,35.22776940050879,37.22112324110705,36.26609172636175
"SL","2026-06-08","86","-2.7","5.7","Rodriguez, Grayson",701358,680570,,"foul",,,,,8,,"R","R","R","LAA","HOU","S",,,0,1,2026,"0.42","0.09",-0.22178474960466282,2.1583566000370054,,,664774,2,2,"Top",,,,,,,4.999953673290729,-125.194397443958,-2.1413061720709665,3.3945741413965607,24.96675691419071,-31.00228817053386,3.348138123,1.689714567,16,"73.6",-8,"87",2426,"6.9",824025,681351,641820,663611,694203,687263,685133,545361,666176,"53.64",,,,,,,,10,2,"Slider",0,0,0,0,0,0,0,0,"Standard","Standard",110,"0.006","-0.063","83.8","8.9",,,"0.063","88.0",0,0,0.531,0.469,26,23,27,23,1,0,6,1,6,1,"2.99","-0.42","-0.42","35.4",25.66691999196126,-37.45791499994909,31.384575131792506,34.24463183784323,50.542162512777494
"FF","2026-06-08","95.6","-2.37","5.63","Rodriguez, Grayson",701358,680570,,"called_strike",,,,,9,,"R","R","R","LAA","HOU","S",,,0,0,2026,"-1.04","1.37",0.620096441812064,1.6981044295192937,,,664774,2,2,"Top",,,,,,,10.34558454856849,-138.59423870578613,-7.657869155366857,-15.946544404159956,35.43105114836446,-12.8759827131488,3.348138123,1.689714567,,,,"96.4",2318,"7.3",824025,681351,641820,663611,694203,687263,685133,545361,666176,"53.2",,,,,,,,10,1,"4-Seam Fastball",0,0,0,0,0,0,0,0,"Standard","Standard",218,"0.003","-0.042",,,,,"0.042",,0,0,0.528,0.472,26,23,27,23,1,0,6,1,6,1,"1.17","1.04","1.04","36.7",,,,,
"FF","2026-06-08","96.5","-2.62","5.5","Rodriguez, Grayson",664774,680570,"walk","ball",,,,,14,"LaMonte Wade Jr. walks.","R","L","R","LAA","HOU","B",,,3,1,2026,"-1.09","1.21",1.203479537038401,1.7207340410510827,,,,2,2,"Top",,,,,,,12.765423835679885,-139.79128209254492,-7.09075034922295,-17.18122364056735,32.48208460201049,-14.832454941562903,3.161204068,1.595374016,,,,"97.8",2258,"7.3",824025,681351,641820,663611,694203,687263,685133,545361,666176,"53.16",,0.698289,"0.7",1,0,0,,9,5,"4-Seam Fastball",0,0,0,0,0,0,0,0,"Standard","Standard",217,"-0.007","0.201",,,,,"-0.201",,0,0,0.535,0.46499999999999997,26,32,27,32,1,0,6,1,6,26,"1.27","1.09","-1.09","34.7",,,,,
"CH","2026-06-08","83.4","-2.6","5.5","Rodriguez, Grayson",664774,680570,,"ball",,,,,11,,"R","L","R","LAA","HOU","B",,,2,1,2026,"-1","0.49",-0.6292128997154529,3.350996465309252,,,,2,2,"Top",,,,,,,6.629422967033701,-121.3129906818338,0.7329048578092511,-11.184897330384395,23.248955427615837,-27.71036858924924,3.161204068,1.595374016,,,,"85.4",1883,"7.5",824025,681351,641820,663611,694203,687263,685133,545361,666176,"52.97",,,,,,,,9,4,"Changeup",0,0,0,0,0,0,0,0,"Standard","Standard",262,"-0.004","0.097",,,,,"-0.097",,0,0,0.539,0.46099999999999997,26,32,27,32,1,0,6,1,6,26,"2.79","1","-1","33.9",,,,,
"CH","2026-06-08","83.9","-2.58","5.58","Rodriguez, Grayson",664774,680570,,"called_strike",,,,,5,,"R","L","R","LAA","HOU","S",,,2,0,2026,"-1.09","0.52",0.12929891485789335,2.674796482254835,,,,2,2,"Top",,,,,,,8.538536854918123,-121.92805894443961,-1.1286280833538749,-12.527623039533381,24.06937944774064,-27.02373995821532,3.161204068,1.595374016,,,,"85.4",1831,"7.4",824025,681351,641820,663611,694203,687263,685133,545361,666176,"53.13",,,,,,,,9,3,"Changeup",0,0,0,0,0,0,0,0,"Standard","Standard",255,"0.003","-0.062",,,,,"0.062",,0,0,0.536,0.46399999999999997,26,32,27,32,1,0,6,1,6,26,"2.73","1.09","-1.09","33.6",,,,,
"FF","2026-06-08","96.4","-2.61","5.54","Rodriguez, Grayson",664774,680570,,"ball",,,,,11,,"R","L","R","LAA","HOU","B",,,1,0,2026,"-1.24","1.19",-0.7571956051487796,3.425084555821429,,,,2,2,"Top",,,,,,,7.872657455165756,-140.12342903373803,-2.585376431479927,-18.191089334529067,34.92195644962002,-16.247913157955676,3.161204068,1.595374016,,,,"97.5",2309,"7.2",824025,681351,641820,663611,694203,687263,685133,545361,666176,"53.27",,,,,,,,9,2,"4-Seam Fastball",0,0,0,0,0,0,0,0,"Standard","Standard",221,"-0.003","0.064",,,,,"-0.064",,0,0,0.539,0.46099999999999997,26,32,27,32,1,0,6,1,6,26,"1.29","1.24","-1.24","34.0",,,,,
"FF","2026-06-08","97.1","-2.52","5.6","Rodriguez, Grayson",664774,680570,,"ball",,,,,2,,"R","L","R","LAA","HOU","B",,,0,0,2026,"-1.06","1.25",0.2646433545121192,3.0930792291245233,,,,2,2,"Top",,,,,,,10.01006829787557,-140.95083266923027,-3.8729394107355657,-16.62601761843909,36.21531692513689,-14.90696617546041,3.161204068,1.595374016,,,,"98.2",2204,"7.3",824025,681351,641820,663611,694203,687263,685133,545361,666176,"53.18",,,,,,,,9,1,"4-Seam Fastball",0,0,0,0,0,0,0,0,"Standard","Standard",225,"-0.001","0.041",,,,,"-0.041",,0,0,0.54,0.45999999999999996,26,32,27,32,1,0,6,1,6,26,"1.21","1.06","-1.06","35.4",,,,,
"FF","2026-06-08","96.9","-2.58","5.5","Rodriguez, Grayson",514888,680570,"field_out","hit_into_play",,,,,4,"Jose Altuve lines out to second baseman Nick Madrigal.","R","R","R","LAA","HOU","X",4,"line_drive",1,0,2026,"-1.11","1.29",-0.5327590965893532,2.460779702718138,,,,1,2,"Top",142.82,130.51,,,,,8.101388052035126,-140.64028580628988,-5.3515983948294545,-16.694406082238697,36.22398745615249,-13.986482159933315,2.926000656,1.476673228,180,"63.7",23,"97.8",2231,"7.2",824025,681351,641820,663611,694203,687263,685133,545361,666176,"53.27",0.629,0.566,"0",1,0,0,4,8,2,"4-Seam Fastball",0,0,0,0,0,0,0,0,"Standard","Standard",223,"0.02","-0.307","70.1","6.9",,0.655,"0.307","88.0",0,0,0.52,0.48,26,36,27,36,1,0,6,1,6,1,"1.17","1.11","1.11","34.4",4.838544048631259,11.332941038604035,31.718458369004527,32.44115651650759,21.240892203296063
"CH","2026-06-08","83.2","-2.61","5.6","Rodriguez, Grayson",514888,680570,,"ball",,,,,11,,"R","R","R","LAA","HOU","B",,,0,0,2026,"-0.98","0.18",-1.2014895706420803,3.5896663237991704,,,,1,2,"Top",,,,,,,5.2319642243284425,-121.01671386311521,1.752196297921848,-10.667909253626537,24.873744955713345,-31.01928833045338,2.926000656,1.476673228,,,,"84.3",1828,"7.2",824025,681351,641820,663611,694203,687263,685133,545361,666176,"53.32",,,,,,,,8,1,"Changeup",0,0,0,0,0,0,0,0,"Standard","Standard",256,"-0.003","0.043",,,,,"-0.043",,0,0,0.523,0.477,26,36,27,36,1,0,6,1,6,1,"3.13","0.98","0.98","36.1",,,,,
"FF","2026-06-08","96.8","-2.58","5.6","Rodriguez, Grayson",670623,680570,"field_out","hit_into_play",,,,,1,"Isaac Paredes lines out to left fielder Wade Meckler.","R","R","R","LAA","HOU","X",7,"line_drive",2,0,2026,"-1.15","1.19",-0.40698351951044254,2.69715886270883,,,,0,2,"Top",61.58,106.6,,,,,8.549738253962824,-140.59107685543023,-4.808782663154493,-17.25807341855512,33.45001219594632,-15.42183585462489,3.180511811,1.60511811,279,"91.1",19,"98.2",2197,"7.3",824025,681351,641820,663611,694203,687263,685133,545361,666176,"53.21",0.514,0.471,"0",1,0,0,4,7,3,"4-Seam Fastball",0,0,0,0,0,0,0,0,"Infield shade","Standard",222,"0.034","-0.393","66.2","7.4",,0.599,"0.393","91.1",0,0,0.489,0.511,26,27,27,27,1,0,6,1,6,1,"1.26","1.15","1.15","37.3",15.712127813861409,-11.578559385046763,28.305940578203984,28.003448375307954,33.51010393292428
"CH","2026-06-08","83.9","-2.52","5.54","Rodriguez, Grayson",670623,680570,,"ball",,,,,14,,"R","R","R","LAA","HOU","B",,,1,0,2026,"-1.23","0.42",1.0494829325469484,0.4378868409165295,,,,0,2,"Top",,,,,,,10.821472225280784,-121.55406035290991,-6.011230927071601,-14.397113253496114,24.791271735403008,-26.8881099056494,3.180511811,1.60511811,,,,"85.2",2068,"7.4",824025,681351,641820,663611,694203,687263,685133,545361,666176,"53.06",,,,,,,,7,2,"Changeup",0,0,0,0,0,0,0,0,"Infield shade","Standard",252,"-0.007","0.084",,,,,"-0.084",,0,0,0.496,0.504,26,27,27,27,1,0,6,1,6,1,"2.85","1.23","1.23","35.9",,,,,
"CU","2026-06-08","79.3","-2.47","5.72","Rodriguez, Grayson",670623,680570,,"ball",,,,,14,,"R","R","R","LAA","HOU","B",,,0,0,2026,"0.65","-0.53",0.883126565832334,1.775180873941939,,,,0,2,"Top",,,,,,,6.082971966821703,-115.24611477991256,-0.5075505864028307,4.5131374023384945,23.38432299282403,-37.01326863685327,3.180511811,1.60511811,,,,"80.1",2696,"7.1",824025,681351,641820,663611,694203,687263,685133,545361,666176,"53.39",,,,,,,,7,1,"Curveball",0,0,0,0,0,0,0,0,"Infield shade","Standard",35,"-0.004","0.044",,,,,"-0.044",,0,0,0.5,0.5,26,27,27,27,1,0,6,1,6,1,"4.19","-0.65","-0.65","37.5",,,,,
"CH","2026-06-08","84.3","-2.43","5.51","Rodriguez, Grayson",572233,680570,"field_out","hit_into_play",,,,,9,"Christian Walker flies out to left fielder Wade Meckler.","R","R","R","LAA","HOU","X",7,"fly_ball",3,2,2026,"-1.16","0.71",0.3238823975841256,2.0153560988192103,,,,2,1,"Top",69.95,126.11,,,,,8.850653906641817,-122.44413309529159,-2.981250251099457,-13.444975953500773,24.444705639054767,-24.617391263547457,3.178756562,1.604232283,228,"92",57,"86",1582,"7.5",824025,681351,641820,663611,694203,687263,685133,545361,666176,"52.97",0.02,0.029,"0",1,0,0,3,3,6,"Changeup",0,0,0,0,0,0,0,0,"Standard","Standard",257,"0.012","-0.307","74.2","8.4",,0.045,"0.307","92.0",0,0,0.536,0.46399999999999997,26,35,27,35,1,0,6,1,6,1,"2.51","1.16","1.16","41.3",18.679579514895636,-22.56831586348481,28.1726883258504,38.308483039062246,45.56356757623995
"FF","2026-06-08","98.2","-2.37","5.6","Rodriguez, Grayson",572233,680570,,"ball",,,,,14,,"R","R","R","LAA","HOU","B",,,2,2,2026,"-1.04","1.48",1.6096672652052495,1.8041350924874058,,,,2,1,"Top",,,,,,,13.266934893526226,-142.12405455353652,-8.081074615972895,-17.37560893441732,37.105139415683446,-10.261913020268423,3.178756562,1.604232283,,,,"99",2221,"7.4",824025,681351,641820,663611,694203,687263,685133,545361,666176,"53.14",,,,,,,,3,5,"4-Seam Fastball",0,0,0,0,0,0,0,0,"Standard","Standard",222,"-0.004","0.086",,,,,"-0.086",,0,0,0.54,0.45999999999999996,26,35,27,35,1,0,6,1,6,1,"0.94","1.04","1.04","41.2",,,,,
"FF","2026-06-08","98.6","-2.42","5.62","Rodriguez, Grayson",572233,680570,,"ball",,,,,14,,"R","R","R","LAA","HOU","B",,,1,2,2026,"-0.86","1.47",1.1304773680895748,1.9712348005333844,,,,2,1,"Top",,,,,,,11.73733665146211,-142.84891811731774,-7.750546965852218,-14.716294373768847,37.760705272781145,-10.28238125904779,3.178756562,1.604232283,,,,"99.5",2261,"7.4",824025,681351,641820,663611,694203,687263,685133,545361,666176,"53.12",,,,,,,,3,4,"4-Seam Fastball",0,0,0,0,0,0,0,0,"Standard","Standard",218,"-0.001","0.044",,,,,"-0.044",,0,0,0.541,0.45899999999999996,26,35,27,35,1,0,6,1,6,1,"0.92","0.86","0.86","40.7",,,,,
"CH","2026-06-08","84.1","-2.59","5.53","Rodriguez, Grayson",572233,680570,,"swinging_strike",,,,,8,,"R","R","R","LAA","HOU","S",,,1,1,2026,"-1.1","0.66",0.09639191758452603,1.7849655438537906,,,,2,1,"Top",,,,,,,8.545040006674753,-122.15741277267227,-3.4277767054034167,-12.667094326325994,24.37269751059339,-25.11773079802932,3.178756562,1.604232283,,,,"85.8",1629,"7.5",824025,681351,641820,663611,694203,687263,685133,545361,666176,"53.02",,,,,,,,3,3,"Changeup",0,0,0,0,0,0,0,0,"Standard","Standard",253,"0.003","-0.069","77.8","8.9","4.193220156",,"0.069",,0,0,0.538,0.46199999999999997,26,35,27,35,1,0,6,1,6,1,"2.58","1.1","1.1","36.3",24.67724990348134,-40.92661854819165,27.433349697441574,36.83478436607507,52.754718641413014
"CH","2026-06-08","84.3","-2.56","5.51","Rodriguez, Grayson",572233,680570,,"swinging_strike",,,,,9,,"R","R","R","LAA","HOU","S",,,1,0,2026,"-1.3","0.64",0.33970220446831845,1.7462867468052998,,,,2,1,"Top",,,,,,,9.449633373413295,-122.34156233265163,-3.4292676895737113,-14.960053323651902,25.36005091942747,-25.26046260188422,3.178756562,1.604232283,,,,"85.6",1684,"7.4",824025,681351,641820,663611,694203,687263,685133,545361,666176,"53.08",,,,,,,,3,2,"Changeup",0,0,0,0,0,0,0,0,"Standard","Standard",256,"0.001","-0.055","77.0","8.7","6.415909356",,"0.055",,0,0,0.537,0.46299999999999997,26,35,27,35,1,0,6,1,6,1,"2.6","1.3","1.3","36.1",23.230658139354208,-36.19222896851084,27.99682961842366,38.56655343402569,55.82894959340512
"CU","2026-06-08","82.9","-2.47","5.64","Rodriguez, Grayson",572233,680570,,"ball",,,,,14,,"R","R","R","LAA","HOU","B",,,0,0,2026,"1","-1",0.667790177797699,0.9924378024687353,,,,2,1,"Top",,,,,,,5.151601088710859,-120.5055639410271,-1.798099249808307,8.479324721974294,26.696992817295687,-41.66716570143279,3.178756562,1.604232283,,,,"83.5",2770,"7.1",824025,681351,641820,663611,694203,687263,685133,545361,666176,"53.43",,,,,,,,3,1,"Curveball",0,0,0,0,0,0,0,0,"Standard","Standard",39,"-0.001","0.041",,,,,"-0.041",,0,0,0.538,0.46199999999999997,26,35,27,35,1,0,6,1,6,1,"4.36","-1","-1","42.0",,,,,
"CH","2026-06-08","83.6","-2.49","5.55","Rodriguez, Grayson",670541,680570,"strikeout","foul_tip",,,,,13,"Yordan Alvarez strikes out on a foul tip.","R","L","R","LAA","HOU","S",2,,3,2,2026,"-1.08","0.6",-0.8848690419031602,0.9514744445367307,,,,1,1,"Top",,,,,,,5.965711371842455,-121.49793189470407,-5.193947529123121,-11.921584968343762,24.451972248529376,-25.35035215447709,3.392019357,1.711860236,,,,"85.3",1756,"7.5",824025,681351,641820,663611,694203,687263,685133,545361,666176,"53.01",,0,"0",1,0,0,,2,6,"Changeup",0,0,0,0,0,0,0,0,"Infield shade","Standard",250,"0.02","-0.35","68.5","8.9",,,"0.35",,0,0,0.518,0.482,26,29,27,29,1,0,6,1,6,1,"2.67","1.08","-1.08","39.4",21.637268233258386,-18.680534889695952,39.94093032574085,49.23016192565118,48.41230599391152
"SL","2026-06-08","86.8","-2.58","5.65","Rodriguez, Grayson",670541,680570,,"ball",,,,,14,,"R","L","R","LAA","HOU","B",,,2,2,2026,"0.3","0.24",0.4626255822952723,-0.37036731217243846,,,,1,1,"Top",,,,,,,6.664130549573517,-126.08379841581954,-8.520876983977354,1.8372084120612684,24.974557516782248,-28.066330794328003,3.392019357,1.711860236,,,,"88",2576,"7.1",824025,681351,641820,663611,694203,687263,685133,545361,666176,"53.41",,,,,,,,2,5,"Slider",0,0,0,0,0,0,0,0,"Infield shade","Standard",81,"-0.006","0.112",,,,,"-0.112",,0,0,0.524,0.476,26,29,27,29,1,0,6,1,6,1,"2.79","-0.3","0.3","34.9",,,,,
"CH","2026-06-08","83.7","-2.55","5.6","Rodriguez, Grayson",670541,680570,,"foul",,,,,5,,"R","L","R","LAA","HOU","S",,,2,1,2026,"-0.86","0.77",-0.1483686934215701,2.450742061317609,,,,1,1,"Top",,,,,,,7.328376918868207,-121.789888548518,-2.251065056727638,-9.92203710767572,22.716705290696908,-24.280814791924588,3.392019357,1.711860236,180,"88",16,"85.5",1775,"7.3",824025,681351,641820,663611,694203,687263,685133,545361,666176,"53.18",,,,,,,,2,4,"Changeup",0,0,0,0,0,0,0,0,"Infield shade","Standard",254,"0.004","-0.076","77.8","8.4",,,"0.076","88.0",0,0,0.52,0.48,26,29,27,29,1,0,6,1,6,1,"2.47","0.86","-0.86","36.9",26.464474523759186,-19.329091626622915,34.055437893660454,41.4128134595377,52.445434722170944
"FF","2026-06-08","97.6","-2.56","5.58","Rodriguez, Grayson",670541,680570,,"ball",,,,,14,,"R","L","R","LAA","HOU","B",,,1,1,2026,"-0.73","1.38",0.7109523503224886,1.418936250607953,,,,1,1,"Top",,,,,,,10.56488202765371,-141.52730349804943,-8.751151225012011,-12.319984040826773,34.51767071167294,-11.669521438685388,3.392019357,1.711860236,,,,"98.8",2299,"7.3",824025,681351,641820,663611,694203,687263,685133,545361,666176,"53.19",,,,,,,,2,3,"4-Seam Fastball",0,0,0,0,0,0,0,0,"Infield shade","Standard",220,"-0.003","0.057",,,,,"-0.057",,0,0,0.523,0.477,26,29,27,29,1,0,6,1,6,1,"1.04","0.73","-0.73","35.0",,,,,
"CH","2026-06-08","84.5","-2.6","5.52","Rodriguez, Grayson",670541,680570,,"ball",,,,,13,,"R","L","R","LAA","HOU","B",,,0,1,2026,"-0.8","0.67",-1.7715839801886784,2.4224137217844453,,,,1,1,"Top",,,,,,,3.5946353587046094,-123.02007236115118,-2.055747453033205,-8.795002655343081,24.409205672662413,-25.1299597042648,3.392019357,1.711860236,,,,"86.3",1802,"7.4",824025,681351,641820,663611,694203,687263,685133,545361,666176,"53.11",,,,,,,,2,2,"Changeup",0,0,0,0,0,0,0,0,"Infield shade","Standard",257,"-0.001","0.035",,,,,"-0.035",,0,0,0.524,0.476,26,29,27,29,1,0,6,1,6,1,"2.51","0.8","-0.8","35.9",,,,,
"FF","2026-06-08","97.8","-2.67","5.67","Rodriguez, Grayson",670541,680570,,"foul",,,,,13,,"R","L","R","LAA","HOU","S",,,0,0,2026,"-1.14","1.06",-0.8367449599625334,2.400251627111172,,,,1,1,"Top",,,,,,,7.63841423708811,-141.9551681953924,-5.548302991911307,-17.200044875170736,37.68566859303687,-16.753675886569116,3.392019357,1.711860236,283,"88.5",28,"98.4",2316,"7.1",824025,681351,641820,663611,694203,687263,685133,545361,666176,"53.39",,,,,,,,2,1,"4-Seam Fastball",0,0,0,0,0,0,0,0,"Infield shade","Standard",228,"0.002","-0.042","78.2","7.0",,,"0.042","88.5",0,0,0.522,0.478,26,29,27,29,1,0,6,1,6,1,"1.37","1.14","-1.14","35.3",-10.094548950074863,18.096052080624098,33.258243437636445,48.38008615309246,19.729533383644966
"CU","2026-06-08","80.4","-2.48","5.62","Rodriguez, Grayson",665161,680570,"strikeout","swinging_strike",,,,,14,"Jeremy Peña strikes out swinging.","R","R","R","LAA","HOU","S",2,,1,2,2026,"0.98","-0.55",0.41479425571614625,0.9314898808513461,,,,0,1,"Top",,,,,,,4.504410626247258,-116.90028602571616,-2.305827184028767,7.897676249892989,25.626019746471147,-36.85460346672671,3.19718668,1.613533465,,,,"81.1",2695,"7.2",824025,681351,641820,663611,694203,687263,685133,545361,666176,"53.3",,0,"0",1,0,0,,1,4,"Curveball",0,0,0,0,0,0,0,0,"Standard","Standard",43,"0.015","-0.189","71.1","8.4","0.628592796",,"0.189",,0,0,0.507,0.493,26,28,27,29,1,0,6,1,6,1,"4.12","-0.98","-0.98","41.4",23.11931898787411,-27.39655382007504,35.01960708043961,37.11206073876231,47.081800125494645
"CH","2026-06-08","84.9","-2.58","5.56","Rodriguez, Grayson",665161,680570,,"foul",,,,,1,,"R","R","R","LAA","HOU","S",,,1,1,2026,"-0.98","0.58",-0.602874507355182,2.9272933432660437,,,,0,1,"Top",,,,,,,6.715229020114884,-123.51718199790591,-0.7946529061784211,-11.4419201971619,25.66092995470789,-26.291566884340426,3.19718668,1.613533465,16,"83.2",-10,"86.5",1708,"7.4",824025,681351,641820,663611,694203,687263,685133,545361,666176,"53.06",,,,,,,,1,3,"Changeup",0,0,0,0,0,0,0,0,"Standard","Standard",254,"0.006","-0.062","77.7","8.0",,,"0.062","88.0",0,0,0.501,0.499,26,28,27,29,1,0,6,1,6,1,"2.59","0.98","0.98","37.9",21.749315075757192,-36.10767905556825,25.647584780025447,28.187265069152495,46.421930872026834
"FF","2026-06-08","96.9","-2.63","5.52","Rodriguez, Grayson",665161,680570,,"foul",,,,,7,,"R","R","R","LAA","HOU","S",,,1,0,2026,"-0.86","1.34",-0.2823784925381756,1.494092308622081,,,,0,1,"Top",,,,,,,8.325223554371437,-140.64283814276584,-8.114213823268958,-13.45709145386164,35.257463501037904,-12.689988079484593,3.19718668,1.613533465,2,"82.4",-44,"97.9",2202,"7.3",824025,681351,641820,663611,694203,687263,685133,545361,666176,"53.25",,,,,,,,1,2,"4-Seam Fastball",0,0,0,0,0,0,0,0,"Standard","Standard",226,"0.005","-0.058","82.3","8.4",,,"0.058","88.0",0,0,0.496,0.504,26,28,27,29,1,0,6,1,6,1,"1.12","0.86","0.86","33.4",23.64623458042994,-22.88473700163537,40.127217905754144,33.307094014835016,41.738001986371344
"FF","2026-06-08","97.2","-2.58","5.66","Rodriguez, Grayson",665161,680570,,"ball",,,,,14,,"R","R","R","LAA","HOU","B",,,0,0,2026,"-0.89","1.46",1.0068127365071322,1.6825458614897786,,,,0,1,"Top",,,,,,,11.70313994956053,-140.76765542070117,-8.297337118529715,-14.720355508224094,34.91476366821777,-10.941594331374713,3.19718668,1.613533465,,,,"97.8",2194,"7.1",824025,681351,641820,663611,694203,687263,685133,545361,666176,"53.39",,,,,,,,1,1,"4-Seam Fastball",0,0,0,0,0,0,0,0,"Standard","Standard",222,"-0.004","0.044",,,,,"-0.044",,0,0,0.5,0.5,26,28,27,29,1,0,6,1,6,1,"1","0.89","0.89","36.6",,,,,
,"2026-06-08",,,,"Rodriguez, Grayson",670541,680570,,"automatic_ball",,,,,,,"R","L","R","LAA","HOU","B",,,2,0,2026,,,,,805672,,,2,5,"Top",,,,,,,,,,,,,,,,,,,,,824025,681351,641820,663611,694203,687263,685133,545361,666176,,,,,,,,,40,3,,3,1,1,3,1,3,1,3,,,,"-0.006",,,,,,,,2,-2,0.764,0.236,26,29,27,29,3,2,6,1,6,1,,,,,,,,,
,"2026-06-08",,,,"Rodriguez, Grayson",670541,680570,,"automatic_ball",,,,,,,"R","L","R","LAA","HOU","B",,,1,0,2026,,,,,805672,,,2,5,"Top",,,,,,,,,,,,,,,,,,,,,824025,681351,641820,663611,694203,687263,685133,545361,666176,,,,,,,,,40,2,,3,1,1,3,1,3,1,3,,,,"-0.003",,,,,,,,2,-2,0.767,0.23299999999999998,26,29,27,29,3,2,6,1,6,1,,,,,,,,,
,"2026-06-08",,,,"Rodriguez, Grayson",670541,680570,,"automatic_ball",,,,,,,"R","L","R","LAA","HOU","B",,,0,0,2026,,,,,805672,,,2,5,"Top",,,,,,,,,,,,,,,,,,,,,824025,681351,641820,663611,694203,687263,685133,545361,666176,,,,,,,,,40,1,,3,1,1,3,1,3,1,3,,,,"-0.002",,,,,,,,2,-2,0.769,0.23099999999999998,26,29,27,29,3,2,6,1,6,1,,,,,,,,,
,"2026-06-08",,,,"Rodriguez, Grayson",670541,680570,"intent_walk","automatic_ball",,,,,,"Grayson Rodriguez intentionally walks Yordan Alvarez.","R","L","R","LAA","HOU","B",,,3,0,2026,,,,,805672,,,2,5,"Top",,,,,,,,,,,,,,,,,,,,,824025,681351,641820,663611,694203,687263,685133,545361,666176,,,,"0.4",0,0,0,,40,4,,3,1,1,3,1,3,1,3,,,,"-0.007",,,,,,,,2,-2,0.758,0.242,26,29,27,29,3,2,6,1,6,1,,,,,,,,,
"CU","2026-06-02","83.1","-2.51","5.53","Rodriguez, Grayson",681198,680570,"field_error","hit_into_play",,,,,8,"TJ Rumfield reaches on a fielding error by right fielder Jo Adell. TJ Rumfield scores.","R","L","R","LAA","COL","X",9,"fly_ball",0,0,2026,"0.45","-0.58",-0.060469302244667344,2.00907322850579,,,,2,4,"Top",168.61,58.37,,,,,4.704610460709446,-120.95096633038213,-0.12710325414177315,3.39886097019202,26.394005210942055,-38.05890099082195,3.422736221,1.727362205,362,"97.1",28,"84.2",2792,"7.2",824026,665861,687093,624428,622268,672724,685133,545361,666176,"53.25",0.266,0.399,"0.9",1,0,0,5,34,1,"Curveball",0,7,7,0,8,0,8,0,"Infield shade","Standard",41,"-0.014","0.381","72.4","6.9",,0.72,"-0.381","97.1",-7,7,0.034,0.966,26,26,27,26,3,2,5,1,6,1,"3.91","-0.45","0.45","36.9",15.447689133520658,-10.683867481855101,34.91787489010325,35.40448648385837,42.31139716335757
"FF","2026-06-02","96.8","-2.6","5.44","Rodriguez, Grayson",650489,680570,"home_run","hit_into_play",,,,,12,"Willi Castro homers (3) on a fly ball to right field. Edouard Julien scores. Jake McCarthy scores.","R","L","R","LAA","COL","X",,"fly_ball",3,2,2026,"-0.54","1.39",0.24624341461256327,3.3636292152033813,666397,664983,,2,4,"Top",225.1,53.45,,,,,8.925975090616646,-140.7054796053436,-3.0702390607092362,-9.35902023604095,34.18783106504444,-13.248423870954412,3.203330053,1.616633858,433,"109.2",30,"98.3",2144,"7.4",824026,665861,687093,624428,622268,672724,685133,545361,666176,"53.12",1,2,"2",1,0,3,6,33,6,"4-Seam Fastball",0,4,4,0,7,0,7,0,"Standard","Standard",228,"-0.086","1.281",,,,4,"-1.281","109.2",-4,4,0.12,0.88,26,29,27,29,3,2,5,1,6,1,"1.06","0.54","-0.54","35.7",,,,,
"FF","2026-06-02","96.4","-2.53","5.45","Rodriguez, Grayson",650489,680570,,"foul_tip",,,,,5,,"R","L","R","LAA","COL","S",,,3,1,2026,"-0.83","1.44",0.2092642817281476,2.3770447341519754,666397,664983,,2,4,"Top",,,,,,,9.272641674366362,-139.9860269617682,-5.779107369816679,-13.143739591420298,33.838153895077625,-12.052322435160715,3.203330053,1.616633858,,,,"97.7",2167,"7.3",824026,665861,687093,624428,622268,672724,685133,545361,666176,"53.2",,,,,,,,33,5,"4-Seam Fastball",0,4,4,0,4,0,4,0,"Standard","Standard",224,"0.001","-0.047","76.7","7.3",,,"0.047",,-4,4,0.119,0.881,26,29,27,29,3,2,5,1,6,1,"1.03","0.83","-0.83","31.9",11.883987688898486,-11.516019857562597,45.60288878179886,28.550047338202624,29.29709274737013
"FF","2026-06-02","96.1","-2.66","5.49","Rodriguez, Grayson",650489,680570,,"called_strike",,,,,8,,"R","L","R","LAA","COL","S",,,3,0,2026,"-0.66","1.45",-0.19915096382336173,1.9860208996303799,666397,664983,,2,4,"Top",,,,,,,8.08865894756609,-139.52359276218573,-6.894999588645253,-10.468133727637763,33.09870657572537,-11.856855315521004,3.203330053,1.616633858,,,,"97.6",2188,"7.4",824026,665861,687093,624428,622268,672724,685133,545361,666176,"53.12",,,,,,,,33,4,"4-Seam Fastball",0,4,4,0,4,0,4,0,"Standard","Standard",224,"0.002","-0.04",,,,,"0.04",,-4,4,0.117,0.883,26,29,27,29,3,2,5,1,6,1,"1.04","0.66","-0.66","33.0",,,,,
"CU","2026-06-02","80.1","-2.45","5.67","Rodriguez, Grayson",650489,680570,,"ball",,,,,12,,"R","L","R","LAA","COL","B",,,2,0,2026,"0.59","-0.39",0.023907916098306614,3.484048058142662,666397,664983,,2,4,"Top",,,,,,,4.3032428483284635,-116.41671530054217,2.9504899598340906,4.45376832457368,24.474835036999984,-36.52186555651914,3.203330053,1.616633858,,,,"80.7",2569,"7.1",824026,665861,687093,624428,622268,672724,685133,545361,666176,"53.43",,,,,,,,33,3,"Curveball",0,4,4,0,4,0,4,0,"Standard","Standard",36,"-0.002","0.065",,,,,"-0.065",,-4,4,0.119,0.881,26,29,27,29,3,2,5,1,6,1,"3.98","-0.59","0.59","39.6",,,,,
"CU","2026-06-02","80.9","-2.43","5.71","Rodriguez, Grayson",650489,680570,,"ball",,,,,11,,"R","L","R","LAA","COL","B",,,1,0,2026,"0.55","-0.42",-0.9211148190500678,4.503914862450388,666397,664983,,2,4,"Top",,,,,,,2.277931879322612,-117.59664398391587,5.085071883108705,4.576202515163782,24.851729497989687,-37.324645867453896,3.203330053,1.616633858,,,,"81.5",2598,"7",824026,665861,687093,624428,622268,672724,685133,545361,666176,"53.51",,,,,,,,33,2,"Curveball",0,4,4,0,4,0,4,0,"Standard","Standard",51,"-0.001","0.007",,,,,"-0.007",,-4,4,0.12,0.88,26,29,27,29,3,2,5,1,6,1,"3.94","-0.55","0.55","38.5",,,,,
"FF","2026-06-02","96.7","-2.56","5.61","Rodriguez, Grayson",650489,680570,,"ball",,,,,11,,"R","L","R","LAA","COL","B",,,0,0,2026,"-0.75","1.38",-0.9709804047970831,4.223364370178886,666397,664983,,2,4,"Top",,,,,,,5.990447491959966,-140.6930167065078,-1.1494177532970151,-11.33371866300054,35.465149374331965,-13.995194963718266,3.203330053,1.616633858,,,,"97.6",2185,"7.1",824026,665861,687093,624428,622268,672724,685133,545361,666176,"53.42",,,,,,,,33,1,"4-Seam Fastball",0,4,4,0,4,0,4,0,"Standard","Standard",233,"-0.001","0.033",,,,,"-0.033",,-4,4,0.121,0.879,26,29,27,29,3,2,5,1,6,1,"1.08","0.75","-0.75","33.3",,,,,
"FF","2026-06-02","96.5","-2.48","5.58","Rodriguez, Grayson",664983,680570,"single","hit_into_play",,,,,4,"Jake McCarthy singles on a line drive to left fielder Wade Meckler. Kyle Karros scores. Edouard Julien to 3rd. Jake McCarthy to 2nd. Jake McCarthy advances to 2nd, on a throwing error by left fielder Wade Meckler.","R","L","R","LAA","COL","X",7,"line_drive",3,2,2026,"-0.77","1.28",-0.5314080253688499,2.604118603686194,,691720,666397,2,4,"Top",77.8,91.38,,,,,7.017718234568079,-140.21290524539074,-5.1055840553244805,-11.84876187999581,35.03675214818078,-14.411854439876937,3.228781168,1.629478347,254,"98.8",14,"97.7",2144,"7.3",824026,665861,687093,624428,622268,672724,685133,545361,666176,"53.23",0.857,0.811,"0.9",1,1,0,4,32,7,"4-Seam Fastball",0,3,3,0,4,0,4,0,"Standard","Standard",224,"-0.067","0.549","66.9","6.6",,1.019,"-0.549","98.8",-3,3,0.188,0.812,26,28,27,29,3,2,5,1,6,1,"1.2","0.77","-0.77","36.0",2.341932807476419,14.908482392894362,30.057556118399585,47.171637452465575,19.00504926024179
"FF","2026-06-02","96.9","-2.46","5.53","Rodriguez, Grayson",664983,680570,,"foul",,,,,5,,"R","L","R","LAA","COL","S",,,3,2,2026,"-1.04","1.25",0.25609149764027217,2.724394051924957,,691720,666397,2,4,"Top",,,,,,,9.769491371860932,-140.693851656318,-4.670345689376354,-16.090688775311964,34.56989696372035,-14.753467579318917,3.228781168,1.629478347,221,"70.7",34,"98.3",2183,"7.4",824026,665861,687093,624428,622268,672724,685133,545361,666176,"53.11",,,,,,,,32,6,"4-Seam Fastball",0,3,3,0,3,0,3,0,"Standard","Standard",221,"0","0","69.9","6.5",,,"0","88.0",-3,3,0.188,0.812,26,28,27,29,3,2,5,1,6,1,"1.21","1.04","-1.04","35.5",-1.237008095458821,4.90620725225468,35.363940095888985,37.20392685148214,21.316518920346663
"CU","2026-06-02","81.4","-2.58","5.76","Rodriguez, Grayson",664983,680570,,"ball",,,,,12,,"R","L","R","LAA","COL","B",,,2,2,2026,"0.68","-0.62",0.4299240382817501,3.689797689165299,,691720,666397,2,4,"Top",,,,,,,5.401066760235569,-118.3215895635951,3.5036844480153,5.231414733341492,25.049752398203548,-38.918752527707916,3.228781168,1.629478347,,,,"82.1",2654,"7.1",824026,665861,687093,624428,622268,672724,685133,545361,666176,"53.41",,,,,,,,32,5,"Curveball",0,3,3,0,3,0,3,0,"Standard","Standard",41,"-0.006","0.068",,,,,"-0.068",,-3,3,0.194,0.806,26,28,27,29,3,2,5,1,6,1,"4.1","-0.68","0.68","38.8",,,,,
"CH","2026-06-02","81.2","-2.61","5.59","Rodriguez, Grayson",664983,680570,,"ball",,,,,13,,"R","L","R","LAA","COL","B",,,1,2,2026,"-0.92","0.48",-1.2825830879305329,1.5051034418416243,,691720,666397,2,4,"Top",,,,,,,4.834800016670184,-118.18146362771016,-3.317747663932003,-9.506330957109547,21.539767791721644,-27.2327992924933,3.228781168,1.629478347,,,,"83.3",1591,"7.6",824026,665861,687093,624428,622268,672724,685133,545361,666176,"52.91",,,,,,,,32,4,"Changeup",0,3,3,0,3,0,3,0,"Standard","Standard",255,"-0.004","0.009",,,,,"-0.009",,-3,3,0.198,0.802,26,28,27,29,3,2,5,1,6,1,"2.96","0.92","-0.92","33.7",,,,,
"CH","2026-06-02","84","-2.41","5.58","Rodriguez, Grayson",664983,680570,,"swinging_strike",,,,,7,,"R","L","R","LAA","COL","S",,,1,1,2026,"-0.9","0.48",-0.7429272767592795,1.5177580880679216,,691720,666397,2,4,"Top",,,,,,,5.739578843273116,-122.2744915794339,-3.8329669478925297,-10.108080575340587,22.875504437211685,-26.83199342214956,3.228781168,1.629478347,,,,"85.9",1628,"7.4",824026,665861,687093,624428,622268,672724,685133,545361,666176,"53.12",,,,,,,,32,3,"Changeup",0,3,3,0,3,0,3,0,"Standard","Standard",252,"0.007","-0.053","69.7","7.8","1.864873908",,"0.053",,-3,3,0.191,0.8089999999999999,26,28,27,29,3,2,5,1,6,1,"2.74","0.9","-0.9","34.8",15.452070386576866,-7.904045122900091,31.52537290211067,50.14368272614515,34.05236628442511
"FF","2026-06-02","95.7","-2.66","5.6","Rodriguez, Grayson",664983,680570,,"foul",,,,,2,,"R","L","R","LAA","COL","S",,,1,0,2026,"-0.74","1.48",0.27557956034784237,3.2228473281154084,,691720,666397,2,4,"Top",,,,,,,9.509342346993556,-138.91789672545528,-3.83234763781931,-11.878415850151372,34.72882162473528,-12.477053005460915,3.228781168,1.629478347,144,"68.7",65,"96.8",2315,"7.3",824026,665861,687093,624428,622268,672724,685133,545361,666176,"53.19",,,,,,,,32,2,"4-Seam Fastball",0,3,3,0,3,0,3,0,"Standard","Standard",226,"0.003","-0.045","70.4","6.3",,,"0.045","88.0",-3,3,0.188,0.812,26,28,27,29,3,2,5,1,6,1,"1.05","0.74","-0.74","35.5",1.8685039989245984,4.692905099905229,30.43425625207979,37.38757410085783,23.839879880216536
"CH","2026-06-02","82.2","-2.61","5.55","Rodriguez, Grayson",664983,680570,,"ball",,,,,11,,"R","L","R","LAA","COL","B",,,0,0,2026,"-1.01","0.65",-1.198173895139735,3.068115921584744,,691720,666397,2,4,"Top",,,,,,,5.260552623520055,-119.72195706708543,-0.2005203162947098,-10.710921508836002,22.561293194063115,-26.0951235452381,3.228781168,1.629478347,,,,"84.1",1611,"7.4",824026,665861,687093,624428,622268,672724,685133,545361,666176,"53.07",,,,,,,,32,1,"Changeup",0,3,3,0,3,0,3,0,"Standard","Standard",264,"-0.002","0.028",,,,,"-0.028",,-3,3,0.19,0.81,26,28,27,29,3,2,5,1,6,1,"2.71","1.01","-1.01","35.6",,,,,
"CH","2026-06-02","82.4","-2.57","5.59","Rodriguez, Grayson",666397,680570,"single","hit_into_play",,,,,1,"Edouard Julien singles on a ground ball to right fielder Jo Adell. Kyle Karros to 2nd.","R","L","R","LAA","COL","X",9,"ground_ball",1,1,2026,"-1.17","0.56",-0.5523092936424916,2.803903451210496,,,691720,2,4,"Top",159.53,95.73,,,,,6.965411892332356,-119.78813380075427,-0.7108264293717635,-12.561741371323157,22.796710464769905,-26.876199387376676,3.234924541,1.63257874,115,"92.2",8,"84",1653,"7.4",824026,665861,687093,624428,622268,672724,685133,545361,666176,"53.12",0.591,0.573,"0.9",1,1,0,4,31,3,"Changeup",0,3,3,0,3,0,3,0,"Infield shade","Standard",254,"-0.013","0.351","71.7","7.0",,0.695,"-0.351","92.2",-3,3,0.203,0.7969999999999999,26,27,27,27,2,1,5,1,6,1,"2.8","1.17","-1.17","33.9",16.115121678832537,6.923205056405173,31.954731938519277,45.37842348679217,27.700812916709566
"CH","2026-06-02","81.7","-2.64","5.61","Rodriguez, Grayson",666397,680570,,"ball",,,,,11,,"R","L","R","LAA","COL","B",,,0,1,2026,"-1.24","0.64",-2.0609766374430505,3.0497009517896596,,,691720,2,4,"Top",,,,,,,3.798651610369397,-118.89711157737135,-0.22658991067841705,-12.492857952814802,23.161997183754128,-26.290577375532095,3.234924541,1.63257874,,,,"83.2",1718,"7.3",824026,665861,687093,624428,622268,672724,685133,545361,666176,"53.2",,,,,,,,31,2,"Changeup",0,3,3,0,3,0,3,0,"Infield shade","Standard",262,"-0.001","0.03",,,,,"-0.03",,-3,3,0.204,0.796,26,27,27,27,2,1,5,1,6,1,"2.78","1.24","-1.24","34.3",,,,,
"FF","2026-06-02","95.3","-2.69","5.63","Rodriguez, Grayson",666397,680570,,"foul",,,,,4,,"R","L","R","LAA","COL","S",,,0,0,2026,"-1.01","1.36",-0.27837349670357625,2.4665854283160416,,,691720,2,4,"Top",,,,,,,8.69414566249365,-138.42643854213455,-5.626280255490787,-14.995804566848273,33.045019793248755,-13.552420807006671,3.234924541,1.63257874,325,"93.9",39,"96.5",2365,"7.2",824026,665861,687093,624428,622268,672724,685133,545361,666176,"53.27",,,,,,,,31,1,"4-Seam Fastball",0,3,3,0,3,0,3,0,"Standard","Standard",220,"0.002","-0.042","76.1","6.9",,,"0.042","93.9",-3,3,0.202,0.798,26,27,27,27,2,1,5,1,6,1,"1.17","1.01","-1.01","34.1",5.676765561443868,16.119454691083295,39.571590252759925,42.33354704896402,20.930141941797206
"FF","2026-06-02","96.6","-2.65","5.49","Rodriguez, Grayson",691720,680570,"single","hit_into_play",,,,,4,"Kyle Karros singles on a ground ball to shortstop Oswald Peraza.","R","R","R","LAA","COL","X",6,"ground_ball",0,0,2026,"-1.17","1.4",-0.317195622764213,2.6124432854319917,,,,2,4,"Top",121.41,145.35,,,,,9.008172546471794,-140.37534026056736,-5.206249783365611,-17.55061945285606,32.89533209503329,-12.674349790653535,3.431512467,1.731791339,16,"80.2",-8,"98",2425,"7.3",824026,665861,687093,624428,622268,672724,685133,545361,666176,"53.24",0.11,0.099,"0.9",1,1,0,2,30,1,"4-Seam Fastball",0,3,3,0,3,0,3,0,"Standard","Standard",229,"-0.007","0.338","73.0","6.4",,0.129,"-0.338","88.0",-3,3,0.209,0.791,26,23,27,24,2,1,5,1,6,1,"1.06","1.17","1.17","34.0",-3.1035900259861937,8.43286300090452,37.77750439007409,31.73559170149256,17.711032286512562
"FF","2026-06-02","95.9","-2.66","5.43","Rodriguez, Grayson",694514,680570,"field_out","hit_into_play",,,,,4,"Sterlin Thompson flies out to center fielder Mike Trout.","R","L","R","LAA","COL","X",8,"fly_ball",3,1,2026,"-1.13","1.4",-0.5991899335023279,2.4376014831696238,,,,1,4,"Top",98.41,81.4,,,,,8.131244723213596,-139.38313284188703,-5.382677704291854,-16.589315001558415,32.557924676419404,-12.883051785054038,3.341117126,1.68617126,301,"83.8",41,"97.4",2379,"7.3",824026,665861,687093,624428,622268,672724,685133,545361,666176,"53.21",0.011,0.015,"0",1,0,0,3,29,5,"4-Seam Fastball",0,3,3,0,3,0,3,0,"Standard","Standard",224,"0.016","-0.44","79.4","7.2",,0.022,"0.44","88.0",-3,3,0.193,0.8069999999999999,26,25,27,25,2,1,5,1,6,1,"1.09","1.13","-1.13","30.8",13.923210101168607,5.120135306064128,33.43126113245931,43.24351051176713,26.984607467127127
"FF","2026-06-02","96.4","-2.81","5.47","Rodriguez, Grayson",694514,680570,,"ball",,,,,11,,"R","L","R","LAA","COL","B",,,2,1,2026,"-1.11","1.4",-1.0418497246723653,2.8402311738135495,,,,1,4,"Top",,,,,,,7.370062448381916,-140.13477761881023,-4.492692921201904,-16.395863835302837,34.08238714770548,-12.922685426626861,3.341117126,1.68617126,,,,"97.8",2435,"7.3",824026,665861,687093,624428,622268,672724,685133,545361,666176,"53.18",,,,,,,,29,4,"4-Seam Fastball",0,3,3,0,3,0,3,0,"Standard","Standard",227,"-0.005","0.126",,,,,"-0.126",,-3,3,0.198,0.802,26,25,27,25,2,1,5,1,6,1,"1.07","1.11","-1.11","35.0",,,,,
"FF","2026-06-02","96.5","-2.76","5.48","Rodriguez, Grayson",694514,680570,,"ball",,,,,14,,"R","L","R","LAA","COL","B",,,1,1,2026,"-1.13","1.46",1.1197769094013164,2.3179148437545027,,,,1,4,"Top",,,,,,,13.021651424655545,-139.8725725834637,-6.081545601045582,-17.79448192306567,31.481683325228627,-11.774105041123084,3.341117126,1.68617126,,,,"98.1",2478,"7.4",824026,665861,687093,624428,622268,672724,685133,545361,666176,"53.1",,,,,,,,29,3,"4-Seam Fastball",0,3,3,0,3,0,3,0,"Standard","Standard",223,"-0.002","0.057",,,,,"-0.057",,-3,3,0.2,0.8,26,25,27,25,2,1,5,1,6,1,"1.01","1.13","-1.13","34.7",,,,,
"FF","2026-06-02","95.9","-2.81","5.48","Rodriguez, Grayson",694514,680570,,"called_strike",,,,,8,,"R","L","R","LAA","COL","S",,,1,0,2026,"-1.14","1.42",-0.02105161743592232,1.6303809847017767,,,,1,4,"Top",,,,,,,10.094135516734067,-139.1427311401535,-7.687127443898337,-17.201882496114912,33.13374752158869,-12.07939169297031,3.341117126,1.68617126,,,,"97.2",2383,"7.3",824026,665861,687093,624428,622268,672724,685133,545361,666176,"53.17",,,,,,,,29,2,"4-Seam Fastball",0,3,3,0,3,0,3,0,"Standard","Standard",227,"0.002","-0.05",,,,,"0.05",,-3,3,0.198,0.802,26,25,27,25,2,1,5,1,6,1,"1.08","1.14","-1.14","33.0",,,,,
"FF","2026-06-02","94.9","-2.78","5.49","Rodriguez, Grayson",694514,680570,,"ball",,,,,14,,"R","L","R","LAA","COL","B",,,0,0,2026,"-1.1","1.42",0.3211708798886086,1.5288115234495223,,,,1,4,"Top",,,,,,,10.690139006756286,-137.60376020192876,-7.783406443514723,-16.366753849268683,31.69538442027888,-12.475365028731073,3.341117126,1.68617126,,,,"96.3",2379,"7.4",824026,665861,687093,624428,622268,672724,685133,545361,666176,"53.14",,,,,,,,29,1,"4-Seam Fastball",0,3,3,0,3,0,3,0,"Standard","Standard",224,"-0.001","0.043",,,,,"-0.043",,-3,3,0.199,0.8009999999999999,26,25,27,25,2,1,5,1,6,1,"1.14","1.1","-1.1","33.5",,,,,
"SL","2026-06-02","84.9","-2.82","5.58","Rodriguez, Grayson",678662,680570,"field_out","hit_into_play",,,,,4,"Ezequiel Tovar pops out to third baseman Donovan Walton in foul territory.","R","R","R","LAA","COL","X",5,"popup",1,1,2026,"0.37","0.52",-0.7716559628572636,2.5247749758481035,,,,0,4,"Top",107.57,199.59,,,,,4.051996543401736,-123.66478976013191,-1.720688059134523,2.9698272651377473,24.08125754909797,-26.711399210509963,3.219127297,1.624606299,44,"84.7",80,"86.3",2451,"7.1",824026,665861,687093,624428,622268,672724,685133,545361,666176,"53.4",0.009,0.008,"0",1,0,0,3,28,3,"Slider",0,3,3,0,3,0,3,0,"Standard","Standard",119,"0.012","-0.251","76.9","7.6",,0.01,"0.251","88.0",-3,3,0.187,0.813,26,24,27,25,2,1,5,1,6,3,"2.63","-0.37","-0.37","33.4",18.72976874746738,-17.34880734086518,38.978718806119325,22.55676924807943,42.34446829622103
"FF","2026-06-02","94.8","-2.74","5.54","Rodriguez, Grayson",678662,680570,,"called_strike",,,,,9,,"R","R","R","LAA","COL","S",,,1,0,2026,"-1","1.55",0.5094247214375904,2.0131355623834195,,,,0,4,"Top",,,,,,,10.84951007396575,-137.45492707607127,-6.900245670461414,-15.182962290597171,32.36514779998596,-11.098365527741265,3.219127297,1.624606299,,,,"96.1",2431,"7.4",824026,665861,687093,624428,622268,672724,685133,545361,666176,"53.15",,,,,,,,28,2,"4-Seam Fastball",0,3,3,0,3,0,3,0,"Standard","Standard",224,"0.003","-0.058",,,,,"0.058",,-3,3,0.184,0.8160000000000001,26,24,27,25,2,1,5,1,6,3,"1.02","1","1","32.6",,,,,
"CU","2026-06-02","78.1","-2.74","5.61","Rodriguez, Grayson",678662,680570,,"ball",,,,,14,,"R","R","R","LAA","COL","B",,,0,0,2026,"0.44","-0.75",0.08883605036152092,0.825323692855545,,,,0,4,"Top",,,,,,,5.26900751864389,-113.63135067069754,-1.7291146291368882,2.7704129972994425,22.050880049868223,-38.513329039001526,3.219127297,1.624606299,,,,"79.1",2671,"7.1",824026,665861,687093,624428,622268,672724,685133,545361,666176,"53.39",,,,,,,,28,1,"Curveball",0,3,3,0,3,0,3,0,"Standard","Standard",43,"-0.002","0.044",,,,,"-0.044",,-3,3,0.186,0.8140000000000001,26,24,27,25,2,1,5,1,6,3,"4.5","-0.44","-0.44","35.1",,,,,
"CH","2026-06-02","82.8","-2.53","5.58","Rodriguez, Grayson",687859,680570,"field_out","hit_into_play",,,,,7,"Troy Johnston grounds out to first baseman Vaughn Grissom.","R","L","R","LAA","COL","X",3,"ground_ball",2,2,2026,"-0.76","0.31",-0.323207290072418,1.5709145224517793,,,696100,2,3,"Top",149.85,182.26,,,,,6.628915194941872,-120.39539468097743,-3.098568441533157,-8.697473181873875,23.23091883792808,-28.740121703458325,3.159448819,1.594488189,16,"88.3",-6,"84.5",1591,"7.5",824026,665861,687093,624428,622268,672724,685133,545361,666176,"53.04",0.166,0.155,"0",1,0,0,2,22,6,"Changeup",0,3,3,0,3,0,3,0,"Infield shade","Standard",261,"0.012","-0.251","72.0","7.7",,0.187,"0.251","88.3",-3,3,0.224,0.776,26,29,27,29,2,1,5,1,6,1,"3.02","0.76","-0.76","35.2",16.11456354022534,-13.911386790869237,31.3534441042037,39.58469212281402,45.87849117342142
"FF","2026-06-02","97.4","-2.51","5.62","Rodriguez, Grayson",687859,680570,,"ball",,,,,11,,"R","L","R","LAA","COL","B",,,1,2,2026,"-0.71","1.27",-0.333689645005971,4.4310340654108815,,,696100,2,3,"Top",,,,,,,7.519422441205892,-141.57986514842173,-0.40413147855120235,-11.395018831338563,37.087446424692054,-15.443331633859856,3.159448819,1.594488189,,,,"98.1",2184,"7.1",824026,665861,687093,624428,622268,672724,685133,545361,666176,"53.43",,,,,,,,22,5,"4-Seam Fastball",0,3,3,0,3,0,3,0,"Infield shade","Standard",225,"-0.002","0.05",,,,,"-0.05",,-3,3,0.226,0.774,26,29,27,29,2,1,5,1,6,1,"1.17","0.71","-0.71","35.0",,,,,
"CH","2026-06-02","82.3","-2.48","5.52","Rodriguez, Grayson",687859,680570,,"foul",,,,,7,,"R","L","R","LAA","COL","S",,,1,2,2026,"-0.99","0.7",-0.5412562329246875,1.8598265098506195,,,696100,2,3,"Top",,,,,,,6.4409065389046525,-119.7775591798789,-3.012216243685449,-10.732079087275416,22.557604991818284,-25.06461371980217,3.159448819,1.594488189,179,"66.3",46,"84.3",1927,"7.5",824026,665861,687093,624428,622268,672724,685133,545361,666176,"52.95",,,,,,,,22,4,"Changeup",0,3,3,0,3,0,3,0,"Infield shade","Standard",248,"0","0","63.7","8.1",,,"0","88.0",-3,3,0.226,0.774,26,29,27,29,2,1,5,1,6,1,"2.66","0.99","-0.99","34.2",21.63298586057533,-19.379056597036957,32.37467466712612,41.80523880751467,46.931675766438744
"FF","2026-06-02","96.2","-2.63","5.51","Rodriguez, Grayson",687859,680570,,"swinging_strike",,,,,11,,"R","L","R","LAA","COL","S",,,1,1,2026,"-0.84","1.39",-0.47125999791186146,3.316392597144092,,,696100,2,3,"Top",,,,,,,7.725092617756742,-139.77258064561207,-3.266524819576241,-12.808873593461744,33.72860318588135,-13.455430117177977,3.159448819,1.594488189,,,,"97.4",2286,"7.2",824026,665861,687093,624428,622268,672724,685133,545361,666176,"53.29",,,,,,,,22,3,"4-Seam Fastball",0,3,3,0,3,0,3,0,"Infield shade","Standard",229,"0.003","-0.065","65.9","5.7","0.322880328",,"0.065",,-3,3,0.223,0.777,26,29,27,29,2,1,5,1,6,1,"1.09","0.84","-0.84","35.4",1.3641532994432573,18.98677669739612,27.617855556596506,40.34735683324381,17.582480424550365
"FF","2026-06-02","96.8","-2.56","5.61","Rodriguez, Grayson",687859,680570,,"ball",,,,,12,,"R","L","R","LAA","COL","B",,,0,1,2026,"-0.77","1.31",1.0266868454597704,2.597037291491973,,,696100,2,3,"Top",,,,,,,11.443934329409261,-140.4406450543599,-5.379220891665842,-12.92590023598438,34.21240560648852,-13.716708037236483,3.159448819,1.594488189,,,,"98.3",2233,"7.4",824026,665861,687093,624428,622268,672724,685133,545361,666176,"53.05",,,,,,,,22,2,"4-Seam Fastball",0,3,3,0,3,0,3,0,"Infield shade","Standard",222,"-0.001","0.03",,,,,"-0.03",,-3,3,0.224,0.776,26,29,27,29,2,1,5,1,6,1,"1.15","0.77","-0.77","37.6",,,,,
"FF","2026-06-02","96.2","-2.69","5.57","Rodriguez, Grayson",687859,680570,,"swinging_strike",,,,,1,,"R","L","R","LAA","COL","S",,,0,0,2026,"-0.68","1.36",-0.7603118834489656,3.1224661012050796,,,696100,2,3,"Top",,,,,,,6.750018022921326,-139.92357854229843,-3.873069995049548,-10.578801796319773,34.518309391674855,-13.654417369237617,3.159448819,1.594488189,,,,"97.4",2263,"7.2",824026,665861,687093,624428,622268,672724,685133,545361,666176,"53.27",,,,,,,,22,1,"4-Seam Fastball",0,3,3,0,3,0,3,0,"Infield shade","Standard",221,"0.002","-0.042","67.9","6.1","0.128944608",,"0.042",,-3,3,0.222,0.778,26,29,27,29,2,1,5,1,6,1,"1.12","0.68","-0.68","34.3",8.243648478074427,14.292230929833663,25.82462314974834,44.03080395008558,20.9398412927461
"CU","2026-06-02","83.8","-2.57","5.61","Rodriguez, Grayson",696100,680570,"walk","ball",,,,,11,"Hunter Goodman walks.","R","R","R","LAA","COL","B",,,3,2,2026,"0.73","-0.84",-0.06889044220976015,3.7013195742544918,,,,2,3,"Top",,,,,,,4.294166542781136,-121.89446464256939,3.9862669801500776,6.321275270360298,25.591482982695027,-41.564715117764315,3.178756562,1.604232283,,,,"84.7",2683,"7",824026,665861,687093,624428,622268,672724,685133,545361,666176,"53.46",,0.698289,"0.7",1,0,0,,21,7,"Curveball",0,3,3,0,3,0,3,0,"Standard","Standard",51,"-0.006","0.295",,,,,"-0.295",,-3,3,0.228,0.772,26,26,27,27,2,1,5,1,6,1,"4.1","-0.73","-0.73","37.7",,,,,
"FF","2026-06-02","98.2","-2.51","5.59","Rodriguez, Grayson",696100,680570,,"ball",,,,,12,,"R","R","R","LAA","COL","B",,,2,2,2026,"-0.71","1.49",1.1005512338990422,4.350685224016815,,,,2,3,"Top",,,,,,,11.50023140284232,-142.54175201768646,-1.1979029976735025,-12.519409142013396,36.38434388809635,-11.89526218113245,3.178756562,1.604232283,,,,"99.2",2281,"7.3",824026,665861,687093,624428,622268,672724,685133,545361,666176,"53.24",,,,,,,,21,6,"4-Seam Fastball",0,3,3,0,3,0,3,0,"Standard","Standard",223,"-0.002","0.086",,,,,"-0.086",,-3,3,0.23,0.77,26,26,27,27,2,1,5,1,6,1,"0.9","0.71","0.71","37.3",,,,,
"CU","2026-06-02","81.8","-2.51","5.6","Rodriguez, Grayson",696100,680570,,"foul",,,,,8,,"R","R","R","LAA","COL","S",,,2,2,2026,"0.89","-0.71",-0.20002631514735258,1.5558116723674758,,,,2,3,"Top",,,,,,,3.4437923893115268,-118.9990704876853,-0.825194773848223,7.621937563652782,25.78148599901837,-38.9296291565564,3.178756562,1.604232283,3,"66.4",-33,"82.6",2654,"7.1",824026,665861,687093,624428,622268,672724,685133,545361,666176,"53.37",,,,,,,,21,5,"Curveball",0,3,3,0,3,0,3,0,"Standard","Standard",38,"0","0","77.8","8.2",,,"0","88.0",-3,3,0.23,0.77,26,26,27,27,2,1,5,1,6,1,"4.16","-0.89","-0.89","37.3",26.04451346405648,-30.926626453619097,26.39163189267951,33.44266534709895,53.62095466458898
"FF","2026-06-02","98.9","-2.52","5.62","Rodriguez, Grayson",696100,680570,,"ball",,,,,11,,"R","R","R","LAA","COL","B",,,1,2,2026,"-1.17","1.27",-1.5866074913366204,5.331928089350686,,,,2,3,"Top",,,,,,,5.37336397795312,-143.87013399866382,1.8217542067887607,-17.491337074495625,36.532264466197795,-15.36025296553043,3.178756562,1.604232283,,,,"99.9",2238,"7",824026,665861,687093,624428,622268,672724,685133,545361,666176,"53.45",,,,,,,,21,4,"4-Seam Fastball",0,3,3,0,3,0,3,0,"Standard","Standard",225,"-0.001","0.044",,,,,"-0.044",,-3,3,0.231,0.769,26,26,27,27,2,1,5,1,6,1,"1.08","1.17","1.17","36.9",,,,,
"CU","2026-06-02","82.6","-2.58","5.54","Rodriguez, Grayson",696100,680570,,"ball",,,,,14,,"R","R","R","LAA","COL","B",,,0,2,2026,"0.55","-0.95",1.0814690724338343,-0.18328321971748895,,,,2,3,"Top",,,,,,,7.245744393095626,-120.0055083585283,-4.319431041579123,3.744642059640093,25.848929173928198,-40.55021441090939,3.178756562,1.604232283,,,,"83.6",2773,"7.3",824026,665861,687093,624428,622268,672724,685133,545361,666176,"53.21",,,,,,,,21,3,"Curveball",0,3,3,0,3,0,3,0,"Standard","Standard",38,"-0.001","0.025",,,,,"-0.025",,-3,3,0.232,0.768,26,26,27,27,2,1,5,1,6,1,"4.33","-0.55","-0.55","34.8",,,,,
"CU","2026-06-02","83.6","-2.73","5.58","Rodriguez, Grayson",696100,680570,,"swinging_strike",,,,,14,,"R","R","R","LAA","COL","S",,,0,1,2026,"0.43","-0.74",1.1928215966602698,1.148739668702214,,,,2,3,"Top",,,,,,,8.159082882978979,-121.47210658212668,-2.0119066226014635,2.588113081024917,25.16495281642025,-39.31258374881643,3.178756562,1.604232283,,,,"84.5",2765,"7.1",824026,665861,687093,624428,622268,672724,685133,545361,666176,"53.39",,,,,,,,21,2,"Curveball",0,3,3,0,3,0,3,0,"Standard","Standard",44,"0.002","-0.063","67.7","8.2","9.34064568",,"0.063",,-3,3,0.23,0.77,26,26,27,27,2,1,5,1,6,1,"4.03","-0.43","-0.43","34.3",17.15262778518553,-31.302896057795913,22.670400462915715,49.15562938860627,57.940608572495975
"CU","2026-06-02","83.3","-2.62","5.63","Rodriguez, Grayson",696100,680570,,"called_strike",,,,,6,,"R","R","R","LAA","COL","S",,,0,0,2026,"0.5","-0.9",0.3544058707797275,2.153698414542058,,,,2,3,"Top",,,,,,,5.814514759900186,-121.11680883093024,0.5853885748691274,3.673533887673484,25.823923279980836,-41.31351507507125,3.178756562,1.604232283,,,,"84",2746,"7",824026,665861,687093,624428,622268,672724,685133,545361,666176,"53.5",,,,,,,,21,1,"Curveball",0,3,3,0,3,0,3,0,"Standard","Standard",46,"0.001","-0.044",,,,,"0.044",,-3,3,0.229,0.771,26,26,27,27,2,1,5,1,6,1,"4.21","-0.5","-0.5","37.3",,,,,
"FF","2026-06-02","98.2","-2.57","5.5","Rodriguez, Grayson",681198,680570,"strikeout","swinging_strike",,,,,8,"TJ Rumfield strikes out swinging.","R","L","R","LAA","COL","S",2,,2,2,2026,"-0.81","1.55",-0.1962050091623193,2.163060888959162,,,,1,3,"Top",,,,,,,8.414980817735037,-142.50054465710008,-6.9866364387765065,-13.228939795193813,38.65961035269561,-9.651061307107781,3.422736221,1.727362205,,,,"99",2336,"7.3",824026,665861,687093,624428,622268,672724,685133,545361,666176,"53.18",,0,"0",1,0,0,,20,5,"4-Seam Fastball",0,3,3,0,3,0,3,0,"Infield shade","Standard",226,"0.009","-0.238","72.9","6.8","1.078649556",,"0.238",,-3,3,0.22,0.78,26,26,27,26,2,1,5,1,6,1,"0.86","0.81","-0.81","39.6",10.114024896201471,6.397872537257251,44.315388634056255,35.95141200105658,21.72168379825843
"FF","2026-06-02","98.8","-2.59","5.52","Rodriguez, Grayson",681198,680570,,"ball",,,,,11,,"R","L","R","LAA","COL","B",,,1,2,2026,"-0.84","1.38",-0.9866190755666512,3.423792789676623,,,,1,3,"Top",,,,,,,6.408522778042719,-143.61238158911837,-3.3206404080303957,-13.241732333616488,39.96700290380026,-12.615377537078414,3.422736221,1.727362205,,,,"99.5",2391,"7.2",824026,665861,687093,624428,622268,672724,685133,545361,666176,"53.32",,,,,,,,20,4,"4-Seam Fastball",0,3,3,0,3,0,3,0,"Infield shade","Standard",230,"-0.002","0.056",,,,,"-0.056",,-3,3,0.222,0.778,26,26,27,26,2,1,5,1,6,1,"0.99","0.84","-0.84","32.3",,,,,
"CU","2026-06-02","83.8","-2.63","5.59","Rodriguez, Grayson",681198,680570,,"swinging_strike",,,,,14,,"R","L","R","LAA","COL","S",,,1,1,2026,"0.34","-0.88",0.8380544623516751,1.7815573408577752,,,,1,3,"Top",,,,,,,7.317403431618745,-121.71400849736384,-0.25431637575541766,1.7460153056494014,27.040093610212168,-41.02066031636374,3.422736221,1.727362205,,,,"84.4",2726,"7.1",824026,665861,687093,624428,622268,672724,685133,545361,666176,"53.39",,,,,,,,20,3,"Curveball",0,3,3,0,3,0,3,0,"Infield shade","Standard",41,"0.003","-0.074","52.0","6.2","1.389513048",,"0.074",,-3,3,0.219,0.781,26,26,27,26,2,1,5,1,6,1,"4.17","-0.34","0.34","34.9",0.35320183349523593,-4.339781024702858,42.30945068876907,22.970046375626204,23.00906266088745
"FF","2026-06-02","97.5","-2.61","5.6","Rodriguez, Grayson",681198,680570,,"ball",,,,,11,,"R","L","R","LAA","COL","B",,,0,1,2026,"-0.67","1.49",-0.46998910018497453,3.8590841458207517,,,,1,3,"Top",,,,,,,7.383287046356704,-141.65726481420197,-2.393766646908632,-10.997060627826961,39.72562425511716,-11.99109999891137,3.422736221,1.727362205,,,,"98",2278,"7.2",824026,665861,687093,624428,622268,672724,685133,545361,666176,"53.31",,,,,,,,20,2,"4-Seam Fastball",0,3,3,0,3,0,3,0,"Infield shade","Standard",224,"-0.001","0.035",,,,,"-0.035",,-3,3,0.22,0.78,26,26,27,26,2,1,5,1,6,1,"0.96","0.67","-0.67","32.2",,,,,
"CH","2026-06-02","85.2","-2.57","5.54","Rodriguez, Grayson",681198,680570,,"foul",,,,,5,,"R","L","R","LAA","COL","S",,,0,0,2026,"-0.91","0.77",0.08584992554650195,2.420307260706739,,,,1,3,"Top",,,,,,,8.202292553046227,-123.83573361548699,-2.398706334719762,-11.08974933523029,25.729289752631257,-23.94478478504361,3.422736221,1.727362205,3,"30.2",-37,"86.9",1606,"7.5",824026,665861,687093,624428,622268,672724,685133,545361,666176,"52.99",,,,,,,,20,1,"Changeup",0,3,3,0,3,0,3,0,"Infield shade","Standard",255,"0.001","-0.042","68.5","7.7",,,"0.042","88.0",-3,3,0.219,0.781,26,26,27,26,2,1,5,1,6,1,"2.38","0.91","-0.91","34.9",28.628741034777992,-27.670662481526445,37.28473639749721,32.58260279365183,49.27929658576262
"FF","2026-06-02","97.5","-2.67","5.52","Rodriguez, Grayson",650489,680570,"field_out","hit_into_play",,,,,5,"Willi Castro lines out to center fielder Mike Trout.","R","L","R","LAA","COL","X",8,"line_drive",1,2,2026,"-0.68","1.38",-0.08310816056328252,2.2486328997502527,,,,0,3,"Top",136.1,85.14,,,,,8.618804854254236,-141.5665625428233,-6.298419049444992,-11.312132301203448,37.858526982861534,-12.346596405238948,3.203330053,1.616633858,286,"97.2",17,"98.5",2269,"7.4",824026,665861,687093,624428,622268,672724,685133,545361,666176,"53.13",0.523,0.557,"0",1,0,0,4,19,5,"4-Seam Fastball",0,3,3,0,3,0,3,0,"Infield shade","Standard",227,"0.009","-0.189","75.7","6.9",,0.79,"0.189","97.2",-3,3,0.21,0.79,26,29,27,29,2,1,5,1,6,1,"1.06","0.68","-0.68","34.5",6.157855188376687,5.184454169091472,40.04587783677081,31.944932703063785,27.914156292072317
"CU","2026-06-02","80.2","-2.57","5.68","Rodriguez, Grayson",650489,680570,,"foul",,,,,14,,"R","L","R","LAA","COL","S",,,1,2,2026,"0.73","-0.84",0.662433244837995,1.361585505711271,,,,0,3,"Top",,,,,,,5.729600714641962,-116.51291467004603,-0.791126864104249,5.249387955307975,26.89698659408908,-39.758367207916784,3.203330053,1.616633858,7,"76.6",-12,"80.7",2780,"7.3",824026,665861,687093,624428,622268,672724,685133,545361,666176,"53.24",,,,,,,,19,4,"Curveball",0,3,3,0,3,0,3,0,"Infield shade","Standard",35,"0","0","68.1","7.3",,,"0","88.0",-3,3,0.21,0.79,26,29,27,29,2,1,5,1,6,1,"4.46","-0.73","0.73","38.9",8.418206460770879,-20.947562323178992,42.79342150546615,25.024187465549844,41.30057514156178
"FF","2026-06-02","95.3","-2.71","5.56","Rodriguez, Grayson",650489,680570,,"swinging_strike",,,,,12,,"R","L","R","LAA","COL","S",,,1,1,2026,"-0.95","1.61",0.9013301637352518,2.778041233082824,,,,0,3,"Top",,,,,,,11.746108374000222,-138.08752892780734,-5.112367902006005,-15.091214308479188,36.62699253762253,-10.62507691261795,3.203330053,1.616633858,,,,"96.2",2259,"7.5",824026,665861,687093,624428,622268,672724,685133,545361,666176,"53.04",,,,,,,,19,3,"4-Seam Fastball",0,3,3,0,3,0,3,0,"Infield shade","Standard",220,"0.003","-0.062","73.7","6.8","0.406421544",,"0.062",,-3,3,0.207,0.793,26,29,27,29,2,1,5,1,6,1,"0.96","0.95","-0.95","35.4",8.621382403354719,-8.380356287386283,41.731291343735364,20.81527818847894,26.16629551545479
"CH","2026-06-02","83.6","-2.6","5.61","Rodriguez, Grayson",650489,680570,,"ball",,,,,11,,"R","L","R","LAA","COL","B",,,0,1,2026,"-1.05","0.79",-0.9651577967578748,3.952701119097492,,,,0,3,"Top",,,,,,,5.966033380791564,-121.61236629307635,1.2391425317077127,-11.642959769984056,24.217391209917608,-24.826327022850634,3.203330053,1.616633858,,,,"85.2",1612,"7.4",824026,665861,687093,624428,622268,672724,685133,545361,666176,"53.11",,,,,,,,19,2,"Changeup",0,3,3,0,3,0,3,0,"Infield shade","Standard",260,"-0.001","0.03",,,,,"-0.03",,-3,3,0.208,0.792,26,29,27,29,2,1,5,1,6,1,"2.48","1.05","-1.05","34.6",,,,,
"FF","2026-06-02","95.1","-2.73","5.56","Rodriguez, Grayson",650489,680570,,"foul",,,,,5,,"R","L","R","LAA","COL","S",,,0,0,2026,"-1.18","1.4",0.11924688116731019,2.2203910413660224,,,,0,3,"Top",,,,,,,10.243234075936554,-137.93645248547435,-6.076758680813443,-17.44410206043653,34.81030144953478,-13.108118205601867,3.203330053,1.616633858,,,,"96.1",2425,"7.3",824026,665861,687093,624428,622268,672724,685133,545361,666176,"53.15",,,,,,,,19,1,"4-Seam Fastball",0,3,3,0,3,0,3,0,"Infield shade","Standard",222,"0.002","-0.043","77.1","7.8",,,"0.043",,-3,3,0.206,0.794,26,29,27,29,2,1,5,1,6,1,"1.16","1.18","-1.18","33.5",17.700245601573855,-20.394191478210683,45.29600177886409,30.892235889475636,37.465296465280815
"CH","2026-06-02","83.1","-2.38","5.67","Rodriguez, Grayson",664983,680570,"strikeout","swinging_strike",,,,,13,"Jake McCarthy strikes out swinging.","R","L","R","LAA","COL","S",2,,2,2,2026,"-1.21","0.56",-0.25619484155921923,1.1110799238850082,691720,,,2,2,"Top",,,,,,,7.344322333225016,-120.71332885251014,-4.829304813922011,-13.284389440181393,26.07417809132124,-25.95165990354827,3.228781168,1.629478347,,,,"84.3",1778,"7.4",824026,665861,687093,624428,622268,672724,685133,545361,666176,"53.1",,0,"0",1,0,0,,14,5,"Changeup",0,3,3,0,3,0,3,0,"Standard","Standard",247,"0.021","-0.273",,,,,"0.273",,-3,3,0.232,0.768,26,28,27,29,2,1,5,1,6,1,"2.79","1.21","-1.21","38.5",,,,,
"CU","2026-06-02","80.5","-2.32","5.77","Rodriguez, Grayson",664983,680570,,"foul",,,,,14,,"R","L","R","LAA","COL","S",,,2,1,2026,"0.79","-0.41",0.8431010665224459,2.3981763160402387,691720,,,2,2,"Top",,,,,,,5.4950000080448955,-117.06787680158693,0.3768590215736918,5.895685982508701,26.605919179144003,-36.213998971800564,3.228781168,1.629478347,,,,"81.1",2681,"7.2",824026,665861,687093,624428,622268,672724,685133,545361,666176,"53.28",,,,,,,,14,4,"Curveball",0,3,3,0,3,0,3,0,"Strategic","Standard",40,"0.005","-0.058","71.8","8.1",,,"0.058",,-3,3,0.227,0.773,26,28,27,29,2,1,5,1,6,1,"3.99","-0.79","0.79","40.7",28.37883482515861,-27.497958227960336,31.01838525730231,32.566626552829185,41.98201748559559
"CU","2026-06-02","82.6","-2.38","5.82","Rodriguez, Grayson",664983,680570,,"ball",,,,,12,,"R","L","R","LAA","COL","B",,,1,1,2026,"0.5","-0.28",0.2018086711814634,3.8309935351056845,691720,,,2,2,"Top",,,,,,,4.887189056933638,-120.13323627358236,2.8361934576403884,3.7241643270690545,25.86497147249846,-35.6770029714009,3.228781168,1.629478347,,,,"83.4",2663,"7.1",824026,665861,687093,624428,622268,672724,685133,545361,666176,"53.42",,,,,,,,14,3,"Curveball",0,3,3,0,3,0,3,0,"Standard","Standard",46,"-0.002","0.03",,,,,"-0.03",,-3,3,0.229,0.771,26,28,27,29,2,1,5,1,6,1,"3.65","-0.5","0.5","41.1",,,,,
"CU","2026-06-02","83","-2.5","5.74","Rodriguez, Grayson",664983,680570,,"ball",,,,,12,,"R","L","R","LAA","COL","B",,,0,1,2026,"0.73","-0.35",0.018279885749607372,3.585829586733905,691720,,,2,2,"Top",,,,,,,4.281627174237579,-120.69617145100754,2.5717162047538,6.133208786247658,26.923665710921856,-36.3391170920409,3.228781168,1.629478347,,,,"83.5",2695,"7",824026,665861,687093,624428,622268,672724,685133,545361,666176,"53.51",,,,,,,,14,2,"Curveball",0,3,3,0,3,0,3,0,"Strategic","Standard",46,"-0.003","0.04",,,,,"-0.04",,-3,3,0.232,0.768,26,28,27,29,2,1,5,1,6,1,"3.7","-0.73","0.73","43.1",,,,,
"FF","2026-06-02","98.4","-2.48","5.65","Rodriguez, Grayson",664983,680570,,"foul",,,,,3,,"R","L","R","LAA","COL","S",,,0,0,2026,"-1.04","1.41",0.3868467844726202,2.901978987233759,691720,,,2,2,"Top",,,,,,,10.294097416643256,-142.77387979409494,-5.115274118902638,-16.780678725588647,35.928143836071264,-11.94997759064265,3.228781168,1.629478347,156,"78.9",13,"99.3",2520,"7.2",824026,665861,687093,624428,622268,672724,685133,545361,666176,"53.33",,,,,,,,14,1,"4-Seam Fastball",0,3,3,0,3,0,3,0,"Standard","Standard",219,"0.004","-0.034","72.3","6.3",,,"0.034","88.0",-3,3,0.228,0.772,26,28,27,29,2,1,5,1,6,1,"0.98","1.04","-1.04","35.6",1.806386219188747,7.740604601497051,33.13577660620973,35.66066632140642,21.05387228605435
"FF","2026-06-02","97.7","-2.43","5.55","Rodriguez, Grayson",666397,680570,"single","hit_into_play",,,,,3,"Edouard Julien singles on a ground ball to right fielder Jo Adell. Sterlin Thompson scores. Edouard Julien out at 2nd on the throw, right fielder Jo Adell to shortstop Oswald Peraza. Kyle Karros to 3rd.","R","L","R","LAA","COL","X",9,"ground_ball",3,2,2026,"-0.83","1.06",0.5724835540796336,2.881106993382294,,694514,691720,1,2,"Top",191,109.04,,,,,10.071402596424374,-141.81469948066476,-3.9208223499237866,-13.751886906435743,37.54571275021363,-17.261858846824662,3.234924541,1.63257874,48,"98.1",0,"98.4",2199,"7.2",824026,665861,687093,624428,622268,672724,685133,545361,666176,"53.32",0.391,0.353,"0.9",1,1,0,4,13,9,"4-Seam Fastball",0,2,2,0,3,0,3,0,"Standard","Standard",224,"-0.037","0.394","72.4","6.5",,0.425,"-0.394","98.1",-2,2,0.265,0.735,26,27,27,27,1,0,5,1,6,1,"1.38","0.83","-0.83","34.0",16.45157514189566,7.68705648060804,39.7764631506675,31.767232035131485,26.9066061147868
"CU","2026-06-02","83","-2.3","5.68","Rodriguez, Grayson",666397,680570,,"foul",,,,,3,,"R","L","R","LAA","COL","S",,,3,2,2026,"0.68","-0.55",0.36318890529251413,3.219867435431965,,694514,691720,1,2,"Top",,,,,,,4.726659172999384,-120.73256633636058,2.1953086626882836,5.6908727064735345,24.02828387512189,-38.21654956290744,3.234924541,1.63257874,159,"65.3",32,"84",2692,"7",824026,665861,687093,624428,622268,672724,685133,545361,666176,"53.49",,,,,,,,13,8,"Curveball",0,2,2,0,2,0,2,0,"Standard","Standard",41,"0","0","63.0","5.2",,,"0","88.0",-2,2,0.265,0.735,26,27,27,27,1,0,5,1,6,1,"3.87","-0.68","0.68","37.8",-10.129256558903258,36.711198985474724,39.23131246615245,33.60140096804969,13.594209249012717
"FF","2026-06-02","97.1","-2.53","5.52","Rodriguez, Grayson",666397,680570,,"foul",,,,,5,,"R","L","R","LAA","COL","S",,,3,2,2026,"-0.98","1.21",0.2726816707575228,2.3369199841273702,,694514,691720,1,2,"Top",,,,,,,9.855701876268432,-140.94154234217575,-5.625908383561421,-15.434584858855544,34.93144992423701,-14.870062822985183,3.234924541,1.63257874,204,"82.1",55,"98.3",2321,"7.3",824026,665861,687093,624428,622268,672724,685133,545361,666176,"53.22",,,,,,,,13,7,"4-Seam Fastball",0,2,2,0,2,0,2,0,"Standard","Standard",222,"0","0","74.3","7.0",,,"0","88.0",-2,2,0.265,0.735,26,27,27,27,1,0,5,1,6,1,"1.23","0.98","-0.98","34.4",12.169866435638761,11.270636610448644,44.548699975492056,35.46786921220815,25.981393071472993
"FF","2026-06-02","97.6","-2.57","5.6","Rodriguez, Grayson",666397,680570,,"foul",,,,,1,,"R","L","R","LAA","COL","S",,,3,2,2026,"-0.66","1.29",-0.5010453840215833,3.2656569034225895,,694514,691720,1,2,"Top",,,,,,,7.148605908359894,-141.7981755076224,-3.593093491615023,-10.662707527422054,36.457998245821344,-14.191154415692221,3.234924541,1.63257874,2,"67.4",-58,"98.4",2329,"7.1",824026,665861,687093,624428,622268,672724,685133,545361,666176,"53.37",,,,,,,,13,6,"4-Seam Fastball",0,2,2,0,2,0,2,0,"Standard","Standard",222,"0","0","66.6","6.8",,,"0","88.0",-2,2,0.265,0.735,26,27,27,27,1,0,5,1,6,1,"1.13","0.66","-0.66","32.7",23.715016502166666,11.697425439644109,27.760752043736556,45.09128785664715,22.31156810784026
"CH","2026-06-02","83.7","-2.42","5.65","Rodriguez, Grayson",666397,680570,,"ball",,,,,11,,"R","L","R","LAA","COL","B",,,2,2,2026,"-1.01","0.71",-1.6485783891479189,3.441135288550688,,694514,691720,1,2,"Top",,,,,,,3.8762194612655314,-121.87736150357227,0.10719520037485486,-10.857862917333035,24.779554847550603,-25.36696221153919,3.234924541,1.63257874,,,,"85.2",1630,"7.3",824026,665861,687093,624428,622268,672724,685133,545361,666176,"53.2",,,,,,,,13,5,"Changeup",0,2,2,0,2,0,2,0,"Standard","Standard",257,"-0.012","0.094",,,,,"-0.094",,-2,2,0.277,0.723,26,27,27,27,1,0,5,1,6,1,"2.55","1.01","-1.01","35.6",,,,,
"FF","2026-06-02","97.1","-2.5","5.67","Rodriguez, Grayson",666397,680570,,"foul",,,,,2,,"R","L","R","LAA","COL","S",,,2,1,2026,"-1.37","1.17",-0.1452918763393174,3.063348483612769,,694514,691720,1,2,"Top",,,,,,,9.576670694537539,-141.03352680291303,-3.9774579067720346,-20.568940002143762,35.22271936909282,-15.888483832211811,3.234924541,1.63257874,279,"92.8",51,"98.1",2384,"7.2",824026,665861,687093,624428,622268,672724,685133,545361,666176,"53.31",,,,,,,,13,4,"4-Seam Fastball",0,2,2,0,2,0,2,0,"Standard","Standard",225,"0.009","-0.078","71.5","6.5",,,"0.078","92.8",-2,2,0.268,0.732,26,27,27,27,1,0,5,1,6,1,"1.28","1.37","-1.37","35.5",12.169488891165575,8.826136735453526,36.31086569333578,40.97027737742656,24.163602386962275
"FF","2026-06-02","97.3","-2.55","5.63","Rodriguez, Grayson",666397,680570,,"called_strike",,,,,9,,"R","L","R","LAA","COL","S",,,2,0,2026,"-1.29","1.24",0.3903852025795489,1.7214482196562622,,694514,691720,1,2,"Top",,,,,,,10.96884301363716,-140.96983003005522,-7.656596632528145,-19.827295460717053,35.043048487867026,-13.9630122232273,3.234924541,1.63257874,,,,"98.4",2423,"7.3",824026,665861,687093,624428,622268,672724,685133,545361,666176,"53.17",,,,,,,,13,3,"4-Seam Fastball",0,2,2,0,2,0,2,0,"Standard","Standard",221,"0.009","-0.06",,,,,"0.06",,-2,2,0.259,0.741,26,27,27,27,1,0,5,1,6,1,"1.21","1.29","-1.29","36.0",,,,,
"FF","2026-06-02","96.8","-2.53","5.62","Rodriguez, Grayson",666397,680570,,"ball",,,,,7,,"R","L","R","LAA","COL","B",,,1,0,2026,"-1.32","0.95",-0.5396576403886528,1.6551847315388117,,694514,691720,1,2,"Top",,,,,,,8.421837453399853,-140.58197781278702,-7.02465975600526,-19.430950168172046,34.63823961738796,-18.1000355332775,3.234924541,1.63257874,,,,"97.8",2360,"7.2",824026,665861,687093,624428,622268,672724,685133,545361,666176,"53.32",,,,,,,,13,2,"4-Seam Fastball",0,2,2,0,2,0,2,0,"Standard","Standard",221,"-0.009","0.079",,,,,"-0.079",,-2,2,0.268,0.732,26,27,27,27,1,0,5,1,6,1,"1.51","1.32","-1.32","32.1",,,,,
"CH","2026-06-02","84","-2.57","5.7","Rodriguez, Grayson",666397,680570,,"ball",,,,,11,,"R","L","R","LAA","COL","B",,,0,0,2026,"-0.91","0.54",-1.7315041638131943,4.082303426728458,,694514,691720,1,2,"Top",,,,,,,3.8112212489484367,-122.3505160829307,1.731487729451922,-9.867162588846417,23.96423740235335,-27.257747099228894,3.234924541,1.63257874,,,,"85.2",1591,"7",824026,665861,687093,624428,622268,672724,685133,545361,666176,"53.51",,,,,,,,13,1,"Changeup",0,2,2,0,2,0,2,0,"Standard","Standard",259,"-0.004","0.04",,,,,"-0.04",,-2,2,0.272,0.728,26,27,27,27,1,0,5,1,6,1,"2.68","0.91","-0.91","34.7",,,,,
"FF","2026-06-02","96.4","-2.69","5.54","Rodriguez, Grayson",691720,680570,"walk","ball",,,,,14,"Kyle Karros walks. Sterlin Thompson to 2nd.","R","R","R","LAA","COL","B",,,3,0,2026,"-1.54","0.99",0.0700192375789972,1.2413616339655558,,,694514,1,2,"Top",,,,,,,10.9678849781704,-139.6799217321345,-7.922904100728488,-22.787730765262445,34.559007705485826,-17.4129534520574,3.431512467,1.731791339,,,,"97.3",2364,"7.2",824026,665861,687093,624428,622268,672724,685133,545361,666176,"53.25",,0.698289,"0.7",1,0,0,,12,4,"4-Seam Fastball",0,2,2,0,2,0,2,0,"Standard","Standard",230,"-0.012","0.117",,,,,"-0.117",,-2,2,0.284,0.716,26,23,27,24,1,0,5,1,6,1,"1.5","1.54","1.54","35.2",,,,,
"FF","2026-06-02","96.7","-2.52","5.63","Rodriguez, Grayson",691720,680570,,"ball",,,,,14,,"R","R","R","LAA","COL","B",,,2,0,2026,"-1.22","1.06",0.7876481935056676,1.4736872706612176,,,694514,1,2,"Top",,,,,,,11.68073908843563,-140.20346509712897,-7.792265732278876,-18.7643879095936,33.1788216465327,-16.4844628830967,3.431512467,1.731791339,,,,"97.8",2355,"7.2",824026,665861,687093,624428,622268,672724,685133,545361,666176,"53.29",,,,,,,,12,3,"4-Seam Fastball",0,2,2,0,2,0,2,0,"Standard","Standard",228,"-0.008","0.1",,,,,"-0.1",,-2,2,0.292,0.708,26,23,27,24,1,0,5,1,6,1,"1.4","1.22","1.22","35.6",,,,,
"FF","2026-06-02","96.9","-2.69","5.58","Rodriguez, Grayson",691720,680570,,"ball",,,,,13,,"R","R","R","LAA","COL","B",,,1,0,2026,"-1.15","1.07",-0.4926153516429477,1.254686701147347,,,694514,1,2,"Top",,,,,,,8.591183477996365,-140.63317095796734,-8.297394015379309,-17.275105576337058,34.173936784204045,-16.120585909866495,3.431512467,1.731791339,,,,"97.9",2326,"7.1",824026,665861,687093,624428,622268,672724,685133,545361,666176,"53.36",,,,,,,,12,2,"4-Seam Fastball",0,2,2,0,2,0,2,0,"Standard","Standard",223,"-0.006","0.071",,,,,"-0.071",,-2,2,0.298,0.702,26,23,27,24,1,0,5,1,6,1,"1.38","1.15","1.15","32.1",,,,,
"CU","2026-06-02","80.1","-2.59","5.8","Rodriguez, Grayson",691720,680570,,"ball",,,,,14,,"R","R","R","LAA","COL","B",,,0,0,2026,"0.76","-0.54",1.1017673964939962,1.7005722081022907,,,694514,1,2,"Top",,,,,,,6.685009433900868,-116.50343471476715,-0.9894935039148929,5.462814650482726,24.44054503094518,-37.08873638015267,3.431512467,1.731791339,,,,"80.9",2681,"7.1",824026,665861,687093,624428,622268,672724,685133,545361,666176,"53.38",,,,,,,,12,1,"Curveball",0,2,2,0,2,0,2,0,"Standard","Standard",39,"-0.003","0.034",,,,,"-0.034",,-2,2,0.301,0.6990000000000001,26,23,27,24,1,0,5,1,6,1,"4.13","-0.76","-0.76","38.8",,,,,
"CH","2026-06-02","85.1","-2.5","5.59","Rodriguez, Grayson",694514,680570,"walk","ball",,,,,13,"Sterlin Thompson walks.","R","L","R","LAA","COL","B",,,3,2,2026,"-1.03","0.38",-0.16377930854096512,1.212964682971681,,,,1,2,"Top",,,,,,,7.663828991951405,-123.63248085891964,-4.556513046777004,-12.071234178384012,24.335083902275294,-27.511625575420492,3.341117126,1.68617126,,,,"86.8",1838,"7.5",824026,665861,687093,624428,622268,672724,685133,545361,666176,"53.05",,0.698289,"0.7",1,0,0,,11,8,"Changeup",0,2,2,0,2,0,2,0,"Infield shade","Standard",256,"-0.016","0.338",,,,,"-0.338",,-2,2,0.317,0.683,26,25,27,25,1,0,5,1,6,1,"2.77","1.03","-1.03","40.9",,,,,
"CU","2026-06-02","83.3","-2.52","5.63","Rodriguez, Grayson",694514,680570,,"foul",,,,,6,,"R","L","R","LAA","COL","S",,,3,2,2026,"0.86","-0.64",0.378987671910475,2.213010970459423,,,,1,2,"Top",,,,,,,4.926644346323313,-121.14973862268258,0.2095691530920072,7.331390967772483,26.38848309372351,-38.691077604016705,3.341117126,1.68617126,5,"77.7",-27,"84.1",2770,"7.1",824026,665861,687093,624428,622268,672724,685133,545361,666176,"53.37",,,,,,,,11,7,"Curveball",0,2,2,0,2,0,2,0,"Infield shade","Standard",36,"0","0","78.4","7.8",,,"0","88.0",-2,2,0.317,0.683,26,25,27,25,1,0,5,1,6,1,"3.96","-0.86","0.86","41.9",19.1458043639678,-16.541021592627782,37.147048307237895,33.080360601271835,39.09481397751913
"FF","2026-06-02","98.1","-2.67","5.61","Rodriguez, Grayson",694514,680570,,"foul",,,,,3,,"R","L","R","LAA","COL","S",,,3,2,2026,"-0.74","1.29",0.3347677593895636,2.89978614833142,,,,1,2,"Top",,,,,,,9.91939421033819,-142.50057706383419,-4.697970137291162,-12.497398410025795,35.118264605109815,-13.730705786954273,3.341117126,1.68617126,170,"63.1",46,"99.2",2286,"7.2",824026,665861,687093,624428,622268,672724,685133,545361,666176,"53.32",,,,,,,,11,6,"4-Seam Fastball",0,2,2,0,2,0,2,0,"Infield shade","Standard",224,"0","0","72.8","6.0",,,"0","88.0",-2,2,0.317,0.683,26,25,27,25,1,0,5,1,6,1,"1.1","0.74","-0.74","33.2",-5.305800908699997,17.054005097767714,37.51353340344423,32.046120889188664,18.182338745029103
"FF","2026-06-02","98.2","-2.63","5.65","Rodriguez, Grayson",694514,680570,,"ball",,,,,12,,"R","L","R","LAA","COL","B",,,2,2,2026,"-0.67","1.51",0.7552005065781331,3.5068983639775335,,,,1,2,"Top",,,,,,,10.764156730383915,-142.4806748614673,-3.6789865326897817,-11.74132023595351,36.33851378224341,-10.97838820896299,3.341117126,1.68617126,,,,"99.1",2343,"7.2",824026,665861,687093,624428,622268,672724,685133,545361,666176,"53.31",,,,,,,,11,5,"4-Seam Fastball",0,2,2,0,2,0,2,0,"Standard","Standard",223,"-0.005","0.112",,,,,"-0.112",,-2,2,0.322,0.6779999999999999,26,25,27,25,1,0,5,1,6,1,"0.89","0.67","-0.67","36.0",,,,,
"CH","2026-06-02","84.1","-2.66","5.57","Rodriguez, Grayson",694514,680570,,"foul",,,,,11,,"R","L","R","LAA","COL","S",,,2,1,2026,"-0.78","0.3",-0.9030225525289444,2.688450553013034,,,,1,2,"Top",,,,,,,5.7104667719594735,-122.3736413346566,-0.7166005532960082,-8.952361611531268,23.198798578777193,-29.21879667314707,3.341117126,1.68617126,158,"70.1",62,"85.9",1768,"7.3",824026,665861,687093,624428,622268,672724,685133,545361,666176,"53.17",,,,,,,,11,4,"Changeup",0,2,2,0,2,0,2,0,"Standard","Standard",259,"0.004","-0.076","75.7","6.9",,,"0.076","88.0",-2,2,0.318,0.6819999999999999,26,25,27,25,1,0,5,1,6,1,"2.91","0.78","-0.78","34.4",8.548205632840023,7.43093408308457,28.904871415670467,47.632839343088534,26.887345562623572
"CH","2026-06-02","84.8","-2.63","5.63","Rodriguez, Grayson",694514,680570,,"ball",,,,,11,,"R","L","R","LAA","COL","B",,,1,1,2026,"-0.76","0.36",-1.5255933437529716,4.223134937042491,,,,1,2,"Top",,,,,,,4.17739001825377,-123.45962529023058,2.530643262656914,-8.586782838358378,24.825671465838433,-29.237517058747983,3.341117126,1.68617126,,,,"86.3",1724,"7.3",824026,665861,687093,624428,622268,672724,685133,545361,666176,"53.25",,,,,,,,11,3,"Changeup",0,2,2,0,2,0,2,0,"Infield shade","Standard",254,"-0.003","0.057",,,,,"-0.057",,-2,2,0.321,0.679,26,25,27,25,1,0,5,1,6,1,"2.81","0.76","-0.76","35.4",,,,,
"FF","2026-06-02","96.1","-2.61","5.62","Rodriguez, Grayson",694514,680570,,"ball",,,,,12,,"R","L","R","LAA","COL","B",,,0,1,2026,"-0.66","1.33",1.6895300526106882,2.9139907042016175,,,,1,2,"Top",,,,,,,12.925499020131292,-139.2756300527109,-4.473944490418997,-11.487377613158055,31.955091901068027,-14.00340817619642,3.341117126,1.68617126,,,,"97.3",2213,"7.2",824026,665861,687093,624428,622268,672724,685133,545361,666176,"53.25",,,,,,,,11,2,"4-Seam Fastball",0,2,2,0,2,0,2,0,"Standard","Standard",219,"-0.001","0.035",,,,,"-0.035",,-2,2,0.322,0.6779999999999999,26,25,27,25,1,0,5,1,6,1,"1.16","0.66","-0.66","34.3",,,,,
"FF","2026-06-02","96","-2.68","5.62","Rodriguez, Grayson",694514,680570,,"called_strike",,,,,6,,"R","L","R","LAA","COL","S",,,0,0,2026,"-0.53","1.26",0.42641128668421246,2.4530887389742224,,,,1,2,"Top",,,,,,,9.497335620343172,-139.41679375032692,-5.526346955042055,-9.054212897498049,32.57498065609124,-14.691426258228672,3.341117126,1.68617126,,,,"97.4",2177,"7.3",824026,665861,687093,624428,622268,672724,685133,545361,666176,"53.2",,,,,,,,11,1,"4-Seam Fastball",0,2,2,0,2,0,2,0,"Standard","Standard",223,"0.002","-0.042",,,,,"0.042",,-2,2,0.32,0.6799999999999999,26,25,27,25,1,0,5,1,6,1,"1.23","0.53","-0.53","38.4",,,,,
"FF","2026-06-02","96.4","-2.34","5.78","Rodriguez, Grayson",678662,680570,"sac_fly","hit_into_play",,,,,3,"Ezequiel Tovar out on a sacrifice fly to right fielder Jo Adell. Troy Johnston scores.","R","R","R","LAA","COL","X",9,"fly_ball",0,1,2026,"-0.79","1.43",0.30649020016394246,3.0875433526859584,687859,,,0,2,"Top",191.23,104.7,,,,,8.902142093563914,-139.9724338717006,-4.6456939404853,-12.62654029117863,37.070279317970424,-12.58520471053901,3.219127297,1.624606299,284,"90.9",45,"97.1",2306,"7.2",824026,665861,687093,624428,622268,672724,685133,545361,666176,"53.29",,0.004,"0",1,0,0,3,10,2,"4-Seam Fastball",0,1,1,0,2,0,2,0,"Strategic","Standard",220,"-0.002","-0.107","75.0","7.2",,,"0.107","90.9",-1,1,0.322,0.6779999999999999,26,24,27,25,1,0,5,1,6,3,"1.07","0.79","0.79","37.0",9.810023657112808,4.008203801823081,29.988596022616385,36.75949171933006,27.99184394282941
"CU","2026-06-02","80.2","-2.45","5.93","Rodriguez, Grayson",678662,680570,,"foul",,,,,9,,"R","R","R","LAA","COL","S",,,0,0,2026,"0.79","-0.55",0.815834786431971,1.7208692820244056,687859,,,0,2,"Top",,,,,,,5.662488948901456,-116.51213896865916,-1.166783176188984,5.795841128071709,25.88801136880772,-37.09451987964574,3.219127297,1.624606299,7,"42.2",-16,"80.4",2684,"7",824026,665861,687093,624428,622268,672724,685133,545361,666176,"53.54",,,,,,,,10,1,"Curveball",0,1,1,0,1,0,1,0,"Strategic","Standard",43,"0.005","-0.081","73.9","8.2",,,"0.081","88.0",-1,1,0.317,0.683,26,24,27,25,1,0,5,1,6,3,"4.16","-0.79","-0.79","40.2",20.181600172423167,-16.298629264599537,30.303293392360718,41.7109674162277,45.38435125694595
"CU","2026-06-02","79.7","-2.64","5.77","Rodriguez, Grayson",687859,680570,"double","hit_into_play",,,,,9,"Troy Johnston doubles (16) on a sharp line drive to right fielder Jo Adell. Troy Johnston to 3rd. Troy Johnston advances to 3rd, on a throwing error by right fielder Jo Adell.","R","L","R","LAA","COL","X",9,"line_drive",0,2,2026,"0.91","-0.7",0.41700894218973017,1.4754378562243327,,,,0,2,"Top",223.07,94.52,,,,,4.953974128264441,-115.91974192148915,-1.013475560055757,7.094123410935983,24.189759691617837,-38.48540361179613,3.159448819,1.594488189,202,"101.4",12,"80.5",2722,"7.1",824026,665861,687093,624428,622268,672724,685133,545361,666176,"53.37",0.957,0.927,"1.25",1,1,1,4,9,3,"Curveball",0,1,1,0,1,0,1,0,"Infield shade","Standard",41,"-0.088","0.827","74.1","7.6",,1.178,"-0.827","101.4",-1,1,0.405,0.595,26,29,27,29,1,0,5,1,6,1,"4.33","-0.91","0.91","40.9",24.078444696536728,-10.522984993778584,37.609576169066756,30.514972283715863,44.18645912820273
"FF","2026-06-02","95.2","-2.73","5.72","Rodriguez, Grayson",687859,680570,,"swinging_strike",,,,,2,,"R","L","R","LAA","COL","S",,,0,1,2026,"-0.88","1.46",-0.1105174366256364,2.9359696390662067,,,,0,2,"Top",,,,,,,8.955074109938778,-138.1722123426653,-4.75182854056241,-13.498562308999897,35.45504384539558,-12.688631381899215,3.159448819,1.594488189,,,,"96",2191,"7.2",824026,665861,687093,624428,622268,672724,685133,545361,666176,"53.29",,,,,,,,9,2,"4-Seam Fastball",0,1,1,0,1,0,1,0,"Standard","Standard",221,"0.005","-0.056","64.7","5.5","1.218642948",,"0.056",,-1,1,0.4,0.6,26,29,27,29,1,0,5,1,6,1,"1.1","0.88","-0.88","40.6",-1.6194717190228025,17.32448945768849,37.11184888351699,35.90977438939143,21.49127675970936
"CU","2026-06-02","78.2","-2.69","5.87","Rodriguez, Grayson",687859,680570,,"called_strike",,,,,4,,"R","L","R","LAA","COL","S",,,0,0,2026,"0.87","-0.74",-0.5927852097388879,2.576338589364731,,,,0,2,"Top",,,,,,,2.8694489899578817,-113.7769844213553,1.5186325590598118,6.85808166342396,23.66684398356913,-39.10337030375294,3.159448819,1.594488189,,,,"78.8",2654,"7.1",824026,665861,687093,624428,622268,672724,685133,545361,666176,"53.44",,,,,,,,9,1,"Curveball",0,1,1,0,1,0,1,0,"Infield shade","Standard",34,"0.003","-0.043",,,,,"0.043",,-1,1,0.397,0.603,26,29,27,29,1,0,5,1,6,1,"4.51","-0.87","0.87","39.8",,,,,
"SL","2026-06-02","84.7","-2.87","5.74","Rodriguez, Grayson",696100,680570,"home_run","hit_into_play",,,,,5,"Hunter Goodman homers (15) on a fly ball to left field.","R","R","R","LAA","COL","X",,"fly_ball",0,0,2026,"0.34","0.31",-0.17222341397043417,2.0947442448992435,,,,0,2,"Top",20.82,80.41,,,,,5.601360092269484,-123.17627801719043,-2.5298701003171575,2.1957199977436384,26.980049377505452,-28.686160096446503,3.178756562,1.604232283,389,"111",22,"85.3",2447,"7",824026,665861,687093,624428,622268,672724,685133,545361,666176,"53.55",0.98,1.903,"2",1,0,3,6,8,1,"Slider",0,0,0,0,1,0,1,0,"Standard","Standard",136,"-0.103","1.114","79.3","7.6",,3.659,"-1.114","111.0",0,0,0.5,0.5,26,26,27,27,1,0,5,1,6,1,"2.89","-0.34","-0.34","34.3",24.79734148969554,-10.25297854669234,23.01453253173188,35.541078630060355,44.206926501543116
"CH","2026-06-02","83.9","-2.61","5.63","Rodriguez, Grayson",681198,680570,"field_out","hit_into_play",,,,,8,"TJ Rumfield grounds out, first baseman Vaughn Grissom to pitcher Grayson Rodriguez.","R","L","R","LAA","COL","X",3,"ground_ball",0,1,2026,"-1.14","0.5",-0.009095812855430374,2.1053122685205867,,,,2,1,"Top",149.85,164.11,,,,,8.367283764549217,-121.83612838569735,-2.5212608698986134,-13.03032601040881,24.23109763811599,-26.906788085436382,3.422736221,1.727362205,4,"53.1",-28,"85.1",1783,"7.2",824026,665861,687093,624428,622268,672724,685133,545361,666176,"53.26",0.078,0.07,"0",1,0,0,1,3,2,"Changeup",0,0,0,0,0,0,0,0,"Infield shade","Standard",258,"0.008","-0.216","66.0","7.6",,0.078,"0.216","88.0",0,0,0.54,0.45999999999999996,26,26,27,26,1,0,5,1,6,1,"2.76","1.14","-1.14","36.0",28.498785363204,-28.311285207182436,37.11616188974295,34.47622867260895,51.469842001683105
"CU","2026-06-02","81.1","-2.51","5.78","Rodriguez, Grayson",681198,680570,,"called_strike",,,,,4,,"R","L","R","LAA","COL","S",,,0,0,2026,"0.74","-0.73",-0.34759855000183904,2.470159446806595,,,,2,1,"Top",,,,,,,3.365144180701202,-117.99836407012593,1.0138559834136174,6.1194828053316215,26.312638568255515,-39.390894179450214,3.422736221,1.727362205,,,,"81.5",2861,"6.9",824026,665861,687093,624428,622268,672724,685133,545361,666176,"53.56",,,,,,,,3,1,"Curveball",0,0,0,0,0,0,0,0,"Infield shade","Standard",34,"0.002","-0.044",,,,,"0.044",,0,0,0.538,0.46199999999999997,26,26,27,26,1,0,5,1,6,1,"4.25","-0.74","0.74","38.2",,,,,
"FF","2026-06-02","97.8","-2.73","5.6","Rodriguez, Grayson",650489,680570,"strikeout","swinging_strike",,,,,1,"Willi Castro strikes out swinging.","R","L","R","LAA","COL","S",2,,1,2,2026,"-0.76","1.6",-0.7985939845076023,2.798945205031364,,,,1,1,"Top",,,,,,,7.036417895801536,-141.98477100527654,-5.525517817566625,-12.160500311835461,40.7650895293531,-9.651642964977581,3.203330053,1.616633858,,,,"98",2281,"7.1",824026,665861,687093,624428,622268,672724,685133,545361,666176,"53.37",,0,"0",1,0,0,,2,4,"4-Seam Fastball",0,0,0,0,0,0,0,0,"Infield shade","Standard",221,"0.011","-0.183","71.2","7.1","0.563825628",,"0.183",,0,0,0.527,0.473,26,29,27,29,1,0,5,1,6,1,"0.85","0.76","-0.76","33.1",9.045749384760663,8.960887296955175,33.70304032737018,40.26159424200107,19.613488921479632
"FF","2026-06-02","96.1","-2.81","5.57","Rodriguez, Grayson",650489,680570,,"foul",,,,,7,,"R","L","R","LAA","COL","S",,,1,1,2026,"-1.33","1.11",-0.5284895021429137,1.8349149357587846,,,,1,1,"Top",,,,,,,9.150289036732968,-139.44355373602113,-6.5855263729167115,-19.550676654934733,36.545961551143,-16.385857529303895,3.203330053,1.616633858,183,"79.4",65,"96.5",2317,"7.1",824026,665861,687093,624428,622268,672724,685133,545361,666176,"53.44",,,,,,,,2,3,"4-Seam Fastball",0,0,0,0,0,0,0,0,"Standard","Standard",218,"0.004","-0.074","71.9","7.7",,,"0.074","88.0",0,0,0.523,0.477,26,29,27,29,1,0,5,1,6,1,"1.41","1.33","-1.33","33.3",10.60881616958383,-9.669390413688642,42.822430882218804,37.75996746897681,31.550224499848607
"FF","2026-06-02","93.2","-2.87","5.54","Rodriguez, Grayson",650489,680570,,"called_strike",,,,,8,,"R","L","R","LAA","COL","S",,,1,0,2026,"-1.01","1.29",-0.09377458670891636,1.6850460211701737,,,,1,1,"Top",,,,,,,9.431585393655102,-135.20556834878033,-6.757789848959302,-14.632345878173027,33.99156460566295,-15.059150816676903,3.203330053,1.616633858,,,,"93.9",2126,"7.2",824026,665861,687093,624428,622268,672724,685133,545361,666176,"53.28",,,,,,,,2,2,"4-Seam Fastball",0,0,0,0,0,0,0,0,"Standard","Standard",226,"0.003","-0.05",,,,,"0.05",,0,0,0.52,0.48,26,29,27,29,1,0,5,1,6,1,"1.39","1.01","-1.01","32.1",,,,,
"FF","2026-06-02","94.1","-2.8","5.61","Rodriguez, Grayson",650489,680570,,"ball",,,,,11,,"R","L","R","LAA","COL","B",,,0,0,2026,"-1.2","1.2",-1.4579493171346618,2.948871298234317,,,,1,1,"Top",,,,,,,6.2280591216918,-136.70192197173753,-3.6286002464026286,-16.414172980853035,35.913899546275104,-16.656126508814797,3.203330053,1.616633858,,,,"94.5",2184,"7.1",824026,665861,687093,624428,622268,672724,685133,545361,666176,"53.43",,,,,,,,2,1,"4-Seam Fastball",0,0,0,0,0,0,0,0,"Standard","Standard",223,"-0.002","0.043",,,,,"-0.043",,0,0,0.522,0.478,26,29,27,29,1,0,5,1,6,1,"1.43","1.2","-1.2","33.2",,,,,
"CU","2026-06-02","79.6","-2.83","5.71","Rodriguez, Grayson",664983,680570,"field_out","hit_into_play",,,,,8,"Jake McCarthy grounds out, first baseman Vaughn Grissom to pitcher Grayson Rodriguez.","R","L","R","LAA","COL","X",3,"ground_ball",1,2,2026,"0.48","-0.87",-0.005365243337329961,1.5914433425645824,,,,0,1,"Top",163.4,165.09,,,,,5.261937768376965,-115.83428037033829,-0.28894472668090243,3.2126007041518205,24.314879887072454,-40.12893203518088,3.228781168,1.629478347,78,"70.7",7,"80.2",2701,"7",824026,665861,687093,624428,622268,672724,685133,545361,666176,"53.51",0.33,0.298,"0",1,0,0,2,1,4,"Curveball",0,0,0,0,0,0,0,0,"Infield shade","Standard",40,"0.015","-0.189","66.8","8.0",,0.352,"0.189","88.0",0,0,0.507,0.493,26,28,27,29,1,0,5,1,6,1,"4.51","-0.48","0.48","37.3",17.442342571435983,-23.38585024866003,32.36919212054796,41.29682776808979,44.52501223583668
"FF","2026-06-02","95.2","-2.72","5.68","Rodriguez, Grayson",664983,680570,,"foul",,,,,4,,"R","L","R","LAA","COL","S",,,1,1,2026,"-0.85","1.4",-0.775585438176133,2.5670822341754187,,,,0,1,"Top",,,,,,,7.067742517133495,-138.1980392215423,-5.4574991745057115,-12.597679025651951,35.88255889638746,-13.247714423751928,3.228781168,1.629478347,188,"75.8",63,"95.5",2184,"7",824026,665861,687093,624428,622268,672724,685133,545361,666176,"53.53",,,,,,,,1,3,"4-Seam Fastball",0,0,0,0,0,0,0,0,"Standard","Standard",222,"0.006","-0.062","66.4","7.3",,,"0.062","88.0",0,0,0.501,0.499,26,28,27,29,1,0,5,1,6,1,"1.16","0.85","-0.85","32.3",7.794277274630154,-1.5508374478020985,30.785609874994822,48.95531589916163,27.831808058674472
"CH","2026-06-02","82.6","-2.84","5.72","Rodriguez, Grayson",664983,680570,,"ball",,,,,11,,"R","L","R","LAA","COL","B",,,0,1,2026,"-0.97","0.54",-1.5888339018158502,3.096676960100954,,,,0,1,"Top",,,,,,,4.7990811844056935,-120.10526839746387,-0.27371082649861045,-10.369237343880233,25.256506662846306,-27.143559515753548,3.228781168,1.629478347,,,,"83.3",1665,"7",824026,665861,687093,624428,622268,672724,685133,545361,666176,"53.52",,,,,,,,1,2,"Changeup",0,0,0,0,0,0,0,0,"Standard","Standard",262,"-0.002","0.03",,,,,"-0.03",,0,0,0.503,0.497,26,28,27,29,1,0,5,1,6,1,"2.83","0.97","-0.97","33.2",,,,,
"FF","2026-06-02","94.8","-2.79","5.61","Rodriguez, Grayson",664983,680570,,"called_strike",,,,,8,,"R","L","R","LAA","COL","S",,,0,0,2026,"-1.39","1.34",-0.047023656713622186,1.623416736856624,,,,0,1,"Top",,,,,,,10.387311605036022,-137.3584134204936,-7.548459053448232,-20.03736593846317,34.22893433008657,-13.63852445786371,3.228781168,1.629478347,,,,"95.6",2232,"7.3",824026,665861,687093,624428,622268,672724,685133,545361,666176,"53.23",,,,,,,,1,1,"4-Seam Fastball",0,0,0,0,0,0,0,0,"Standard","Standard",217,"0.003","-0.043",,,,,"0.043",,0,0,0.5,0.5,26,28,27,29,1,0,5,1,6,1,"1.25","1.39","-1.39","30.5",,,,,
"FF","2026-05-28","96.9","-2.31","5.57","Rodriguez, Grayson",690993,680570,"field_out","hit_into_play",,,,,2,"Colt Keith lines out sharply to center fielder Mike Trout.","R","L","R","DET","LAA","X",8,"line_drive",0,2,2026,"-1.1","1.29",0.05991197452533403,2.994169647335819,,,668670,2,5,"Bot",137.44,72.05,,,,,8.931779542933027,-140.8268042971986,-4.184363337063806,-16.65976624980314,31.555888116437842,-14.269366353177617,3.27792815,1.654281496,317,"102.7",15,"98.2",2297,"7.1",824272,665861,687093,624428,622268,687263,685133,545361,666176,"53.43",0.637,0.675,"0",1,0,0,4,41,3,"4-Seam Fastball",1,3,1,3,3,1,1,3,"Infield shade","Standard",223,"-0.019","-0.174","79.8","6.0",,0.953,"0.174","102.7",-2,-2,0.24,0.24,26,24,27,25,3,2,6,1,5,1,"1.14","1.1","-1.1","36.6",2.1793607227696947,1.4065151331628551,27.77294455405713,33.3141908100073,24.40557284481185
"CU","2026-05-28","79.6","-2.38","5.7","Rodriguez, Grayson",690993,680570,,"called_strike",,,,,8,,"R","L","R","DET","LAA","S",,,0,1,2026,"0.37","-0.39",0.25595054243502624,1.7465805734251942,,,668670,2,5,"Bot",,,,,,,5.070056962908135,-115.97237476753224,-1.0735858229621238,2.5462644362906595,18.633878275395958,-35.72447395931687,3.27792815,1.654281496,,,,"81.2",2700,"7",824272,665861,687093,624428,622268,687263,685133,545361,666176,"53.51",,,,,,,,41,2,"Curveball",1,3,1,3,3,1,1,3,"Infield shade","Standard",42,"-0.007","-0.063",,,,,"0.063",,-2,-2,0.247,0.247,26,24,27,25,3,2,6,1,5,1,"3.94","-0.37","0.37","39.0",,,,,
"FF","2026-05-28","94.4","-2.51","5.54","Rodriguez, Grayson",690993,680570,,"called_strike",,,,,7,,"R","L","R","DET","LAA","S",,,0,0,2026,"-1.08","1.29",-0.36472772849431045,2.0719289696384706,,,668670,2,5,"Bot",,,,,,,8.063718500925496,-137.19106833070097,-6.139291340790762,-15.424061816416927,29.322612382041477,-14.620660278420383,3.27792815,1.654281496,,,,"95.8",2263,"7.1",824272,665861,687093,624428,622268,687263,685133,545361,666176,"53.39",,,,,,,,41,1,"4-Seam Fastball",1,3,1,3,3,1,1,3,"Infield shade","Standard",224,"-0.005","-0.042",,,,,"0.042",,-2,-2,0.252,0.252,26,24,27,25,3,2,6,1,5,1,"1.26","1.08","-1.08","35.9",,,,,
"FF","2026-05-28","97.1","-2.32","5.5","Rodriguez, Grayson",668670,680570,"walk","ball",,,,,11,"Jake Rogers walks.","R","R","R","DET","LAA","B",,,3,2,2026,"-1.13","1.27",-0.8302149677611825,3.9948915799992335,,,,2,5,"Bot",,,,,,,6.65904054274332,-141.2736893506843,-1.2890309445186463,-16.645556601658512,32.86166432552338,-15.158241381167663,3.18402231,1.606889764,,,,"98.2",2317,"7",824272,665861,687093,624428,622268,687263,685133,545361,666176,"53.52",,0.698289,"0.7",1,0,0,,40,6,"4-Seam Fastball",1,3,1,3,3,1,1,3,"Standard","Standard",231,"0.014","0.295",,,,,"-0.295",,-2,-2,0.238,0.238,26,31,27,31,2,1,6,4,5,3,"1.16","1.13","1.13","36.0",,,,,
"CU","2026-05-28","81.9","-2.29","5.66","Rodriguez, Grayson",668670,680570,,"ball",,,,,12,,"R","R","R","DET","LAA","B",,,2,2,2026,"0.66","-0.47",1.0102150286243454,2.438221622840527,,,,2,5,"Bot",,,,,,,6.12092106795097,-119.09766782583691,0.501884339237926,5.02512198902299,24.63195472203627,-36.968598607771895,3.18402231,1.606889764,,,,"82.6",2801,"6.9",824272,665861,687093,624428,622268,687263,685133,545361,666176,"53.55",,,,,,,,40,5,"Curveball",1,3,1,3,3,1,1,3,"Standard","Standard",41,"0.005","0.086",,,,,"-0.086",,-2,-2,0.233,0.233,26,31,27,31,2,1,6,4,5,3,"3.89","-0.66","-0.66","38.0",,,,,
"FF","2026-05-28","97.1","-2.24","5.5","Rodriguez, Grayson",668670,680570,,"ball",,,,,12,,"R","R","R","DET","LAA","B",,,1,2,2026,"-1.25","1.24",0.2150768714168867,3.5904233862048067,,,,2,5,"Bot",,,,,,,9.521987727170856,-141.1776548588405,-2.3125174668261352,-18.902038639669044,32.062439215144295,-15.29649872307884,3.18402231,1.606889764,,,,"98.3",2410,"7",824272,665861,687093,624428,622268,687263,685133,545361,666176,"53.47",,,,,,,,40,4,"4-Seam Fastball",1,3,1,3,3,1,1,3,"Standard","Standard",227,"0.002","0.044",,,,,"-0.044",,-2,-2,0.231,0.231,26,31,27,31,2,1,6,4,5,3,"1.18","1.25","1.25","34.5",,,,,
"FF","2026-05-28","95.4","-2.29","5.48","Rodriguez, Grayson",668670,680570,,"foul",,,,,3,,"R","R","R","DET","LAA","S",,,1,1,2026,"-1.01","1.49",0.519105816734283,2.9908499633315806,,,,2,5,"Bot",,,,,,,9.708077327917955,-138.52057467399254,-4.159249995306159,-15.185387854232275,30.56669886860148,-12.251383451983642,3.18402231,1.606889764,220,"78.6",49,"96.5",2329,"7",824272,665861,687093,624428,622268,687263,685133,545361,666176,"53.48",,,,,,,,40,3,"4-Seam Fastball",1,3,1,3,3,1,1,3,"Standard","Standard",224,"-0.003","-0.069","68.8","7.2",,,"0.069","88.0",-2,-2,0.234,0.234,26,31,27,31,2,1,6,4,5,3,"1.03","1.01","1.01","36.2",6.310062284030288,14.086593115985572,27.169614385593363,43.588078312540134,21.999753375650236
"FF","2026-05-28","96.2","-2.38","5.5","Rodriguez, Grayson",668670,680570,,"called_strike",,,,,2,,"R","R","R","DET","LAA","S",,,1,0,2026,"-1.03","1.47",0.019285741255571365,3.0973199026614546,,,,2,5,"Bot",,,,,,,8.756207260682203,-139.7916913357717,-4.035767104960649,-15.458616065257962,31.348603562935388,-12.170531853950862,3.18402231,1.606889764,,,,"97.3",2433,"7",824272,665861,687093,624428,622268,687263,685133,545361,666176,"53.5",,,,,,,,40,2,"4-Seam Fastball",1,3,1,3,3,1,1,3,"Standard","Standard",225,"-0.003","-0.055",,,,,"0.055",,-2,-2,0.237,0.237,26,31,27,31,2,1,6,4,5,3,"1","1.03","1.03","34.3",,,,,
"FF","2026-05-28","95.8","-2.36","5.52","Rodriguez, Grayson",668670,680570,,"ball",,,,,3,,"R","R","R","DET","LAA","B",,,0,0,2026,"-0.9","1.43",0.6430073736406404,3.15067745176251,,,,2,5,"Bot",,,,,,,10.039135666047843,-139.19113149363184,-3.803393873157604,-13.98146873432916,30.389187503695368,-12.914468841300899,3.18402231,1.606889764,,,,"97.1",2381,"7.1",824272,665861,687093,624428,622268,687263,685133,545361,666176,"53.43",,,,,,,,40,1,"4-Seam Fastball",1,3,1,3,3,1,1,3,"Standard","Standard",223,"0.002","0.041",,,,,"-0.041",,-2,-2,0.235,0.235,26,31,27,31,2,1,6,4,5,3,"1.06","0.9","0.9","36.8",,,,,
"FF","2026-05-28","95.4","-2.36","5.45","Rodriguez, Grayson",672761,680570,"field_out","hit_into_play",,,,,2,"Wenceel Pérez pops out to first baseman Vaughn Grissom.","R","L","R","DET","LAA","X",3,"popup",3,1,2026,"-1.24","1.52",-0.24078147820496687,2.8441127400209076,,,,1,5,"Bot",160.93,161.82,,,,,8.455229312845299,-138.63987683282988,-4.561132184808813,-17.88224287345963,31.961671135606995,-11.721026623930966,3.18226706,1.606003937,139,"83.6",65,"96.6",2370,"7.1",824272,665861,687093,624428,622268,687263,685133,545361,666176,"53.4",0.003,0.003,"0",1,0,0,3,39,5,"4-Seam Fastball",1,3,1,3,3,1,1,3,"Infield shade","Standard",226,"-0.036","-0.44","75.9","7.0",,0.003,"0.44","88.0",-2,-2,0.271,0.271,26,26,27,27,2,1,6,1,5,1,"1","1.24","-1.24","35.2",9.344734579018898,-11.046131358175183,23.72477230322924,38.87619198849106,35.1979005504309
"FF","2026-05-28","93.7","-2.57","5.51","Rodriguez, Grayson",672761,680570,,"called_strike",,,,,1,,"R","L","R","DET","LAA","S",,,3,0,2026,"-1.39","1.33",-0.36500782910123775,2.7633606446571806,,,,1,5,"Bot",,,,,,,8.842977191322337,-136.192718182827,-4.239048947544819,-19.13163461221586,27.531933067469666,-14.83234817347285,3.18226706,1.606003937,,,,"95.2",2354,"7.1",824272,665861,687093,624428,622268,687263,685133,545361,666176,"53.45",,,,,,,,39,4,"4-Seam Fastball",1,3,1,3,3,1,1,3,"Infield shade","Standard",224,"-0.008","-0.084",,,,,"0.084",,-2,-2,0.279,0.279,26,26,27,27,2,1,6,1,5,1,"1.26","1.39","-1.39","37.2",,,,,
"FF","2026-05-28","95.5","-2.44","5.49","Rodriguez, Grayson",672761,680570,,"ball",,,,,11,,"R","L","R","DET","LAA","B",,,2,0,2026,"-1.3","1.25",-1.436457663608205,2.491373773563009,,,,1,5,"Bot",,,,,,,5.655068540009573,-139.06320524842852,-5.028197148785832,-18.10273864689255,28.778631992744707,-15.051093351052703,3.18226706,1.606003937,,,,"97.2",2455,"7",824272,665861,687093,624428,622268,687263,685133,545361,666176,"53.48",,,,,,,,39,3,"4-Seam Fastball",1,3,1,3,3,1,1,3,"Infield shade","Standard",227,"0.011","0.141",,,,,"-0.141",,-2,-2,0.268,0.268,26,26,27,27,2,1,6,1,5,1,"1.23","1.3","-1.3","34.8",,,,,
"CH","2026-05-28","83.4","-2.43","5.52","Rodriguez, Grayson",672761,680570,,"ball",,,,,14,,"R","L","R","DET","LAA","B",,,1,0,2026,"-1.1","0.5",0.5339123393592016,1.0088969875292908,,,,1,5,"Bot",,,,,,,9.083759373870523,-121.2523501997585,-4.828033605846987,-12.4703829708852,20.254522589297736,-26.538117844416416,3.18226706,1.606003937,,,,"85.4",2147,"7.3",824272,665861,687093,624428,622268,687263,685133,545361,666176,"53.21",,,,,,,,39,2,"Changeup",1,3,1,3,3,1,1,3,"Standard","Standard",251,"0.007","0.077",,,,,"-0.077",,-2,-2,0.261,0.261,26,26,27,27,2,1,6,1,5,1,"2.75","1.1","-1.1","36.7",,,,,
"CH","2026-05-28","82.6","-2.4","5.5","Rodriguez, Grayson",672761,680570,,"ball",,,,,14,,"R","L","R","DET","LAA","B",,,0,0,2026,"-1.23","0.4",0.3815147752926673,0.3280424797920727,,,,1,5,"Bot",,,,,,,8.797294365833526,-120.05497301179317,-5.9501751228360815,-13.476639410704118,20.30247800613006,-27.382765681367623,3.18226706,1.606003937,,,,"84.2",2021,"7.1",824272,665861,687093,624428,622268,687263,685133,545361,666176,"53.39",,,,,,,,39,1,"Changeup",1,3,1,3,3,1,1,3,"Standard","Standard",256,"0.004","0.043",,,,,"-0.043",,-2,-2,0.257,0.257,26,26,27,27,2,1,6,1,5,1,"2.91","1.23","-1.23","34.5",,,,,
"FF","2026-05-28","96.7","-2.43","5.42","Rodriguez, Grayson",663837,680570,"field_out","hit_into_play",,,,,8,"Matt Vierling grounds out, shortstop Zach Neto to first baseman Vaughn Grissom.","R","R","R","DET","LAA","X",6,"ground_ball",2,2,2026,"-1.14","1.28",0.10686084251809969,1.8882985194158428,,,,0,5,"Bot",108.74,152.19,,,,,9.438945692625529,-140.42605645875747,-6.682010250299724,-17.154848183061468,30.599808398720313,-13.864751853816095,3.273540026,1.652066929,5,"103",-20,"98.1",2368,"7.1",824272,665861,687093,624428,622268,687263,685133,545361,666176,"53.4",0.18,0.162,"0",1,0,0,2,38,5,"4-Seam Fastball",1,3,1,3,3,1,1,3,"Standard","Standard",231,"-0.027","-0.235","75.4","7.3",,0.2,"0.235","103.0",-2,-2,0.284,0.284,26,29,27,30,2,1,6,1,5,1,"1.16","1.14","1.14","35.1",-0.3408438663868372,10.260785497038299,34.73626854251458,37.18501524917052,26.565684128555834
"CH","2026-05-28","82.5","-2.33","5.47","Rodriguez, Grayson",663837,680570,,"ball",,,,,14,,"R","R","R","DET","LAA","B",,,1,2,2026,"-1.01","0.52",1.2007534319734303,0.18187199510714436,,,,0,5,"Bot",,,,,,,10.092930565038936,-119.73854640990064,-6.459775722184553,-11.467272402069685,18.927674637426424,-26.131436500679225,3.273540026,1.652066929,,,,"84.4",1862,"7.3",824272,665861,687093,624428,622268,687263,685133,545361,666176,"53.23",,,,,,,,38,4,"Changeup",1,3,1,3,3,1,1,3,"Standard","Standard",255,"0.005","0.047",,,,,"-0.047",,-2,-2,0.279,0.279,26,29,27,30,2,1,6,1,5,1,"2.79","1.01","1.01","37.4",,,,,
"FF","2026-05-28","95.2","-2.65","5.48","Rodriguez, Grayson",663837,680570,,"foul",,,,,5,,"R","R","R","DET","LAA","S",,,1,1,2026,"-1.16","1.38",-0.12103953736514894,2.379801969729709,,,,0,5,"Bot",,,,,,,9.326385101468514,-138.30114495852607,-5.526820951089308,-16.930818173398674,27.830858429762536,-13.407142427640224,3.273540026,1.652066929,195,"81.6",59,"96.7",2241,"7",824272,665861,687093,624428,622268,687263,685133,545361,666176,"53.46",,,,,,,,38,3,"4-Seam Fastball",1,3,1,3,3,1,1,3,"Standard","Standard",226,"-0.008","-0.062","75.5","7.5",,,"0.062","88.0",-2,-2,0.287,0.287,26,29,27,30,2,1,6,1,5,1,"1.13","1.16","1.16","35.2",5.851681659228469,0.622728314663773,33.309981526063574,33.94253592731475,29.090911471950264
"CU","2026-05-28","80.2","-2.57","5.63","Rodriguez, Grayson",663837,680570,,"ball",,,,,14,,"R","R","R","DET","LAA","B",,,0,1,2026,"0.57","-0.56",1.3603760942556644,1.1366336237200643,,,,0,5,"Bot",,,,,,,7.54660625988622,-116.65424519910789,-1.9514154665100802,3.9256347038687878,20.630646680819883,-37.14861832707857,3.273540026,1.652066929,,,,"81.2",2607,"6.9",824272,665861,687093,624428,622268,687263,685133,545361,666176,"53.62",,,,,,,,38,2,"Curveball",1,3,1,3,3,1,1,3,"Standard","Standard",37,"0.003","0.03",,,,,"-0.03",,-2,-2,0.284,0.284,26,29,27,30,2,1,6,1,5,1,"4.09","-0.57","-0.57","36.2",,,,,
"FF","2026-05-28","92.5","-2.61","5.52","Rodriguez, Grayson",663837,680570,,"called_strike",,,,,4,,"R","R","R","DET","LAA","S",,,0,0,2026,"-1.07","1.36",-0.7175929580573281,2.4039851963560652,,,,0,5,"Bot",,,,,,,7.231949955506436,-134.60668318165742,-5.074990360453154,-14.45632772209895,25.94843423023749,-14.713821086518072,3.273540026,1.652066929,,,,"94.1",2164,"7",824272,665861,687093,624428,622268,687263,685133,545361,666176,"53.5",,,,,,,,38,1,"4-Seam Fastball",1,3,1,3,3,1,1,3,"Standard","Standard",221,"-0.005","-0.043",,,,,"0.043",,-2,-2,0.289,0.289,26,29,27,30,2,1,6,1,5,1,"1.28","1.07","1.07","35.7",,,,,
"CH","2026-05-28","83.5","-2.54","5.49","Rodriguez, Grayson",656716,680570,"strikeout","called_strike",,,,,7,"Zach McKinstry called out on strikes.","R","L","R","DET","LAA","S",2,,2,2,2026,"-0.93","0.47",-0.660452928108055,1.9892510739857707,,,,2,4,"Bot",,,,,,,6.235432880972953,-121.62313434923189,-2.4672644970600723,-10.355467671897904,20.35012531480795,-27.25796282565241,3.169980315,1.59980315,,,,"85.5",1724,"7.2",824272,665861,687093,624428,622268,687263,685133,545361,666176,"53.31",,0,"0",1,0,0,,29,5,"Changeup",1,0,1,0,0,1,1,0,"Infield shade","Standard",252,"-0.009","-0.221",,,,,"0.221",,1,1,0.647,0.647,26,31,27,31,2,1,6,1,5,1,"2.76","0.93","-0.93","41.4",,,,,
"FF","2026-05-28","96.9","-2.63","5.47","Rodriguez, Grayson",656716,680570,,"foul",,,,,2,,"R","L","R","DET","LAA","S",,,2,1,2026,"-1.09","1.25",-0.08400815827931485,2.725026653696245,,,,2,4,"Bot",,,,,,,9.371088538607948,-140.75649094699668,-4.56541213737774,-16.634622040912934,31.493928563440985,-14.652582529162034,3.169980315,1.59980315,180,"82.9",61,"98.2",2335,"7.1",824272,665861,687093,624428,622268,687263,685133,545361,666176,"53.41",,,,,,,,29,4,"4-Seam Fastball",1,0,1,0,0,1,1,0,"Infield shade","Standard",224,"-0.003","-0.083","67.7","6.4",,,"0.083","88.0",1,1,0.65,0.65,26,31,27,31,2,1,6,1,5,1,"1.18","1.09","-1.09","34.3",9.003203003888782,-0.8020157612039855,37.24262577412223,33.80670244634471,26.387888544254
"FF","2026-05-28","96.2","-2.69","5.45","Rodriguez, Grayson",656716,680570,,"ball",,,,,11,,"R","L","R","DET","LAA","B",,,1,1,2026,"-1.03","1.27",-1.1984714609810674,2.9813309316939565,,,,2,4,"Bot",,,,,,,6.38206678853184,-140.03156215573873,-3.7788254437695863,-15.018397651193952,30.113370051029296,-14.815352008577188,3.169980315,1.59980315,,,,"97.7",2326,"7",824272,665861,687093,624428,622268,687263,685133,545361,666176,"53.49",,,,,,,,29,3,"4-Seam Fastball",1,0,1,0,0,1,1,0,"Infield shade","Standard",222,"0.002","0.057",,,,,"-0.057",,1,1,0.648,0.648,26,31,27,31,2,1,6,1,5,1,"1.18","1.03","-1.03","36.4",,,,,
"FF","2026-05-28","96.2","-2.66","5.45","Rodriguez, Grayson",656716,680570,,"called_strike",,,,,2,,"R","L","R","DET","LAA","S",,,1,0,2026,"-1.01","1.28",0.07568555104726093,2.9224506898540685,,,,2,4,"Bot",,,,,,,9.632502693003715,-139.75080948321676,-3.9387580855704454,-15.422749528929877,30.47566877627229,-14.673625863888256,3.169980315,1.59980315,,,,"97.7",2270,"7.2",824272,665861,687093,624428,622268,687263,685133,545361,666176,"53.34",,,,,,,,29,2,"4-Seam Fastball",1,0,1,0,0,1,1,0,"Infield shade","Standard",222,"-0.002","-0.055",,,,,"0.055",,1,1,0.65,0.65,26,31,27,31,2,1,6,1,5,1,"1.19","1.01","-1.01","38.1",,,,,
"FF","2026-05-28","97.5","-2.64","5.5","Rodriguez, Grayson",656716,680570,,"ball",,,,,11,,"R","L","R","DET","LAA","B",,,0,0,2026,"-0.89","1.38",-0.2179946754671387,3.831604597966824,,,,2,4,"Bot",,,,,,,8.611886009512503,-141.70563699804595,-2.0622138551122466,-14.017169651535689,32.6094882848646,-13.302023135378775,3.169980315,1.59980315,,,,"98.6",2360,"7",824272,665861,687093,624428,622268,687263,685133,545361,666176,"53.53",,,,,,,,29,1,"4-Seam Fastball",1,0,1,0,0,1,1,0,"Infield shade","Standard",221,"0.001","0.041",,,,,"-0.041",,1,1,0.649,0.649,26,31,27,31,2,1,6,1,5,1,"1.02","0.89","-0.89","35.8",,,,,
"CH","2026-05-28","83.4","-2.73","5.53","Rodriguez, Grayson",679529,680570,"strikeout","swinging_strike",,,,,14,"Spencer Torkelson strikes out swinging.","R","R","R","DET","LAA","S",2,,1,2,2026,"-0.91","0.58",0.2481003798178767,1.294723118792792,,,,1,4,"Bot",,,,,,,8.696735636624608,-121.23027634183319,-4.306828598938878,-10.612449595246108,21.789256619284828,-25.75558582635517,3.232291667,1.63125,,,,"84.8",1839,"7.1",824272,665861,687093,624428,622268,687263,685133,545361,666176,"53.42",,0,"0",1,0,0,,28,4,"Changeup",1,0,1,0,0,1,1,0,"Standard","Standard",249,"-0.01","-0.183","74.0","8.9","4.45777182",,"0.183",,1,1,0.659,0.659,26,26,27,27,2,1,6,1,5,1,"2.68","0.91","0.91","36.8",28.993588472107103,-35.32168841471283,44.11470493854569,40.73773616806752,50.27648850981487
"CH","2026-05-28","84.8","-2.56","5.61","Rodriguez, Grayson",679529,680570,,"ball",,,,,12,,"R","R","R","DET","LAA","B",,,0,2,2026,"-1.08","0.57",1.019745595762207,2.8650289460647795,,,,1,4,"Bot",,,,,,,10.599708515285807,-123.07656203867084,-1.0627441743649502,-12.955420115000013,22.01105321695739,-26.372708035772984,3.232291667,1.63125,,,,"86.4",1925,"7.2",824272,665861,687093,624428,622268,687263,685133,545361,666176,"53.29",,,,,,,,28,3,"Changeup",1,0,1,0,0,1,1,0,"Standard","Standard",244,"0.001","0.018",,,,,"-0.018",,1,1,0.658,0.658,26,26,27,27,2,1,6,1,5,1,"2.59","1.08","1.08","39.9",,,,,
"CU","2026-05-28","82.2","-2.55","5.6","Rodriguez, Grayson",679529,680570,,"called_strike",,,,,14,,"R","R","R","DET","LAA","S",,,0,1,2026,"0.85","-0.64",0.8406097817772598,2.2042836728774757,,,,1,4,"Bot",,,,,,,5.968450425173053,-119.56905530057196,0.3484355304652975,7.01908624278144,23.10242391858229,-38.63444365800733,3.232291667,1.63125,,,,"83.1",2651,"6.9",824272,665861,687093,624428,622268,687263,685133,545361,666176,"53.58",,,,,,,,28,2,"Curveball",1,0,1,0,0,1,1,0,"Standard","Standard",42,"-0.004","-0.057",,,,,"0.057",,1,1,0.662,0.662,26,26,27,27,2,1,6,1,5,1,"4.02","-0.85","-0.85","40.7",,,,,
"FF","2026-05-28","97.2","-2.54","5.52","Rodriguez, Grayson",679529,680570,,"foul",,,,,2,,"R","R","R","DET","LAA","S",,,0,0,2026,"-0.89","1.25",-0.18419405965731495,3.240061364352931,,,,1,4,"Bot",,,,,,,8.428294078276515,-141.4599596885997,-3.4273255773316142,-13.760957361806701,28.47338854258496,-14.716259422418863,3.232291667,1.63125,163,"82.7",12,"99.2",2360,"7.1",824272,665861,687093,624428,622268,687263,685133,545361,666176,"53.37",,,,,,,,28,1,"4-Seam Fastball",1,0,1,0,0,1,1,0,"Standard","Standard",223,"-0.002","-0.042","71.9","6.8",,,"0.042","88.0",1,1,0.664,0.664,26,26,27,27,2,1,6,1,5,1,"1.14","0.89","0.89","37.3",9.105716442187427,9.655256178011161,30.204486996182798,37.527855480313804,18.978501256245323
"FF","2026-05-28","97.4","-2.61","5.49","Rodriguez, Grayson",682985,680570,"field_out","hit_into_play",,,,,7,"Riley Greene grounds out, shortstop Zach Neto to first baseman Vaughn Grissom.","R","L","R","DET","LAA","X",6,"ground_ball",2,2,2026,"-1.02","1.3",-0.33230525373875075,1.9825701833701272,,,,0,4,"Bot",123.26,153.49,,,,,8.524813739064067,-141.48094038838434,-6.80170844523647,-15.588722024363681,31.099093419293343,-13.30899236117738,3.303379265,1.667125984,16,"102",-6,"98.6",2418,"7",824272,665861,687093,624428,622268,687263,685133,545361,666176,"53.5",0.294,0.272,"0",1,0,0,2,27,7,"4-Seam Fastball",1,0,1,0,0,1,1,0,"Infield shade","Standard",216,"-0.018","-0.235","76.6","6.6",,0.31,"0.235","102.0",1,1,0.682,0.682,26,25,27,26,2,1,6,1,5,1,"1.1","1.02","-1.02","33.4",-2.5902998224045786,15.797174357460873,50.35835191003027,33.86695871577949,20.679610983256566
"CH","2026-05-28","85.2","-2.5","5.51","Rodriguez, Grayson",682985,680570,,"foul",,,,,8,,"R","L","R","DET","LAA","S",,,2,2,2026,"-1.21","0.54",-0.17547308373434212,1.865071478398789,,,,0,4,"Bot",,,,,,,7.972901875480261,-124.02398065094934,-3.2981044621456537,-13.926784535780234,20.007352476382163,-26.16652778305704,3.303379265,1.667125984,,,,"87.3",2088,"7.1",824272,665861,687093,624428,622268,687263,685133,545361,666176,"53.36",,,,,,,,27,6,"Changeup",1,0,1,0,0,1,1,0,"Standard","Standard",243,"0","0","72.8","8.1",,,"0",,1,1,0.682,0.682,26,25,27,26,2,1,6,1,5,1,"2.55","1.21","-1.21","36.8",37.276225686401965,-15.341942901054678,42.84304528388635,33.54038992751905,46.98719876864263
"FF","2026-05-28","97.6","-2.45","5.56","Rodriguez, Grayson",682985,680570,,"ball",,,,,11,,"R","L","R","DET","LAA","B",,,1,2,2026,"-1.09","1.26",-1.275935305196401,3.7766715189144513,,,,0,4,"Bot",,,,,,,5.757230594609306,-142.17676163430843,-2.165978138167313,-16.10225467665766,29.72833519371416,-14.639678893902316,3.303379265,1.667125984,,,,"99.3",2326,"7",824272,665861,687093,624428,622268,687263,685133,545361,666176,"53.54",,,,,,,,27,5,"4-Seam Fastball",1,0,1,0,0,1,1,0,"Standard","Standard",211,"0.003","0.047",,,,,"-0.047",,1,1,0.679,0.679,26,25,27,26,2,1,6,1,5,1,"1.11","1.09","-1.09","37.9",,,,,
"CU","2026-05-28","81.3","-2.53","5.67","Rodriguez, Grayson",682985,680570,,"ball",,,,,14,,"R","L","R","DET","LAA","B",,,0,2,2026,"0.67","-0.55",1.1326559074454732,0.926083023843427,,,,0,4,"Bot",,,,,,,6.880607660835593,-118.31111730671755,-2.7893975370866353,5.19583109194989,20.03870237477764,-37.116487067417,3.303379265,1.667125984,,,,"82.7",2720,"7",824272,665861,687093,624428,622268,687263,685133,545361,666176,"53.51",,,,,,,,27,4,"Curveball",1,0,1,0,0,1,1,0,"Standard","Standard",30,"0.002","0.023",,,,,"-0.023",,1,1,0.677,0.677,26,25,27,26,2,1,6,1,5,1,"3.97","-0.67","0.67","42.3",,,,,
"FF","2026-05-28","96.7","-2.55","5.54","Rodriguez, Grayson",682985,680570,,"foul",,,,,4,,"R","L","R","DET","LAA","S",,,0,2,2026,"-1.15","1.33",-0.33861707329771074,2.4887669538286996,,,,0,4,"Bot",,,,,,,8.595116445668719,-140.6256403745659,-5.580881986065122,-17.08913339839899,27.742581060825287,-13.39630862885749,3.303379265,1.667125984,212,"80.6",19,"98.5",2435,"7.1",824272,665861,687093,624428,622268,687263,685133,545361,666176,"53.45",,,,,,,,27,3,"4-Seam Fastball",1,0,1,0,0,1,1,0,"Standard","Standard",223,"0","0","72.0","5.8",,,"0","88.0",1,1,0.677,0.677,26,25,27,26,2,1,6,1,5,1,"1.09","1.15","-1.15","38.2",-16.66039154352404,25.279529808598078,50.055435379778054,35.1060988458343,12.71696535381303
"CU","2026-05-28","80.2","-2.6","5.71","Rodriguez, Grayson",682985,680570,,"foul",,,,,9,,"R","L","R","DET","LAA","S",,,0,1,2026,"0.76","-0.61",0.6182249520130826,1.6618923972524033,,,,0,4,"Bot",,,,,,,5.622407636877705,-116.84956304961011,-0.9104859998073926,6.043867575216934,20.46637350331249,-37.85355275334227,3.303379265,1.667125984,6,"73.3",-15,"81.3",2697,"6.8",824272,665861,687093,624428,622268,687263,685133,545361,666176,"53.66",,,,,,,,27,2,"Curveball",1,0,1,0,0,1,1,0,"Infield shade","Standard",35,"-0.005","-0.056","81.0","7.6",,,"0.056","88.0",1,1,0.682,0.682,26,25,27,26,2,1,6,1,5,1,"4.13","-0.76","0.76","41.6",25.975417566658965,-5.694741142777459,53.699021452565894,24.90281215221114,38.04173143854392
"CU","2026-05-28","79.2","-2.45","5.72","Rodriguez, Grayson",682985,680570,,"swinging_strike",,,,,14,,"R","L","R","DET","LAA","S",,,0,0,2026,"0.88","-0.43",1.1737762400056595,1.7126263257357892,,,,0,4,"Bot",,,,,,,6.230569638335795,-115.36647642100621,-0.9749413180245556,6.813251116027458,19.85650914688977,-36.050885113651255,3.303379265,1.667125984,,,,"80.5",2637,"7",824272,665861,687093,624428,622268,687263,685133,545361,666176,"53.54",,,,,,,,27,1,"Curveball",1,0,1,0,0,1,1,0,"Infield shade","Standard",43,"-0.003","-0.043","78.7","8.2","0.814329636",,"0.043",,1,1,0.685,0.685,26,25,27,26,2,1,6,1,5,1,"4.03","-0.88","0.88","40.5",34.87583666613566,-29.6627529993391,46.15245777814991,20.879043899805648,49.56744711475922
"CU","2026-05-28","81.1","-2.63","5.63","Rodriguez, Grayson",693307,680570,"field_out","hit_into_play",,,,,5,"Dillon Dingler flies out sharply to center fielder Mike Trout.","R","R","R","DET","LAA","X",8,"fly_ball",1,1,2026,"0.74","-0.83",0.10354886825961673,2.404728982940161,,,,2,3,"Bot",124.51,51.69,,,,,4.635523828436343,-118.0728111373409,1.1770975644834911,6.208150845271443,20.09909963695968,-40.37189131862069,3.271784777,1.651181102,364,"100.3",39,"82.3",2587,"6.8",824272,665861,687093,624428,622268,687263,685133,545361,666176,"53.65",0.183,0.373,"0",1,0,0,5,23,3,"Curveball",1,0,1,0,0,1,1,0,"Standard","Standard",37,"-0.009","-0.247","71.5","7.3",,0.722,"0.247","100.3",1,1,0.632,0.632,26,27,27,28,2,1,6,1,5,1,"4.26","-0.74","-0.74","42.8",14.054552856316059,-2.942248730606751,37.329766461506196,36.67109517962583,32.147363079725736
"SL","2026-05-28","82.8","-2.6","5.61","Rodriguez, Grayson",693307,680570,,"ball",,,,,3,,"R","R","R","DET","LAA","B",,,0,1,2026,"0.37","-0.46",0.7899748484358663,3.213943109827148,,,,2,3,"Bot",,,,,,,6.972753058698009,-120.44244551565224,2.0949232643084255,2.3940929764942456,21.04119349110553,-37.29341775228394,3.271784777,1.651181102,,,,"83.9",2658,"6.8",824272,665861,687093,624428,622268,687263,685133,545361,666176,"53.66",,,,,,,,23,2,"Slider",1,0,1,0,0,1,1,0,"Standard","Standard",44,"0","0.031",,,,,"-0.031",,1,1,0.632,0.632,26,27,27,28,2,1,6,1,5,1,"3.76","-0.37","-0.37","38.1",,,,,
"CH","2026-05-28","85.8","-2.52","5.61","Rodriguez, Grayson",693307,680570,,"called_strike",,,,,3,,"R","R","R","DET","LAA","S",,,0,0,2026,"-1.02","0.52",0.33815735634646815,2.7876234708772185,,,,2,3,"Bot",,,,,,,8.886870684220344,-124.75780950859202,-1.3803870712210418,-12.305009111464901,21.70263557294288,-26.57956977269427,3.271784777,1.651181102,,,,"87.5",1823,"7.1",824272,665861,687093,624428,622268,687263,685133,545361,666176,"53.41",,,,,,,,23,1,"Changeup",1,0,1,0,0,1,1,0,"Standard","Standard",250,"-0.001","-0.044",,,,,"0.044",,1,1,0.633,0.633,26,27,27,28,2,1,6,1,5,1,"2.54","1.02","1.02","34.8",,,,,
"FF","2026-05-28","98.1","-2.57","5.53","Rodriguez, Grayson",805808,680570,"strikeout","swinging_strike",,,,,11,"Kevin McGonigle strikes out swinging.","R","L","R","DET","LAA","S",2,,3,2,2026,"-1.17","1.37",-0.5209749948871574,3.44623859172776,,,,1,3,"Bot",,,,,,,8.325770619264066,-142.6192445663966,-3.266398206807363,-17.907406290666135,31.09935211280063,-12.906783754592679,3.085728346,1.557283465,,,,"99.4",2337,"6.9",824272,665861,687093,624428,622268,687263,685133,545361,666176,"53.55",,0,"0",1,0,0,,22,7,"4-Seam Fastball",1,0,1,0,0,1,1,0,"Infield shade","Standard",221,"-0.018","-0.35","69.1","6.1","0.44413662",,"0.35",,1,1,0.651,0.651,26,21,27,22,2,1,6,1,5,1,"1","1.17","-1.17","36.6",10.905183720980432,8.597174566825744,24.596345513637036,40.786854661468865,23.48567947260442
"FF","2026-05-28","98.2","-2.56","5.49","Rodriguez, Grayson",805808,680570,,"foul",,,,,13,,"R","L","R","DET","LAA","S",,,3,2,2026,"-1.34","1.18",-1.0896141917176652,1.7323689813187055,,,,1,3,"Bot",,,,,,,7.1814089684063696,-142.71027273797685,-7.351358077559982,-19.92247226812289,31.920174311681073,-14.526645888782804,3.085728346,1.557283465,233,"78.4",40,"99.6",2265,"7.1",824272,665861,687093,624428,622268,687263,685133,545361,666176,"53.43",,,,,,,,22,6,"4-Seam Fastball",1,0,1,0,0,1,1,0,"Infield shade","Standard",222,"0","0","65.5","6.7",,,"0","88.0",1,1,0.651,0.651,26,21,27,22,2,1,6,1,5,1,"1.18","1.34","-1.34","41.3",1.859171530483065,17.888249441750602,33.69694809949706,47.617228870804894,22.722427131917673
"SL","2026-05-28","82.9","-2.47","5.67","Rodriguez, Grayson",805808,680570,,"ball",,,,,9,,"R","L","R","DET","LAA","B",,,2,2,2026,"0.19","-0.57",0.7886090182718063,1.5203671258938556,,,,1,3,"Bot",,,,,,,7.060699145283625,-120.72897129494552,-1.7202060578492748,0.6265251233540633,20.979840938610952,-37.72689527488619,3.085728346,1.557283465,,,,"84.4",2647,"7",824272,665861,687093,624428,622268,687263,685133,545361,666176,"53.53",,,,,,,,22,5,"Slider",1,0,1,0,0,1,1,0,"Infield shade","Standard",33,"0.005","0.112",,,,,"-0.112",,1,1,0.646,0.646,26,21,27,22,2,1,6,1,5,1,"3.86","-0.19","0.19","40.5",,,,,
"CH","2026-05-28","85.5","-2.56","5.53","Rodriguez, Grayson",805808,680570,,"foul",,,,,13,,"R","L","R","DET","LAA","S",,,2,1,2026,"-1.2","0.39",-0.6665771164753675,1.1486382153618178,,,,1,3,"Bot",,,,,,,6.999346551425988,-124.40414472471676,-4.742231675411532,-13.861695250857005,22.194808416247636,-27.394672432588244,3.085728346,1.557283465,2,"66.6",-38,"87.3",2061,"7.2",824272,665861,687093,624428,622268,687263,685133,545361,666176,"53.29",,,,,,,,22,4,"Changeup",1,0,1,0,0,1,1,0,"Infield shade","Standard",252,"-0.004","-0.076","38.9","7.4",,,"0.076","88.0",1,1,0.65,0.65,26,21,27,22,2,1,6,1,5,1,"2.7","1.2","-1.2","36.4",6.238460204313037,-8.504050418086889,36.99039767880946,44.038951911168446,38.420800078102644
"FF","2026-05-28","97.3","-2.59","5.54","Rodriguez, Grayson",805808,680570,,"swinging_strike",,,,,1,,"R","L","R","DET","LAA","S",,,2,0,2026,"-0.89","1.3",-0.6063870880042627,3.144800473407882,,,,1,3,"Bot",,,,,,,7.444459630004892,-141.61861236930278,-3.8431321789904294,-13.668479888562402,29.36176712775976,-13.939893070305533,3.085728346,1.557283465,,,,"98.9",2399,"7",824272,665861,687093,624428,622268,687263,685133,545361,666176,"53.54",,,,,,,,22,3,"4-Seam Fastball",1,0,1,0,0,1,1,0,"Infield shade","Standard",217,"-0.005","-0.07","71.8","6.3","1.542109488",,"0.07",,1,1,0.655,0.655,26,21,27,22,2,1,6,1,5,1,"1.09","0.89","-0.89","34.5",6.777704096679749,18.493969224652485,30.69565410953732,44.013345387775956,20.795210876609914
"CU","2026-05-28","80.1","-2.56","5.65","Rodriguez, Grayson",805808,680570,,"ball",,,,,13,,"R","L","R","DET","LAA","B",,,1,0,2026,"0.52","-0.57",-0.0680792431609133,1.2771393079036257,,,,1,3,"Bot",,,,,,,4.471146394899063,-116.57581592840745,-1.610995262382501,3.8996474318867143,22.378496285195283,-37.24484193664754,3.085728346,1.557283465,,,,"80.9",2585,"6.9",824272,665861,687093,624428,622268,687263,685133,545361,666176,"53.61",,,,,,,,22,2,"Curveball",1,0,1,0,0,1,1,0,"Infield shade","Standard",38,"0.005","0.077",,,,,"-0.077",,1,1,0.65,0.65,26,21,27,22,2,1,6,1,5,1,"4.12","-0.52","0.52","39.0",,,,,
"SL","2026-05-28","81.5","-2.31","5.68","Rodriguez, Grayson",805808,680570,,"ball",,,,,14,,"R","L","R","DET","LAA","B",,,0,0,2026,"0.52","-0.08",1.7879844378234218,1.4885638347438994,,,,1,3,"Bot",,,,,,,8.154806605351087,-118.48647316800927,-2.44086996394551,3.4209498650920174,22.189315534715835,-32.70528149332843,3.085728346,1.557283465,,,,"82.5",2689,"7",824272,665861,687093,624428,622268,687263,685133,545361,666176,"53.51",,,,,,,,22,1,"Slider",1,0,1,0,0,1,1,0,"Infield shade","Standard",39,"0.002","0.043",,,,,"-0.043",,1,1,0.648,0.648,26,21,27,22,2,1,6,1,5,1,"3.52","-0.52","0.52","41.2",,,,,
"FF","2026-05-28","94.8","-2.69","5.63","Rodriguez, Grayson",690993,680570,"field_out","hit_into_play",,,,,4,"Colt Keith lines out sharply to center fielder Mike Trout.","R","L","R","DET","LAA","X",8,"line_drive",1,0,2026,"-1.07","1.19",-0.5680849927979135,2.651760394598948,,,,0,3,"Bot",117.21,77.43,,,,,7.977333874948302,-137.96236097383232,-4.752694670985548,-15.268223769290378,26.094309582550494,-15.993920902945668,3.27792815,1.654281496,303,"105",14,"96.4",2288,"6.9",824272,665861,687093,624428,622268,687263,685133,545361,666176,"53.63",0.714,0.739,"0",1,0,0,5,21,2,"4-Seam Fastball",1,0,1,0,0,1,1,0,"Infield shade","Standard",221,"-0.024","-0.309","74.4","6.4",,1.006,"0.309","105.0",1,1,0.672,0.672,26,24,27,25,2,1,6,1,5,1,"1.31","1.07","-1.07","34.5",1.900645875398134,10.738270226026229,30.618510095654802,40.33388247072493,25.28881683002185
"CH","2026-05-28","84","-2.55","5.6","Rodriguez, Grayson",690993,680570,,"ball",,,,,14,,"R","L","R","DET","LAA","B",,,0,0,2026,"-1.09","0.49",0.06507827071815919,1.1503788378698423,,,,0,3,"Bot",,,,,,,8.267503721361374,-122.06506664125544,-4.737431004530884,-12.448471631785326,21.649739595528466,-26.585981437833738,3.27792815,1.654281496,,,,"85.3",1882,"7",824272,665861,687093,624428,622268,687263,685133,545361,666176,"53.5",,,,,,,,21,1,"Changeup",1,0,1,0,0,1,1,0,"Infield shade","Standard",247,"0.003","0.044",,,,,"-0.044",,1,1,0.669,0.669,26,24,27,25,2,1,6,1,5,1,"2.73","1.09","-1.09","35.5",,,,,
"FF","2026-05-28","97.4","-2.46","5.6","Rodriguez, Grayson",668670,680570,"strikeout","swinging_strike",,,,,11,"Jake Rogers strikes out swinging.","R","R","R","DET","LAA","S",2,,0,2,2026,"-1.21","1.46",-0.7754171288258411,3.5668650301140126,,,,2,2,"Bot",,,,,,,7.39499159620442,-141.67296783690776,-3.271991545891124,-17.928516498513066,30.45702583573226,-11.874711419959539,3.18402231,1.606889764,,,,"99.1",2401,"7.1",824272,665861,687093,624428,622268,687263,685133,545361,666176,"53.39",,0,"0",1,0,0,,16,4,"4-Seam Fastball",1,0,1,0,0,1,1,0,"Standard","Standard",219,"-0.005","-0.153","71.4","6.9","0.680983572",,"0.153",,1,1,0.617,0.617,26,31,27,31,1,0,6,4,5,3,"0.93","1.21","1.21","40.1",14.975461093529967,2.5761676144105325,25.734174293164017,26.41340447841622,23.792433034269404
"CU","2026-05-28","81.7","-2.51","5.67","Rodriguez, Grayson",668670,680570,,"foul",,,,,4,,"R","R","R","DET","LAA","S",,,0,2,2026,"0.41","-0.61",-0.49497216324499466,2.205674454557747,,,,2,2,"Bot",,,,,,,3.70719213789141,-119.04314380915662,0.16224455397180626,3.2605820906207743,22.03107743437681,-38.197001364557956,3.18402231,1.606889764,32,"93.4",-2,"83",2660,"7",824272,665861,687093,624428,622268,687263,685133,545361,666176,"53.53",,,,,,,,16,3,"Curveball",1,0,1,0,0,1,1,0,"Standard","Standard",29,"0","0","72.6","8.1",,,"0","93.4",1,1,0.617,0.617,26,31,27,31,1,0,6,4,5,3,"4","-0.41","-0.41","43.8",18.314565337658998,-16.08742372478825,32.19864068658922,29.44879083582424,40.75878865155795
"SL","2026-05-28","83.6","-2.52","5.71","Rodriguez, Grayson",668670,680570,,"foul",,,,,5,,"R","R","R","DET","LAA","S",,,0,1,2026,"0.21","-0.37",-0.15443449331563752,2.181928753202166,,,,2,2,"Bot",,,,,,,5.027406668789818,-121.83912988757916,-0.8400715499737117,1.1954142298078607,21.05804886733788,-35.935680076867406,3.18402231,1.606889764,103,"73",77,"85.1",2612,"6.9",824272,665861,687093,624428,622268,687263,685133,545361,666176,"53.59",,,,,,,,16,2,"Slider",1,0,1,0,0,1,1,0,"Standard","Standard",43,"-0.003","-0.063","63.4","7.5",,,"0.063","88.0",1,1,0.62,0.62,26,31,27,31,1,0,6,4,5,3,"3.59","-0.21","-0.21","42.1",10.541655108294762,-6.847502653849171,29.514568517966396,34.44542830994745,34.381424053155605
"FF","2026-05-28","96.8","-2.59","5.51","Rodriguez, Grayson",668670,680570,,"foul",,,,,2,,"R","R","R","DET","LAA","S",,,0,0,2026,"-0.87","1.22",-0.21017771229472926,2.7593773701055295,,,,2,2,"Bot",,,,,,,8.385376616114748,-140.80164064932433,-4.521555121229147,-13.363246174051731,29.92746154881118,-15.01561622650453,3.18402231,1.606889764,175,"79.6",67,"98.4",2362,"7.1",824272,665861,687093,624428,622268,687263,685133,545361,666176,"53.44",,,,,,,,16,1,"4-Seam Fastball",1,0,1,0,0,1,1,0,"Standard","Standard",222,"-0.001","-0.044","66.2","7.3",,,"0.044","88.0",1,1,0.621,0.621,26,31,27,31,1,0,6,4,5,3,"1.2","0.87","0.87","36.6",8.944454899150818,2.0766712553283604,30.100743168462163,34.6131327708217,27.80178005155541
"FF","2026-05-28","95.8","-2.64","5.61","Rodriguez, Grayson",672761,680570,"home_run","hit_into_play",,,,,2,"Wenceel Pérez homers (4) on a fly ball to right center field.","R","L","R","DET","LAA","X",,"fly_ball",0,1,2026,"-0.9","1.41",0.27131451773065296,3.1211143697244714,,,,2,2,"Bot",198.13,71.28,,,,,9.735612844046381,-139.12146269031112,-4.034484038211226,-13.862829240088606,32.4930148841259,-13.111447088542597,3.18226706,1.606003937,363,"98.3",40,"96.6",2324,"6.9",824272,665861,687093,624428,622268,687263,685133,545361,666176,"53.57",0.1,0.191,"2",1,0,3,3,15,2,"4-Seam Fastball",0,0,0,0,0,1,1,0,"Infield shade","Standard",220,"0.112","2.639",,,,0.359,"-2.639","98.3",0,0,0.509,0.509,26,26,27,27,1,0,6,1,5,1,"1.09","0.9","-0.9","37.7",,,,,
"SL","2026-05-28","81.5","-2.39","5.73","Rodriguez, Grayson",672761,680570,,"called_strike",,,,,8,,"R","L","R","DET","LAA","S",,,0,0,2026,"0.18","-0.5",0.12812875982030447,2.085191313362475,,,,2,2,"Bot",,,,,,,5.281737362832683,-118.62987776752492,-0.421353720182843,0.7858167450646034,21.333895328884008,-37.073029133802606,3.18226706,1.606003937,,,,"82.7",2625,"7",824272,665861,687093,624428,622268,687263,685133,545361,666176,"53.53",,,,,,,,15,1,"Slider",0,0,0,0,0,0,0,0,"Infield shade","Standard",39,"-0.002","-0.044",,,,,"0.044",,0,0,0.511,0.511,26,26,27,27,1,0,6,1,5,1,"3.92","-0.18","0.18","45.4",,,,,
"SL","2026-05-28","82.2","-2.38","5.64","Rodriguez, Grayson",663837,680570,"field_out","hit_into_play",,,,,14,"Matt Vierling pops out to first baseman Vaughn Grissom.","R","R","R","DET","LAA","X",3,"popup",1,2,2026,"0.49","-0.53",0.9803345513006255,1.8121759710094176,,,,1,2,"Bot",150.77,159.87,,,,,6.639247882305909,-119.57912617115049,-0.8976394639589692,3.51590616531719,21.853698798480128,-37.32467161849172,3.273540026,1.652066929,120,"59.8",60,"83.4",2714,"7",824272,665861,687093,624428,622268,687263,685133,545361,666176,"53.5",0.003,0.003,"0",1,0,0,3,14,4,"Slider",0,0,0,0,0,0,0,0,"Standard","Standard",34,"-0.012","-0.183","63.7","8.0",,0.003,"0.183","88.0",0,0,0.523,0.523,26,29,27,30,1,0,6,1,5,1,"3.89","-0.49","-0.49","41.3",15.253800290873816,-2.904990653175073,28.035260514471023,46.805981234059544,35.71740517805469
"FF","2026-05-28","97.5","-2.29","5.66","Rodriguez, Grayson",663837,680570,,"ball",,,,,12,,"R","R","R","DET","LAA","B",,,0,2,2026,"-0.77","1.49",0.39646945727774174,4.074095607886249,,,,1,2,"Bot",,,,,,,9.02723044118908,-141.81233285315363,-2.1201887657338054,-12.3799587978274,31.470512181551314,-11.756931480436318,3.273540026,1.652066929,,,,"98.9",2313,"7",824272,665861,687093,624428,622268,687263,685133,545361,666176,"53.48",,,,,,,,14,3,"4-Seam Fastball",0,0,0,0,0,0,0,0,"Standard","Standard",210,"0.002","0.018",,,,,"-0.018",,0,0,0.521,0.521,26,29,27,30,1,0,6,1,5,1,"0.91","0.77","0.77","40.2",,,,,
"FF","2026-05-28","96","-2.59","5.54","Rodriguez, Grayson",663837,680570,,"foul",,,,,1,,"R","R","R","DET","LAA","S",,,0,1,2026,"-1.12","1.32",-0.6860224456479054,3.0513291358211903,,,,1,2,"Bot",,,,,,,7.662653545631364,-139.65965106406796,-3.9742275593158403,-16.334665133024398,27.303538208776637,-14.103390607308496,3.273540026,1.652066929,118,"64.8",70,"98",2402,"7.1",824272,665861,687093,624428,622268,687263,685133,545361,666176,"53.39",,,,,,,,14,2,"4-Seam Fastball",0,0,0,0,0,0,0,0,"Standard","Standard",223,"-0.004","-0.057","69.6","6.9",,,"0.057","88.0",0,0,0.525,0.525,26,29,27,30,1,0,6,1,5,1,"1.13","1.12","1.12","35.4",3.4042893140017285,-0.353909752128638,29.189606606000297,28.04048681109755,29.3136429720404
"FF","2026-05-28","96.4","-2.52","5.53","Rodriguez, Grayson",663837,680570,,"foul",,,,,5,,"R","R","R","DET","LAA","S",,,0,0,2026,"-0.82","1.44",-0.1607116690075331,2.1883671328565,,,,1,2,"Bot",,,,,,,8.206172424990402,-140.26329265559124,-6.588868818204096,-12.534055172270842,26.475506277078065,-11.865229756742687,3.273540026,1.652066929,215,"72.3",29,"98.4",2446,"7.1",824272,665861,687093,624428,622268,687263,685133,545361,666176,"53.43",,,,,,,,14,1,"4-Seam Fastball",0,0,0,0,0,0,0,0,"Standard","Standard",219,"-0.003","-0.042","75.9","7.2",,,"0.042","88.0",0,0,0.528,0.528,26,29,27,30,1,0,6,1,5,1,"0.98","0.82","0.82","36.6",-4.282233323594959,9.909397628955675,37.014938768203145,34.1741853464863,22.55014538488352
"FF","2026-05-28","97.5","-2.46","5.53","Rodriguez, Grayson",656716,680570,"field_out","hit_into_play",,,,,5,"Zach McKinstry pops out to shortstop Zach Neto.","R","L","R","DET","LAA","X",6,"popup",3,2,2026,"-0.81","1.39",0.12275079935808741,2.466232678270719,,,,0,2,"Bot",97.38,127.67,,,,,8.840551481881253,-141.7428402615045,-5.888417009186425,-12.7211494379379,28.056518113290963,-12.26268518298045,3.169980315,1.59980315,195,"91.4",60,"99.3",2316,"7",824272,665861,687093,624428,622268,687263,685133,545361,666176,"53.46",0.023,0.024,"0",1,0,0,3,13,7,"4-Seam Fastball",0,0,0,0,0,0,0,0,"Infield shade","Standard",222,"-0.029","-0.351","67.7","7.1",,0.036,"0.351","91.4",0,0,0.557,0.557,26,31,27,31,1,0,6,1,5,1,"0.99","0.81","-0.81","36.4",18.308347290947378,-5.8191982529780715,38.74404129504387,31.661069114816648,31.62731884748456
"FF","2026-05-28","96.7","-2.61","5.46","Rodriguez, Grayson",656716,680570,,"foul",,,,,4,,"R","L","R","DET","LAA","S",,,3,2,2026,"-1.22","1.31",-0.789156064737637,2.1806518200727134,,,,0,2,"Bot",,,,,,,7.732232881891594,-140.63873880822854,-6.1361222774269395,-17.9521349922912,29.979841478057487,-13.5211127829008,3.169980315,1.59980315,299,"87.4",36,"98.2",2487,"7",824272,665861,687093,624428,622268,687263,685133,545361,666176,"53.48",,,,,,,,13,6,"4-Seam Fastball",0,0,0,0,0,0,0,0,"Infield shade","Standard",220,"0","0","69.6","6.8",,,"0","88.0",0,0,0.557,0.557,26,31,27,31,1,0,6,1,5,1,"1.12","1.22","-1.22","33.5",3.144855025513276,14.336684398978626,36.14045146676737,41.34579716869647,19.272500757730366
"FF","2026-05-28","97","-2.62","5.55","Rodriguez, Grayson",656716,680570,,"foul",,,,,2,,"R","L","R","DET","LAA","S",,,3,1,2026,"-1.12","1.25",-0.26005599277856994,2.8352178433918924,,,,0,2,"Bot",,,,,,,8.949439155825857,-140.95955914613435,-4.47152293948287,-16.99184427543574,32.40318658576637,-14.661121588101038,3.169980315,1.59980315,203,"87.3",63,"98.1",2396,"7",824272,665861,687093,624428,622268,687263,685133,545361,666176,"53.5",,,,,,,,13,5,"4-Seam Fastball",0,0,0,0,0,0,0,0,"Infield shade","Standard",223,"-0.009","-0.109","71.6","6.3",,,"0.109","88.0",0,0,0.566,0.566,26,31,27,31,1,0,6,1,5,1,"1.18","1.12","-1.12","34.9",6.486950363872158,6.142973697408863,35.805609610287256,37.207173563566215,24.52147093565998
"FF","2026-05-28","96","-2.73","5.46","Rodriguez, Grayson",656716,680570,,"called_strike",,,,,7,,"R","L","R","DET","LAA","S",,,3,0,2026,"-1.05","1.22",-0.6333698362941178,1.8796948506249958,,,,0,2,"Bot",,,,,,,7.97025832993181,-139.55815781963602,-6.537083267156443,-15.444083546842757,30.69839585048849,-14.957364568788536,3.169980315,1.59980315,,,,"97.2",2419,"7",824272,665861,687093,624428,622268,687263,685133,545361,666176,"53.52",,,,,,,,13,4,"4-Seam Fastball",0,0,0,0,0,0,0,0,"Infield shade","Standard",220,"-0.008","-0.089",,,,,"0.089",,0,0,0.574,0.574,26,31,27,31,1,0,6,1,5,1,"1.26","1.05","-1.05","34.1",,,,,
"FF","2026-05-28","95.2","-2.61","5.43","Rodriguez, Grayson",656716,680570,,"ball",,,,,13,,"R","L","R","DET","LAA","B",,,2,0,2026,"-1.01","1.37",-0.0450167914042674,0.8759491383532152,,,,0,2,"Bot",,,,,,,9.04288543782457,-138.04365086478563,-9.2724449153153,-14.89228792662117,30.951827375262287,-12.693747386377044,3.169980315,1.59980315,,,,"96.3",2416,"7.1",824272,665861,687093,624428,622268,687263,685133,545361,666176,"53.37",,,,,,,,13,3,"4-Seam Fastball",0,0,0,0,0,0,0,0,"Standard","Standard",222,"0.012","0.155",,,,,"-0.155",,0,0,0.562,0.562,26,31,27,31,1,0,6,1,5,1,"1.16","1.01","-1.01","34.9",,,,,
"CU","2026-05-28","79.3","-2.64","5.66","Rodriguez, Grayson",656716,680570,,"ball",,,,,11,,"R","L","R","DET","LAA","B",,,1,0,2026,"0.67","-0.41",-1.4539534981771882,3.149786953537279,,,,0,2,"Bot",,,,,,,1.2889208485065708,-115.45196761233227,2.2437802101415167,5.767152652530844,20.645077293149505,-36.43750513381663,3.169980315,1.59980315,,,,"80.2",2452,"6.8",824272,665861,687093,624428,622268,687263,685133,545361,666176,"53.69",,,,,,,,13,2,"Curveball",0,0,0,0,0,0,0,0,"Standard","Standard",49,"0.007","0.084",,,,,"-0.084",,0,0,0.555,0.555,26,31,27,31,1,0,6,1,5,1,"4.02","-0.67","0.67","38.4",,,,,
"FF","2026-05-28","94.7","-2.51","5.56","Rodriguez, Grayson",656716,680570,,"ball",,,,,14,,"R","L","R","DET","LAA","B",,,0,0,2026,"-0.88","1.29",1.0101549532871363,1.876822225240074,,,,0,2,"Bot",,,,,,,11.188873268280423,-137.35350892958283,-6.723615189910569,-13.495095794399296,28.98766253697629,-14.468068582927579,3.169980315,1.59980315,,,,"95.9",2315,"7.1",824272,665861,687093,624428,622268,687263,685133,545361,666176,"53.45",,,,,,,,13,1,"4-Seam Fastball",0,0,0,0,0,0,0,0,"Standard","Standard",218,"0.004","0.044",,,,,"-0.044",,0,0,0.551,0.551,26,31,27,31,1,0,6,1,5,1,"1.26","0.88","-0.88","37.8",,,,,
"FF","2026-05-28","97.4","-2.45","5.64","Rodriguez, Grayson",679529,680570,"field_out","hit_into_play",,,,,11,"Spencer Torkelson flies out to center fielder Mike Trout.","R","R","R","DET","LAA","X",8,"fly_ball",3,1,2026,"-1.24","1.09",-0.8826815007052058,2.7339615207725787,,690993,682985,2,1,"Bot",112.24,82.07,,,,,7.121657538210801,-141.68446589254606,-4.672221722380324,-18.274237351342734,33.09860564124748,-16.56599251131673,3.232291667,1.63125,294,"83.4",39,"98.4",2448,"6.9",824272,665861,687093,624428,622268,687263,685133,545361,666176,"53.56",0.017,0.026,"0",1,0,0,3,9,5,"4-Seam Fastball",0,0,0,0,0,0,0,0,"Standard","Standard",218,"-0.055","-0.358","70.5","7.1",,0.04,"0.358","88.0",0,0,0.555,0.555,26,26,27,27,1,0,6,1,5,1,"1.32","1.24","1.24","35.7",11.681145593490648,-1.5294489914598068,36.76414348345977,28.479313259514562,26.33372034334825
"CU","2026-05-28","81.5","-2.38","5.7","Rodriguez, Grayson",679529,680570,,"ball",,,,,14,,"R","R","R","DET","LAA","B",,,2,1,2026,"0.75","-0.72",1.872065299431309,1.12247533890615,,690993,682985,2,1,"Bot",,,,,,,8.059473310746025,-118.51414574225169,-2.010204575617039,5.49880061398304,23.452261106998712,-38.790849461649195,3.232291667,1.63125,,,,"82.4",2698,"7",824272,665861,687093,624428,622268,687263,685133,545361,666176,"53.49",,,,,,,,9,4,"Curveball",0,0,0,0,0,0,0,0,"Standard","Standard",40,"0.009","0.057",,,,,"-0.057",,0,0,0.546,0.546,26,26,27,27,1,0,6,1,5,1,"4.17","-0.75","-0.75","40.3",,,,,
"SL","2026-05-28","81.6","-2.28","5.7","Rodriguez, Grayson",679529,680570,,"blocked_ball",,,,,14,,"R","R","R","DET","LAA","B",,,1,1,2026,"0.31","-0.51",2.854170326060256,0.8411488575349884,,690993,682985,2,1,"Bot",,,,,,,10.907924271025479,-118.40842137314581,-3.0697554751084244,0.7611633616504195,22.93885116066791,-36.53020260092408,3.232291667,1.63125,,,,"82.4",2628,"7",824272,665861,687093,624428,622268,687263,685133,545361,666176,"53.5",,,,,,,,9,3,"Slider",0,0,0,0,0,0,0,0,"Standard","Standard",37,"0.005","0.034",,,,,"-0.034",,0,0,0.541,0.541,26,26,27,27,1,0,6,1,5,1,"3.95","-0.31","-0.31","42.6",,,,,
"CH","2026-05-28","83.2","-2.53","5.62","Rodriguez, Grayson",679529,680570,,"foul",,,,,4,,"R","R","R","DET","LAA","S",,,1,0,2026,"-0.73","0.58",-0.7326645674664856,2.5202786909255486,,690993,682985,2,1,"Bot",,,,,,,5.602849727775498,-121.08912681966684,-1.67292187027544,-8.193062312218892,21.56240180826409,-26.309342816468984,3.232291667,1.63125,49,"95.2",1,"84.7",1559,"7",824272,665861,687093,624428,622268,687263,685133,545361,666176,"53.45",,,,,,,,9,2,"Changeup",0,0,0,0,0,0,0,0,"Standard","Standard",256,"-0.005","-0.045","75.4","8.2",,,"0.045","95.2",0,0,0.546,0.546,26,26,27,27,1,0,6,1,5,1,"2.69","0.73","0.73","34.9",19.066132019676903,-31.91441277256417,39.7311705512973,29.594759684284156,40.8439207487338
"SL","2026-05-28","85","-2.85","5.68","Rodriguez, Grayson",679529,680570,,"ball",,,,,11,,"R","R","R","DET","LAA","B",,,0,0,2026,"0.48","0.22",-1.112335272440931,4.228991550179629,,690993,682985,2,1,"Bot",,,,,,,3.0987302537730494,-123.87145717492773,2.579500907902467,4.432539645905473,21.2185124994197,-30.5181596120248,3.232291667,1.63125,,,,"86.6",2255,"6.9",824272,665861,687093,624428,622268,687263,685133,545361,666176,"53.56",,,,,,,,9,1,"Slider",0,0,0,0,0,0,0,0,"Standard","Standard",110,"0.003","0.028",,,,,"-0.028",,0,0,0.543,0.543,26,26,27,27,1,0,6,1,5,1,"2.89","-0.48","-0.48","35.3",,,,,
"CH","2026-05-28","83.1","-2.49","5.67","Rodriguez, Grayson",682985,680570,"single","hit_into_play",,,,,11,"Riley Greene singles on a line drive to center fielder Mike Trout. Colt Keith to 2nd.","R","L","R","DET","LAA","X",8,"line_drive",1,2,2026,"-1.12","0.41",-0.9088783521527168,2.98775746026917,,,690993,2,1,"Bot",104.16,86.95,,,,,5.88404943822366,-120.8911038362758,-0.3098768624582706,-12.110636360178532,22.729456074216802,-28.277298437521214,3.303379265,1.667125984,221,"96.1",16,"84.2",1844,"7",824272,665861,687093,624428,622268,687263,685133,545361,666176,"53.54",0.691,0.698,"0.9",1,1,0,4,8,6,"Changeup",0,0,0,0,0,0,0,0,"Infield shade","Standard",261,"0.028","0.417","68.8","6.8",,0.936,"-0.417","96.1",0,0,0.515,0.515,26,25,27,26,1,0,6,1,5,1,"2.88","1.12","-1.12","39.9",9.654865002464334,11.453786818647643,38.819947517637644,41.676244784486535,24.104820516362448
"CH","2026-05-28","82.9","-2.47","5.59","Rodriguez, Grayson",682985,680570,,"ball",,,,,13,,"R","L","R","DET","LAA","B",,,0,2,2026,"-1.07","0.54",-1.0760134697412334,1.1698201040945206,,,690993,2,1,"Bot",,,,,,,5.3447289032069385,-120.57341157891776,-4.525138365142458,-11.42110071365883,22.170930077419325,-26.205680070714084,3.303379265,1.667125984,,,,"84.2",1681,"7.1",824272,665861,687093,624428,622268,687263,685133,545361,666176,"53.44",,,,,,,,8,5,"Changeup",0,0,0,0,0,0,0,0,"Infield shade","Standard",251,"0.002","0.027",,,,,"-0.027",,0,0,0.513,0.513,26,25,27,26,1,0,6,1,5,1,"2.76","1.07","-1.07","36.1",,,,,
"FF","2026-05-28","96.6","-2.44","5.67","Rodriguez, Grayson",682985,680570,,"foul",,,,,11,,"R","L","R","DET","LAA","S",,,0,2,2026,"-1.04","1.49",-0.46401273021574885,3.7398134314798406,,,690993,2,1,"Bot",,,,,,,7.670514136189575,-140.2900374372958,-2.7756566946967087,-15.551873685054685,36.69689372754298,-12.279338273642567,3.303379265,1.667125984,207,"74.3",47,"96.8",2463,"6.9",824272,665861,687093,624428,622268,687263,685133,545361,666176,"53.61",,,,,,,,8,4,"4-Seam Fastball",0,0,0,0,0,0,0,0,"Standard","Standard",219,"0","0","71.0","6.5",,,"0","88.0",0,0,0.513,0.513,26,25,27,26,1,0,6,1,5,1,"1","1.04","-1.04","36.0",9.030677463351989,11.581517231657289,32.37584526371773,36.36335988150546,22.884563469116365
"FF","2026-05-28","98.2","-2.29","5.71","Rodriguez, Grayson",682985,680570,,"foul",,,,,5,,"R","L","R","DET","LAA","S",,,0,2,2026,"-0.93","1.59",-0.042054293331195924,2.4798772948301817,,,690993,2,1,"Bot",,,,,,,8.261487302293474,-142.64826112147875,-6.862945316008939,-14.546643141122818,32.932023706273334,-9.09898772800586,3.303379265,1.667125984,232,"79.5",19,"99.2",2304,"6.9",824272,665861,687093,624428,622268,687263,685133,545361,666176,"53.57",,,,,,,,8,3,"4-Seam Fastball",0,0,0,0,0,0,0,0,"Standard","Standard",221,"0","0","75.9","6.1",,,"0","88.0",0,0,0.513,0.513,26,25,27,26,1,0,6,1,5,1,"0.79","0.93","-0.93","41.0",-10.289709351275405,21.344393371645353,49.08541057030562,30.93838568161902,19.52939607735275
"CH","2026-05-28","84.2","-2.45","5.67","Rodriguez, Grayson",682985,680570,,"swinging_strike",,,,,1,,"R","L","R","DET","LAA","S",,,0,1,2026,"-0.76","1.05",-0.8075957873092031,2.87697964119353,,,690993,2,1,"Bot",,,,,,,5.376162784446745,-122.53162533339894,-2.090170176021568,-8.734585075396717,23.06322906900348,-21.320204234517877,3.303379265,1.667125984,,,,"85.4",1771,"7",824272,665861,687093,624428,622268,687263,685133,545361,666176,"53.52",,,,,,,,8,2,"Changeup",0,0,0,0,0,0,0,0,"Standard","Standard",252,"-0.006","-0.063","72.1","6.5","0.34499322",,"0.063",,0,0,0.519,0.519,26,25,27,26,1,0,6,1,5,1,"2.15","0.76","-0.76","37.5",0.5154586668827507,26.315514440425872,39.59783739776007,42.528148761186706,14.574792725807484
"FF","2026-05-28","95.9","-2.32","5.66","Rodriguez, Grayson",682985,680570,,"called_strike",,,,,8,,"R","L","R","DET","LAA","S",,,0,0,2026,"-0.94","1.67",-0.11789231520478005,1.8404221532409941,,,690993,2,1,"Bot",,,,,,,7.9933045315144104,-139.2979857339759,-8.191750316080695,-14.022885201445463,30.656676325395548,-8.753510971747021,3.303379265,1.667125984,,,,"97.1",2175,"7",824272,665861,687093,624428,622268,687263,685133,545361,666176,"53.47",,,,,,,,8,1,"4-Seam Fastball",0,0,0,0,0,0,0,0,"Standard","Standard",224,"-0.003","-0.042",,,,,"0.042",,0,0,0.522,0.522,26,25,27,26,1,0,6,1,5,1,"0.81","0.94","-0.94","37.5",,,,,
"FF","2026-05-28","97","-2.35","5.67","Rodriguez, Grayson",693307,680570,"strikeout","swinging_strike",,,,,11,"Dillon Dingler strikes out swinging.","R","R","R","DET","LAA","S",2,,2,2,2026,"-0.71","1.59",-0.549062631589589,3.5814175979110368,,,690993,1,1,"Bot",,,,,,,6.4589567353900375,-141.08584807077062,-3.590111584470224,-10.957071343960191,32.85393039003785,-10.397027353252398,3.271784777,1.651181102,,,,"97.8",2225,"6.8",824272,665861,687093,624428,622268,687263,685133,545361,666176,"53.69",,0,"0",1,0,0,,7,5,"4-Seam Fastball",0,0,0,0,0,0,0,0,"Standard","Standard",220,"-0.025","-0.235","68.9","6.4","1.039569288",,"0.235",,0,0,0.547,0.547,26,27,27,28,1,0,6,1,5,1,"0.84","0.71","0.71","37.8",9.788982824841892,-0.17870358072860074,33.46980779543743,28.32168195524038,22.27522264446615
"FF","2026-05-28","96","-2.63","5.61","Rodriguez, Grayson",693307,680570,,"swinging_strike",,,,,1,,"R","R","R","DET","LAA","S",,,2,1,2026,"-1","1.66",-0.5885359618471349,3.0540155886627156,,,690993,1,1,"Bot",,,,,,,7.7365214410746095,-139.59458778414034,-4.849214320040944,-14.798021747115941,31.891482585833533,-9.556466524877111,3.271784777,1.651181102,,,,"97.1",2332,"7",824272,665861,687093,624428,622268,687263,685133,545361,666176,"53.52",,,,,,,,7,4,"4-Seam Fastball",0,0,0,0,0,0,0,0,"Standard","Standard",222,"-0.008","-0.076","73.2","7.0","0.994449792",,"0.076",,0,0,0.555,0.555,26,27,27,28,1,0,6,1,5,1,"0.82","1","1","34.2",10.730617369880957,-2.6612055839576976,41.453322805095695,28.28555104454507,24.01505996897775
"CU","2026-05-28","80.1","-2.51","5.77","Rodriguez, Grayson",693307,680570,,"called_strike",,,,,6,,"R","R","R","DET","LAA","S",,,2,0,2026,"0.45","-0.57",0.3484559481513934,2.682554558880807,,,690993,1,1,"Bot",,,,,,,5.4125581143809915,-116.58023424943988,1.2619785044404028,3.0079569921859033,23.02281710940362,-37.84830082446212,3.271784777,1.651181102,,,,"80.8",2704,"6.9",824272,665861,687093,624428,622268,687263,685133,545361,666176,"53.64",,,,,,,,7,3,"Curveball",0,0,0,0,0,0,0,0,"Standard","Standard",45,"-0.007","-0.052",,,,,"0.052",,0,0,0.562,0.562,26,27,27,28,1,0,6,1,5,1,"4.14","-0.45","-0.45","38.1",,,,,
"FF","2026-05-28","95.2","-2.43","5.56","Rodriguez, Grayson",693307,680570,,"ball",,,,,14,,"R","R","R","DET","LAA","B",,,1,0,2026,"-0.75","1.5",0.5198566817273779,1.0471136813160533,,,690993,1,1,"Bot",,,,,,,9.443362853613577,-138.07623795935336,-9.49476394720296,-11.539357623948217,28.090262823817998,-10.957358384704955,3.271784777,1.651181102,,,,"96.6",2326,"7.1",824272,665861,687093,624428,622268,687263,685133,545361,666176,"53.45",,,,,,,,7,2,"4-Seam Fastball",0,0,0,0,0,0,0,0,"Standard","Standard",222,"0.007","0.071",,,,,"-0.071",,0,0,0.555,0.555,26,27,27,28,1,0,6,1,5,1,"1.01","0.75","0.75","31.6",,,,,
"FF","2026-05-28","95.9","-2.7","5.59","Rodriguez, Grayson",693307,680570,,"ball",,,,,14,,"R","R","R","DET","LAA","B",,,0,0,2026,"-0.93","1.54",0.3594224560645576,0.9180606550568153,,,690993,1,1,"Bot",,,,,,,10.22589646623023,-139.05300251604484,-10.131888437996555,-14.334731411716168,29.69699910301448,-9.972328190136782,3.271784777,1.651181102,,,,"97",2269,"7",824272,665861,687093,624428,622268,687263,685133,545361,666176,"53.47",,,,,,,,7,1,"4-Seam Fastball",0,0,0,0,0,0,0,0,"Standard","Standard",223,"0.004","0.034",,,,,"-0.034",,0,0,0.551,0.551,26,27,27,28,1,0,6,1,5,1,"0.94","0.93","0.93","34.8",,,,,
"CH","2026-05-28","83.7","-2.58","5.69","Rodriguez, Grayson",805808,680570,"field_out","hit_into_play",,,,,4,"Kevin McGonigle flies out to center fielder Mike Trout.","R","L","R","DET","LAA","X",8,"fly_ball",0,1,2026,"-0.74","0.91",-0.28838105649249,2.130565167146103,,,690993,0,1,"Bot",157.21,80.78,,,,,6.778429082914624,-121.80185523159635,-3.4754204113968075,-8.626113111474472,22.414020508388493,-22.59093919191149,3.085728346,1.557283465,303,"96.8",51,"84.9",1726,"6.9",824272,665861,687093,624428,622268,687263,685133,545361,666176,"53.6",0.006,0.005,"0",1,0,0,3,6,2,"Changeup",0,0,0,0,0,0,0,0,"Infield shade","Standard",247,"-0.027","-0.215","67.3","7.7",,0.008,"0.215","96.8",0,0,0.578,0.578,26,21,27,22,1,0,6,1,5,1,"2.32","0.74","-0.74","38.0",22.21887728918249,-8.829790749298846,37.42051740948649,40.75775102498294,41.26807071839837
"CU","2026-05-28","79.8","-2.37","5.78","Rodriguez, Grayson",805808,680570,,"called_strike",,,,,5,,"R","L","R","DET","LAA","S",,,0,0,2026,"0.54","-0.56",0.0575125523175557,2.3319092170890943,,,690993,0,1,"Bot",,,,,,,4.29146929347616,-116.24544873074882,0.40634573397773655,4.123368199167084,20.503547397138107,-37.58272785342552,3.085728346,1.557283465,,,,"80.8",2635,"6.8",824272,665861,687093,624428,622268,687263,685133,545361,666176,"53.73",,,,,,,,6,1,"Curveball",0,0,0,0,0,0,0,0,"Infield shade","Standard",46,"-0.005","-0.043",,,,,"0.043",,0,0,0.583,0.583,26,21,27,22,1,0,6,1,5,1,"4.12","-0.54","0.54","40.4",,,,,
"FF","2026-05-28","97.3","-2.62","5.48","Rodriguez, Grayson",690993,680570,"walk","ball",,,,,14,"Colt Keith walks.","R","L","R","DET","LAA","B",,,3,2,2026,"-0.86","1.6",0.9985168168702491,1.3376842294791214,,,,0,1,"Bot",,,,,,,11.705156343537285,-141.04267870125227,-9.161303591585185,-13.995667214405064,29.97821253544416,-8.867541158728445,3.27792815,1.654281496,,,,"98.5",2302,"7",824272,665861,687093,624428,622268,687263,685133,545361,666176,"53.45",,0.698289,"0.7",1,0,0,,5,7,"4-Seam Fastball",0,0,0,0,0,0,0,0,"Infield shade","Standard",215,"0.03","0.373",,,,,"-0.373",,0,0,0.553,0.553,26,24,27,25,1,0,6,1,5,1,"0.82","0.86","-0.86","35.8",,,,,
"FF","2026-05-28","96.4","-2.51","5.56","Rodriguez, Grayson",690993,680570,,"foul",,,,,2,,"R","L","R","DET","LAA","S",,,3,2,2026,"-1.15","1.33",0.0709401762980939,2.886296431525101,,,,0,1,"Bot",,,,,,,9.544837105855814,-140.07765020290032,-4.481985520199104,-17.185192655164805,29.205528357979144,-13.834296760639875,3.27792815,1.654281496,204,"74.8",57,"97.8",2371,"7",824272,665861,687093,624428,622268,687263,685133,545361,666176,"53.5",,,,,,,,5,6,"4-Seam Fastball",0,0,0,0,0,0,0,0,"Infield shade","Standard",230,"0","0","66.6","5.8",,,"0","88.0",0,0,0.553,0.553,26,24,27,25,1,0,6,1,5,1,"1.12","1.15","-1.15","36.9",-4.204085291801988,6.295944315093174,32.98661036719525,33.15369640180823,21.886656607033753
"FF","2026-05-28","95.8","-2.64","5.48","Rodriguez, Grayson",690993,680570,,"called_strike",,,,,9,,"R","L","R","DET","LAA","S",,,3,1,2026,"-0.98","1.28",0.30135153598710995,1.597384203203369,,,,0,1,"Bot",,,,,,,10.040561220177828,-139.0560486796334,-7.474236925384245,-14.79825257804033,27.28073319952132,-14.086366805730714,3.27792815,1.654281496,,,,"97.5",2259,"7.1",824272,665861,687093,624428,622268,687263,685133,545361,666176,"53.38",,,,,,,,5,5,"4-Seam Fastball",0,0,0,0,0,0,0,0,"Infield shade","Standard",227,"-0.009","-0.109",,,,,"0.109",,0,0,0.562,0.562,26,24,27,25,1,0,6,1,5,1,"1.19","0.98","-0.98","35.3",,,,,
"FF","2026-05-28","94","-2.66","5.57","Rodriguez, Grayson",690993,680570,,"ball",,,,,14,,"R","L","R","DET","LAA","B",,,2,1,2026,"-1.18","1.4",0.964202409769398,1.488081283780072,,,,0,1,"Bot",,,,,,,12.032838205720317,-136.1620981477016,-7.813751751448539,-17.30890711575187,30.002781077197742,-13.13129013905715,3.27792815,1.654281496,,,,"94.9",2314,"7.1",824272,665861,687093,624428,622268,687263,685133,545361,666176,"53.45",,,,,,,,5,4,"4-Seam Fastball",0,0,0,0,0,0,0,0,"Infield shade","Standard",221,"0.011","0.144",,,,,"-0.144",,0,0,0.551,0.551,26,24,27,25,1,0,6,1,5,1,"1.21","1.18","-1.18","35.9",,,,,
"CH","2026-05-28","83.4","-2.64","5.62","Rodriguez, Grayson",690993,680570,,"ball",,,,,13,,"R","L","R","DET","LAA","B",,,1,1,2026,"-1.16","0.5",-0.46526129131632654,0.6277834100622286,,,,0,1,"Bot",,,,,,,7.345203834305257,-121.24224692367493,-5.883133874136515,-12.835195462861668,21.650858637706406,-26.270341622606352,3.27792815,1.654281496,,,,"84.7",1867,"7",824272,665861,687093,624428,622268,687263,685133,545361,666176,"53.52",,,,,,,,5,3,"Changeup",0,0,0,0,0,0,0,0,"Infield shade","Standard",246,"0.004","0.064",,,,,"-0.064",,0,0,0.547,0.547,26,24,27,25,1,0,6,1,5,1,"2.76","1.16","-1.16","36.4",,,,,
"FF","2026-05-28","93.4","-2.63","5.57","Rodriguez, Grayson",690993,680570,,"called_strike",,,,,13,,"R","L","R","DET","LAA","S",,,1,0,2026,"-1.16","1.19",-0.8816479014661966,2.091612391563989,,,,0,1,"Bot",,,,,,,7.13727848038477,-135.8095537205132,-5.733746257439276,-15.914715351059332,29.56368486137097,-16.315291300638545,3.27792815,1.654281496,,,,"94.5",2333,"7",824272,665861,687093,624428,622268,687263,685133,545361,666176,"53.51",,,,,,,,5,2,"4-Seam Fastball",0,0,0,0,0,0,0,0,"Infield shade","Standard",219,"-0.004","-0.058",,,,,"0.058",,0,0,0.551,0.551,26,24,27,25,1,0,6,1,5,1,"1.42","1.16","-1.16","35.5",,,,,
,"2026-05-28",,,,"Rodriguez, Grayson",690993,680570,,"automatic_ball",,,,,,,"R","L","R","DET","LAA","B",,,0,0,2026,,,,,,,,0,1,"Bot",,,,,,,,,,,,,,,,,,,,,824272,665861,687093,624428,622268,687263,685133,545361,666176,,,,,,,,,5,1,,0,0,0,0,0,0,0,0,,,,"0.003",,,,,,,,0,0,0.548,0.548,26,24,27,25,1,0,6,1,5,1,,,,,,,,,
"SL","2026-05-22","83.6","-2.64","5.72","Rodriguez, Grayson",679822,680570,"single","hit_into_play",,,,,8,"Justin Foscue singles on a line drive to left fielder Wade Meckler. Jake Burger scores.","R","R","R","LAA","TEX","X",7,"line_drive",0,1,2026,"0.12","-0.19",0.06777442422856575,2.0186590684961754,669394,,,2,6,"Top",73.85,114.42,,,,,5.979107327428392,-121.6385093188693,-1.4543970708767149,-0.01682558682103323,25.450166358626554,-33.955417982808,3.150672572,1.590059055,188,"70.7",19,"84.3",2430,"6.9",824029,681351,694384,672724,622268,687263,685133,545361,666176,"53.57",0.831,0.748,"0.9",1,1,0,4,54,2,"Slider",6,3,3,6,4,6,4,6,"Standard","Standard",75,"-0.07","0.748","70.0","7.7",,0.869,"-0.748","88.0",3,-3,0.885,0.11499999999999999,26,27,27,27,3,2,5,2,6,1,"3.47","-0.12","-0.12","37.6",17.120212152952146,-7.946213603864667,29.862551285255954,34.88002465442036,35.408993490042604
"FF","2026-05-22","95.6","-2.68","5.65","Rodriguez, Grayson",679822,680570,,"foul",,,,,5,,"R","R","R","LAA","TEX","S",,,0,0,2026,"-0.94","0.95",0.0038692376595328426,2.205194553214221,669394,,,2,6,"Top",,,,,,,9.265114719618438,-138.72077232262822,-5.41031108056055,-14.335899124414315,34.05527109477538,-18.86930515438577,3.150672572,1.590059055,224,"71.4",33,"96.5",2170,"7.2",824029,681351,694384,672724,622268,687263,685133,545361,666176,"53.33",,,,,,,,54,1,"4-Seam Fastball",6,3,3,6,3,6,3,6,"Standard","Standard",220,"0.005","-0.034","72.1","6.7",,,"0.034","88.0",3,-3,0.88,0.12,26,27,27,27,3,2,5,2,6,1,"1.58","0.94","0.94","37.1",-0.9882388633593704,16.204211335275126,32.31815657725216,34.95629526628298,23.211226664088795
"FF","2026-05-22","94.5","-2.49","5.65","Rodriguez, Grayson",696030,680570,"field_out","hit_into_play",,,,,13,"Alejandro Osuna grounds out to first baseman Nolan Schanuel. Jake Burger to 3rd.","R","L","R","LAA","TEX","X",3,"ground_ball",0,0,2026,"-1.16","1.2",-0.07851256709574495,1.2321474395925898,,669394,,1,6,"Top",159.25,167.74,,,,,8.96335462772619,-137.12878185668873,-8.35840436088617,-16.678071404410872,31.93831106930919,-15.321824992001108,3.073441601,1.551082677,3,"98.3",-24,"95.6",2201,"7.2",824029,681351,694384,672724,622268,687263,685133,545361,666176,"53.33",0.122,0.117,"0",1,0,0,2,53,1,"4-Seam Fastball",6,3,3,6,3,6,3,6,"Standard","Standard",228,"0.034","-0.249","75.5","8.1",,0.137,"0.249","98.3",3,-3,0.846,0.15400000000000003,26,23,27,24,3,2,5,2,6,1,"1.38","1.16","-1.16","36.3",10.832235726795055,-9.293565973989418,33.30236859884336,35.85816618067542,34.883056161763434
"SL","2026-05-22","84.7","-2.83","5.56","Rodriguez, Grayson",669394,680570,"double","hit_into_play",,,,,8,"Jake Burger hits a ground-rule double (8) on a line drive down the left-field line.","R","R","R","LAA","TEX","X",,"line_drive",1,0,2026,"0.34","-0.11",-0.004698068248925519,1.9800340949325896,,,,1,6,"Top",35.2,102.39,,,,,5.909455526765844,-123.23368226112885,-1.5749066841260508,2.2291966238110463,24.762154580500702,-33.22186610755245,3.229658793,1.62992126,320,"102.6",20,"85.7",2460,"7",824029,681351,694384,672724,622268,687263,685133,545361,666176,"53.51",0.543,0.713,"1.25",1,1,1,5,52,2,"Slider",6,3,3,6,3,6,3,6,"Standard","Standard",83,"-0.038","0.599","81.2","8.1",,1.169,"-0.599","102.6",3,-3,0.884,0.11599999999999999,26,30,27,30,3,2,5,2,6,1,"3.29","-0.34","-0.34","35.2",14.059232075757809,-19.450001232771978,28.070245629886912,37.699005070900874,41.47173537678549
"FF","2026-05-22","95.1","-2.8","5.61","Rodriguez, Grayson",669394,680570,,"ball",,,,,13,,"R","R","R","LAA","TEX","B",,,0,0,2026,"-0.94","1.18",-1.0588791571979517,1.8272751052790779,,,,1,6,"Top",,,,,,,6.763969936450776,-138.16978321697454,-6.789300821913801,-13.604795768131115,32.105709027845336,-15.675780528693352,3.229658793,1.62992126,,,,"96.4",2262,"7.2",824029,681351,694384,672724,622268,687263,685133,545361,666176,"53.29",,,,,,,,52,1,"4-Seam Fastball",6,3,3,6,3,6,3,6,"Standard","Standard",280,"-0.003","0.043",,,,,"-0.043",,3,-3,0.887,0.11299999999999999,26,30,27,30,3,2,5,2,6,1,"1.35","0.94","0.94","39.8",,,,,
"FF","2026-05-22","94.9","-2.73","5.49","Rodriguez, Grayson",677649,680570,"field_out","hit_into_play",,,,,8,"Ezequiel Duran lines out to right fielder Jo Adell.","R","R","R","LAA","TEX","X",9,"line_drive",3,1,2026,"-0.77","1.22",-0.20757083526996412,1.7929610519480714,,,,0,6,"Top",200.09,103.9,,,,,8.386852099557789,-137.70752447779333,-6.567405934062168,-11.745887937271966,33.43341639436834,-15.303832226711881,3.126099081,1.57765748,298,"95.7",24,"95.8",2301,"7.2",824029,681351,694384,672724,622268,687263,685133,545361,666176,"53.33",0.24,0.335,"0",1,0,0,5,51,5,"4-Seam Fastball",6,3,3,6,3,6,3,6,"Standard","Standard",212,"0.041","-0.459","74.5","7.0",,0.559,"0.459","95.7",3,-3,0.846,0.15400000000000003,26,27,27,27,3,2,5,2,6,1,"1.34","0.77","0.77","33.2",-1.4294215139296278,3.443920427564893,35.81971795030989,30.802053009611008,26.55765881729124
"FF","2026-05-22","94.4","-2.9","5.48","Rodriguez, Grayson",677649,680570,,"called_strike",,,,,7,,"R","R","R","LAA","TEX","S",,,3,0,2026,"-0.73","1.35",-0.40988180240880767,1.4915445409132486,,,,0,6,"Top",,,,,,,8.160476771978628,-136.98834541135867,-7.549049676619677,-11.068263463110736,33.47239817105158,-13.57723420984277,3.126099081,1.57765748,,,,"95.4",2281,"7.3",824029,681351,694384,672724,622268,687263,685133,545361,666176,"53.23",,,,,,,,51,4,"4-Seam Fastball",6,3,3,6,3,6,3,6,"Standard","Standard",211,"0.009","-0.089",,,,,"0.089",,3,-3,0.837,0.16300000000000003,26,27,27,27,3,2,5,2,6,1,"1.24","0.73","0.73","32.5",,,,,
"SL","2026-05-22","81.9","-2.91","5.59","Rodriguez, Grayson",677649,680570,,"ball",,,,,13,,"R","R","R","LAA","TEX","B",,,2,0,2026,"0.42","-0.18",-0.19428440423828375,1.1670403441098407,,,,0,6,"Top",,,,,,,5.290651077947975,-119.15856198403124,-2.8341213726052015,2.947866210894848,23.309763803797452,-33.511798384939645,3.126099081,1.57765748,,,,"82.8",2308,"7",824029,681351,694384,672724,622268,687263,685133,545361,666176,"53.54",,,,,,,,51,3,"Slider",6,3,3,6,3,6,3,6,"Standard","Standard",95,"-0.013","0.155",,,,,"-0.155",,3,-3,0.85,0.15000000000000002,26,27,27,27,3,2,5,2,6,1,"3.58","-0.42","-0.42","33.4",,,,,
"CU","2026-05-22","78.2","-2.84","5.74","Rodriguez, Grayson",677649,680570,,"ball",,,,,14,,"R","R","R","LAA","TEX","B",,,1,0,2026,"0.44","-0.69",0.2251254976690874,1.2605578538538764,,,,0,6,"Top",,,,,,,5.778984252499182,-113.7920276354174,-1.1841129875830199,2.6132300519960245,22.888949710453193,-38.09100357735477,3.126099081,1.57765748,,,,"78.9",2642,"7",824029,681351,694384,672724,622268,687263,685133,545361,666176,"53.47",,,,,,,,51,2,"Curveball",6,3,3,6,3,6,3,6,"Standard","Standard",32,"-0.009","0.084",,,,,"-0.084",,3,-3,0.859,0.14100000000000001,26,27,27,27,3,2,5,2,6,1,"4.44","-0.44","-0.44","38.1",,,,,
"SL","2026-05-22","81.7","-2.84","5.56","Rodriguez, Grayson",677649,680570,,"ball",,,,,13,,"R","R","R","LAA","TEX","B",,,0,0,2026,"0.39","0.04",-0.9184604573137879,1.1241343040066574,,,,0,6,"Top",,,,,,,3.5633061678123195,-119.03131471073603,-3.304711530506416,3.0365542810605923,22.974436930434873,-31.3527782578369,3.126099081,1.57765748,,,,"82.9",2256,"7.1",824029,681351,694384,672724,622268,687263,685133,545361,666176,"53.44",,,,,,,,51,1,"Slider",6,3,3,6,3,6,3,6,"Standard","Standard",111,"-0.004","0.044",,,,,"-0.044",,3,-3,0.863,0.137,26,27,27,27,3,2,5,2,6,1,"3.37","-0.39","-0.39","33.4",,,,,
"CU","2026-05-22","81.9","-2.59","5.64","Rodriguez, Grayson",607043,680570,"field_out","hit_into_play",,,,,8,"Brandon Nimmo grounds out, shortstop Zach Neto to first baseman Nolan Schanuel.","R","L","R","LAA","TEX","X",6,"ground_ball",3,2,2026,"0.65","-1.25",-0.0259816701949942,2.084483479795421,,,,2,5,"Top",116.89,146.56,,,,,4.500964109582542,-119.09162312425,1.3775883167854732,5.087195701721914,26.561911040232015,-44.484222148093814,3.270029528,1.650295276,39,"101.7",-1,"82.5",2740,"7.1",824029,681351,694384,672724,622268,687263,685133,545361,666176,"53.41",0.46,0.428,"0",1,0,0,4,44,6,"Curveball",6,3,3,6,3,6,3,6,"Infield shade","Standard",42,"0.011","-0.307",,,,0.508,"0.307","101.7",3,-3,0.873,0.127,26,33,27,33,3,2,5,2,6,1,"4.7","-0.65","0.65","37.5",,,,,
"CU","2026-05-22","81.1","-2.74","5.63","Rodriguez, Grayson",607043,680570,,"ball",,,,,11,,"R","L","R","LAA","TEX","B",,,2,2,2026,"0.66","-1.02",-0.6092073834214382,3.425609817526574,,,,2,5,"Top",,,,,,,3.4641483204776966,-117.82004106191276,4.0457367244168765,5.303680897998331,25.191006506214794,-42.692300170045264,3.270029528,1.650295276,,,,"81.7",2699,"7.1",824029,681351,694384,672724,622268,687263,685133,545361,666176,"53.4",,,,,,,,44,5,"Curveball",6,3,3,6,3,6,3,6,"Infield shade","Standard",39,"-0.003","0.086",,,,,"-0.086",,3,-3,0.876,0.124,26,33,27,33,3,2,5,2,6,1,"4.53","-0.66","0.66","38.4",,,,,
"FF","2026-05-22","97.2","-2.75","5.44","Rodriguez, Grayson",607043,680570,,"ball",,,,,13,,"R","L","R","LAA","TEX","B",,,1,2,2026,"-1.27","0.76",-1.2255648100046135,2.312335468626692,,,,2,5,"Top",,,,,,,7.077912932679517,-141.2418182932064,-4.385652107436822,-18.609938893418864,36.64371148699994,-21.22644982282741,3.270029528,1.650295276,,,,"97.9",2272,"7.1",824029,681351,694384,672724,622268,687263,685133,545361,666176,"53.43",,,,,,,,44,4,"4-Seam Fastball",6,3,3,6,3,6,3,6,"Infield shade","Standard",234,"-0.002","0.044",,,,,"-0.044",,3,-3,0.878,0.122,26,33,27,33,3,2,5,2,6,1,"1.69","1.27","-1.27","34.2",,,,,
"CH","2026-05-22","84.9","-2.53","5.49","Rodriguez, Grayson",607043,680570,,"foul",,,,,6,,"R","L","R","LAA","TEX","S",,,1,1,2026,"-0.91","0.2",0.6042436237959566,2.658576969429903,,,,2,5,"Top",,,,,,,9.264578855098735,-123.34306617342695,-0.4434142656908333,-11.191501157231698,25.983358866054257,-30.290178338531174,3.270029528,1.650295276,245,"98.2",57,"86.1",1622,"7.3",824029,681351,694384,672724,622268,687263,685133,545361,666176,"53.2",,,,,,,,44,3,"Changeup",6,3,3,6,3,6,3,6,"Infield shade","Standard",252,"0.003","-0.069","77.4","7.5",,,"0.069","98.2",3,-3,0.875,0.125,26,33,27,33,3,2,5,2,6,1,"2.99","0.91","-0.91","34.3",16.801959876019108,-20.61914043290758,28.148421388303227,33.50350426572636,42.58117058581986
"SL","2026-05-22","86.2","-2.75","5.61","Rodriguez, Grayson",607043,680570,,"foul",,,,,5,,"R","L","R","LAA","TEX","S",,,1,0,2026,"0.19","0",-0.06917420432206044,2.2738975494484883,,,,2,5,"Top",,,,,,,5.977473775211988,-125.55061643021077,-1.5293418524588311,0.8138986093521072,24.616746817668346,-32.08724367849087,3.270029528,1.650295276,205,"68.6",31,"87.5",2472,"7",824029,681351,694384,672724,622268,687263,685133,545361,666176,"53.53",,,,,,,,44,2,"Slider",6,3,3,6,3,6,3,6,"Infield shade","Standard",104,"0.001","-0.055","70.8","6.5",,,"0.055","88.0",3,-3,0.874,0.126,26,33,27,33,3,2,5,2,6,1,"3.05","-0.19","0.19","36.3",-6.108920515656579,21.451166805015998,30.75185352446806,40.514160289022215,18.99570775828601
"FF","2026-05-22","96","-2.66","5.48","Rodriguez, Grayson",607043,680570,,"ball",,,,,14,,"R","L","R","LAA","TEX","B",,,0,0,2026,"-0.79","1.12",1.740262371739527,1.2939628166875081,,,,2,5,"Top",,,,,,,13.500349854448537,-138.89285433616342,-7.821352985666068,-13.470916693439271,34.34900500039873,-15.931250478603493,3.270029528,1.650295276,,,,"96.9",2363,"7.4",824029,681351,694384,672724,622268,687263,685133,545361,666176,"53.13",,,,,,,,44,1,"4-Seam Fastball",6,3,3,6,3,6,3,6,"Infield shade","Standard",220,"-0.001","0.041",,,,,"-0.041",,3,-3,0.875,0.125,26,33,27,33,3,2,5,2,6,1,"1.4","0.79","-0.79","33.7",,,,,
"FF","2026-05-22","97.7","-2.7","5.49","Rodriguez, Grayson",673962,680570,"field_out","hit_into_play",,,,,8,"Josh Jung lines out sharply to center fielder Mike Trout.","R","R","R","LAA","TEX","X",8,"line_drive",3,2,2026,"-0.98","1.18",0.17023320223025418,1.8015608096221243,,,,1,5,"Top",161.75,55.94,,,,,10.072898168310246,-141.66874661826083,-6.987637201468829,-15.639483804501921,35.81988708759391,-14.793832703181272,3.26300853,1.646751969,364,"102.3",21,"98.7",2395,"7.3",824029,681351,694384,672724,622268,687263,685133,545361,666176,"53.23",0.557,0.735,"0",1,0,0,5,43,6,"4-Seam Fastball",6,3,3,6,3,6,3,6,"Standard","Standard",215,"0.02","-0.35","71.0","7.4",,1.21,"0.35","102.3",3,-3,0.855,0.14500000000000002,26,28,27,28,3,2,5,2,6,1,"1.25","0.98","0.98","33.9",8.191537488939014,0.025260517653674593,43.4766783907118,33.00104297764635,30.25628752233579
"FF","2026-05-22","97.2","-2.85","5.46","Rodriguez, Grayson",673962,680570,,"called_strike",,,,,8,,"R","R","R","LAA","TEX","S",,,3,1,2026,"-1.09","1.13",-0.026928189301018257,1.725616275984461,,,,1,5,"Top",,,,,,,10.169545683842685,-140.9834062224889,-6.904129564420554,-17.026298978451276,36.00527997136319,-15.585024845426627,3.26300853,1.646751969,,,,"98.1",2537,"7.3",824029,681351,694384,672724,622268,687263,685133,545361,666176,"53.22",,,,,,,,43,5,"4-Seam Fastball",6,3,3,6,3,6,3,6,"Standard","Standard",120,"0.006","-0.09",,,,,"0.09",,3,-3,0.849,0.15100000000000002,26,28,27,28,3,2,5,2,6,1,"1.32","1.09","1.09","30.4",,,,,
"FF","2026-05-22","95.6","-2.87","5.49","Rodriguez, Grayson",673962,680570,,"called_strike",,,,,9,,"R","R","R","LAA","TEX","S",,,3,0,2026,"-0.9","1.19",0.3248054193147003,1.6381595221740621,,,,1,5,"Top",,,,,,,10.529144439595093,-138.676600989225,-7.054517944325876,-14.121535399775725,34.13541785962043,-15.355172437241682,3.26300853,1.646751969,,,,"96.6",2374,"7.3",824029,681351,694384,672724,622268,687263,685133,545361,666176,"53.24",,,,,,,,43,4,"4-Seam Fastball",6,3,3,6,3,6,3,6,"Standard","Standard",224,"0.006","-0.084",,,,,"0.084",,3,-3,0.843,0.15700000000000003,26,28,27,28,3,2,5,2,6,1,"1.34","0.9","0.9","30.8",,,,,
"FF","2026-05-22","96.4","-2.77","5.53","Rodriguez, Grayson",673962,680570,,"ball",,,,,12,,"R","R","R","LAA","TEX","B",,,2,0,2026,"-1.03","1.3",1.215565430853831,2.7177313633222915,,,,1,5,"Top",,,,,,,13.007688732881386,-139.55318683748433,-4.670244359019851,-16.6438547045415,35.80561730321194,-14.257603818127626,3.26300853,1.646751969,,,,"97",2431,"7.2",824029,681351,694384,672724,622268,687263,685133,545361,666176,"53.25",,,,,,,,43,3,"4-Seam Fastball",6,3,3,6,3,6,3,6,"Standard","Standard",220,"-0.008","0.141",,,,,"-0.141",,3,-3,0.851,0.14900000000000002,26,28,27,28,3,2,5,2,6,1,"1.2","1.03","1.03","31.9",,,,,
"SL","2026-05-22","85","-2.79","5.61","Rodriguez, Grayson",673962,680570,,"ball",,,,,14,,"R","R","R","LAA","TEX","B",,,1,0,2026,"0.41","-0.05",0.68740769815016,0.8018842909586534,,,,1,5,"Top",,,,,,,7.308804002581541,-123.63037563456668,-4.617437989861015,2.7233775360431354,24.910617741360888,-31.949188156717163,3.26300853,1.646751969,,,,"86.1",2461,"7.1",824029,681351,694384,672724,622268,687263,685133,545361,666176,"53.44",,,,,,,,43,2,"Slider",6,3,3,6,3,6,3,6,"Standard","Standard",99,"-0.005","0.077",,,,,"-0.077",,3,-3,0.856,0.14400000000000002,26,28,27,28,3,2,5,2,6,1,"3.21","-0.41","-0.41","38.3",,,,,
"FF","2026-05-22","95.6","-2.75","5.51","Rodriguez, Grayson",673962,680570,,"ball",,,,,13,,"R","R","R","LAA","TEX","B",,,0,0,2026,"-1.12","1.11",-0.7096920020876412,1.3854184451914862,,,,1,5,"Top",,,,,,,7.983104870375567,-138.64893230181232,-7.547575677279787,-16.30138336888301,35.94303365045904,-16.206276972452706,3.26300853,1.646751969,,,,"96.3",2376,"7.3",824029,681351,694384,672724,622268,687263,685133,545361,666176,"53.25",,,,,,,,43,1,"4-Seam Fastball",6,3,3,6,3,6,3,6,"Standard","Standard",220,"-0.003","0.043",,,,,"-0.043",,3,-3,0.859,0.14100000000000001,26,28,27,28,3,2,5,2,6,1,"1.43","1.12","1.12","35.5",,,,,
"CH","2026-05-22","83.3","-2.78","5.62","Rodriguez, Grayson",592626,680570,"field_out","hit_into_play",,,,,13,"Joc Pederson grounds out, second baseman Oswald Peraza to pitcher Grayson Rodriguez.","R","L","R","LAA","TEX","X",4,"ground_ball",1,2,2026,"-1.05","0.05",-0.22332833125399376,1.1906257703586283,,,,0,5,"Top",158.04,157.45,,,,,8.0325052109825,-120.99020611674904,-3.596909116229835,-11.928575736056256,23.858147143451415,-31.121709311012175,3.23667979,1.633464567,12,"74.7",-6,"84.6",1904,"7.3",824029,681351,694384,672724,622268,687263,685133,545361,666176,"53.24",0.057,0.051,"0",1,0,0,2,42,4,"Changeup",6,3,3,6,3,6,3,6,"Infield shade","Standard",253,"0.016","-0.189","72.2","8.6",,0.06,"0.189","88.0",3,-3,0.843,0.15700000000000003,26,34,27,34,3,2,5,2,6,1,"3.25","1.05","-1.05","33.4",21.95935730312376,-23.23057070719441,35.52243873959173,33.22068779928368,46.623903616101465
"CH","2026-05-22","83.4","-2.65","5.55","Rodriguez, Grayson",592626,680570,,"foul",,,,,8,,"R","L","R","LAA","TEX","S",,,1,1,2026,"-0.76","0.09",-0.21053029776195387,1.8372664096877647,,,,0,5,"Top",,,,,,,7.16992988365822,-121.29745370691236,-2.042174362961189,-8.91012461844062,24.669364864153938,-31.04581102917374,3.23667979,1.633464567,5,"83.6",-23,"84.7",1739,"7.2",824029,681351,694384,672724,622268,687263,685133,545361,666176,"53.26",,,,,,,,42,3,"Changeup",6,3,3,6,3,6,3,6,"Standard","Standard",259,"0.006","-0.062","75.8","8.2",,,"0.062","88.0",3,-3,0.837,0.16300000000000003,26,34,27,34,3,2,5,2,6,1,"3.2","0.76","-0.76","34.3",16.467584641592204,-20.729722082067024,29.796740555261003,34.253149202612974,45.56786426206096
"CU","2026-05-22","77.1","-2.71","5.76","Rodriguez, Grayson",592626,680570,,"swinging_strike",,,,,13,,"R","L","R","LAA","TEX","S",,,1,0,2026,"0.53","-1.27",-0.4455701288139246,1.498685095078816,,,,0,5,"Top",,,,,,,3.8236487447160217,-112.1340303259618,0.6566070881825552,3.6046318569694265,23.50510160297147,-43.16792065510261,3.23667979,1.633464567,,,,"77.7",2550,"7.1",824029,681351,694384,672724,622268,687263,685133,545361,666176,"53.4",,,,,,,,42,2,"Curveball",6,3,3,6,3,6,3,6,"Standard","Standard",36,"0.005","-0.058","73.8","8.3","4.386951216",,"0.058",,3,-3,0.832,0.16800000000000004,26,34,27,34,3,2,5,2,6,1,"5.16","-0.53","0.53","38.7",18.648507815967648,-28.037745428491988,29.120783769993015,37.78381490174516,50.44282864444164
"FF","2026-05-22","93.7","-2.76","5.61","Rodriguez, Grayson",592626,680570,,"ball",,,,,13,,"R","L","R","LAA","TEX","B",,,0,0,2026,"-0.69","1.3",-0.975707466030719,2.344987684463643,,,,0,5,"Top",,,,,,,6.195193963799576,-136.20659314251563,-5.428883764380598,-9.995110300314838,33.38423905115198,-15.008568105096597,3.23667979,1.633464567,,,,"94.7",2229,"7.2",824029,681351,694384,672724,622268,687263,685133,545361,666176,"53.32",,,,,,,,42,1,"4-Seam Fastball",6,3,3,6,3,6,3,6,"Standard","Standard",218,"-0.004","0.044",,,,,"-0.044",,3,-3,0.836,0.16400000000000003,26,34,27,34,3,2,5,2,6,1,"1.33","0.69","-0.69","35.1",,,,,
"FF","2026-05-22","96.3","-2.49","5.58","Rodriguez, Grayson",643376,680570,"strikeout","called_strike",,,,,8,"Danny Jansen called out on strikes.","R","R","R","LAA","TEX","S",2,,1,2,2026,"-0.79","1.35",-0.13122866513942655,1.8094972414414072,694497,,,2,4,"Top",,,,,,,8.155935447271776,-139.70232549384667,-7.346167998348352,-12.294031072172682,35.61494312207658,-12.972936534382928,3.280561024,1.655610236,,,,"97.4",2248,"7.4",824029,681351,694384,672724,622268,687263,685133,545361,666176,"53.1",,0,"0",1,0,0,,36,5,"4-Seam Fastball",6,3,3,6,3,6,3,6,"Infield shade","Standard",220,"0.022","-0.236",,,,,"0.236",,3,-3,0.838,0.16200000000000003,26,31,27,31,2,1,5,2,6,1,"1.15","0.79","0.79","42.4",,,,,
"FF","2026-05-22","97.2","-2.4","5.7","Rodriguez, Grayson",643376,680570,,"foul",,,,,1,,"R","R","R","LAA","TEX","S",,,1,2,2026,"-0.78","1.35",-0.7098980630415291,3.09110136030996,694497,,,2,4,"Top",,,,,,,6.384088864463731,-141.37480912765605,-4.437152431759784,-11.931608097733712,35.1607862715229,-13.34796501348866,3.280561024,1.655610236,5,"69.3",-30,"98.4",2226,"7.2",824029,681351,694384,672724,622268,687263,685133,545361,666176,"53.33",,,,,,,,36,4,"4-Seam Fastball",6,3,3,6,3,6,3,6,"Standard","Standard",214,"0","0",,,,,"0","88.0",3,-3,0.838,0.16200000000000003,26,31,27,31,2,1,5,2,6,1,"1.09","0.78","0.78","39.7",,,,,
"SL","2026-05-22","84.5","-2.65","5.67","Rodriguez, Grayson",643376,680570,,"foul",,,,,5,,"R","R","R","LAA","TEX","S",,,1,1,2026,"0.26","0.08",0.06732049669925044,2.226487533194608,694497,,,2,4,"Top",,,,,,,5.801803789057714,-122.97360700761281,-1.5841653208832547,1.4451613947238442,25.600068959034687,-31.244411329672925,3.280561024,1.655610236,2,"69.7",-51,"85.5",2434,"7",824029,681351,694384,672724,622268,687263,685133,545361,666176,"53.49",,,,,,,,36,3,"Slider",6,3,3,6,3,6,3,6,"Standard","Standard",104,"0.008","-0.066","69.4","7.7",,,"0.066","88.0",3,-3,0.83,0.17000000000000004,26,31,27,31,2,1,5,2,6,1,"3.12","-0.26","-0.26","37.3",28.84722061566991,-30.316342238942898,30.255414125690084,34.452628504539575,50.36421429129484
"SL","2026-05-22","85.3","-2.65","5.62","Rodriguez, Grayson",643376,680570,,"swinging_strike",,,,,14,,"R","R","R","LAA","TEX","S",,,1,0,2026,"0.18","0.09",0.3259764949290724,1.3837363835649303,694497,,,2,4,"Top",,,,,,,6.61551994666089,-124.05007901435594,-3.569456082938707,0.4064193617518285,26.956191910723025,-30.715625116348253,3.280561024,1.655610236,,,,"85.9",2399,"6.9",824029,681351,694384,672724,622268,687263,685133,545361,666176,"53.57",,,,,,,,36,2,"Slider",6,3,3,6,3,6,3,6,"Standard","Standard",94,"0.003","-0.029","71.2","8.5","5.354230464",,"0.029",,3,-3,0.827,0.17300000000000004,26,31,27,31,2,1,5,2,6,1,"3.07","-0.18","-0.18","34.5",31.351691911551033,-48.56465067598792,32.62553445444132,36.683767073155565,58.5219057883549
"SL","2026-05-22","84.2","-2.81","5.66","Rodriguez, Grayson",643376,680570,,"ball",,,,,13,,"R","R","R","LAA","TEX","B",,,0,0,2026,"0.34","0.04",-0.6113528633264096,1.258771582111951,694497,,,2,4,"Top",,,,,,,4.419522048853894,-122.57497300619985,-3.66853622694686,2.4391455777180844,25.832588215202893,-31.221778140340643,3.280561024,1.655610236,,,,"85.3",2386,"7.1",824029,681351,694384,672724,622268,687263,685133,545361,666176,"53.4",,,,,,,,36,1,"Slider",6,3,3,6,3,6,3,6,"Standard","Standard",115,"-0.001","0.035",,,,,"-0.035",,3,-3,0.828,0.17200000000000004,26,31,27,31,2,1,5,2,6,1,"3.19","-0.34","-0.34","36.2",,,,,
"FF","2026-05-22","96.2","-2.74","5.7","Rodriguez, Grayson",694497,680570,"triple","hit_into_play",,,,,1,"Evan Carter triples (1) on a sharp fly ball to center fielder Mike Trout. Jake Burger scores. Justin Foscue scores.","R","L","R","LAA","TEX","X",8,"fly_ball",1,0,2026,"-0.8","1.33",-0.3934255235872137,2.888122303257835,,669394,679822,2,4,"Top",132.23,44.24,,,,,8.121704765247877,-139.74023165321924,-4.7620880214731525,-12.436806769118862,34.34468355673701,-13.843229799161808,3.315666011,1.673326772,395,"104.1",26,"97.3",2168,"7.2",824029,681351,694384,672724,622268,687263,685133,545361,666176,"53.28",0.846,1.605,"1.6",1,1,2,6,35,2,"4-Seam Fastball",6,1,1,6,3,6,3,6,"Standard","Standard",230,"-0.093","1.199","76.7","7.2",,3.09,"-1.199","104.1",5,-5,0.921,0.07899999999999996,26,23,27,24,2,1,5,2,6,1,"1.16","0.8","-0.8","36.4",9.64088993606745,0.2976532502897215,25.66689007214923,40.424415628112136,26.6371947242157
"CH","2026-05-22","83","-2.56","5.56","Rodriguez, Grayson",694497,680570,,"blocked_ball",,,,,13,,"R","L","R","LAA","TEX","B",,,0,0,2026,"-0.97","0.29",-0.9760608425288813,0.4945458425418976,,669394,679822,2,4,"Top",,,,,,,5.623399801663847,-120.6840984998362,-5.488798422477554,-10.597818583331849,23.438022763899188,-28.50049368987211,3.315666011,1.673326772,,,,"84.4",1610,"7.3",824029,681351,694384,672724,622268,687263,685133,545361,666176,"53.23",,,,,,,,35,1,"Changeup",6,1,1,6,1,6,1,6,"Standard","Standard",252,"-0.002","0.028",,,,,"-0.028",,5,-5,0.923,0.07699999999999996,26,23,27,24,2,1,5,2,6,1,"3.03","0.97","-0.97","33.2",,,,,
"CU","2026-05-22","80.3","-2.58","5.68","Rodriguez, Grayson",679822,680570,"single","hit_into_play",,,,,8,"Justin Foscue singles on a line drive to left fielder Wade Meckler. Jake Burger to 2nd.","R","R","R","LAA","TEX","X",7,"line_drive",0,1,2026,"0.6","-0.6",-0.11108228851038116,1.7690621404182387,,,669394,2,4,"Top",44.49,107.7,,,,,4.301475848950915,-116.79443517539329,-0.4821022847538269,4.5488325600922295,24.699229521651397,-37.71893665137001,3.150672572,1.590059055,230,"90.6",16,"81.1",2680,"7.2",824029,681351,694384,672724,622268,687263,685133,545361,666176,"53.35",0.931,0.869,"0.9",1,1,0,4,34,2,"Curveball",6,1,1,6,1,6,1,6,"Standard","Standard",41,"-0.015","0.381","70.9","7.5",,1.08,"-0.381","90.6",5,-5,0.938,0.062000000000000055,26,27,27,27,2,1,5,2,6,1,"4.17","-0.6","-0.6","39.6",14.825326137614052,-10.955076278484395,33.3559732784429,32.65952879004011,39.33198542453498
"SL","2026-05-22","83.1","-2.78","5.59","Rodriguez, Grayson",679822,680570,,"called_strike",,,,,4,,"R","R","R","LAA","TEX","S",,,0,0,2026,"0.55","-0.2",-0.6758904101270626,2.5027328702269065,,,669394,2,4,"Top",,,,,,,3.6970327643187177,-120.96139204986144,0.031188353907146693,4.6280333539338265,24.856275665472232,-34.327278277348526,3.150672572,1.590059055,,,,"84",2399,"7",824029,681351,694384,672724,622268,687263,685133,545361,666176,"53.53",,,,,,,,34,1,"Slider",6,1,1,6,1,6,1,6,"Standard","Standard",87,"0.002","-0.042",,,,,"0.042",,5,-5,0.936,0.06399999999999995,26,27,27,27,2,1,5,2,6,1,"3.51","-0.55","-0.55","34.7",,,,,
"FF","2026-05-22","97.5","-2.5","5.65","Rodriguez, Grayson",696030,680570,"field_out","hit_into_play",,,,,5,"Alejandro Osuna flies out to left fielder Wade Meckler.","R","L","R","LAA","TEX","X",7,"fly_ball",0,2,2026,"-0.83","1.49",-0.03672180837406658,2.509715989670149,,,669394,1,4,"Top",70.62,80.01,,,,,8.602441114834182,-141.45873200974805,-6.144255917947717,-13.312386708496271,38.6648479470016,-11.023713239742555,3.073441601,1.551082677,325,"96.8",41,"98",2428,"7.2",824029,681351,694384,672724,622268,687263,685133,545361,666176,"53.33",0.051,0.087,"0",1,0,0,3,33,3,"4-Seam Fastball",6,1,1,6,1,6,1,6,"Standard","Standard",216,"0.01","-0.166","76.1","7.0",,0.169,"0.166","96.8",5,-5,0.926,0.07399999999999995,26,23,27,24,2,1,5,2,6,1,"0.96","0.83","-0.83","37.7",6.272949069575731,2.983218071428346,30.575965297532754,35.78392614145189,25.186115700322773
"CU","2026-05-22","78.9","-2.59","5.74","Rodriguez, Grayson",696030,680570,,"foul",,,,,1,,"R","L","R","LAA","TEX","S",,,0,1,2026,"0.51","-0.52",-0.8200310327975174,2.8269432025838506,,,669394,1,4,"Top",,,,,,,2.855441187482936,-114.81322794290709,1.8138398522371597,3.881622776788498,24.523870946330828,-37.392542219290796,3.073441601,1.551082677,123,"62.6",16,"79.4",2547,"7",824029,681351,694384,672724,622268,687263,685133,545361,666176,"53.51",,,,,,,,33,2,"Curveball",6,1,1,6,1,6,1,6,"Standard","Standard",50,"0.004","-0.055","65.5","6.9",,,"0.055","88.0",5,-5,0.922,0.07799999999999996,26,23,27,24,2,1,5,2,6,1,"4.23","-0.51","0.51","40.6",-6.251111826612791,17.49760311075576,19.88251560479894,45.67810652877439,14.218221055071153
"FF","2026-05-22","94.7","-2.75","5.54","Rodriguez, Grayson",696030,680570,,"called_strike",,,,,9,,"R","L","R","LAA","TEX","S",,,0,0,2026,"-0.66","1.4",0.30829835956753826,1.698126921042542,,,669394,1,4,"Top",,,,,,,9.526447948672622,-137.29604518753058,-7.302637805432526,-10.62569919602926,34.61934027984586,-12.931921423568513,3.073441601,1.551082677,,,,"95.5",2271,"7.3",824029,681351,694384,672724,622268,687263,685133,545361,666176,"53.2",,,,,,,,33,1,"4-Seam Fastball",6,1,1,6,1,6,1,6,"Standard","Standard",226,"0.003","-0.041",,,,,"0.041",,5,-5,0.919,0.08099999999999996,26,23,27,24,2,1,5,2,6,1,"1.19","0.66","-0.66","32.8",,,,,
"FF","2026-05-22","96.9","-2.59","5.5","Rodriguez, Grayson",669394,680570,"walk","ball",,,,,12,"Jake Burger walks.","R","R","R","LAA","TEX","B",,,3,2,2026,"-0.58","1.6",2.3558747890352327,2.758198922246758,,,,1,4,"Top",,,,,,,14.595691551949045,-140.13878538610425,-5.229912212327971,-11.450706126304885,38.00953852988823,-10.128363880148521,3.229658793,1.62992126,,,,"97.4",2357,"7.4",824029,681351,694384,672724,622268,687263,685133,545361,666176,"53.14",,0.698289,"0.7",1,0,0,,32,6,"4-Seam Fastball",6,1,1,6,1,6,1,6,"Standard","Standard",218,"-0.013","0.338",,,,,"-0.338",,5,-5,0.932,0.06799999999999995,26,30,27,30,2,1,5,2,6,1,"0.9","0.58","0.58","35.7",,,,,
"SL","2026-05-22","85.8","-2.69","5.62","Rodriguez, Grayson",669394,680570,,"called_strike",,,,,9,,"R","R","R","LAA","TEX","S",,,3,1,2026,"0.47","0.43",0.594513647090664,1.8946153881195285,,,,1,4,"Top",,,,,,,6.780515180924648,-124.80144607566594,-3.1906573144563444,3.4600572228147195,26.694337024722216,-27.231211775383375,3.229658793,1.62992126,,,,"86.7",2433,"7.1",824029,681351,694384,672724,622268,687263,685133,545361,666176,"53.45",,,,,,,,32,5,"Slider",6,1,1,6,1,6,1,6,"Infield shade","Standard",122,"0.004","-0.09",,,,,"0.09",,5,-5,0.928,0.07199999999999995,26,30,27,30,2,1,5,2,6,1,"2.68","-0.47","-0.47","34.6",,,,,
"FF","2026-05-22","96.1","-2.74","5.54","Rodriguez, Grayson",669394,680570,,"called_strike",,,,,6,,"R","R","R","LAA","TEX","S",,,3,0,2026,"-0.62","1.48",0.5921955534176933,2.726279291666092,,,,1,4,"Top",,,,,,,10.318386607627335,-139.33221632172587,-5.024849302119704,-10.718814751929632,37.00516618315082,-11.976279553819282,3.229658793,1.62992126,,,,"96.8",2296,"7.3",824029,681351,694384,672724,622268,687263,685133,545361,666176,"53.19",,,,,,,,32,4,"4-Seam Fastball",6,1,1,6,1,6,1,6,"Infield shade","Standard",216,"0.003","-0.084",,,,,"0.084",,5,-5,0.925,0.07499999999999996,26,30,27,30,2,1,5,2,6,1,"1.04","0.62","0.62","35.3",,,,,
"SL","2026-05-22","85","-2.86","5.63","Rodriguez, Grayson",669394,680570,,"ball",,,,,11,,"R","R","R","LAA","TEX","B",,,2,0,2026,"0.27","0.75",-0.7849403082134206,3.5966697651077535,,,,1,4,"Top",,,,,,,4.303611922961704,-123.69000103799081,0.2668054575027671,1.899704654916837,26.040305135525347,-24.82383989336686,3.229658793,1.62992126,,,,"86.1",2407,"7.1",824029,681351,694384,672724,622268,687263,685133,545361,666176,"53.35",,,,,,,,32,3,"Slider",6,1,1,6,1,6,1,6,"Standard","Standard",89,"-0.004","0.141",,,,,"-0.141",,5,-5,0.929,0.07099999999999995,26,30,27,30,2,1,5,2,6,1,"2.42","-0.27","-0.27","36.1",,,,,
"FF","2026-05-22","95.8","-2.8","5.47","Rodriguez, Grayson",669394,680570,,"ball",,,,,14,,"R","R","R","LAA","TEX","B",,,1,0,2026,"-0.53","1.38",2.005322845434157,2.1524252200437037,,,,1,4,"Top",,,,,,,13.924913859631214,-138.57683517962408,-6.084362530101516,-10.240985933642662,34.73355558224634,-13.1360656149767,3.229658793,1.62992126,,,,"96.6",2320,"7.3",824029,681351,694384,672724,622268,687263,685133,545361,666176,"53.18",,,,,,,,32,2,"4-Seam Fastball",6,1,1,6,1,6,1,6,"Standard","Standard",215,"-0.003","0.077",,,,,"-0.077",,5,-5,0.932,0.06799999999999995,26,30,27,30,2,1,5,2,6,1,"1.16","0.53","0.53","33.6",,,,,
"SL","2026-05-22","85.3","-2.79","5.6","Rodriguez, Grayson",669394,680570,,"ball",,,,,14,,"R","R","R","LAA","TEX","B",,,0,0,2026,"0.34","0.09",0.825603729314741,0.5405648878377742,,,,1,4,"Top",,,,,,,7.798132913995039,-123.96379168511139,-5.563620137986835,1.9210094258700472,25.04590353699351,-30.343003399112174,3.229658793,1.62992126,,,,"86.4",2443,"7.1",824029,681351,694384,672724,622268,687263,685133,545361,666176,"53.4",,,,,,,,32,1,"Slider",6,1,1,6,1,6,1,6,"Standard","Standard",95,"-0.002","0.043",,,,,"-0.043",,5,-5,0.934,0.06599999999999995,26,30,27,30,2,1,5,2,6,1,"3.06","-0.34","-0.34","37.3",,,,,
"CU","2026-05-22","79.4","-2.53","5.7","Rodriguez, Grayson",677649,680570,"field_out","hit_into_play",,,,,9,"Ezequiel Duran grounds out, shortstop Zach Neto to first baseman Nolan Schanuel.","R","R","R","LAA","TEX","X",6,"ground_ball",0,2,2026,"0.79","-0.78",0.5135275675736263,1.95438995269922,,,,0,4,"Top",115.07,159.27,,,,,5.1317442915489035,-115.4116332286555,0.4610230248692635,5.889931613601233,25.11449044980039,-39.446419578484246,3.126099081,1.57765748,5,"84.7",-23,"80.1",2590,"7.2",824029,681351,694384,672724,622268,687263,685133,545361,666176,"53.27",0.075,0.068,"0",1,0,0,2,31,3,"Curveball",6,1,1,6,1,6,1,6,"Standard","Standard",38,"0.008","-0.166","62.0","6.8",,0.09,"0.166","88.0",5,-5,0.926,0.07399999999999995,26,27,27,27,2,1,5,2,6,1,"4.46","-0.79","-0.79","40.4",2.502319326203863,5.372290357135043,26.77539438513003,38.91418614210198,27.355253888006605
"SL","2026-05-22","84.5","-2.77","5.57","Rodriguez, Grayson",677649,680570,,"swinging_strike",,,,,14,,"R","R","R","LAA","TEX","S",,,0,1,2026,"0.48","-0.04",0.5920296609401474,1.3128869789355897,,,,0,4,"Top",,,,,,,6.84560184062095,-122.89815338548567,-3.2269803683574763,3.4335914295267544,26.101179930074743,-32.10360493343992,3.126099081,1.57765748,,,,"85.4",2378,"7.1",824029,681351,694384,672724,622268,687263,685133,545361,666176,"53.42",,,,,,,,31,2,"Slider",6,1,1,6,1,6,1,6,"Standard","Standard",81,"0.003","-0.056","71.3","8.1","1.355899452",,"0.056",,5,-5,0.923,0.07699999999999996,26,27,27,27,2,1,5,2,6,1,"3.25","-0.48","-0.48","35.7",19.202891829750676,-21.550389992221138,32.27355477063343,38.2135502996545,49.885358829093235
"SL","2026-05-22","84.5","-2.72","5.58","Rodriguez, Grayson",677649,680570,,"called_strike",,,,,5,,"R","R","R","LAA","TEX","S",,,0,0,2026,"0.52","0.07",0.2602233821026331,2.1814093751820516,,,,0,4,"Top",,,,,,,5.879231922810768,-122.92966462510009,-1.466701597215205,4.091318442503037,25.325347587082238,-31.40455062571592,3.126099081,1.57765748,,,,"85.6",2394,"7.1",824029,681351,694384,672724,622268,687263,685133,545361,666176,"53.4",,,,,,,,31,1,"Slider",6,1,1,6,1,6,1,6,"Standard","Standard",102,"0.002","-0.043",,,,,"0.043",,5,-5,0.921,0.07899999999999996,26,27,27,27,2,1,5,2,6,1,"3.14","-0.52","-0.52","35.3",,,,,
"FF","2026-05-22","96.2","-2.67","5.52","Rodriguez, Grayson",607043,680570,"home_run","hit_into_play",,,,,5,"Brandon Nimmo homers (6) on a fly ball to center field.","R","L","R","LAA","TEX","X",,"fly_ball",3,1,2026,"-1","1.4",-0.21013689589093976,2.6502047831695856,,,,0,4,"Top",123.73,22.25,,,,,8.901586399125591,-139.71704006988955,-5.130730022521556,-15.042485192352112,31.419420402865068,-12.84633787173329,3.270029528,1.650295276,436,"108.7",23,"97.9",2248,"7.3",824029,681351,694384,672724,622268,687263,685133,545361,666176,"53.15",1,2,"2",1,0,3,6,30,5,"4-Seam Fastball",6,0,0,6,1,6,1,6,"Standard","Standard",227,"-0.023","0.919","74.9","6.8",,4,"-0.919","108.7",6,-6,0.944,0.05600000000000005,26,33,27,33,2,1,5,2,6,1,"1.07","1","-1","34.5",7.690149905807348,5.915639830867568,25.92835947352793,42.29134351425512,29.368483041625158
"FF","2026-05-22","95.4","-2.75","5.45","Rodriguez, Grayson",607043,680570,,"called_strike",,,,,8,,"R","L","R","LAA","TEX","S",,,3,0,2026,"-1.05","1.35",0.21725467664449183,1.6982300053785024,,,,0,4,"Top",,,,,,,10.280526875174635,-138.47235259173527,-7.19049940407774,-15.866945848741995,31.492151633026708,-13.326759529340263,3.270029528,1.650295276,,,,"96.9",2241,"7.3",824029,681351,694384,672724,622268,687263,685133,545361,666176,"53.17",,,,,,,,30,4,"4-Seam Fastball",6,0,0,6,0,6,0,6,"Standard","Standard",224,"0.003","-0.089",,,,,"0.089",,6,-6,0.941,0.05900000000000005,26,33,27,33,2,1,5,2,6,1,"1.17","1.05","-1.05","33.0",,,,,
"FF","2026-05-22","95.2","-2.69","5.54","Rodriguez, Grayson",607043,680570,,"ball",,,,,14,,"R","L","R","LAA","TEX","B",,,2,0,2026,"-0.94","1.33",0.8848946990883984,1.6828791953229576,,,,0,4,"Top",,,,,,,11.613207483143752,-137.99519472577092,-7.338973239094341,-14.70189304399283,31.872746246695478,-13.676408952132098,3.270029528,1.650295276,,,,"96.6",2213,"7.4",824029,681351,694384,672724,622268,687263,685133,545361,666176,"53.13",,,,,,,,30,3,"4-Seam Fastball",6,0,0,6,0,6,0,6,"Standard","Standard",218,"-0.005","0.155",,,,,"-0.155",,6,-6,0.946,0.05400000000000005,26,33,27,33,2,1,5,2,6,1,"1.22","0.94","-0.94","38.0",,,,,
"CU","2026-05-22","77","-2.6","5.81","Rodriguez, Grayson",607043,680570,,"ball",,,,,11,,"R","L","R","LAA","TEX","B",,,1,0,2026,"0.83","-0.96",-0.8973697943713903,4.403595570902403,,,,0,4,"Top",,,,,,,2.0637570682252657,-111.94240128269135,6.0802434393831675,6.589508267910537,20.952756845830752,-41.56594073167618,3.270029528,1.650295276,,,,"78",2465,"7.1",824029,681351,694384,672724,622268,687263,685133,545361,666176,"53.36",,,,,,,,30,2,"Curveball",6,0,0,6,0,6,0,6,"Standard","Standard",43,"-0.003","0.084",,,,,"-0.084",,6,-6,0.949,0.051000000000000045,26,33,27,33,2,1,5,2,6,1,"4.82","-0.83","0.83","41.2",,,,,
"FF","2026-05-22","94.8","-2.62","5.62","Rodriguez, Grayson",607043,680570,,"ball",,,,,11,,"R","L","R","LAA","TEX","B",,,0,0,2026,"-0.92","1.3",-1.9297992769977326,3.393443414165506,,,,0,4,"Top",,,,,,,3.9481257266973637,-137.94904123743288,-2.963397946745318,-12.676948396542523,31.79757552740733,-15.128026605282933,3.270029528,1.650295276,,,,"96.1",2167,"7.1",824029,681351,694384,672724,622268,687263,685133,545361,666176,"53.36",,,,,,,,30,1,"4-Seam Fastball",6,0,0,6,0,6,0,6,"Standard","Standard",225,"-0.002","0.044",,,,,"-0.044",,6,-6,0.951,0.049000000000000044,26,33,27,33,2,1,5,2,6,1,"1.24","0.92","-0.92","34.8",,,,,
"SL","2026-05-22","86.6","-2.54","5.7","Rodriguez, Grayson",673962,680570,"field_out","hit_into_play",,,,,3,"Josh Jung grounds out, third baseman Donovan Walton to first baseman Nolan Schanuel.","R","R","R","LAA","TEX","X",5,"ground_ball",2,1,2026,"0.37","0.36",0.27829050012334366,2.8333259078698925,,592626,,2,3,"Top",91.43,168.65,,,,,5.961307335999687,-125.99712361358344,-1.1554184320608858,2.6420216365543405,26.271938744555495,-28.370961130984213,3.26300853,1.646751969,2,"61",-52,"87.6",2425,"7",824029,681351,694384,672724,622268,687263,685133,545361,666176,"53.52",0.266,0.239,"0",1,0,0,2,22,4,"Slider",4,0,0,4,0,4,0,4,"Infield shade","Standard",132,"0.022","-0.291","78.8","7.4",,0.271,"0.291","88.0",4,-4,0.872,0.128,26,28,27,28,2,1,5,2,6,1,"2.69","-0.37","-0.37","35.1",20.308022129720733,-13.356083937897251,30.536628868897946,34.8083539670296,41.93576357551761
"FF","2026-05-22","97.3","-2.51","5.67","Rodriguez, Grayson",673962,680570,,"ball",,,,,14,,"R","R","R","LAA","TEX","B",,,1,1,2026,"-0.97","1.39",0.49372328568925794,0.9861489779853644,,592626,,2,3,"Top",,,,,,,10.35610550766055,-140.91813379786518,-10.056553972924398,-15.395630725818052,35.99774722817726,-11.414953535709612,3.26300853,1.646751969,,,,"98.1",2380,"7.3",824029,681351,694384,672724,622268,687263,685133,545361,666176,"53.21",,,,,,,,22,3,"4-Seam Fastball",4,0,0,4,0,4,0,4,"Standard","Standard",220,"-0.002","0.035",,,,,"-0.035",,4,-4,0.874,0.126,26,28,27,28,2,1,5,2,6,1,"1.07","0.97","0.97","40.6",,,,,
"FF","2026-05-22","96.4","-2.68","5.61","Rodriguez, Grayson",673962,680570,,"called_strike",,,,,9,,"R","R","R","LAA","TEX","S",,,1,0,2026,"-0.94","1.5",0.358437494410619,1.5445377348766631,,592626,,2,3,"Top",,,,,,,10.303075434351683,-139.7368995853425,-8.511690391286848,-14.801957007353527,35.17154413041292,-10.674017438378046,3.26300853,1.646751969,,,,"97.4",2393,"7.3",824029,681351,694384,672724,622268,687263,685133,545361,666176,"53.16",,,,,,,,22,2,"4-Seam Fastball",4,0,0,4,0,4,0,4,"Standard","Standard",221,"0.002","-0.05",,,,,"0.05",,4,-4,0.872,0.128,26,28,27,28,2,1,5,2,6,1,"1","0.94","0.94","35.8",,,,,
"SL","2026-05-22","84.4","-2.53","5.7","Rodriguez, Grayson",673962,680570,,"ball",,,,,14,,"R","R","R","LAA","TEX","B",,,0,0,2026,"0.61","0.17",0.7246347454152644,0.9182314635751219,,592626,,2,3,"Top",,,,,,,6.309324157867117,-122.71725515724691,-4.894586633507473,4.854836266607785,24.78402055068416,-29.63283750396675,3.26300853,1.646751969,,,,"85.4",2363,"7",824029,681351,694384,672724,622268,687263,685133,545361,666176,"53.49",,,,,,,,22,1,"Slider",4,0,0,4,0,4,0,4,"Standard","Standard",105,"-0.001","0.027",,,,,"-0.027",,4,-4,0.873,0.127,26,28,27,28,2,1,5,2,6,1,"3.04","-0.61","-0.61","36.8",,,,,
"FF","2026-05-22","98.2","-2.63","5.52","Rodriguez, Grayson",592626,680570,"double","hit_into_play",,,,,7,"Joc Pederson doubles (5) on a fly ball to third baseman Donovan Walton.","R","L","R","LAA","TEX","X",5,"fly_ball",1,2,2026,"-0.96","1.22",-0.4137310305765711,1.7416397397490206,,,,2,3,"Top",66.66,118.73,,,,,8.317618853637855,-142.43440182219027,-7.400946094687171,-15.091277781956268,37.57296385809203,-14.00848305219839,3.23667979,1.633464567,204,"84.1",61,"99.2",2231,"7.3",824029,681351,694384,672724,622268,687263,685133,545361,666176,"53.17",0.011,0.01,"1.25",1,1,1,3,21,4,"4-Seam Fastball",4,0,0,4,0,4,0,4,"Infield shade","Standard",223,"-0.016","0.631","74.7","7.9",,0.011,"-0.631","88.0",4,-4,0.889,0.11099999999999999,26,34,27,34,2,1,5,2,6,1,"1.19","0.96","-0.96","38.8",9.794906293537124,-6.507045682347595,35.07767991914353,36.909726905048686,28.65364515651678
"FF","2026-05-22","97.8","-2.74","5.52","Rodriguez, Grayson",592626,680570,,"called_strike",,,,,5,,"R","L","R","LAA","TEX","S",,,1,1,2026,"-0.87","1.43",0.14579369217020666,2.4258177871510833,,,,2,3,"Top",,,,,,,9.923585356768696,-141.8815539245038,-5.965899251648515,-14.349248145904069,39.18198845887414,-11.703758775679399,3.23667979,1.633464567,,,,"98.6",2257,"7.4",824029,681351,694384,672724,622268,687263,685133,545361,666176,"53.1",,,,,,,,21,3,"4-Seam Fastball",4,0,0,4,0,4,0,4,"Infield shade","Standard",214,"0.002","-0.069",,,,,"0.069",,4,-4,0.887,0.11299999999999999,26,34,27,34,2,1,5,2,6,1,"1.01","0.87","-0.87","33.4",,,,,
"FF","2026-05-22","97","-2.72","5.59","Rodriguez, Grayson",592626,680570,,"foul",,,,,1,,"R","L","R","LAA","TEX","S",,,1,0,2026,"-1.02","1.2",-0.6016495921439329,2.8519931767669355,,,,2,3,"Top",,,,,,,8.095754397034197,-140.8857103520024,-4.381538979522935,-15.507368246599894,34.807736585440516,-15.346876840567196,3.23667979,1.633464567,137,"87.6",74,"98.2",2318,"7.2",824029,681351,694384,672724,622268,687263,685133,545361,666176,"53.26",,,,,,,,21,2,"4-Seam Fastball",4,0,0,4,0,4,0,4,"Standard","Standard",221,"0.001","-0.055","74.8","7.2",,,"0.055","88.0",4,-4,0.886,0.11399999999999999,26,34,27,34,2,1,5,2,6,1,"1.24","1.02","-1.02","34.3",8.203898340768367,5.3988537118215865,24.163125534451734,38.72674139388846,27.659650495189645
"CU","2026-05-22","80","-2.67","5.75","Rodriguez, Grayson",592626,680570,,"ball",,,,,2,,"R","L","R","LAA","TEX","B",,,0,0,2026,"0.55","-0.95",-0.12414244860578832,3.287679147419621,,,,2,3,"Top",,,,,,,4.5476988780943834,-116.33552741956454,3.385073439194181,4.119380157357793,22.060843255728862,-41.661987683655525,3.23667979,1.633464567,,,,"81.1",2687,"7.1",824029,681351,694384,672724,622268,687263,685133,545361,666176,"53.41",,,,,,,,21,1,"Curveball",4,0,0,4,0,4,0,4,"Standard","Standard",44,"-0.001","0.041",,,,,"-0.041",,4,-4,0.887,0.11299999999999999,26,34,27,34,2,1,5,2,6,1,"4.52","-0.55","0.55","41.0",,,,,
"SL","2026-05-22","88.1","-2.73","5.61","Rodriguez, Grayson",643376,680570,"field_out","hit_into_play",,,,,9,"Danny Jansen flies out to center fielder Mike Trout.","R","R","R","LAA","TEX","X",8,"fly_ball",0,1,2026,"0.05","0.35",0.4553852931203929,1.8313616362106027,,,,1,3,"Top",132.44,89.96,,,,,7.660508867723982,-128.08897216713302,-3.6307943567565264,-1.026929262936792,25.671109305144043,-27.808313046697712,3.280561024,1.655610236,272,"82",41,"89.7",2519,"7.2",824029,681351,694384,672724,622268,687263,685133,545361,666176,"53.26",0.017,0.019,"0",1,0,0,3,20,2,"Slider",4,0,0,4,0,4,0,4,"Infield shade","Standard",123,"0.009","-0.222","66.3","7.0",,0.023,"0.222","88.0",4,-4,0.878,0.122,26,31,27,31,1,0,5,2,6,1,"2.59","-0.05","-0.05","36.1",8.991356076181248,5.33534753219273,26.96073237797831,39.66383393749583,33.44639532673443
"FF","2026-05-22","96.8","-2.76","5.57","Rodriguez, Grayson",643376,680570,,"called_strike",,,,,6,,"R","R","R","LAA","TEX","S",,,0,0,2026,"-0.89","1.33",0.6178034553389129,2.1780381341880184,,,,1,3,"Top",,,,,,,11.126830440023104,-140.35215292554994,-6.390949009595893,-14.405903027754839,34.79694569406425,-13.23370044268323,3.280561024,1.655610236,,,,"97.9",2059,"7.3",824029,681351,694384,672724,622268,687263,685133,545361,666176,"53.17",,,,,,,,20,1,"4-Seam Fastball",4,0,0,4,0,4,0,4,"Infield shade","Standard",224,"0.002","-0.042",,,,,"0.042",,4,-4,0.876,0.124,26,31,27,31,1,0,5,2,6,1,"1.14","0.89","0.89","35.0",,,,,
"FF","2026-05-22","98.5","-2.72","5.52","Rodriguez, Grayson",694497,680570,"strikeout","called_strike",,,,,7,"Evan Carter challenged (pitch result), call on the field was confirmed: Evan Carter called out on strikes.","R","L","R","LAA","TEX","S",2,,3,2,2026,"-0.83","1.4",-0.5996367796248587,1.8981251744852297,,,,0,3,"Top",,,,,,,7.766888690416995,-143.02573128697927,-7.512874265178095,-13.237427320780418,36.90276289592978,-11.412333927501956,3.315666011,1.673326772,,,,"99.6",2134,"7.3",824029,681351,694384,672724,622268,687263,685133,545361,666176,"53.19",,0,"0",1,0,0,,19,6,"4-Seam Fastball",4,0,0,4,0,4,0,4,"Infield shade","Standard",222,"0.023","-0.351",,,,,"0.351",,4,-4,0.853,0.14700000000000002,26,23,27,24,1,0,5,2,6,1,"0.99","0.83","-0.83","35.9",,,,,
"FF","2026-05-22","98.5","-2.68","5.66","Rodriguez, Grayson",694497,680570,,"ball",,,,,11,,"R","L","R","LAA","TEX","B",,,2,2,2026,"-0.74","1.37",-0.11226937387748026,3.873362025118114,,,,0,3,"Top",,,,,,,8.795187966705704,-143.18707749236142,-2.465927818924853,-12.361522855027458,36.03666346848922,-12.980053565640898,3.315666011,1.673326772,,,,"99.8",2205,"7.2",824029,681351,694384,672724,622268,687263,685133,545361,666176,"53.25",,,,,,,,19,5,"4-Seam Fastball",4,0,0,4,0,4,0,4,"Infield shade","Standard",225,"-0.008","0.115",,,,,"-0.115",,4,-4,0.861,0.139,26,23,27,24,1,0,5,2,6,1,"1","0.74","-0.74","36.9",,,,,
"FF","2026-05-22","96.5","-2.72","5.58","Rodriguez, Grayson",694497,680570,,"called_strike",,,,,8,,"R","L","R","LAA","TEX","S",,,2,1,2026,"-0.79","1.32",-0.08118622180276203,2.0470000508035167,,,,0,3,"Top",,,,,,,8.933595232995915,-140.13458793090638,-6.74003845269804,-12.47527099207128,33.078918904662466,-13.417589400915345,3.315666011,1.673326772,,,,"98.1",2172,"7.4",824029,681351,694384,672724,622268,687263,685133,545361,666176,"53.07",,,,,,,,19,4,"4-Seam Fastball",4,0,0,4,0,4,0,4,"Standard","Standard",213,"0.006","-0.08",,,,,"0.08",,4,-4,0.855,0.14500000000000002,26,23,27,24,1,0,5,2,6,1,"1.15","0.79","-0.79","35.6",,,,,
"CH","2026-05-22","82.1","-2.73","5.72","Rodriguez, Grayson",694497,680570,,"ball",,,,,14,,"R","L","R","LAA","TEX","B",,,1,1,2026,"-1.08","0.59",0.8319815471100549,1.6870577848848631,,,,0,3,"Top",,,,,,,10.273239818341576,-119.12558367248435,-3.535086829138505,-12.28456047226452,22.56529747989953,-26.032128403983485,3.315666011,1.673326772,,,,"83.5",1700,"7.3",824029,681351,694384,672724,622268,687263,685133,545361,666176,"53.16",,,,,,,,19,3,"Changeup",4,0,0,4,0,4,0,4,"Standard","Standard",248,"-0.004","0.064",,,,,"-0.064",,4,-4,0.859,0.14100000000000001,26,23,27,24,1,0,5,2,6,1,"2.81","1.08","-1.08","34.7",,,,,
"CH","2026-05-22","83.7","-2.67","5.65","Rodriguez, Grayson",694497,680570,,"ball",,,,,11,,"R","L","R","LAA","TEX","B",,,0,1,2026,"-0.95","0.67",-0.02257658654799921,3.813770091873776,,,,0,3,"Top",,,,,,,8.098511292116797,-121.6353238679216,1.060061272797167,-10.983239978815753,23.65691304180129,-25.91731215137303,3.315666011,1.673326772,,,,"85.3",1663,"7.4",824029,681351,694384,672724,622268,687263,685133,545361,666176,"53.1",,,,,,,,19,2,"Changeup",4,0,0,4,0,4,0,4,"Standard","Standard",249,"-0.002","0.03",,,,,"-0.03",,4,-4,0.861,0.139,26,23,27,24,1,0,5,2,6,1,"2.59","0.95","-0.95","39.7",,,,,
"FF","2026-05-22","94.7","-2.7","5.58","Rodriguez, Grayson",694497,680570,,"called_strike",,,,,7,,"R","L","R","LAA","TEX","S",,,0,0,2026,"-0.92","1.43",-0.5876844083817049,2.144368563695583,,,,0,3,"Top",,,,,,,7.676491292263053,-137.50010841815626,-6.384937955299898,-13.4584380573951,33.259091498083066,-12.736565830899362,3.315666011,1.673326772,,,,"95.9",2136,"7.3",824029,681351,694384,672724,622268,687263,685133,545361,666176,"53.17",,,,,,,,19,1,"4-Seam Fastball",4,0,0,4,0,4,0,4,"Standard","Standard",217,"0.003","-0.043",,,,,"0.043",,4,-4,0.858,0.14200000000000002,26,23,27,24,1,0,5,2,6,1,"1.14","0.92","-0.92","37.0",,,,,
"FF","2026-05-22","97.3","-2.29","5.76","Rodriguez, Grayson",679822,680570,"strikeout","swinging_strike",,,,,2,"Justin Foscue strikes out swinging.","R","R","R","LAA","TEX","S",2,,0,2,2026,"-0.89","1.5",0.26593265878997707,3.07336371583954,,,696030,2,2,"Top",,,,,,,8.97506636601175,-141.17908731842317,-4.93558439601422,-14.069732497697204,36.97001134909617,-11.299686400735775,3.150672572,1.590059055,,,,"98",2410,"7.2",824029,681351,694384,672724,622268,687263,685133,545361,666176,"53.31",,0,"0",1,0,0,,15,5,"4-Seam Fastball",4,0,0,4,0,4,0,4,"Standard","Standard",223,"0.01","-0.175","69.0","5.8","0.975578328",,"0.175",,4,-4,0.868,0.132,26,27,27,27,1,0,5,2,6,1,"0.96","0.89","0.89","39.9",-2.6307173518896034,32.408561136220804,27.882347793119102,38.65794520672253,16.169258324189972
"CU","2026-05-22","78.8","-2.36","5.84","Rodriguez, Grayson",679822,680570,,"foul",,,,,2,,"R","R","R","LAA","TEX","S",,,0,2,2026,"0.63","-0.93",0.14948291612019732,2.6736229420580893,,,696030,2,2,"Top",,,,,,,4.253153467813283,-114.5855106098094,2.045462366733767,4.662137066616663,23.597791783080652,-40.96613114002547,3.150672572,1.590059055,5,"86.7",-29,"79.7",2635,"7.2",824029,681351,694384,672724,622268,687263,685133,545361,666176,"53.3",,,,,,,,15,4,"Curveball",4,0,0,4,0,4,0,4,"Standard","Standard",37,"0","0","69.6","7.8",,,"0","88.0",4,-4,0.868,0.132,26,27,27,27,1,0,5,2,6,1,"4.64","-0.63","-0.63","46.8",17.138392898065767,-25.597104801869065,22.472831024398673,35.90215490287151,45.581031737672376
"SL","2026-05-22","83.6","-2.58","5.8","Rodriguez, Grayson",679822,680570,,"foul",,,,,6,,"R","R","R","LAA","TEX","S",,,0,2,2026,"0.43","-0.14",0.40216167919581486,2.5012655385199327,,,696030,2,2,"Top",,,,,,,6.0063170763416185,-121.59095148259465,-0.6027805116137073,2.8959905570638784,26.257241405550847,-33.66226225097475,3.150672572,1.590059055,88,"73.9",76,"84.4",2404,"7",824029,681351,694384,672724,622268,687263,685133,545361,666176,"53.46",,,,,,,,15,3,"Slider",4,0,0,4,0,4,0,4,"Standard","Standard",79,"0","0","75.2","7.2",,,"0","88.0",4,-4,0.868,0.132,26,27,27,27,1,0,5,2,6,1,"3.43","-0.43","-0.43","39.1",8.84836634131198,-5.158582411827243,23.85891122009614,39.408866442696024,33.74942251013201
"SL","2026-05-22","84.3","-2.51","5.73","Rodriguez, Grayson",679822,680570,,"swinging_strike",,,,,14,,"R","R","R","LAA","TEX","S",,,0,1,2026,"0.5","0.05",0.12740121622112605,1.122277055427431,,,696030,2,2,"Top",,,,,,,5.116608994088975,-122.57621668366791,-4.117348626161613,3.8131441713371164,27.402080524711963,-31.02217729828781,3.150672572,1.590059055,,,,"85",2372,"7.1",824029,681351,694384,672724,622268,687263,685133,545361,666176,"53.45",,,,,,,,15,2,"Slider",4,0,0,4,0,4,0,4,"Standard","Standard",100,"0.004","-0.063","69.8","8.6","7.45588932",,"0.063",,4,-4,0.864,0.136,26,27,27,27,1,0,5,2,6,1,"3.2","-0.5","-0.5","37.8",30.02326234516681,-49.89835113680226,33.96623481472247,34.66370076734694,59.83974929967944
"FF","2026-05-22","94.8","-2.41","5.66","Rodriguez, Grayson",679822,680570,,"foul",,,,,9,,"R","R","R","LAA","TEX","S",,,0,0,2026,"-0.7","1.29",0.526163581232836,1.9137018578428038,,,696030,2,2,"Top",,,,,,,9.298394964967594,-137.49266914934333,-6.823568704860085,-11.121751791675658,35.084261170446204,-14.437803813491382,3.150672572,1.590059055,70,"80.8",86,"95.6",2278,"7.3",824029,681351,694384,672724,622268,687263,685133,545361,666176,"53.21",,,,,,,,15,1,"4-Seam Fastball",4,0,0,4,0,4,0,4,"Standard","Standard",218,"0.002","-0.042","70.9","7.9",,,"0.042","88.0",4,-4,0.862,0.138,26,27,27,27,1,0,5,2,6,1,"1.3","0.7","0.7","36.8",17.61069662567849,-15.00214266186429,28.632912975985448,40.19962206832737,42.14145280173451
"FF","2026-05-22","97.5","-2.55","5.67","Rodriguez, Grayson",696030,680570,"single","hit_into_play",,,,,5,"Alejandro Osuna singles on a sharp line drive to center fielder Mike Trout.","R","L","R","LAA","TEX","X",8,"line_drive",0,1,2026,"-1.08","1.15",0.2654444965134286,2.32471135694255,,,,2,2,"Top",102.87,66.21,,,,,10.160872475440677,-141.46504075686423,-6.008359885686241,-16.932475554218694,34.21872430677335,-15.444152374694692,3.073441601,1.551082677,285,"104.6",11,"98.7",2356,"7.3",824029,681351,694384,672724,622268,687263,685133,545361,666176,"53.24",0.931,0.906,"0.9",1,1,0,4,14,2,"4-Seam Fastball",4,0,0,4,0,4,0,4,"Standard","Standard",217,"-0.01","0.382","70.4","6.5",,1.159,"-0.382","104.6",4,-4,0.872,0.128,26,23,27,24,1,0,5,2,6,1,"1.27","1.08","-1.08","35.6",0.822734177484899,7.857496014837613,32.5611598538375,32.56745193337076,22.352502284398692
"FF","2026-05-22","97.2","-2.53","5.61","Rodriguez, Grayson",696030,680570,,"called_strike",,,,,8,,"R","L","R","LAA","TEX","S",,,0,0,2026,"-1.03","1.22",0.12938751845068586,1.8114737121669062,,,,2,2,"Top",,,,,,,9.56557337975453,-140.99890313918766,-7.296064715143557,-15.93016909167479,34.20158964758779,-14.411124672579211,3.073441601,1.551082677,,,,"98.4",2325,"7.3",824029,681351,694384,672724,622268,687263,685133,545361,666176,"53.24",,,,,,,,14,1,"4-Seam Fastball",4,0,0,4,0,4,0,4,"Standard","Standard",222,"0.001","-0.044",,,,,"0.044",,4,-4,0.871,0.129,26,23,27,24,1,0,5,2,6,1,"1.23","1.03","-1.03","36.7",,,,,
"CU","2026-05-22","79.3","-2.54","5.86","Rodriguez, Grayson",669394,680570,"strikeout","swinging_strike",,,,,14,"Jake Burger strikes out swinging.","R","R","R","LAA","TEX","S",2,,0,2,2026,"0.66","-1.09",0.5181119897202865,0.9473645394131163,,,,1,2,"Top",,,,,,,5.41504908883824,-115.31009995603117,-1.5316180117513807,4.701009481391781,24.342307815486187,-41.714491635864945,3.229658793,1.62992126,,,,"79.9",2767,"7.1",824029,681351,694384,672724,622268,687263,685133,545361,666176,"53.44",,0,"0",1,0,0,,13,3,"Curveball",4,0,0,4,0,4,0,4,"Standard","Standard",33,"0.007","-0.165","74.4","8.7","5.057179488",,"0.165",,4,-4,0.864,0.136,26,30,27,30,1,0,5,2,6,1,"4.76","-0.66","-0.66","41.4",19.560335809606418,-35.62016756698673,28.633979345663814,41.74574355237865,51.69394446720223
"SL","2026-05-22","84.7","-2.85","5.69","Rodriguez, Grayson",669394,680570,,"foul",,,,,7,,"R","R","R","LAA","TEX","S",,,0,1,2026,"0.48","-0.27",-0.7843752092835241,2.0457232579725337,,,,1,2,"Top",,,,,,,3.83781569991292,-123.23096054341819,-1.3456260707087973,3.9989468641770887,26.603694908831677,-34.859593240301784,3.229658793,1.62992126,197,"111.3",10,"85.6",2315,"7.1",824029,681351,694384,672724,622268,687263,685133,545361,666176,"53.44",,,,,,,,13,2,"Slider",4,0,0,4,0,4,0,4,"Standard","Standard",76,"0.003","-0.057","77.7","8.5",,,"0.057","111.3",4,-4,0.861,0.139,26,30,27,30,1,0,5,2,6,1,"3.47","-0.48","-0.48","38.3",18.069869121062876,-39.84681488662218,24.524719908027716,28.213374806253007,48.96244977660191
"SL","2026-05-22","84.7","-2.67","5.67","Rodriguez, Grayson",669394,680570,,"called_strike",,,,,5,,"R","R","R","LAA","TEX","S",,,0,0,2026,"0.52","0.02",-0.12059398357740853,2.157061294330881,,,,1,2,"Top",,,,,,,4.8838145690367,-123.28443965443883,-1.6597828014878315,4.265502910286126,25.549442148579598,-31.88998984189001,3.229658793,1.62992126,,,,"85.8",2343,"7.1",824029,681351,694384,672724,622268,687263,685133,545361,666176,"53.42",,,,,,,,13,1,"Slider",4,0,0,4,0,4,0,4,"Standard","Standard",99,"0.002","-0.042",,,,,"0.042",,4,-4,0.859,0.14100000000000001,26,30,27,30,1,0,5,2,6,1,"3.17","-0.52","-0.52","35.0",,,,,
"FF","2026-05-22","97.6","-2.59","5.61","Rodriguez, Grayson",677649,680570,"strikeout","foul_tip",,,,,1,"Ezequiel Duran strikes out on a foul tip.","R","R","R","LAA","TEX","S",2,,2,2,2026,"-0.6","1.29",-0.7046328946716636,2.99770021638468,,,,0,2,"Top",,,,,,,6.525333818134364,-141.925161105159,-4.382898552832954,-9.663120139573726,35.5972960106468,-13.936627260316392,3.126099081,1.57765748,,,,"99",2245,"7.3",824029,681351,694384,672724,622268,687263,685133,545361,666176,"53.19",,0,"0",1,0,0,,12,8,"4-Seam Fastball",4,0,0,4,0,4,0,4,"Standard","Standard",220,"0.014","-0.235","71.0","5.9",,,"0.235",,4,-4,0.845,0.15500000000000003,26,27,27,27,1,0,5,2,6,1,"1.12","0.6","0.6","36.0",-2.3207941668123935,17.523319987143104,28.99014511238085,24.347411396245874,22.882833208442733
"CU","2026-05-22","79","-2.48","5.79","Rodriguez, Grayson",677649,680570,,"ball",,,,,11,,"R","R","R","LAA","TEX","B",,,1,2,2026,"0.43","-1.12",-1.7464515028692096,2.622773522542449,,,,0,2,"Top",,,,,,,0.7665449324220563,-114.96607952524772,2.392918416640981,3.6444139765803536,24.72998146179575,-42.70899204727481,3.126099081,1.57765748,,,,"79.7",2564,"7.1",824029,681351,694384,672724,622268,687263,685133,545361,666176,"53.4",,,,,,,,12,7,"Curveball",4,0,0,4,0,4,0,4,"Standard","Standard",46,"-0.002","0.047",,,,,"-0.047",,4,-4,0.847,0.15300000000000002,26,27,27,27,1,0,5,2,6,1,"4.82","-0.43","-0.43","41.5",,,,,
"CU","2026-05-22","79.8","-2.4","5.88","Rodriguez, Grayson",677649,680570,,"ball",,,,,11,,"R","R","R","LAA","TEX","B",,,0,2,2026,"0.49","-1.21",-1.238134460033739,4.281965073168502,,,,0,2,"Top",,,,,,,1.5994638161269366,-115.844296283692,5.937211479622672,4.030157801698878,25.0338583570366,-44.508783315070175,3.126099081,1.57765748,,,,"80.3",2645,"7.1",824029,681351,694384,672724,622268,687263,685133,545361,666176,"53.38",,,,,,,,12,6,"Curveball",4,0,0,4,0,4,0,4,"Standard","Standard",36,"-0.002","0.023",,,,,"-0.023",,4,-4,0.849,0.15100000000000002,26,27,27,27,1,0,5,2,6,1,"4.86","-0.49","-0.49","41.1",,,,,
"FF","2026-05-22","97.7","-2.52","5.74","Rodriguez, Grayson",677649,680570,,"foul",,,,,12,,"R","R","R","LAA","TEX","S",,,0,2,2026,"-0.79","1.23",0.854818769713238,3.2059490117995915,,,,0,2,"Top",,,,,,,10.973400769658873,-141.75297661170546,-3.9930984276363692,-13.27937918653083,35.86085394456877,-14.849044364018175,3.126099081,1.57765748,344,"97.6",29,"98.7",2198,"7.2",824029,681351,694384,672724,622268,687263,685133,545361,666176,"53.27",,,,,,,,12,5,"4-Seam Fastball",4,0,0,4,0,4,0,4,"Standard","Standard",215,"0","0","59.3","6.3",,,"0","97.6",4,-4,0.849,0.15100000000000002,26,27,27,27,1,0,5,2,6,1,"1.19","0.79","0.79","38.1",8.994763465932888,33.87928710620382,15.209359366268037,43.56484328844651,18.500896693245966
"SL","2026-05-22","83.9","-2.71","5.65","Rodriguez, Grayson",677649,680570,,"foul",,,,,2,,"R","R","R","LAA","TEX","S",,,0,2,2026,"0.53","-0.4",-0.0794395220529685,2.7876689136158985,,,,0,2,"Top",,,,,,,4.996824943620289,-122.01059334493262,0.893495631008165,4.110027724348474,27.00818507467664,-36.573389481499675,3.126099081,1.57765748,97,"67.1",74,"84.6",2383,"7",824029,681351,694384,672724,622268,687263,685133,545361,666176,"53.46",,,,,,,,12,4,"Slider",4,0,0,4,0,4,0,4,"Infield shade","Standard",85,"0","0","71.1","6.4",,,"0","88.0",4,-4,0.849,0.15100000000000002,26,27,27,27,1,0,5,2,6,1,"3.68","-0.53","-0.53","39.1",-0.00919870020486747,0.9966473249906898,24.424177851060374,30.66533492610315,32.33945689999795
"FF","2026-05-22","97.2","-2.41","5.72","Rodriguez, Grayson",677649,680570,,"foul",,,,,2,,"R","R","R","LAA","TEX","S",,,0,2,2026,"-0.93","1.34",0.1986373307166398,3.2224013534715157,,,,0,2,"Top",,,,,,,9.195617852880698,-141.18719847446542,-4.107757352684296,-14.632769526475107,35.209518152571135,-13.522451064516945,3.126099081,1.57765748,213,"75.8",48,"98.1",2312,"7.1",824029,681351,694384,672724,622268,687263,685133,545361,666176,"53.37",,,,,,,,12,3,"4-Seam Fastball",4,0,0,4,0,4,0,4,"Standard","Standard",221,"0","0","67.5","6.0",,,"0","88.0",4,-4,0.849,0.15100000000000002,26,27,27,27,1,0,5,2,6,1,"1.1","0.93","0.93","34.7",-5.59845154915365,26.838548707634082,20.964010951506864,36.02456802578083,20.87157009776403
"FF","2026-05-22","95.4","-2.76","5.55","Rodriguez, Grayson",677649,680570,,"swinging_strike",,,,,7,,"R","R","R","LAA","TEX","S",,,0,1,2026,"-1.07","1.14",-0.48112454382800496,1.845922461982068,,,,0,2,"Top",,,,,,,8.515991257810187,-138.4265517663908,-6.504746316354051,-15.78054711438396,34.87254410693839,-16.161876507313465,3.126099081,1.57765748,,,,"96.3",2303,"7.3",824029,681351,694384,672724,622268,687263,685133,545361,666176,"53.23",,,,,,,,12,2,"4-Seam Fastball",4,0,0,4,0,4,0,4,"Standard","Standard",219,"0.004","-0.056","74.5","6.6","0.40190028",,"0.056",,4,-4,0.845,0.15500000000000003,26,27,27,27,1,0,5,2,6,1,"1.4","1.07","1.07","33.2",-14.198757236247767,15.335929134700674,45.51843858794591,27.599651916541738,19.14547227382734
"FF","2026-05-22","93.5","-2.71","5.59","Rodriguez, Grayson",677649,680570,,"called_strike",,,,,14,,"R","R","R","LAA","TEX","S",,,0,0,2026,"-1.27","1.27",0.15230053192032655,1.4112188378932602,,,,0,2,"Top",,,,,,,10.267417971807598,-135.40934989100506,-7.601865112831951,-18.039467688216348,34.598202371226655,-14.903914281739683,3.126099081,1.57765748,,,,"94.1",2222,"7.3",824029,681351,694384,672724,622268,687263,685133,545361,666176,"53.24",,,,,,,,12,1,"4-Seam Fastball",4,0,0,4,0,4,0,4,"Standard","Standard",217,"0.003","-0.043",,,,,"0.043",,4,-4,0.842,0.15800000000000003,26,27,27,27,1,0,5,2,6,1,"1.4","1.27","1.27","32.4",,,,,
"FF","2026-05-22","97.8","-2.65","5.48","Rodriguez, Grayson",607043,680570,"field_out","hit_into_play",,,,,9,"Brandon Nimmo flies out to left fielder Wade Meckler in foul territory.","R","L","R","LAA","TEX","X",7,"fly_ball",3,2,2026,"-0.77","1.16",0.554150717034166,1.6773998915179518,,,,2,1,"Top",47,131.82,,,,,10.532459787813025,-141.89858842608567,-7.315943315272727,-12.95117212981264,35.11639326760752,-14.935766227763645,3.270029528,1.650295276,257,"81.1",38,"99.1",2232,"7.4",824029,681351,694384,672724,622268,687263,685133,545361,666176,"53.12",0.023,0.024,"0",1,0,0,3,3,6,"4-Seam Fastball",0,0,0,0,0,0,0,0,"Infield shade","Standard",221,"0.012","-0.307","73.3","6.8",,0.036,"0.307","88.0",0,0,0.536,0.46399999999999997,26,33,27,33,1,0,5,2,6,1,"1.25","0.77","-0.77","32.5",-0.5682162384686728,6.171059003296022,42.15702804816563,32.080138552137456,23.596763040979262
"CH","2026-05-22","83.7","-2.58","5.6","Rodriguez, Grayson",607043,680570,,"ball",,,,,11,,"R","L","R","LAA","TEX","B",,,2,2,2026,"-0.81","0.55",-1.026855956015282,3.9030010921806606,,,,2,1,"Top",,,,,,,5.2584001813099555,-121.89255838133485,1.583246740096011,-9.077211245888948,23.0542934696579,-27.20790314898707,3.270029528,1.650295276,,,,"85.4",1639,"7.3",824029,681351,694384,672724,622268,687263,685133,545361,666176,"53.23",,,,,,,,3,5,"Changeup",0,0,0,0,0,0,0,0,"Standard","Standard",257,"-0.004","0.086",,,,,"-0.086",,0,0,0.54,0.45999999999999996,26,33,27,33,1,0,5,2,6,1,"2.69","0.81","-0.81","35.4",,,,,
"CU","2026-05-22","80.3","-2.66","5.66","Rodriguez, Grayson",607043,680570,,"called_strike",,,,,1,,"R","L","R","LAA","TEX","S",,,2,1,2026,"0.42","-1.04",-0.46735571567323225,3.0164054593499916,,,,2,1,"Top",,,,,,,4.047754466320795,-116.8414487926151,3.1500122164472044,2.995585186639302,23.3969511143003,-42.506622418745856,3.270029528,1.650295276,,,,"81.3",2564,"7.1",824029,681351,694384,672724,622268,687263,685133,545361,666176,"53.38",,,,,,,,3,4,"Curveball",0,0,0,0,0,0,0,0,"Infield shade","Standard",39,"0.003","-0.083",,,,,"0.083",,0,0,0.537,0.46299999999999997,26,33,27,33,1,0,5,2,6,1,"4.59","-0.42","0.42","39.1",,,,,
"FF","2026-05-22","97.3","-2.57","5.57","Rodriguez, Grayson",607043,680570,,"ball",,,,,14,,"R","L","R","LAA","TEX","B",,,1,1,2026,"-0.61","1.29",1.4189595203857739,1.5318034329446801,,,,2,1,"Top",,,,,,,12.195112984299506,-140.98866128821797,-8.170024698762878,-10.998990037135147,32.56277277926703,-13.195016117230818,3.270029528,1.650295276,,,,"98.8",2209,"7.4",824029,681351,694384,672724,622268,687263,685133,545361,666176,"53.09",,,,,,,,3,3,"4-Seam Fastball",0,0,0,0,0,0,0,0,"Infield shade","Standard",221,"-0.001","0.057",,,,,"-0.057",,0,0,0.538,0.46199999999999997,26,33,27,33,1,0,5,2,6,1,"1.14","0.61","-0.61","36.8",,,,,
"CU","2026-05-22","80.3","-2.79","5.72","Rodriguez, Grayson",607043,680570,,"called_strike",,,,,8,,"R","L","R","LAA","TEX","S",,,1,0,2026,"0.43","-0.96",0.26517756883389243,1.7947328662883413,,,,2,1,"Top",,,,,,,5.9125732421522965,-116.70873273589415,0.19474785857051113,2.7144824661640787,24.277081422882087,-41.11999350947216,3.270029528,1.650295276,,,,"81",2588,"7.1",824029,681351,694384,672724,622268,687263,685133,545361,666176,"53.41",,,,,,,,3,2,"Curveball",0,0,0,0,0,0,0,0,"Standard","Standard",37,"0.001","-0.055",,,,,"0.055",,0,0,0.537,0.46299999999999997,26,33,27,33,1,0,5,2,6,1,"4.53","-0.43","0.43","38.8",,,,,
"FF","2026-05-22","95.9","-2.81","5.51","Rodriguez, Grayson",607043,680570,,"ball",,,,,4,,"R","L","R","LAA","TEX","B",,,0,0,2026,"-0.77","1.19",-0.7379232446579767,2.2515422439060844,,,,2,1,"Top",,,,,,,7.309661778170172,-139.42451655959235,-5.609993425698737,-11.707685112226399,33.74841334751926,-15.536154695558341,3.270029528,1.650295276,,,,"97.4",2152,"7.4",824029,681351,694384,672724,622268,687263,685133,545361,666176,"53.15",,,,,,,,3,1,"4-Seam Fastball",0,0,0,0,0,0,0,0,"Standard","Standard",220,"-0.001","0.041",,,,,"-0.041",,0,0,0.538,0.46199999999999997,26,33,27,33,1,0,5,2,6,1,"1.31","0.77","-0.77","31.6",,,,,
"FF","2026-05-22","95.9","-2.68","5.57","Rodriguez, Grayson",673962,680570,"grounded_into_double_play","hit_into_play",,,,,4,"Josh Jung grounds into a double play, shortstop Zach Neto to second baseman Oswald Peraza to first baseman Nolan Schanuel. Joc Pederson out at 2nd. Josh Jung out at 1st.","R","R","R","LAA","TEX","X",6,"ground_ball",0,0,2026,"-0.92","1.16",-0.5059146979418497,2.3142073163781207,,,592626,0,1,"Top",109.63,151.4,,,,,7.917794311109477,-139.20149834047862,-5.440067042251906,-13.845680656220829,36.33035321354758,-16.046624224396556,3.26300853,1.646751969,23,"83",-4,"96.8",2262,"7.3",824029,681351,694384,672724,622268,687263,685133,545361,666176,"53.18",0.153,0.138,"0",1,0,0,2,2,1,"4-Seam Fastball",0,0,0,0,0,0,0,0,"Standard","Standard",223,"0.074","-0.358","76.3","6.8",,0.166,"0.358","88.0",0,0,0.464,0.536,26,28,27,28,1,0,5,2,6,1,"1.36","0.92","0.92","33.9",7.358840631445575,8.217108884385095,43.32247555384652,25.484193066022435,28.06734603112126
"FF","2026-05-22","95.7","-2.65","5.51","Rodriguez, Grayson",592626,680570,"walk","ball",,,,,14,"Joc Pederson walks.","R","L","R","LAA","TEX","B",,,3,0,2026,"-0.74","1.27",1.0387414238754193,0.7798326621367235,,,,0,1,"Top",,,,,,,11.471673129142568,-138.62716275700961,-9.605654438772202,-12.194923030759824,33.24918565036963,-13.675611834205357,3.23667979,1.633464567,,,,"96.9",2254,"7.4",824029,681351,694384,672724,622268,687263,685133,545361,666176,"53.12",,0.698289,"0.7",1,0,0,,1,4,"4-Seam Fastball",0,0,0,0,0,0,0,0,"Standard","Standard",222,"-0.014","0.175",,,,,"-0.175",,0,0,0.478,0.522,26,34,27,34,1,0,5,2,6,1,"1.26","0.74","-0.74","35.3",,,,,
"FF","2026-05-22","94.5","-2.8","5.51","Rodriguez, Grayson",592626,680570,,"ball",,,,,13,,"R","L","R","LAA","TEX","B",,,2,0,2026,"-0.78","1.2",-0.9108862301534233,1.927403976208985,,,,0,1,"Top",,,,,,,6.717775677217964,-137.22580991126924,-6.137050303554026,-11.38418692879888,34.01096629504547,-15.856375344331399,3.23667979,1.633464567,,,,"95.4",2268,"7.2",824029,681351,694384,672724,622268,687263,685133,545361,666176,"53.31",,,,,,,,1,3,"4-Seam Fastball",0,0,0,0,0,0,0,0,"Standard","Standard",218,"-0.011","0.155",,,,,"-0.155",,0,0,0.489,0.511,26,34,27,34,1,0,5,2,6,1,"1.39","0.78","-0.78","33.1",,,,,
"FF","2026-05-22","94.7","-2.72","5.58","Rodriguez, Grayson",592626,680570,,"ball",,,,,14,,"R","L","R","LAA","TEX","B",,,1,0,2026,"-0.8","1.31",0.3970085172942922,0.9378529224531365,,,,0,1,"Top",,,,,,,10.005168238204481,-137.2818300100105,-9.24630532750098,-12.401627486159803,32.32197215638334,-13.648483787364068,3.23667979,1.633464567,,,,"95.9",2251,"7.3",824029,681351,694384,672724,622268,687263,685133,545361,666176,"53.19",,,,,,,,1,2,"4-Seam Fastball",0,0,0,0,0,0,0,0,"Standard","Standard",221,"-0.007","0.084",,,,,"-0.084",,0,0,0.496,0.504,26,34,27,34,1,0,5,2,6,1,"1.27","0.8","-0.8","36.9",,,,,
"FF","2026-05-22","96","-2.66","5.63","Rodriguez, Grayson",592626,680570,,"ball",,,,,11,,"R","L","R","LAA","TEX","B",,,0,0,2026,"-0.87","1.28",-1.8656315081440584,2.490071879543733,,,,0,1,"Top",,,,,,,4.17222592826737,-139.69446386355196,-5.489095367293464,-12.403566562976435,34.24497909874904,-14.446251987836657,3.23667979,1.633464567,,,,"97.4",2320,"7.3",824029,681351,694384,672724,622268,687263,685133,545361,666176,"53.24",,,,,,,,1,1,"4-Seam Fastball",0,0,0,0,0,0,0,0,"Standard","Standard",220,"-0.004","0.044",,,,,"-0.044",,0,0,0.5,0.5,26,34,27,34,1,0,5,2,6,1,"1.21","0.87","-0.87","34.8",,,,,
"FF","2026-05-17","96.9","-2.49","5.55","Rodriguez, Grayson",681624,680570,"single","hit_into_play",,,,,8,"Andy Pages singles on a sharp line drive to left fielder Josh Lowe. Hyeseong Kim scores. Shohei Ohtani scores. Freddie Freeman to 2nd.","R","R","R","LAA","LAD","X",7,"line_drive",0,1,2026,"-1.22","1.05",0.08314581701239399,1.9739409937491148,808975,660271,518692,2,4,"Top",99.89,81.16,,,,,9.79030066703907,-140.5353336189337,-6.236239028038941,-18.551076840048378,36.25369137116426,-16.94518893651803,3.23667979,1.633464567,166,"105.5",7,"97.9",2348,"7.4",824034,681351,694384,624428,660162,687263,666139,545361,666176,"53.13",0.629,0.581,"0.9",1,1,0,4,31,2,"4-Seam Fastball",0,4,4,0,6,0,6,0,"Standard","Standard",221,"-0.068","0.573","77.1","8.0",,0.7,"-0.573","105.5",-4,4,0.119,0.881,26,25,27,26,3,2,,1,5,1,"1.42","1.22","1.22","34.4",9.309178521026078,-1.4692229943785304,43.764524639631496,36.747123187101906,26.64821348881106
"FF","2026-05-17","97.4","-2.74","5.55","Rodriguez, Grayson",681624,680570,,"called_strike",,,,,7,,"R","R","R","LAA","LAD","S",,,0,0,2026,"-1.18","1.1",-0.8090688538732578,2.092680518065361,808975,660271,518692,2,4,"Top",,,,,,,8.011109900562964,-141.46681404679833,-6.162605741634767,-17.678747969017337,35.048292063180746,-16.152556383743274,3.23667979,1.633464567,,,,"98.7",2318,"7.3",824034,681351,694384,624428,660162,687263,666139,545361,666176,"53.21",,,,,,,,31,1,"4-Seam Fastball",0,4,4,0,4,0,4,0,"Standard","Standard",218,"0.004","-0.036",,,,,"0.036",,-4,4,0.115,0.885,26,25,27,26,3,2,,1,5,1,"1.33","1.18","1.18","34.3",,,,,
"FF","2026-05-17","96.8","-2.65","5.5","Rodriguez, Grayson",518692,680570,"walk","blocked_ball",,,,,14,"Freddie Freeman walks. Shohei Ohtani to 2nd.","R","L","R","LAA","LAD","B",,,3,0,2026,"-1.33","1.16",0.9712401062737266,0.6433078061956726,808975,,660271,2,4,"Top",,,,,,,12.857282253792818,-140.005189399409,-9.8935030607159,-20.648472537871687,35.98967090778165,-14.516225139217179,3.382365486,1.706988189,,,,"97.7",2377,"7.5",824034,681351,694384,624428,660162,687263,666139,545361,666176,"53.04",,0.698289,"0.7",1,0,0,,30,4,"4-Seam Fastball",0,4,4,0,4,0,4,0,"Standard","Standard",221,"-0.004","0.031",,,,,"-0.031",,-4,4,0.119,0.881,26,36,27,37,3,2,,1,5,1,"1.33","1.33","-1.33","39.1",,,,,
"FF","2026-05-17","96.1","-2.73","5.44","Rodriguez, Grayson",518692,680570,,"ball",,,,,13,,"R","L","R","LAA","LAD","B",,,2,0,2026,"-1.28","0.94",-0.7267655608631671,1.0561667896069107,808975,,660271,2,4,"Top",,,,,,,8.314898728797033,-139.35936668741158,-7.947760915978206,-18.600937999211503,35.937290355134095,-18.148202790769144,3.382365486,1.706988189,,,,"97",2263,"7.3",824034,681351,694384,624428,660162,687263,666139,545361,666176,"53.18",,,,,,,,30,3,"4-Seam Fastball",0,4,4,0,4,0,4,0,"Standard","Standard",224,"-0.002","0.072",,,,,"-0.072",,-4,4,0.121,0.879,26,36,27,37,3,2,,1,5,1,"1.57","1.28","-1.28","35.0",,,,,
"CH","2026-05-17","83.8","-2.57","5.57","Rodriguez, Grayson",518692,680570,,"ball",,,,,11,,"R","L","R","LAA","LAD","B",,,1,0,2026,"-1.29","0.68",-2.640853221976069,4.113254981238586,808975,,660271,2,4,"Top",,,,,,,2.498246027128434,-121.99086071381622,1.93858731956793,-13.339282627564767,26.2084073596542,-26.126888885439268,3.382365486,1.706988189,,,,"85",1844,"7.2",824034,681351,694384,624428,660162,687263,666139,545361,666176,"53.26",,,,,,,,30,2,"Changeup",0,4,4,0,4,0,4,0,"Standard","Standard",245,"-0.002","0.035",,,,,"-0.035",,-4,4,0.123,0.877,26,36,27,37,3,2,,1,5,1,"2.59","1.29","-1.29","34.0",,,,,
"FF","2026-05-17","96.9","-2.65","5.5","Rodriguez, Grayson",518692,680570,,"ball",,,,,13,,"R","L","R","LAA","LAD","B",,,0,0,2026,"-1.21","1.07",-0.1487333976906191,1.1420049554554628,808975,,660271,2,4,"Top",,,,,,,9.55649189642803,-140.54269493421887,-8.377700467303603,-18.331686889228834,35.10705896853173,-16.166659278991226,3.382365486,1.706988189,,,,"97.9",2250,"7.3",824034,681351,694384,624428,660162,687263,666139,545361,666176,"53.23",,,,,,,,30,1,"4-Seam Fastball",0,4,4,0,4,0,4,0,"Standard","Standard",223,"-0.001","0.02",,,,,"-0.02",,-4,4,0.124,0.876,26,36,27,37,3,2,,1,5,1,"1.4","1.21","-1.21","32.9",,,,,
"CU","2026-05-17","82.6","-2.57","5.64","Rodriguez, Grayson",660271,680570,"single","hit_into_play",,,,,6,"Shohei Ohtani singles on a line drive to right fielder Jo Adell. Teoscar Hernández scores. Miguel Rojas scores. Hyeseong Kim to 3rd.","R","L","R","LAA","LAD","X",9,"line_drive",0,0,2026,"0.68","-0.63",0.728944175758818,2.3249552745915594,606192,500743,808975,2,4,"Top",151.27,91.52,,,,,6.155408192724658,-120.05660866273021,0.5624180583989085,5.1499877025216225,26.868408125945816,-38.56034014562418,3.369201116,1.700344488,212,"86.5",17,"83.4",2750,"7.3",824034,681351,694384,624428,660162,687263,666139,545361,666176,"53.24",0.949,0.872,"0.9",1,1,0,4,29,1,"Curveball",0,2,2,0,4,0,4,0,"Standard","Standard",44,"-0.129","0.537","78.6","7.4",,1.043,"-0.537","88.0",-2,2,0.253,0.747,26,31,27,32,3,2,,1,5,1,"4.02","-0.68","0.68","37.3",14.392624992216309,3.444722478740666,43.62060833632709,30.176433663993713,23.237897195050174
"SL","2026-05-17","85.4","-2.63","5.64","Rodriguez, Grayson",808975,680570,"single","hit_into_play",,,,,8,"Hyeseong Kim singles on a ground ball to first baseman Nolan Schanuel. Teoscar Hernández to 3rd. Miguel Rojas to 2nd.","R","L","R","LAA","LAD","X",3,"ground_ball",1,2,2026,"0.27","-0.15",0.14681447490641975,1.9925445126059742,,606192,500743,2,4,"Top",151.38,168.38,,,,,5.9746339287221,-124.2282636660962,-1.713225996054635,1.5009899809066414,27.446424657008354,-33.56997682407736,3.124343832,1.576771654,40,"88.1",0,"86.4",2368,"7.2",824034,681351,694384,624428,660162,687263,666139,545361,666176,"53.32",0.289,0.26,"0.9",1,1,0,2,28,5,"Slider",0,2,2,0,2,0,2,0,"Standard","Standard",96,"-0.033","0.626","64.4","7.7",,0.324,"-0.626","88.1",-2,2,0.286,0.714,26,27,27,27,2,1,,1,5,1,"3.3","-0.27","0.27","32.9",13.731859767660989,-7.397948849670406,39.89132193868058,33.93476622466733,27.957118888643173
"FF","2026-05-17","97.2","-2.58","5.54","Rodriguez, Grayson",808975,680570,,"foul",,,,,7,,"R","L","R","LAA","LAD","S",,,1,2,2026,"-1.17","1.04",-0.7472556987552643,1.4693428450411636,,606192,500743,2,4,"Top",,,,,,,7.700283934809569,-141.1070310502366,-7.568943536047908,-17.438399623655638,37.81432427680122,-16.656254955474814,3.124343832,1.576771654,153,"64.3",30,"98",2307,"7.3",824034,681351,694384,624428,660162,687263,666139,545361,666176,"53.21",,,,,,,,28,4,"4-Seam Fastball",0,2,2,0,2,0,2,0,"Standard","Standard",216,"0","0","59.8","7.6",,,"0","88.0",-2,2,0.286,0.714,26,27,27,27,2,1,,1,5,1,"1.42","1.17","-1.17","34.0",-4.664356577160153,8.132772875578238,42.431697753360666,44.482186285859584,10.392937780270099
"FF","2026-05-17","97.4","-2.6","5.47","Rodriguez, Grayson",808975,680570,,"ball",,,,,7,,"R","L","R","LAA","LAD","B",,,0,2,2026,"-1.13","0.91",-0.8267808720166636,1.580270364360274,,606192,500743,2,4,"Top",,,,,,,7.4872261030071225,-141.33890186151467,-6.813562775294258,-16.924616193774167,37.693450299419474,-18.455376936381253,3.124343832,1.576771654,,,,"98.3",2417,"7.3",824034,681351,694384,624428,660162,687263,666139,545361,666176,"53.15",,,,,,,,28,3,"4-Seam Fastball",0,2,2,0,2,0,2,0,"Standard","Standard",225,"-0.004","0.018",,,,,"-0.018",,-2,2,0.29,0.71,26,27,27,27,2,1,,1,5,1,"1.54","1.13","-1.13","33.9",,,,,
"CH","2026-05-17","83.1","-2.61","5.59","Rodriguez, Grayson",808975,680570,,"called_strike",,,,,9,,"R","L","R","LAA","LAD","S",,,0,1,2026,"-1.07","0.47",0.7619620077774689,1.8691085509869407,,606192,500743,2,4,"Top",,,,,,,9.943958122111521,-120.64992273125728,-2.7634598342733008,-12.450884258859324,24.138101589440634,-27.24152158665716,3.124343832,1.576771654,,,,"84.5",1710,"7.4",824034,681351,694384,624428,660162,687263,666139,545361,666176,"53.12",,,,,,,,28,2,"Changeup",0,2,2,0,2,0,2,0,"Standard","Standard",247,"0.009","-0.055",,,,,"0.055",,-2,2,0.281,0.719,26,27,27,27,2,1,,1,5,1,"2.85","1.07","-1.07","33.8",,,,,
"CU","2026-05-17","79.4","-2.65","5.68","Rodriguez, Grayson",808975,680570,,"called_strike",,,,,2,,"R","L","R","LAA","LAD","S",,,0,0,2026,"0.85","-0.84",-0.04788277586333334,2.6981590561502875,,606192,500743,2,4,"Top",,,,,,,4.046452284916264,-115.44906948341442,2.2416205174375694,6.61565548684978,25.256798692135572,-40.37587867125515,3.124343832,1.576771654,,,,"80",2797,"7.1",824034,681351,694384,624428,660162,687263,666139,545361,666176,"53.36",,,,,,,,28,1,"Curveball",0,2,2,0,2,0,2,0,"Standard","Standard",44,"0.005","-0.034",,,,,"0.034",,-2,2,0.276,0.724,26,27,27,27,2,1,,1,5,1,"4.52","-0.85","0.85","35.1",,,,,
"SL","2026-05-17","84.5","-2.75","5.55","Rodriguez, Grayson",500743,680570,"single","hit_into_play",,,,,1,"Miguel Rojas singles on a ground ball to left fielder Josh Lowe. Teoscar Hernández to 2nd.","R","R","R","LAA","LAD","X",7,"ground_ball",2,1,2026,"0.35","-0.36",-0.37554396597875256,2.6956269482494486,,,606192,2,4,"Top",84.15,116.29,,,,,4.8083706207823775,-123.004637174878,0.7221234151280203,2.5128442271944365,26.340446319357465,-36.23698747162695,3.141018701,1.585187008,98,"93",5,"85.5",2289,"7.1",824034,681351,694384,624428,660162,687263,666139,545361,666176,"53.38",0.531,0.521,"0.9",1,1,0,4,27,4,"Slider",0,2,2,0,2,0,2,0,"Standard","Standard",109,"-0.014","0.299","66.2","6.3",,0.643,"-0.299","93.0",-2,2,0.29,0.71,26,37,27,37,2,1,,3,5,5,"3.57","-0.35","-0.35","34.5",0.8694770951105467,-7.3176560679611455,24.121650709194583,27.568500406227667,36.2020646753168
"FF","2026-05-17","96.8","-2.66","5.53","Rodriguez, Grayson",500743,680570,,"ball",,,,,14,,"R","R","R","LAA","LAD","B",,,1,1,2026,"-1.25","1.04",0.35727581599707414,0.7593256730009434,,,606192,2,4,"Top",,,,,,,11.019239686216833,-140.17311022116309,-9.339827347989251,-19.13017343766083,36.12062828522937,-16.350451022082172,3.141018701,1.585187008,,,,"97.5",2196,"7.3",824034,681351,694384,624428,660162,687263,666139,545361,666176,"53.22",,,,,,,,27,3,"4-Seam Fastball",0,2,2,0,2,0,2,0,"Standard","Standard",217,"-0.003","0.052",,,,,"-0.052",,-2,2,0.293,0.7070000000000001,26,37,27,37,2,1,,3,5,5,"1.45","1.25","1.25","31.0",,,,,
"FF","2026-05-17","96.1","-2.61","5.53","Rodriguez, Grayson",500743,680570,,"called_strike",,,,,9,,"R","R","R","LAA","LAD","S",,,1,0,2026,"-1.15","1.25",0.4516065977322816,1.814019507946146,,,606192,2,4,"Top",,,,,,,10.793422863109123,-139.10413178429897,-6.7848688983278915,-17.677957878646733,39.69605615641498,-14.571410969510614,3.141018701,1.585187008,,,,"96.2",2183,"7.3",824034,681351,694384,624428,660162,687263,666139,545361,666176,"53.25",,,,,,,,27,2,"4-Seam Fastball",0,2,2,0,2,0,2,0,"Standard","Standard",218,"0.003","-0.054",,,,,"0.054",,-2,2,0.29,0.71,26,37,27,37,2,1,,3,5,5,"1.31","1.15","1.15","32.0",,,,,
"SL","2026-05-17","84.3","-2.67","5.51","Rodriguez, Grayson",500743,680570,,"ball",,,,,14,,"R","R","R","LAA","LAD","B",,,0,0,2026,"0.33","-0.3",1.3231519294597403,0.9758255150433679,,,606192,2,4,"Top",,,,,,,8.615223864624003,-122.35363608405493,-3.1464225300608772,1.1488792184509875,29.932079762150348,-34.5673655029048,3.141018701,1.585187008,,,,"84.7",2294,"7.2",824034,681351,694384,624428,660162,687263,666139,545361,666176,"53.25",,,,,,,,27,1,"Slider",0,2,2,0,2,0,2,0,"Standard","Standard",96,"-0.002","0.041",,,,,"-0.041",,-2,2,0.292,0.708,26,37,27,37,2,1,,3,5,5,"3.58","-0.33","-0.33","35.6",,,,,
"FF","2026-05-17","95.5","-2.62","5.56","Rodriguez, Grayson",687221,680570,"field_out","hit_into_play",,,,,8,"Dalton Rushing flies out sharply to center fielder Mike Trout.","R","L","R","LAA","LAD","X",8,"fly_ball",0,0,2026,"-1.13","1.03",0.03299471099432583,1.8101999711522507,,,606192,1,4,"Top",128.21,38.04,,,,,9.626940322916774,-138.45129819467402,-6.329866168240628,-16.83697883295153,36.49246374382243,-17.615598906036865,3.191920932,1.610875984,397,"101.7",36,"96.1",2130,"7.3",824034,681351,694384,624428,660162,687263,666139,545361,666176,"53.23",0.411,0.773,"0",1,0,0,6,26,1,"4-Seam Fastball",0,2,2,0,2,0,2,0,"Infield shade","Standard",218,"0.023","-0.261","76.4","7.9",,1.503,"0.261","101.7",-2,2,0.269,0.731,26,25,27,25,2,1,,1,5,5,"1.53","1.13","-1.13","35.9",15.645005826566257,-7.105577227247114,39.48492022219302,36.538589316759456,35.37600635021539
"SL","2026-05-17","82.4","-2.61","5.64","Rodriguez, Grayson",571970,680570,"strikeout","swinging_strike",,,,,1,"Max Muncy strikes out swinging.","R","L","R","LAA","LAD","S",2,,2,2,2026,"0.24","-0.42",-0.4425337073341741,2.904809086825284,,,606192,0,4,"Top",,,,,,,4.439746228862412,-119.791428362571,1.4504741069351053,1.3935814314847408,25.534737316787073,-36.74515204716307,3.127854331,1.578543307,,,,"83.1",2469,"7.1",824034,681351,694384,624428,660162,687263,666139,545361,666176,"53.43",,0,"0",1,0,0,,25,8,"Slider",0,2,2,0,2,0,2,0,"Infield shade","Standard",77,"0.022","-0.223","70.9","6.4","0.484210296",,"0.223",,-2,2,0.247,0.753,26,35,27,36,2,1,,1,5,1,"3.81","-0.24","0.24","36.4",15.574355625527753,6.755649695876653,31.40257830081873,43.10256098882999,31.453561442391496
"FF","2026-05-17","96.9","-2.51","5.58","Rodriguez, Grayson",571970,680570,,"foul",,,,,6,,"R","L","R","LAA","LAD","S",,,2,2,2026,"-0.99","1.38",0.42043505221652033,2.638092203504179,,,606192,0,4,"Top",,,,,,,10.21943030850314,-140.45619858917155,-5.251492481930269,-15.803223954408558,39.5824501604619,-12.902573444885876,3.127854331,1.578543307,202,"76.8",55,"97.4",2283,"7.3",824034,681351,694384,624428,660162,687263,666139,545361,666176,"53.16",,,,,,,,25,7,"4-Seam Fastball",0,2,2,0,2,0,2,0,"Infield shade","Standard",220,"0","0","71.2","6.4",,,"0","88.0",-2,2,0.247,0.753,26,35,27,36,2,1,,1,5,1,"1.11","0.99","-0.99","34.3",13.131380210772317,3.0992749229490903,35.850142840907104,33.279718042825394,31.41501899728236
"FF","2026-05-17","96.4","-2.64","5.62","Rodriguez, Grayson",571970,680570,,"foul",,,,,6,,"R","L","R","LAA","LAD","S",,,2,2,2026,"-1.27","1.12",0.49426708072107783,2.3228937191635772,,,606192,0,4,"Top",,,,,,,11.318289295543694,-139.63011179848678,-5.443807196141124,-19.516560206384714,40.095429746648044,-16.425965150529894,3.127854331,1.578543307,198,"69.3",28,"96.5",2189,"7.2",824034,681351,694384,624428,660162,687263,666139,545361,666176,"53.25",,,,,,,,25,6,"4-Seam Fastball",0,2,2,0,2,0,2,0,"Infield shade","Standard",222,"0","0","65.2","5.3",,,"0","88.0",-2,2,0.247,0.753,26,35,27,36,2,1,,1,5,1,"1.41","1.27","-1.27","34.4",-9.252935482254768,26.4139626956525,39.82616245263679,32.070783952720475,22.481202621735598
"CH","2026-05-17","82.8","-2.55","5.69","Rodriguez, Grayson",571970,680570,,"ball",,,,,11,,"R","L","R","LAA","LAD","B",,,1,2,2026,"-1.38","0.29",-1.3627251556169029,2.766404750361692,,,606192,0,4,"Top",,,,,,,5.5052815164571784,-120.37883918682877,-0.4266622193645181,-14.468845637427021,27.464042735843357,-29.550157494356377,3.127854331,1.578543307,,,,"83.3",1725,"7.1",824034,681351,694384,624428,660162,687263,666139,545361,666176,"53.41",,,,,,,,25,5,"Changeup",0,2,2,0,2,0,2,0,"Infield shade","Standard",250,"-0.004","0.045",,,,,"-0.045",,-2,2,0.251,0.749,26,35,27,36,2,1,,1,5,1,"3.09","1.38","-1.38","35.3",,,,,
"SL","2026-05-17","83.3","-2.68","5.72","Rodriguez, Grayson",571970,680570,,"foul",,,,,5,,"R","L","R","LAA","LAD","S",,,1,2,2026,"0.22","-0.09",-0.07396527738680372,2.3076608185397203,,,606192,0,4,"Top",,,,,,,5.54641394395906,-121.0924855376083,-0.8775504863478449,0.8418335324626305,27.30521919512217,-33.05523850804449,3.127854331,1.578543307,172,"74.2",63,"83.9",2396,"7.1",824034,681351,694384,624428,660162,687263,666139,545361,666176,"53.43",,,,,,,,25,4,"Slider",0,2,2,0,2,0,2,0,"Infield shade","Standard",84,"0","0","68.0","7.2",,,"0","88.0",-2,2,0.251,0.749,26,35,27,36,2,1,,1,5,1,"3.42","-0.22","0.22","37.1",18.97269774147014,-8.98576035590268,35.47606566342825,39.843360166786354,41.06794570994534
"FF","2026-05-17","95.3","-2.58","5.6","Rodriguez, Grayson",571970,680570,,"called_strike",,,,,9,,"R","L","R","LAA","LAD","S",,,1,1,2026,"-1.15","1.27",0.49747145179257024,1.7009534469496397,,,606192,0,4,"Top",,,,,,,10.804663719533167,-138.11280159982462,-7.299597569226312,-17.30264424099408,34.00791884490203,-14.319652972824075,3.127854331,1.578543307,,,,"96.4",2358,"7.4",824034,681351,694384,624428,660162,687263,666139,545361,666176,"53.13",,,,,,,,25,3,"4-Seam Fastball",0,2,2,0,2,0,2,0,"Infield shade","Standard",218,"0.007","-0.058",,,,,"0.058",,-2,2,0.244,0.756,26,35,27,36,2,1,,1,5,1,"1.28","1.15","-1.15","34.4",,,,,
"CH","2026-05-17","84.5","-2.7","5.59","Rodriguez, Grayson",571970,680570,,"ball",,,,,13,,"R","L","R","LAA","LAD","B",,,0,1,2026,"-1.12","0.09",-1.060540350081028,1.3086846138347976,,,606192,0,4,"Top",,,,,,,6.142541633911914,-122.88190195558707,-3.590302524113029,-12.525667309786007,24.719106205681012,-30.767721556096898,3.127854331,1.578543307,,,,"86",1924,"7.3",824034,681351,694384,624428,660162,687263,666139,545361,666176,"53.21",,,,,,,,25,2,"Changeup",0,2,2,0,2,0,2,0,"Infield shade","Strategic",243,"-0.003","0.025",,,,,"-0.025",,-2,2,0.247,0.753,26,35,27,36,2,1,,1,5,1,"3.11","1.12","-1.12","34.1",,,,,
"FF","2026-05-17","95.7","-2.71","5.62","Rodriguez, Grayson",571970,680570,,"called_strike",,,,,8,,"R","L","R","LAA","LAD","S",,,0,0,2026,"-1.13","1.17",-0.02678095899990196,1.7538671114231534,,,606192,0,4,"Top",,,,,,,9.758371385958293,-138.75193565819032,-7.010095862668821,-17.028416154247576,36.378592520825556,-15.634237957432006,3.127854331,1.578543307,,,,"96.4",2363,"7.3",824034,681351,694384,624428,660162,687263,666139,545361,666176,"53.2",,,,,,,,25,1,"4-Seam Fastball",0,2,2,0,2,0,2,0,"Infield shade","Strategic",220,"0.004","-0.043",,,,,"0.043",,-2,2,0.243,0.757,26,35,27,36,2,1,,1,5,1,"1.38","1.13","-1.13","34.7",,,,,
"CH","2026-05-17","84.9","-2.77","5.52","Rodriguez, Grayson",606192,680570,"walk","ball",,,,,14,"Teoscar Hernández walks.","R","R","R","LAA","LAD","B",,,3,2,2026,"-1.15","0.38",1.2904135639816223,2.3795072913233564,,,,0,4,"Top",,,,,,,11.904973162346705,-122.98080582007267,-1.5108586549634757,-14.062072865278058,25.67275268339002,-28.251609131969218,3.199819554,1.614862205,,,,"86",1956,"7.3",824034,681351,694384,624428,660162,687263,666139,545361,666176,"53.15",,0.698289,"0.7",1,0,0,,24,6,"Changeup",0,2,2,0,2,0,2,0,"Standard","Standard",250,"-0.024","0.373",,,,,"-0.373",,-2,2,0.267,0.733,26,33,27,34,2,1,,1,5,1,"2.83","1.15","1.15","35.7",,,,,
"CU","2026-05-17","81.1","-2.66","5.7","Rodriguez, Grayson",606192,680570,,"ball",,,,,14,,"R","R","R","LAA","LAD","B",,,2,2,2026,"0.57","-1.25",1.1617817222281515,0.9747940741747527,,,,0,4,"Top",,,,,,,7.441554686751402,-117.89385346005949,-1.1485389078592607,3.622387540112396,25.664420914323532,-43.672232959198936,3.199819554,1.614862205,,,,"82",2890,"7.3",824034,681351,694384,624428,660162,687263,666139,545361,666176,"53.25",,,,,,,,24,5,"Curveball",0,2,2,0,2,0,2,0,"Standard","Standard",34,"-0.007","0.115",,,,,"-0.115",,-2,2,0.274,0.726,26,33,27,34,2,1,,1,5,1,"4.76","-0.57","-0.57","40.2",,,,,
"SL","2026-05-17","84.3","-2.99","5.56","Rodriguez, Grayson",606192,680570,,"swinging_strike",,,,,2,,"R","R","R","LAA","LAD","S",,,2,1,2026,"0.28","-0.11",-0.17649303525248183,3.1070413121169946,,,,0,4,"Top",,,,,,,5.987675475725568,-122.62605970007374,1.2245058699458384,1.4289752432355443,27.20155353645432,-33.83658408541081,3.199819554,1.614862205,,,,"85.3",2431,"7.2",824034,681351,694384,624428,660162,687263,666139,545361,666176,"53.29",,,,,,,,24,4,"Slider",0,2,2,0,2,0,2,0,"Standard","Standard",101,"0.006","-0.08","68.5","6.4","2.050008264",,"0.08",,-2,2,0.268,0.732,26,33,27,34,2,1,,1,5,1,"3.36","-0.28","-0.28","32.3",-4.590328537720558,35.85193211380057,25.775085118048942,36.94123324547448,12.877210262057115
"SL","2026-05-17","83.9","-2.84","5.6","Rodriguez, Grayson",606192,680570,,"called_strike",,,,,4,,"R","R","R","LAA","LAD","S",,,2,0,2026,"0.24","-0.2",-0.3881316467368798,2.1409816223955804,,,,0,4,"Top",,,,,,,5.188589402300362,-122.09175626172824,-0.971768255970597,1.412977874841755,24.024912091564254,-34.22531489408421,3.199819554,1.614862205,,,,"85.4",2414,"7.2",824034,681351,694384,624428,660162,687263,666139,545361,666176,"53.27",,,,,,,,24,3,"Slider",0,2,2,0,2,0,2,0,"Standard","Standard",90,"0.005","-0.078",,,,,"0.078",,-2,2,0.263,0.737,26,33,27,34,2,1,,1,5,1,"3.44","-0.24","-0.24","34.4",,,,,
"FF","2026-05-17","93.5","-2.92","5.53","Rodriguez, Grayson",606192,680570,,"ball",,,,,13,,"R","R","R","LAA","LAD","B",,,1,0,2026,"-0.98","1.1",-0.48979454917406695,1.11224581308788,,,,0,4,"Top",,,,,,,8.545138173903903,-135.72512816133093,-7.939733983332513,-14.101391418928712,31.56431544426986,-16.955443876550436,3.199819554,1.614862205,,,,"94.8",2312,"7.3",824034,681351,694384,624428,660162,687263,666139,545361,666176,"53.16",,,,,,,,24,2,"4-Seam Fastball",0,2,2,0,2,0,2,0,"Standard","Standard",217,"-0.005","0.084",,,,,"-0.084",,-2,2,0.268,0.732,26,33,27,34,2,1,,1,5,1,"1.53","0.98","0.98","32.6",,,,,
"FF","2026-05-17","94.8","-2.77","5.53","Rodriguez, Grayson",606192,680570,,"ball",,,,,14,,"R","R","R","LAA","LAD","B",,,0,0,2026,"-0.91","1.24",0.5334506354081424,0.7954390071617963,,,,0,4,"Top",,,,,,,10.758577377263956,-137.36988286189046,-9.346744792185364,-13.96030131935691,31.9342183121026,-14.445927186396613,3.199819554,1.614862205,,,,"96.1",2330,"7.4",824034,681351,694384,624428,660162,687263,666139,545361,666176,"53.11",,,,,,,,24,1,"4-Seam Fastball",0,2,2,0,2,0,2,0,"Standard","Standard",215,"-0.003","0.044",,,,,"-0.044",,-2,2,0.271,0.729,26,33,27,34,2,1,,1,5,1,"1.33","0.91","0.91","32.8",,,,,
"CH","2026-05-17","83.8","-2.64","5.55","Rodriguez, Grayson",663656,680570,"field_out","hit_into_play",,,,,13,"Kyle Tucker grounds out, second baseman Adam Frazier to first baseman Nolan Schanuel.","R","L","R","LAA","LAD","X",4,"ground_ball",1,2,2026,"-0.75","0.58",-0.8555061648524162,2.473629461975579,,,,2,3,"Top",147.14,146.58,,,,,5.679946656058511,-121.98472391439091,-1.6985983076727063,-8.535364703440761,22.941630489077113,-26.24632547530811,3.350770997,1.691043307,131,"96.4",7,"85.6",1597,"7.3",824034,681351,694384,624428,660162,687263,666139,545361,666176,"53.19",0.58,0.533,"0",1,0,0,4,20,4,"Changeup",0,2,2,0,2,0,2,0,"Infield shade","Standard",250,"0.006","-0.178","66.8","7.5",,0.639,"0.178","96.4",-2,2,0.322,0.6779999999999999,26,29,27,29,2,1,,2,5,1,"2.65","0.75","-0.75","35.3",6.131925106951772,-6.124230417889674,29.175728016380486,46.75124461664533,28.794873234582248
"CU","2026-05-17","82.6","-2.61","5.69","Rodriguez, Grayson",663656,680570,,"foul",,,,,14,,"R","L","R","LAA","LAD","S",,,1,1,2026,"0.3","-1.28",0.19762732807803698,1.4442840829124242,,,,2,3,"Top",,,,,,,5.807339343766542,-120.15276494894856,-0.2370735683294014,1.5537561882869837,26.941341506489472,-44.65781084449122,3.350770997,1.691043307,121,"76",12,"83.4",2859,"7.2",824034,681351,694384,624428,660162,687263,666139,545361,666176,"53.29",,,,,,,,20,3,"Curveball",0,2,2,0,2,0,2,0,"Infield shade","Standard",38,"0.003","-0.069","69.3","8.4",,,"0.069","88.0",-2,2,0.319,0.681,26,29,27,29,2,1,,2,5,1,"4.67","-0.3","0.3","40.6",24.206991130049516,-25.572379652338675,40.04358760465545,35.57091407018975,39.8437434462422
"FF","2026-05-17","97","-2.5","5.55","Rodriguez, Grayson",663656,680570,,"called_strike",,,,,9,,"R","L","R","LAA","LAD","S",,,1,0,2026,"-0.94","1.39",0.77612638368426,1.7682079851542145,,,,2,3,"Top",,,,,,,11.018897442964436,-140.48244742500322,-7.543413060739132,-15.235913124924409,38.41995094208729,-12.191647861803663,3.350770997,1.691043307,,,,"97.7",2465,"7.4",824034,681351,694384,624428,660162,687263,666139,545361,666176,"53.1",,,,,,,,20,2,"4-Seam Fastball",0,2,2,0,2,0,2,0,"Infield shade","Standard",221,"0.001","-0.055",,,,,"0.055",,-2,2,0.318,0.6819999999999999,26,29,27,29,2,1,,2,5,1,"1.1","0.94","-0.94","33.4",,,,,
"FF","2026-05-17","96.5","-2.77","5.58","Rodriguez, Grayson",663656,680570,,"ball",,,,,13,,"R","L","R","LAA","LAD","B",,,0,0,2026,"-0.89","1.25",-0.8642262480265678,1.6204457964093657,,,,2,3,"Top",,,,,,,7.1615377772920885,-140.0679585406112,-7.631741072024852,-13.388666629226593,36.22719179075044,-14.079343336623912,3.350770997,1.691043307,,,,"97.4",2422,"7.3",824034,681351,694384,624428,660162,687263,666139,545361,666176,"53.24",,,,,,,,20,1,"4-Seam Fastball",0,2,2,0,2,0,2,0,"Infield shade","Standard",210,"-0.001","0.041",,,,,"-0.041",,-2,2,0.319,0.681,26,29,27,29,2,1,,2,5,1,"1.24","0.89","-0.89","37.5",,,,,
"SL","2026-05-17","85.3","-2.79","5.67","Rodriguez, Grayson",681624,680570,"field_out","hit_into_play",,,,,6,"Andy Pages flies out to right fielder Jo Adell.","R","R","R","LAA","LAD","X",9,"fly_ball",1,1,2026,"0.66","0.01",0.5030222036848306,2.3898515340264628,,,,1,3,"Top",164.35,62.69,,,,,6.390943763417415,-124.0693705930756,-1.2128192503982533,5.474144925834459,25.011051527362085,-32.06972721825725,3.23667979,1.633464567,350,"98.1",30,"86.5",2472,"7.1",824034,681351,694384,624428,660162,687263,666139,545361,666176,"53.43",0.374,0.665,"0",1,0,0,6,19,3,"Slider",0,2,2,0,2,0,2,0,"Standard","Standard",105,"0.012","-0.257","75.5","7.5",,1.251,"0.257","98.1",-2,2,0.307,0.6930000000000001,26,25,27,26,2,1,,1,5,1,"3.13","-0.66","-0.66","35.5",2.0752405267167053,0.6500885731116695,36.881609028296445,41.71343730135665,30.83352872762636
"SL","2026-05-17","86.5","-2.84","5.73","Rodriguez, Grayson",681624,680570,,"ball",,,,,14,,"R","R","R","LAA","LAD","B",,,0,1,2026,"0.62","0.04",1.1249090594371296,1.3423108678667157,,,,1,3,"Top",,,,,,,8.149938520242433,-125.70254783133545,-4.122972874215705,4.9402179083479165,25.67909786806183,-31.056597689027193,3.23667979,1.633464567,,,,"87.6",2575,"7.1",824034,681351,694384,624428,660162,687263,666139,545361,666176,"53.4",,,,,,,,19,2,"Slider",0,2,2,0,2,0,2,0,"Standard","Standard",110,"-0.001","0.035",,,,,"-0.035",,-2,2,0.308,0.692,26,25,27,26,2,1,,1,5,1,"3.01","-0.62","-0.62","36.3",,,,,
"FF","2026-05-17","95.2","-2.72","5.55","Rodriguez, Grayson",681624,680570,,"called_strike",,,,,7,,"R","R","R","LAA","LAD","S",,,0,0,2026,"-1.04","1.29",-0.7565487671723423,1.9299350165772275,,,,1,3,"Top",,,,,,,7.600422591641064,-138.17522484443433,-6.579517208798941,-15.083394219093702,36.174143751909206,-14.343312825310168,3.23667979,1.633464567,,,,"96",2443,"7.3",824034,681351,694384,624428,660162,687263,666139,545361,666176,"53.18",,,,,,,,19,1,"4-Seam Fastball",0,2,2,0,2,0,2,0,"Standard","Standard",216,"0.002","-0.042",,,,,"0.042",,-2,2,0.306,0.694,26,25,27,26,2,1,,1,5,1,"1.27","1.04","1.04","33.1",,,,,
"FF","2026-05-17","96.9","-2.64","5.62","Rodriguez, Grayson",518692,680570,"strikeout","foul_tip",,,,,6,"Freddie Freeman strikes out on a foul tip.","R","L","R","LAA","LAD","S",2,,0,2,2026,"-0.79","1.45",0.36343606247436666,2.541320307668496,,,,0,3,"Top",,,,,,,9.938591870814438,-140.46459826539356,-5.788207311174246,-13.102005328180443,38.99196288194215,-11.87994637252758,3.382365486,1.706988189,,,,"97.5",2410,"7.3",824034,681351,694384,624428,660162,687263,666139,545361,666176,"53.16",,0,"0",1,0,0,,18,3,"4-Seam Fastball",0,2,2,0,2,0,2,0,"Infield shade","Standard",218,"0.011","-0.166","70.6","5.7",,,"0.166",,-2,2,0.295,0.7050000000000001,26,36,27,37,2,1,,1,5,1,"1.04","0.79","-0.79","38.9",-12.651561111115411,16.1001856686275,51.41528501880044,33.49231355516295,20.247544646376102
"CH","2026-05-17","83.5","-2.61","5.64","Rodriguez, Grayson",518692,680570,,"called_strike",,,,,4,,"R","L","R","LAA","LAD","S",,,0,1,2026,"-0.95","0.54",-0.687199577808223,2.230736268220825,,,,0,3,"Top",,,,,,,6.377833028920671,-121.37394897864638,-2.2685511185373954,-10.678689125709514,25.134229775654134,-26.564895639202412,3.382365486,1.706988189,,,,"84.7",1904,"7.3",824034,681351,694384,624428,660162,687263,666139,545361,666176,"53.25",,,,,,,,18,2,"Changeup",0,2,2,0,2,0,2,0,"Infield shade","Standard",246,"0.004","-0.056",,,,,"0.056",,-2,2,0.291,0.7090000000000001,26,36,27,37,2,1,,1,5,1,"2.75","0.95","-0.95","37.3",,,,,
"CU","2026-05-17","79","-2.65","5.77","Rodriguez, Grayson",518692,680570,,"called_strike",,,,,3,,"R","L","R","LAA","LAD","S",,,0,0,2026,"0.83","-1.07",0.484184463023396,3.1290357432055176,,,,0,3,"Top",,,,,,,5.222016645510344,-114.72650993402857,3.4491281292698988,6.13550273571177,24.1030462889871,-42.50052585899531,3.382365486,1.706988189,,,,"79.5",2777,"7",824034,681351,694384,624428,660162,687263,666139,545361,666176,"53.48",,,,,,,,18,1,"Curveball",0,2,2,0,2,0,2,0,"Infield shade","Standard",42,"0.003","-0.043",,,,,"0.043",,-2,2,0.288,0.712,26,36,27,37,2,1,,1,5,1,"4.78","-0.83","0.83","41.1",,,,,
"CH","2026-05-17","83.2","-2.46","5.71","Rodriguez, Grayson",660271,680570,"strikeout","called_strike",,,,,1,"Logan O'Hoppe challenged (pitch result), call on the field was overturned: Shohei Ohtani called out on strikes.","R","L","R","LAA","LAD","S",2,,1,2,2026,"-0.9","0.55",-0.5370489065586683,3.2199634722753068,687221,,808975,2,2,"Top",,,,,,,6.243607019737569,-121.03334985436103,-0.15238316228623772,-10.033089268824718,23.52198583799998,-26.94427232944959,3.369201116,1.700344488,,,,"84.5",1685,"7.2",824034,681351,694384,624428,660162,687263,666139,545361,666176,"53.34",,0,"0",1,0,0,,14,6,"Changeup",0,2,2,0,2,0,2,0,"Standard","Standard",243,"0.027","-0.174",,,,,"0.174",,-2,2,0.314,0.6859999999999999,26,31,27,32,2,1,,1,5,1,"2.74","0.9","-0.9","35.0",,,,,
"FF","2026-05-17","97.5","-2.5","5.64","Rodriguez, Grayson",660271,680570,,"foul",,,,,8,,"R","L","R","LAA","LAD","S",,,1,2,2026,"-1.07","1.18",0.008983702536708105,2.1293909560290487,687221,,808975,2,2,"Top",,,,,,,9.31865194426911,-141.47146106930506,-6.463476270961636,-16.59618981935154,36.676482002299615,-14.942794539403911,3.369201116,1.700344488,260,"84.1",45,"98.5",2329,"7.3",824034,681351,694384,624428,660162,687263,666139,545361,666176,"53.2",,,,,,,,14,5,"4-Seam Fastball",0,2,2,0,2,0,2,0,"Standard","Standard",222,"0","0",,,,,"0","88.0",-2,2,0.314,0.6859999999999999,26,31,27,32,2,1,,1,5,1,"1.26","1.07","-1.07","39.2",,,,,
"FF","2026-05-17","99","-2.36","5.7","Rodriguez, Grayson",660271,680570,,"foul",,,,,7,,"R","L","R","LAA","LAD","S",,,1,2,2026,"-0.92","1.34",-0.44458075696646515,2.1420288255677136,687221,,808975,2,2,"Top",,,,,,,7.462284705594062,-143.69764480350088,-7.232212193414643,-14.679032519736928,39.41658531047613,-12.088555025920371,3.369201116,1.700344488,205,"73.4",47,"99.6",2442,"7.2",824034,681351,694384,624428,660162,687263,666139,545361,666176,"53.31",,,,,,,,14,4,"4-Seam Fastball",0,2,2,0,2,0,2,0,"Standard","Standard",221,"0","0","63.9","7.8",,,"0","88.0",-2,2,0.314,0.6859999999999999,26,31,27,32,2,1,,1,5,1,"1.03","0.92","-0.92","39.8",-0.28858037491527205,12.653360124115178,36.20171968712293,44.18420945662196,11.668847552258482
"CH","2026-05-17","82.5","-2.5","5.65","Rodriguez, Grayson",660271,680570,,"foul",,,,,7,,"R","L","R","LAA","LAD","S",,,1,1,2026,"-0.97","0.51",-0.36605759118121806,1.6266968682097431,687221,,808975,2,2,"Top",,,,,,,6.8428240559954565,-119.95241820946914,-3.407003775111728,-10.746461276928494,24.52737326051467,-26.803251096259196,3.369201116,1.700344488,2,"69.9",-45,"83.7",1447,"7.3",824034,681351,694384,624428,660162,687263,666139,545361,666176,"53.22",,,,,,,,14,3,"Changeup",0,2,2,0,2,0,2,0,"Standard","Standard",252,"0.01","-0.095","67.9","8.8",,,"0.095","88.0",-2,2,0.304,0.696,26,31,27,32,2,1,,1,5,1,"2.86","0.97","-0.97","35.0",27.806205922032646,-13.566123884302181,36.911258423564774,43.869242487976614,35.1456701489013
"CH","2026-05-17","82.3","-2.52","5.68","Rodriguez, Grayson",660271,680570,,"ball",,,,,11,,"R","L","R","LAA","LAD","B",,,0,1,2026,"-0.96","0.59",-2.642954272131168,5.4056878802857335,687221,,808975,2,2,"Top",,,,,,,1.6451862834768776,-119.69220503503422,5.0337691306179675,-9.46151085487352,25.895025388037862,-27.91699194846445,3.369201116,1.700344488,,,,"83.1",1454,"7.1",824034,681351,694384,624428,660162,687263,666139,545361,666176,"53.39",,,,,,,,14,2,"Changeup",0,2,2,0,2,0,2,0,"Standard","Standard",256,"-0.004","0.021",,,,,"-0.021",,-2,2,0.308,0.692,26,31,27,32,2,1,,1,5,1,"2.82","0.96","-0.96","36.5",,,,,
"FF","2026-05-17","97.2","-2.48","5.7","Rodriguez, Grayson",660271,680570,,"called_strike",,,,,2,,"R","L","R","LAA","LAD","S",,,0,0,2026,"-0.92","1.25",0.23297904458965735,3.12904174296541,687221,,808975,2,2,"Top",,,,,,,9.49127852005779,-140.95208511523506,-3.967685916381324,-14.818124842486563,40.63710658720779,-14.989688270386615,3.369201116,1.700344488,,,,"97.6",2230,"7.4",824034,681351,694384,624428,660162,687263,666139,545361,666176,"53.15",,,,,,,,14,1,"4-Seam Fastball",0,2,2,0,2,0,2,0,"Standard","Standard",223,"0.006","-0.034",,,,,"0.034",,-2,2,0.302,0.698,26,31,27,32,2,1,,1,5,1,"1.24","0.92","-0.92","36.2",,,,,
"CU","2026-05-17","80.6","-2.31","5.83","Rodriguez, Grayson",808975,680570,"single","hit_into_play",,,,,3,"Hyeseong Kim singles on a line drive to right fielder Jo Adell. Max Muncy scores. Dalton Rushing to 3rd.","R","L","R","LAA","LAD","X",9,"line_drive",0,2,2026,"0.23","-0.91",0.5400096294491783,2.6509372880823827,571970,,687221,2,2,"Top",176.37,107.97,,,,,5.873824877928557,-117.10995685266413,1.7539227200466703,0.7959827290273311,25.98917870883675,-41.0687172299591,3.124343832,1.576771654,211,"92.7",17,"81",2774,"7",824034,681351,694384,624428,660162,687263,666139,545361,666176,"53.45",0.714,0.683,"0.9",1,1,0,4,13,3,"Curveball",0,1,1,0,2,0,2,0,"Standard","Standard",37,"-0.113","0.696","69.4","7.0",,0.884,"-0.696","92.7",-1,1,0.415,0.585,26,27,27,27,1,0,,1,5,1,"4.48","-0.23","0.23","42.4",14.156373178636917,-4.002650637628555,38.89005981310859,29.741570270434714,29.779249957259196
"FF","2026-05-17","96.3","-2.51","5.64","Rodriguez, Grayson",808975,680570,,"foul",,,,,4,,"R","L","R","LAA","LAD","S",,,0,1,2026,"-0.59","1.24",-0.2836867938667781,2.4241268797287896,571970,,687221,2,2,"Top",,,,,,,7.340996105431583,-139.94168784055523,-5.661910187856027,-9.529895226099788,34.43660966488403,-14.769556236198897,3.124343832,1.576771654,264,"84.8",28,"97.6",2098,"7.3",824034,681351,694384,624428,660162,687263,666139,545361,666176,"53.22",,,,,,,,13,2,"4-Seam Fastball",0,1,1,0,1,0,1,0,"Standard","Standard",219,"0.011","-0.044","66.2","6.7",,,"0.044","88.0",-1,1,0.404,0.596,26,27,27,27,1,0,,1,5,1,"1.24","0.59","-0.59","38.3",-9.587016375647785,18.3060618643825,42.36809924116979,38.549904729932166,10.024277089008777
"FF","2026-05-17","95.8","-2.59","5.65","Rodriguez, Grayson",808975,680570,,"called_strike",,,,,4,,"R","L","R","LAA","LAD","S",,,0,0,2026,"-0.91","1.03",-0.6593734842563835,2.243140751079917,571970,,687221,2,2,"Top",,,,,,,7.230966816593613,-139.20770491631825,-5.55559058334856,-13.493364209322738,34.79642020088671,-17.66725098357602,3.124343832,1.576771654,,,,"96.9",2114,"7.2",824034,681351,694384,624428,660162,687263,666139,545361,666176,"53.27",,,,,,,,13,1,"4-Seam Fastball",0,1,1,0,1,0,1,0,"Standard","Standard",223,"0.007","-0.034",,,,,"0.034",,-1,1,0.397,0.603,26,27,27,27,1,0,,1,5,1,"1.48","0.91","-0.91","35.3",,,,,
"SL","2026-05-17","84.5","-2.62","5.74","Rodriguez, Grayson",500743,680570,"sac_fly","hit_into_play",,,,,14,"Miguel Rojas out on a sacrifice fly to right fielder Jo Adell. Kyle Tucker scores. Max Muncy to 3rd.","R","R","R","LAA","LAD","X",9,"fly_ball",1,1,2026,"0.3","0.05",0.8765062391597851,2.2337970950616506,663656,571970,687221,1,2,"Top",187.72,106.6,,,,,7.517412736251584,-122.74097504101064,-1.552168318284366,1.247478787916021,28.93762694777622,-31.57453241288629,3.141018701,1.585187008,293,"83.4",34,"84.8",2436,"7",824034,681351,694384,624428,660162,687263,666139,545361,666176,"53.46",,0.036,"0",1,0,0,3,12,3,"Slider",0,0,0,0,1,0,1,0,"Standard","Standard",103,"-0.003","-0.165","58.9","7.1",,,"0.165","88.0",0,0,0.4,0.6,26,37,27,37,1,0,,3,5,5,"3.21","-0.3","-0.3","35.5",6.734489794438183,2.947839414339326,24.705734245186704,44.81594270754985,30.309925768126483
"SL","2026-05-17","84.1","-2.74","5.7","Rodriguez, Grayson",500743,680570,,"swinging_strike",,,,,14,,"R","R","R","LAA","LAD","S",,,1,0,2026,"0.45","0.05",1.0560323772698932,1.6292212205243954,663656,571970,687221,1,2,"Top",,,,,,,7.898268557723068,-122.28833372886295,-2.8851743389136857,2.829331808809809,25.45111713548892,-31.323889122342923,3.141018701,1.585187008,,,,"85.2",2402,"7.2",824034,681351,694384,624428,660162,687263,666139,545361,666176,"53.31",,,,,,,,12,2,"Slider",0,0,0,0,0,0,0,0,"Standard","Standard",104,"0.013","-0.049","41.6","8.0","7.177407804",,"0.049",,0,0,0.387,0.613,26,37,27,37,1,0,,3,5,5,"3.2","-0.45","-0.45","34.9",21.02762272330722,-32.09840502248328,21.810549777675337,45.49205007957206,55.40633364213879
"FF","2026-05-17","96.5","-2.48","5.65","Rodriguez, Grayson",500743,680570,,"ball",,,,,14,,"R","R","R","LAA","LAD","B",,,0,0,2026,"-0.84","1.41",0.9410276479688888,1.6293643693399043,663656,571970,687221,1,2,"Top",,,,,,,11.099229749054835,-139.74946453919583,-8.185187441263794,-13.697520106471288,34.92469693573691,-11.886467768374972,3.141018701,1.585187008,,,,"97.4",2189,"7.3",824034,681351,694384,624428,660162,687263,666139,545361,666176,"53.2",,,,,,,,12,1,"4-Seam Fastball",0,0,0,0,0,0,0,0,"Standard","Standard",225,"-0.009","0.029",,,,,"-0.029",,0,0,0.396,0.604,26,37,27,37,1,0,,3,5,5,"1.08","0.84","0.84","36.3",,,,,
"FF","2026-05-17","96.4","-2.51","5.7","Rodriguez, Grayson",687221,680570,"walk","ball",,,,,14,"Dalton Rushing walks. Kyle Tucker to 3rd. Max Muncy to 2nd.","R","L","R","LAA","LAD","B",,,3,1,2026,"-0.75","1.49",0.7034013126267855,1.397525528670395,,663656,571970,1,2,"Top",,,,,,,10.316456207065254,-139.71713465738844,-9.134546084557334,-12.269209765299733,33.915185123175384,-10.657603906802427,3.191920932,1.610875984,,,,"97.6",2290,"7.3",824034,681351,694384,624428,660162,687263,666139,545361,666176,"53.16",,0.698289,"0.7",1,0,0,,11,5,"4-Seam Fastball",0,0,0,0,0,0,0,0,"Standard","Standard",219,"-0.037","0.208",,,,,"-0.208",,0,0,0.433,0.567,26,25,27,25,1,0,,1,5,5,"1","0.75","-0.75","36.1",,,,,
"CH","2026-05-17","81.7","-2.54","5.79","Rodriguez, Grayson",687221,680570,,"ball",,,,,11,,"R","L","R","LAA","LAD","B",,,2,1,2026,"-0.86","0.61",-1.362152922328559,2.989176414232179,,663656,571970,1,2,"Top",,,,,,,4.372245900282973,-118.93488451652269,-0.7263822928052304,-9.006907288008886,22.992601961473824,-26.44275690853951,3.191920932,1.610875984,,,,"82.9",1656,"7.1",824034,681351,694384,624428,660162,687263,666139,545361,666176,"53.43",,,,,,,,11,4,"Changeup",0,0,0,0,0,0,0,0,"Standard","Standard",246,"-0.019","0.106",,,,,"-0.106",,0,0,0.452,0.548,26,25,27,25,1,0,,1,5,5,"2.8","0.86","-0.86","36.0",,,,,
"CH","2026-05-17","83.6","-2.54","5.72","Rodriguez, Grayson",687221,680570,,"foul_tip",,,,,2,,"R","L","R","LAA","LAD","S",,,2,0,2026,"-0.78","0.52",-0.1522014344698751,2.760732612521753,,663656,571970,1,2,"Top",,,,,,,7.114153423507722,-121.61520087893666,-1.273033225349176,-9.10313212710402,23.25198541883132,-26.918631938456954,3.191920932,1.610875984,,,,"85.1",1577,"7.2",824034,681351,694384,624428,660162,687263,666139,545361,666176,"53.27",,,,,,,,11,3,"Changeup",0,0,0,0,0,0,0,0,"Standard","Standard",244,"0.013","-0.06","74.9","6.8",,,"0.06",,0,0,0.439,0.5609999999999999,26,25,27,25,1,0,,1,5,5,"2.73","0.78","-0.78","35.6",7.3162888737868,19.062477282920845,33.71314484459671,38.05308668783434,26.815276127803692
"FF","2026-05-17","95.6","-2.42","5.6","Rodriguez, Grayson",687221,680570,,"ball",,,,,14,,"R","L","R","LAA","LAD","B",,,1,0,2026,"-0.54","1.23",0.4625027496208918,1.0350859441606972,,663656,571970,1,2,"Top",,,,,,,8.89032250933569,-138.70750826073498,-9.070531703260402,-9.034225899813423,32.52661478462224,-14.350751265837706,3.191920932,1.610875984,,,,"96.9",2195,"7.3",824034,681351,694384,624428,660162,687263,666139,545361,666176,"53.19",,,,,,,,11,2,"4-Seam Fastball",0,0,0,0,0,0,0,0,"Standard","Standard",221,"-0.013","0.079",,,,,"-0.079",,0,0,0.452,0.548,26,25,27,25,1,0,,1,5,5,"1.29","0.54","-0.54","36.5",,,,,
"CH","2026-05-17","82.2","-2.57","5.69","Rodriguez, Grayson",687221,680570,,"ball",,,,,11,,"R","L","R","LAA","LAD","B",,,0,0,2026,"-0.77","0.49",-1.6312813713458607,3.6640861992159928,,663656,571970,1,2,"Top",,,,,,,3.671289083765592,-119.68254328932242,1.1635796703127217,-8.077408828427115,22.2290230074013,-27.874533267056076,3.191920932,1.610875984,,,,"83.8",1510,"7.2",824034,681351,694384,624428,660162,687263,666139,545361,666176,"53.26",,,,,,,,11,1,"Changeup",0,0,0,0,0,0,0,0,"Standard","Standard",249,"-0.006","0.04",,,,,"-0.04",,0,0,0.458,0.542,26,25,27,25,1,0,,1,5,5,"2.87","0.77","-0.77","35.1",,,,,
"FF","2026-05-17","98.1","-2.5","5.7","Rodriguez, Grayson",571970,680570,"walk","ball",,,,,14,"Max Muncy walks. Kyle Tucker to 2nd.","R","L","R","LAA","LAD","B",,,3,1,2026,"-0.63","1.39",0.8355346556436738,2.247180475462398,,,663656,1,2,"Top",,,,,,,10.567324589204677,-142.19858297393006,-6.911289875137909,-11.287955443133354,37.2036289644321,-11.83359384204541,3.127854331,1.578543307,,,,"99",2239,"7.3",824034,681351,694384,624428,660162,687263,666139,545361,666176,"53.2",,0.698289,"0.7",1,0,0,,10,5,"4-Seam Fastball",0,0,0,0,0,0,0,0,"Infield shade","Standard",221,"-0.023","0.173",,,,,"-0.173",,0,0,0.481,0.519,26,35,27,36,1,0,,1,5,1,"1.02","0.63","-0.63","37.2",,,,,
"CH","2026-05-17","82.5","-2.56","5.66","Rodriguez, Grayson",571970,680570,,"ball",,,,,13,,"R","L","R","LAA","LAD","B",,,2,1,2026,"-0.98","0.41",-0.9359255210724043,2.058322764605746,,,663656,1,2,"Top",,,,,,,5.689428552236479,-119.95620585374088,-2.2593688111043475,-10.61233331915866,23.94169169376941,-28.01892980352248,3.127854331,1.578543307,,,,"83.6",1596,"7.2",824034,681351,694384,624428,660162,687263,666139,545361,666176,"53.34",,,,,,,,10,4,"Changeup",0,0,0,0,0,0,0,0,"Infield shade","Standard",253,"-0.012","0.096",,,,,"-0.096",,0,0,0.493,0.507,26,35,27,36,1,0,,1,5,1,"2.96","0.98","-0.98","32.9",,,,,
"CH","2026-05-17","84","-2.62","5.65","Rodriguez, Grayson",571970,680570,,"foul",,,,,4,,"R","L","R","LAA","LAD","S",,,2,0,2026,"-0.88","0.26",-0.706702083463754,2.3139825486527306,,,663656,1,2,"Top",,,,,,,6.2527414103691985,-122.23075759619822,-1.6385021138175944,-10.107377297566131,24.662536202332166,-29.498245501275964,3.127854331,1.578543307,107,"71.5",10,"85.2",1692,"7.1",824034,681351,694384,624428,660162,687263,666139,545361,666176,"53.36",,,,,,,,10,3,"Changeup",0,0,0,0,0,0,0,0,"Infield shade","Standard",251,"0.008","-0.052","72.2","6.6",,,"0.052","88.0",0,0,0.485,0.515,26,35,27,36,1,0,,1,5,1,"2.98","0.88","-0.88","33.2",7.480198480136982,16.60632165983925,34.06303389809761,45.5580186936579,25.680222097990534
"CH","2026-05-17","83.1","-2.57","5.74","Rodriguez, Grayson",571970,680570,,"ball",,,,,11,,"R","L","R","LAA","LAD","B",,,1,0,2026,"-0.73","0.29",-0.7604115207613866,3.9736973633650456,,,663656,1,2,"Top",,,,,,,5.639893155106673,-120.87390974752348,2.065894273209672,-8.297462202764505,23.731558355046644,-29.989478071434256,3.127854331,1.578543307,,,,"84.3",1668,"7.1",824034,681351,694384,624428,660162,687263,666139,545361,666176,"53.4",,,,,,,,10,2,"Changeup",0,0,0,0,0,0,0,0,"Infield shade","Standard",254,"-0.008","0.071",,,,,"-0.071",,0,0,0.493,0.507,26,35,27,36,1,0,,1,5,1,"3.02","0.73","-0.73","35.1",,,,,
"CU","2026-05-17","78.3","-2.57","5.9","Rodriguez, Grayson",571970,680570,,"ball",,,,,11,,"R","L","R","LAA","LAD","B",,,0,0,2026,"0.66","-1.09",-1.4510206324202972,3.9188495166999147,,,663656,1,2,"Top",,,,,,,1.1580250734707334,-113.85512528077786,4.969809005978876,5.437849446672259,22.880285185616366,-42.85517671109054,3.127854331,1.578543307,,,,"78.8",2696,"6.9",824034,681351,694384,624428,660162,687263,666139,545361,666176,"53.59",,,,,,,,10,1,"Curveball",0,0,0,0,0,0,0,0,"Infield shade","Strategic",39,"-0.004","0.034",,,,,"-0.034",,0,0,0.497,0.503,26,35,27,36,1,0,,1,5,1,"4.85","-0.66","0.66","39.9",,,,,
"SL","2026-05-17","84.1","-2.71","5.81","Rodriguez, Grayson",606192,680570,"strikeout","swinging_strike",,,,,2,"Teoscar Hernández strikes out swinging.","R","R","R","LAA","LAD","S",2,,1,2,2026,"0.46","-0.17",-0.13701707714450667,3.0738815452114823,,,663656,0,2,"Top",,,,,,,5.008347941702294,-122.41114186725949,0.6176058511663098,3.639365944376882,24.95474553735439,-34.25934746818105,3.199819554,1.614862205,,,,"84.9",2457,"6.9",824034,681351,694384,624428,660162,687263,666139,545361,666176,"53.61",,0,"0",1,0,0,,9,4,"Slider",0,0,0,0,0,0,0,0,"Standard","Standard",76,"0.024","-0.178","75.0","7.3","0.518216268",,"0.178",,0,0,0.473,0.527,26,33,27,34,1,0,,1,5,1,"3.4","-0.46","-0.46","35.0",11.501406801101483,0.8125800816098242,31.85185702144412,35.56434444842443,31.82270115090003
"FF","2026-05-17","96","-2.57","5.74","Rodriguez, Grayson",606192,680570,,"called_strike",,,,,8,,"R","R","R","LAA","LAD","S",,,1,1,2026,"-0.88","1.31",-0.12297358362634792,1.637255695594978,,,663656,0,2,"Top",,,,,,,8.566313518276923,-139.31436946691431,-8.07290831557561,-13.569121116312148,35.60713571151324,-13.369892533186462,3.199819554,1.614862205,,,,"97",2234,"7.3",824034,681351,694384,624428,660162,687263,666139,545361,666176,"53.16",,,,,,,,9,3,"4-Seam Fastball",0,0,0,0,0,0,0,0,"Standard","Standard",216,"0.009","-0.058",,,,,"0.058",,0,0,0.464,0.536,26,33,27,34,1,0,,1,5,1,"1.2","0.88","0.88","34.8",,,,,
"SL","2026-05-17","82.2","-2.5","5.81","Rodriguez, Grayson",606192,680570,,"ball",,,,,14,,"R","R","R","LAA","LAD","B",,,0,1,2026,"0.52","-0.16",1.382022429172277,1.4103587542996725,,,663656,0,2,"Top",,,,,,,7.72331071083542,-119.50154082158129,-2.837625235005869,3.3564501119723205,24.812980769073718,-33.27797220914196,3.199819554,1.614862205,,,,"82.8",2341,"6.9",824034,681351,694384,624428,660162,687263,666139,545361,666176,"53.59",,,,,,,,9,2,"Slider",0,0,0,0,0,0,0,0,"Standard","Standard",90,"-0.003","0.025",,,,,"-0.025",,0,0,0.467,0.5329999999999999,26,33,27,34,1,0,,1,5,1,"3.56","-0.52","-0.52","37.9",,,,,
"SL","2026-05-17","82.1","-2.59","5.85","Rodriguez, Grayson",606192,680570,,"swinging_strike",,,,,14,,"R","R","R","LAA","LAD","S",,,0,0,2026,"0.46","-0.07",0.9237247472221047,1.9326805953657753,,,663656,0,2,"Top",,,,,,,7.018502536353158,-119.42831020851844,-1.9132177713949874,3.000398695648377,24.060270825971898,-32.70669003696215,3.199819554,1.614862205,,,,"83",2299,"7",824034,681351,694384,624428,660162,687263,666139,545361,666176,"53.51",,,,,,,,9,1,"Slider",0,0,0,0,0,0,0,0,"Standard","Standard",83,"0.005","-0.043","52.0","8.4","2.734775412",,"0.043",,0,0,0.462,0.538,26,33,27,34,1,0,,1,5,1,"3.47","-0.46","-0.46","35.9",19.49227695536884,-10.512220874444717,38.43021559956409,48.30170410425287,41.14949830311052
"CH","2026-05-17","83.2","-2.66","5.73","Rodriguez, Grayson",663656,680570,"single","hit_into_play",,,,,8,"Kyle Tucker singles on a fly ball to right fielder Jo Adell.","R","L","R","LAA","LAD","X",9,"fly_ball",0,1,2026,"-1.44","0.23",-0.1435243856739592,1.7542547263487256,,,,0,2,"Top",193.53,130.95,,,,,8.69856234465793,-120.7713266738759,-2.779221072859012,-15.891196749140644,26.60627446790818,-29.59678752777567,3.350770997,1.691043307,237,"72.4",39,"83.7",1860,"7.1",824034,681351,694384,624428,660162,687263,666139,545361,666176,"53.42",0.366,0.34,"0.9",1,1,0,3,8,2,"Changeup",0,0,0,0,0,0,0,0,"Infield shade","Standard",241,"-0.041","0.5","71.1","8.5",,0.417,"-0.5","88.0",0,0,0.503,0.497,26,29,27,29,1,0,,2,5,1,"3.12","1.44","-1.44","39.4",34.55918767016693,-19.796538572219742,37.05760131224363,39.03980396968554,45.21185243797186
"CU","2026-05-17","78.1","-2.73","5.86","Rodriguez, Grayson",663656,680570,,"called_strike",,,,,7,,"R","L","R","LAA","LAD","S",,,0,0,2026,"0.73","-0.91",-0.27833599398610076,2.185621015121586,,,,0,2,"Top",,,,,,,3.8930573224271328,-113.57153996158857,1.0214419464065665,5.456442821315709,22.919879733491207,-40.47441643529007,3.350770997,1.691043307,,,,"78.6",2734,"6.9",824034,681351,694384,624428,660162,687263,666139,545361,666176,"53.58",,,,,,,,8,1,"Curveball",0,0,0,0,0,0,0,0,"Infield shade","Standard",35,"0.003","-0.043",,,,,"0.043",,0,0,0.5,0.5,26,29,27,29,1,0,,2,5,1,"4.69","-0.73","0.73","40.2",,,,,
"SL","2026-05-17","86.6","-2.82","5.71","Rodriguez, Grayson",681624,680570,"field_out","hit_into_play",,,,,11,"Andy Pages grounds out, third baseman Yoán Moncada to first baseman Nolan Schanuel.","R","R","R","LAA","LAD","X",5,"ground_ball",1,0,2026,"0.33","0.07",-0.9556620178740666,2.4453389887309904,,,,2,1,"Top",111.4,175.05,,,,,3.7520351534250787,-126.10149740657901,-1.5797556341783565,2.806678861672739,24.011119714323243,-31.275143523901914,3.23667979,1.633464567,18,"74.4",-7,"87.9",2422,"6.9",824034,681351,694384,624428,660162,687263,666139,545361,666176,"53.59",0.07,0.063,"0",1,0,0,2,3,2,"Slider",0,0,0,0,0,0,0,0,"Strategic","Standard",131,"0.011","-0.301","74.0","7.0",,0.074,"0.301","88.0",0,0,0.537,0.46299999999999997,26,25,27,26,1,0,,1,5,1,"2.94","-0.33","-0.33","36.8",-3.464611075095758,-0.19054326320088247,45.698997403625015,25.050458645956738,26.267015146145063
"FF","2026-05-17","96.3","-2.82","5.54","Rodriguez, Grayson",681624,680570,,"ball",,,,,14,,"R","R","R","LAA","LAD","B",,,0,0,2026,"-0.95","1.36",0.28830865091047664,1.1973416768296938,,,,2,1,"Top",,,,,,,10.516265780886945,-139.5660575949632,-8.94348659294151,-14.833799081207033,33.370428259796796,-12.43551816951389,3.23667979,1.633464567,,,,"97.7",2222,"7.5",824034,681351,694384,624428,660162,687263,666139,545361,666176,"53.04",,,,,,,,3,1,"4-Seam Fastball",0,0,0,0,0,0,0,0,"Standard","Standard",213,"-0.001","0.041",,,,,"-0.041",,0,0,0.538,0.46199999999999997,26,25,27,26,1,0,,1,5,1,"1.13","0.95","0.95","39.5",,,,,
"CH","2026-05-17","81.7","-2.57","5.77","Rodriguez, Grayson",518692,680570,"grounded_into_double_play","hit_into_play",,,,,7,"Freddie Freeman grounds into a double play, first baseman Nolan Schanuel to shortstop Zach Neto to pitcher Grayson Rodriguez. Shohei Ohtani out at 2nd. Freddie Freeman out at 1st.","R","L","R","LAA","LAD","X",3,"ground_ball",1,2,2026,"-1.22","-0.06",-0.56652641396105,1.787243224126903,,,660271,0,1,"Top",147.1,174.8,,,,,6.9621950558804135,-118.69645475169342,-1.9974838126746233,-12.924825871469864,24.46102780375577,-32.532540558232895,3.382365486,1.706988189,25,"89.4",-3,"82.6",1862,"7.2",824034,681351,694384,624428,660162,687263,666139,545361,666176,"53.34",0.192,0.182,"0",1,0,0,2,2,6,"Changeup",0,0,0,0,0,0,0,0,"Infield shade","Standard",248,"0.064","-0.281","72.1","7.4",,0.225,"0.281","89.4",0,0,0.474,0.526,26,36,27,37,1,0,,1,5,1,"3.51","1.22","-1.22","34.9",14.590095306721857,-6.488009507235843,43.4571020725509,44.93159818225601,35.057562801054544
"SL","2026-05-17","83.7","-2.6","5.72","Rodriguez, Grayson",518692,680570,,"blocked_ball",,,,,14,,"R","L","R","LAA","LAD","B",,,0,2,2026,"0.33","-0.21",1.6788853073279266,0.6139735060498182,,,660271,0,1,"Top",,,,,,,9.227923589273374,-121.49041009298853,-4.691033674621323,1.334820989819862,24.78925351584709,-33.42830506934817,3.382365486,1.706988189,,,,"84.8",2489,"7.2",824034,681351,694384,624428,660162,687263,666139,545361,666176,"53.28",,,,,,,,2,5,"Slider",0,0,0,0,0,0,0,0,"Infield shade","Standard",74,"-0.004","0.018",,,,,"-0.018",,0,0,0.478,0.522,26,36,27,37,1,0,,1,5,1,"3.49","-0.33","0.33","37.4",,,,,
"CH","2026-05-17","82.1","-2.48","5.63","Rodriguez, Grayson",518692,680570,,"foul",,,,,8,,"R","L","R","LAA","LAD","S",,,0,2,2026,"-1.11","0.26",0.13048012809498166,2.0176764546675163,,,660271,0,1,"Top",,,,,,,8.138659436844478,-119.22969577974908,-1.8840328301877598,-12.16130032535155,24.149784450375403,-29.54318559783494,3.382365486,1.706988189,259,"85.9",25,"83",1753,"7.1",824034,681351,694384,624428,660162,687263,666139,545361,666176,"53.35",,,,,,,,2,4,"Changeup",0,0,0,0,0,0,0,0,"Infield shade","Standard",250,"0","0","73.1","7.3",,,"0","88.0",0,0,0.478,0.522,26,36,27,37,1,0,,1,5,1,"3.15","1.11","-1.11","34.3",22.133392193230947,-16.254431363000506,48.49956884041781,38.01240827138855,41.34816667670179
"FF","2026-05-17","96.7","-2.58","5.84","Rodriguez, Grayson",518692,680570,,"foul",,,,,1,,"R","L","R","LAA","LAD","S",,,0,2,2026,"-0.89","1.28",-0.4927047012876351,3.376437167671717,,,660271,0,1,"Top",,,,,,,7.6465738504091085,-140.52627068853664,-3.749722845829869,-13.635104624705955,36.1182872331017,-14.625319291012511,3.382365486,1.706988189,213,"71.5",43,"97.4",2356,"7",824034,681351,694384,624428,660162,687263,666139,545361,666176,"53.46",,,,,,,,2,3,"4-Seam Fastball",0,0,0,0,0,0,0,0,"Infield shade","Standard",217,"0","0","61.6","5.9",,,"0","88.0",0,0,0.478,0.522,26,36,27,37,1,0,,1,5,1,"1.19","0.89","-0.89","36.7",-4.049911850316038,19.439780846749237,34.53386069419614,44.24395119980774,17.606395283684186
"FF","2026-05-17","94.8","-2.63","5.77","Rodriguez, Grayson",518692,680570,,"swinging_strike",,,,,13,,"R","L","R","LAA","LAD","S",,,0,1,2026,"-0.99","1.34",-0.9322835558703628,2.232856694764775,,,660271,0,1,"Top",,,,,,,6.724908506843294,-137.75706247993762,-6.414320728181995,-14.189541402029121,33.94464588476587,-13.833667479405621,3.382365486,1.706988189,,,,"95.5",2362,"7",824034,681351,694384,624428,660162,687263,666139,545361,666176,"53.48",,,,,,,,2,2,"4-Seam Fastball",0,0,0,0,0,0,0,0,"Infield shade","Standard",216,"0.009","-0.051","70.5","6.8","0.824161788",,"0.051",,0,0,0.469,0.531,26,36,27,37,1,0,,1,5,1,"1.22","0.99","-0.99","34.1",0.2522417452761658,13.430170479056672,41.15045204481317,50.52643128948696,16.22791187028815
"CH","2026-05-17","81.5","-2.73","5.59","Rodriguez, Grayson",518692,680570,,"called_strike",,,,,7,,"R","L","R","LAA","LAD","S",,,0,0,2026,"-1.08","0.16",-0.6264299319292961,1.749490475187495,,,660271,0,1,"Top",,,,,,,6.892163492505846,-118.44990627682293,-2.0997374071466197,-11.490216854553696,23.743305209464385,-30.46718826807057,3.382365486,1.706988189,,,,"82.6",1714,"7.2",824034,681351,694384,624428,660162,687263,666139,545361,666176,"53.32",,,,,,,,2,1,"Changeup",0,0,0,0,0,0,0,0,"Infield shade","Standard",251,"0.005","-0.043",,,,,"0.043",,0,0,0.464,0.536,26,36,27,37,1,0,,1,5,1,"3.29","1.08","-1.08","32.1",,,,,
"FF","2026-05-17","95","-2.72","5.55","Rodriguez, Grayson",660271,680570,"single","hit_into_play",,,,,7,"Shohei Ohtani singles on a sharp line drive to center fielder Mike Trout.","R","L","R","LAA","LAD","X",8,"line_drive",1,0,2026,"-1.24","0.95",-0.6186638370395781,2.191181044051731,,,,0,1,"Top",142.24,90.24,,,,,8.416273885695524,-137.9855530445907,-5.143652583316012,-17.789958446361112,32.14843193872254,-19.056408222284677,3.369201116,1.700344488,196,"106.5",11,"96.5",2368,"7.3",824034,681351,694384,624428,660162,687263,666139,545361,666176,"53.17",0.946,0.939,"0.9",1,1,0,4,1,2,"4-Seam Fastball",0,0,0,0,0,0,0,0,"Infield shade","Standard",219,"-0.032","0.413","75.6","7.8",,1.228,"-0.413","106.5",0,0,0.496,0.504,26,31,27,32,1,0,,1,5,1,"1.59","1.24","-1.24","34.5",5.27201704430013,13.93310922123578,35.392789388662344,46.26033059825896,21.118123292615167
"FF","2026-05-17","95.4","-2.78","5.5","Rodriguez, Grayson",660271,680570,,"ball",,,,,13,,"R","L","R","LAA","LAD","B",,,0,0,2026,"-1.08","1.06",-0.23967085664496568,1.13142705016076,,,,0,1,"Top",,,,,,,9.215315500076358,-138.41570944790567,-8.146845468977402,-15.91985955141301,30.74366895066856,-16.816890529709596,3.369201116,1.700344488,,,,"97",2308,"7.3",824034,681351,694384,624428,660162,687263,666139,545361,666176,"53.15",,,,,,,,1,1,"4-Seam Fastball",0,0,0,0,0,0,0,0,"Infield shade","Standard",216,"-0.004","0.044",,,,,"-0.044",,0,0,0.5,0.5,26,31,27,32,1,0,,1,5,1,"1.46","1.08","-1.08","34.0",,,,,