"pitch_type","game_date","release_speed","release_pos_x","release_pos_z","player_name","batter","pitcher","events","description","spin_dir","spin_rate_deprecated","break_angle_deprecated","break_length_deprecated","zone","des","game_type","stand","p_throws","home_team","away_team","type","hit_location","bb_type","balls","strikes","game_year","pfx_x","pfx_z","plate_x","plate_z","on_3b","on_2b","on_1b","outs_when_up","inning","inning_topbot","hc_x","hc_y","tfs_deprecated","tfs_zulu_deprecated","umpire","sv_id","vx0","vy0","vz0","ax","ay","az","sz_top","sz_bot","hit_distance_sc","launch_speed","launch_angle","effective_speed","release_spin_rate","release_extension","game_pk","fielder_2","fielder_3","fielder_4","fielder_5","fielder_6","fielder_7","fielder_8","fielder_9","release_pos_y","estimated_ba_using_speedangle","estimated_woba_using_speedangle","woba_value","woba_denom","babip_value","iso_value","launch_speed_angle","at_bat_number","pitch_number","pitch_name","home_score","away_score","bat_score","fld_score","post_away_score","post_home_score","post_bat_score","post_fld_score","if_fielding_alignment","of_fielding_alignment","spin_axis","delta_home_win_exp","delta_run_exp","bat_speed","swing_length","miss_distance","estimated_slg_using_speedangle","delta_pitcher_run_exp","hyper_speed","home_score_diff","bat_score_diff","home_win_exp","bat_win_exp","age_pit_legacy","age_bat_legacy","age_pit","age_bat","n_thruorder_pitcher","n_priorpa_thisgame_player_at_bat","pitcher_days_since_prev_game","batter_days_since_prev_game","pitcher_days_until_next_game","batter_days_until_next_game","api_break_z_with_gravity","api_break_x_arm","api_break_x_batter_in","arm_angle","attack_angle","attack_direction","swing_path_tilt","intercept_ball_minus_batter_pos_x_inches","intercept_ball_minus_batter_pos_y_inches"
"SL","2026-07-25","84.2","2.9","6.02","Grissom, Vaughn",687093,592662,"force_out","hit_into_play",,,,,14,"Vaughn Grissom grounds into a force out, shortstop Willy Adames to second baseman Luis Arraez. Mike Trout out at 2nd.","R","R","L","SF","LAA","X",6,"ground_ball",0,1,2026,"-0.24","0.31",0.926722802582143,2.4481444431622164,,642350,545361,2,5,"Top",107.72,155.74,,,,,-4.023271082343988,-122.78736725154307,-2.480694943799011,-1.898592144949608,18.169187482315845,-28.787615211918492,3.301624016,1.666240158,11,"89",-12,"84.8",2294,"6",823197,691740,646240,650333,669477,642715,671218,687551,808982,"54.47",0.121,0.113,"0",1,0,0,2,44,2,"Slider",9,0,0,9,0,9,0,9,"Standard","Standard",207,"0.003","-0.254","69.7","7.5",,0.144,"0.254","89.0",9,-9,0.994,0.006000000000000005,34,25,35,25,3,2,,,,,"2.83","-0.24","0.24",,9.223768195104178,1.9570129488488202,30.406078885138538,46.13048893159637,33.75490328880931
"CH","2026-07-25","84.6","2.9","6.12","Grissom, Vaughn",687093,592662,,"called_strike",,,,,8,,"R","R","L","SF","LAA","S",,,0,0,2026,"1.06","0.47",0.15661119627503428,1.6856473823411697,,642350,545361,2,5,"Top",,,,,,,-8.421200901577999,-122.88580370439078,-4.645276462809314,12.450507300095861,25.160050002344768,-26.631875951905702,3.301624016,1.666240158,,,,"84.1",1716,"6.1",823197,691740,646240,650333,669477,642715,671218,687551,808982,"54.38",,,,,,,,44,1,"Changeup",9,0,0,9,0,9,0,9,"Standard","Standard",145,"0","-0.033",,,,,"0.033",,9,-9,0.994,0.006000000000000005,34,25,35,25,3,2,,,,,"2.73","1.06","-1.06",,,,,,
"KC","2026-07-25","81.6","2.59","6.21","Grissom, Vaughn",687093,592662,"single","hit_into_play",,,,,9,"Vaughn Grissom singles on a ground ball to right fielder Jung Hoo Lee. Mike Trout to 2nd.","R","R","L","SF","LAA","X",9,"ground_ball",1,2,2026,"-0.19","-0.33",0.7283540337330042,2.1072853968159464,,,545361,2,3,"Top",184.24,123.81,,,,,-3.7660307808875233,-118.97876877948494,-1.8592781521510846,-1.1322573293879632,20.470538560904046,-35.20268417473538,3.301624016,1.666240158,32,"86.2",-1,"81.9",2094,"6.1",823197,691740,646240,650333,669477,642715,671218,687551,808982,"54.36",0.227,0.213,"0.9",1,1,0,2,20,4,"Knuckle Curve",0,0,0,0,0,0,0,0,"Standard","Standard",317,"-0.031","0.418","55.4","6.4",,0.238,"-0.418","88.0",0,0,0.537,0.46299999999999997,34,25,35,25,2,1,,,,,"3.71","-0.19","0.19",,-9.583630144860004,25.73362139245862,34.940461844899524,42.032950603662925,12.208327232293868
"KC","2026-07-25","79.7","2.64","6.1","Grissom, Vaughn",687093,592662,,"blocked_ball",,,,,13,,"R","R","L","SF","LAA","B",,,0,2,2026,"-0.31","-0.88",-0.2614871370345358,-0.3669423350662533,,,545361,2,3,"Top",,,,,,,-5.678178342204777,-116.03364462781457,-5.550669291442784,-1.8569516241521815,20.061642313673563,-39.363775326079605,3.301624016,1.666240158,,,,"79.9",2415,"6.2",823197,691740,646240,650333,669477,642715,671218,687551,808982,"54.29",,,,,,,,20,3,"Knuckle Curve",0,0,0,0,0,0,0,0,"Standard","Standard",323,"-0.003","0.025",,,,,"-0.025",,0,0,0.54,0.45999999999999996,34,25,35,25,2,1,,,,,"4.44","-0.31","0.31",,,,,,
"SI","2026-07-25","92.8","2.59","6.12","Grissom, Vaughn",687093,592662,,"foul",,,,,14,,"R","R","L","SF","LAA","S",,,0,1,2026,"1.07","1.12",0.9297860468714774,1.942775394889486,,,545361,2,3,"Top",,,,,,,-6.564951757352219,-134.91953039021797,-7.185303091964801,14.414269158188908,26.719610852811993,-17.104359088985156,3.301624016,1.666240158,248,"78.5",47,"93.1",2268,"6.3",823197,691740,646240,650333,669477,642715,671218,687551,808982,"54.2",,,,,,,,20,2,"Sinker",0,0,0,0,0,0,0,0,"Standard","Standard",136,"0.006","-0.061","69.7","7.6",,,"0.061","88.0",0,0,0.534,0.46599999999999997,34,25,35,25,2,1,,,,,"1.51","1.07","-1.07",,11.765072935445525,4.039374558908183,38.98838056528219,43.82667214111718,29.244146087896684
"SL","2026-07-25","84.8","2.71","6.22","Grissom, Vaughn",687093,592662,,"called_strike",,,,,6,,"R","R","L","SF","LAA","S",,,0,0,2026,"0.18","0.09",0.7176732784222606,2.615851156393536,,,545361,2,3,"Top",,,,,,,-4.963718682317903,-123.70718652604347,-2.224397587214131,2.6338603207922873,18.7150307086343,-31.083331900562488,3.301624016,1.666240158,,,,"85.7",2180,"6.2",823197,691740,646240,650333,669477,642715,671218,687551,808982,"54.28",,,,,,,,20,1,"Slider",0,0,0,0,0,0,0,0,"Standard","Standard",147,"0.004","-0.042",,,,,"0.042",,0,0,0.53,0.47,34,25,35,25,2,1,,,,,"3.01","0.18","-0.18",,,,,,
"SI","2026-07-25","95.5","-1.19","6.17","Grissom, Vaughn",687093,676775,"walk","blocked_ball",,,,,13,"Vaughn Grissom walks. Jose Siri scores. Logan O'Hoppe to 3rd. Josh Lowe to 2nd.","R","R","R","SF","LAA","B",,,3,1,2026,"-1.09","0.42",-0.5194071975037744,1.5263618324833408,642350,681351,666139,2,9,"Top",,,,,,,4.248430290138051,-139.01397253832405,-7.3920369504782535,-15.125916855728386,28.011050309751212,-25.321900909877254,3.301624016,1.666240158,,,,"96",2442,"6.4",823197,691740,669477,683679,683766,642715,671218,687551,687529,"54.15",,0.698079,"0.7",1,0,0,,78,5,"Sinker",9,1,1,9,2,9,2,9,"Standard","Standard",213,"0","0.18",,,,,"-0.18",,8,-8,0.999,0.0010000000000000009,28,25,28,25,1,4,,,,,"2.05","1.09","1.09",,,,,,
"FF","2026-07-25","95.7","-1.23","6.19","Grissom, Vaughn",687093,676775,,"called_strike",,,,,6,,"R","R","R","SF","LAA","S",,,3,0,2026,"-0.42","1.22",0.45330260486231677,2.4606452845989786,642350,681351,666139,2,9,"Top",,,,,,,5.361480308850569,-139.3433199361132,-6.890022975365735,-6.541969223035615,26.587609613960574,-14.997909550959927,3.301624016,1.666240158,,,,"96.4",2399,"6.3",823197,691740,669477,683679,683766,642715,671218,687551,687529,"54.15",,,,,,,,78,4,"4-Seam Fastball",9,1,1,9,1,9,1,9,"Standard","Standard",210,"0","-0.036",,,,,"0.036",,8,-8,0.999,0.0010000000000000009,28,25,28,25,1,4,,,,,"1.24","0.42","0.42",,,,,,
"FF","2026-07-25","94.8","-1.23","6.24","Grissom, Vaughn",687093,676775,,"ball",,,,,12,,"R","R","R","SF","LAA","B",,,2,0,2026,"-0.26","1.3",1.0542897771641524,4.368451834878682,642350,681351,666139,2,9,"Top",,,,,,,6.478356913194802,-137.9361125973384,-2.0408979398107787,-4.717073471199029,29.374857551453882,-15.283866865766756,3.301624016,1.666240158,,,,"94.8",2298,"6.2",823197,691740,669477,683679,683766,642715,671218,687551,687529,"54.27",,,,,,,,78,3,"4-Seam Fastball",9,1,1,9,1,9,1,9,"Standard","Standard",214,"0","0.115",,,,,"-0.115",,8,-8,0.999,0.0010000000000000009,28,25,28,25,1,4,,,,,"1.23","0.26","0.26",,,,,,
"FS","2026-07-25","89.4","-1.42","6.11","Grissom, Vaughn",687093,676775,,"ball",,,,,14,,"R","R","R","SF","LAA","B",,,1,0,2026,"-1.03","0.01",0.1361043150307779,1.2801047559880248,642350,681351,666139,2,9,"Top",,,,,,,6.003340960440684,-130.0711378170011,-5.713938157084137,-12.952371834165502,25.37542314633395,-31.087455870525392,3.301624016,1.666240158,,,,"89.8",1572,"6.4",823197,691740,669477,683679,683766,642715,671218,687551,687529,"54.12",,,,,,,,78,2,"Split-Finger",9,1,1,9,1,9,1,9,"Standard","Standard",238,"0","0.066",,,,,"-0.066",,8,-8,0.999,0.0010000000000000009,28,25,28,25,1,4,,,,,"2.82","1.03","1.03",,,,,,
"ST","2026-07-25","84.6","-2.36","5.79","Grissom, Vaughn",687093,663941,"field_out","hit_into_play",,,,,3,"Vaughn Grissom flies out to second baseman Luis Arraez.","R","R","R","SF","LAA","X",4,"fly_ball",1,2,2026,"1.66","0.06",0.7973738641204038,3.207416198573885,681351,,,2,7,"Top",129.79,118.57,,,,,3.934173702292126,-123.23785088858078,0.37346679012009654,16.148871398312334,23.888428230169122,-31.856180936778575,3.301624016,1.666240158,204,"80.5",56,"85.5",2875,"6.8",823197,691740,646240,650333,669477,642715,671218,687551,808982,"53.74",0.037,0.035,"0",1,0,0,3,60,4,"Sweeper",9,1,1,9,1,9,1,9,"Strategic","Standard",61,"0.001","-0.229","67.7","7.2",,0.045,"0.229","88.0",8,-8,0.997,0.0030000000000000027,30,25,30,25,1,3,,,,,"3.11","-1.66","-1.66",,13.846459628984404,-5.401190106693427,25.50673452526099,42.92747522697433,32.479656447802164
"ST","2026-07-25","83.5","-2.73","5.65","Grissom, Vaughn",687093,663941,,"ball",,,,,11,,"R","R","R","SF","LAA","B",,,0,2,2026,"0.87","0.04",-0.8379012570766202,3.274707245441598,681351,,,2,7,"Top",,,,,,,2.553598553532141,-121.6550645065799,0.9909287663740372,8.269599323578452,21.76005223006729,-32.13381147339516,3.301624016,1.666240158,,,,"83.9",2809,"6.3",823197,691740,646240,650333,669477,642715,671218,687551,808982,"54.22",,,,,,,,60,3,"Sweeper",9,1,1,9,1,9,1,9,"Strategic","Standard",66,"0","0.027",,,,,"-0.027",,8,-8,0.997,0.0030000000000000027,30,25,30,25,1,3,,,,,"3.2","-0.87","-0.87",,,,,,
"FF","2026-07-25","95.9","-1.18","6.16","Grissom, Vaughn",687093,676775,,"ball",,,,,12,,"R","R","R","SF","LAA","B",,,0,0,2026,"-0.43","1.03",1.7781998567743336,2.582238919281335,642350,681351,666139,2,9,"Top",,,,,,,8.70771615630374,-139.47764634604945,-6.085441594281193,-7.366950256193911,27.89847733042719,-17.493249002463862,3.301624016,1.666240158,,,,"96.4",2314,"6.3",823197,691740,669477,683679,683766,642715,671218,687551,687529,"54.15",,,,,,,,78,1,"4-Seam Fastball",9,1,1,9,1,9,1,9,"Standard","Standard",213,"0","0.021",,,,,"-0.021",,8,-8,0.999,0.0010000000000000009,28,25,28,25,1,4,,,,,"1.43","0.43","0.43",,,,,,
"FF","2026-07-25","95.2","-2.16","6.09","Grissom, Vaughn",687093,663941,,"foul",,,,,5,,"R","R","R","SF","LAA","S",,,0,1,2026,"-0.53","1.32",-0.048793052875098386,2.725836693478827,681351,,,2,7,"Top",,,,,,,6.730317900721578,-138.53849302451283,-6.0814632202014804,-8.223969898917698,28.14945129082187,-13.944057404069317,3.301624016,1.666240158,207,"75.4",59,"96.4",2201,"6.8",823197,691740,646240,650333,669477,642715,671218,687551,808982,"53.75",,,,,,,,60,2,"4-Seam Fastball",9,1,1,9,1,9,1,9,"Standard","Standard",208,"0","-0.053","70.3","7.2",,,"0.053","88.0",8,-8,0.997,0.0030000000000000027,30,25,30,25,1,3,,,,,"1.17","0.53","0.53",,9.965240704292887,-3.3249273743662733,32.267991542948515,33.29357384633323,32.45494864686637
"FF","2026-07-25","96","-2.3","6.04","Grissom, Vaughn",687093,663941,,"called_strike",,,,,2,,"R","R","R","SF","LAA","S",,,0,0,2026,"-0.68","1.2",-0.12497361600187307,3.381148550251096,681351,,,2,7,"Top",,,,,,,7.314013142441919,-139.88685501435046,-4.222244780222768,-10.327737078564585,22.729862491257315,-15.510161018177484,3.301624016,1.666240158,,,,"98",2147,"6.7",823197,691740,646240,650333,669477,642715,671218,687551,808982,"53.78",,,,,,,,60,1,"4-Seam Fastball",9,1,1,9,1,9,1,9,"Standard","Standard",208,"0","-0.036",,,,,"0.036",,8,-8,0.997,0.0030000000000000027,30,25,30,25,1,3,,,,,"1.21","0.68","0.68",,,,,,
"FF","2026-07-25","92.3","2.69","6.24","Grissom, Vaughn",687093,592662,"strikeout","swinging_strike",,,,,12,"Vaughn Grissom strikes out swinging.","R","R","L","SF","LAA","S",2,,0,2,2026,"0.71","1.51",0.41917671878833285,3.7513981250431008,,,545361,1,1,"Top",,,,,,,-7.24484260919669,-134.22748255314548,-3.6018599162560654,10.208545625809043,30.81174810719233,-13.416080585447416,3.301624016,1.666240158,,,,"91.8",2320,"6.1",823197,691740,646240,650333,669477,642715,671218,687551,808982,"54.37",,0,"0",1,0,0,,3,3,"4-Seam Fastball",0,0,0,0,0,0,0,0,"Standard","Standard",148,"0.017","-0.163","63.8","5.7","0.29604918",,"0.163",,0,0,0.509,0.491,34,25,35,25,1,0,,,,,"1.19","0.71","-0.71",,-4.173252849883987,27.085315912583344,23.015548317231982,39.85816319621034,13.814911108100283
"FF","2026-07-25","93.7","2.43","6.19","Grissom, Vaughn",687093,592662,,"swinging_strike",,,,,2,,"R","R","L","SF","LAA","S",,,0,1,2026,"1.01","1.44",0.06277405963980942,3.2562881412988274,,,545361,1,1,"Top",,,,,,,-8.301506227792222,-136.2324870915135,-4.877527752150696,14.451228579172149,29.605500303077267,-13.320054286212276,3.301624016,1.666240158,,,,"93.6",2383,"6.2",823197,691740,646240,650333,669477,642715,671218,687551,808982,"54.27",,,,,,,,3,2,"4-Seam Fastball",0,0,0,0,0,0,0,0,"Standard","Standard",145,"0.007","-0.054","71.9","6.2","1.38072306",,"0.054",,0,0,0.502,0.498,34,25,35,25,1,0,,,,,"1.16","1.01","-1.01",,2.5574747746792506,11.605314151807246,30.09667278130895,35.28692064707664,25.295807094708255
"SI","2026-07-25","92.7","2.63","6.16","Grissom, Vaughn",687093,592662,,"foul",,,,,14,,"R","R","L","SF","LAA","S",,,0,0,2026,"1.18","1.19",0.8919026307518767,2.0556139833274587,,,545361,1,1,"Top",,,,,,,-6.97745887094117,-134.7913515710782,-7.111955740807486,15.814935942279938,27.461504536220918,-16.26578129425419,3.301624016,1.666240158,221,"73.3",49,"92.7",2119,"6.2",823197,691740,646240,650333,669477,642715,671218,687551,808982,"54.32",,,,,,,,3,1,"Sinker",0,0,0,0,0,0,0,0,"Standard","Standard",135,"0.004","-0.041","74.5","7.5",,,"0.041","88.0",0,0,0.498,0.502,34,25,35,25,1,0,,,,,"1.45","1.18","-1.18",,16.19711693182983,16.151946327627954,34.97611275359176,45.23170933841727,24.20951576178448
"SI","2026-07-24","91.7","-1.44","5.07","Grissom, Vaughn",687093,657277,"field_out","hit_into_play",,,,,6,"Vaughn Grissom flies out to right fielder Jung Hoo Lee.","R","R","R","SF","LAA","X",9,"fly_ball",0,0,2026,"-1.07","-0.04",0.6670193384753376,2.256702923327701,,,,0,6,"Top",204.45,113.92,,,,,7.639056592609704,-133.3826784009798,-1.0058838603238538,-14.317810146418495,26.721109361626254,-32.60310048523689,3.301624016,1.666240158,285,"88",35,"92.4",1876,"6.6",823196,691740,646240,650333,669477,642715,671218,687551,808982,"53.9",0.026,0.035,"0",1,0,0,3,45,1,"Sinker",5,4,4,5,4,5,4,5,"Standard","Standard",236,"0.036","-0.264","75.3","7.0",,0.056,"0.264","88.0",1,-1,0.66,0.33999999999999997,29,25,30,25,3,2,6,2,,,"2.73","1.07","1.07","22.1",4.840305692288944,9.83031536177622,32.19960605033992,44.39707106532734,28.84828229998437
"FF","2026-07-24","92.3","-1.42","5.09","Grissom, Vaughn",687093,657277,"strikeout","swinging_strike",,,,,12,"Vaughn Grissom strikes out swinging.","R","R","R","SF","LAA","S",2,,1,2,2026,"-1.07","1.05",0.7906660741767972,3.515794315781288,,,,1,4,"Top",,,,,,,8.027388381197408,-134.33093782645543,-0.4113898677021435,-14.619352083904106,26.009624838956636,-19.488803861204435,3.301624016,1.666240158,,,,"94",2165,"7",823196,691740,646240,650333,669477,642715,671218,687551,808982,"53.46",,0,"0",1,0,0,,29,5,"4-Seam Fastball",5,1,1,5,1,5,1,5,"Strategic","Standard",240,"0.008","-0.183","63.5","5.5","0.4043334",,"0.183",,4,-4,0.898,0.10199999999999998,29,25,30,25,2,1,6,2,,,"1.6","1.07","1.07","27.8",-5.699693020219211,44.88405533435099,22.431586510571833,44.848755244921406,6.416265180111614
"CH","2026-07-24","85.3","-1.87","4.7","Grissom, Vaughn",687093,657277,,"foul",,,,,7,,"R","R","R","SF","LAA","S",,,1,2,2026,"-0.76","-0.49",-0.6135017866948694,2.041187259654581,,,,1,4,"Top",,,,,,,4.51781565622498,-124.39688797744142,1.0764247919506669,-8.700635148807935,18.35368442942698,-37.66156234414431,3.301624016,1.666240158,,,,"87.4",1551,"6.9",823196,691740,646240,650333,669477,642715,671218,687551,808982,"53.61",,,,,,,,29,4,"Changeup",5,1,1,5,1,5,1,5,"Strategic","Standard",274,"0","0","71.7","7.2",,,"0",,4,-4,0.898,0.10199999999999998,29,25,30,25,2,1,6,2,,,"3.54","0.76","0.76","19.1",11.7792637250907,-4.3742773071120435,36.72627654040627,27.054039063071023,32.35309991103124
"CH","2026-07-24","85.8","-1.64","4.69","Grissom, Vaughn",687093,657277,,"ball",,,,,14,,"R","R","R","SF","LAA","B",,,0,2,2026,"-0.92","-0.51",0.5935103867722972,0.3461604919717227,,,,1,4,"Top",,,,,,,7.230126971723983,-124.89933147032428,-2.841451546343049,-11.028871771731808,21.488596378555272,-37.25975142394798,3.301624016,1.666240158,,,,"87.6",1555,"7.1",823196,691740,646240,650333,669477,642715,671218,687551,808982,"53.4",,,,,,,,29,3,"Changeup",5,1,1,5,1,5,1,5,"Strategic","Standard",281,"-0.001","0.018",,,,,"-0.018",,4,-4,0.899,0.10099999999999998,29,25,30,25,2,1,6,2,,,"3.57","0.92","0.92","15.6",,,,,
"SI","2026-07-24","92.2","-1.6","4.92","Grissom, Vaughn",687093,657277,,"foul",,,,,6,,"R","R","R","SF","LAA","S",,,0,1,2026,"-1.33","0.18",0.5877706530912932,2.3272751319892566,,,,1,4,"Top",,,,,,,8.550200201672428,-134.20097403162723,-1.069797251024999,-17.779243502409088,25.075893765243308,-29.909474652116728,3.301624016,1.666240158,199,"73.6",31,"94",1952,"7",823196,691740,646240,650333,669477,642715,671218,687551,808982,"53.46",,,,,,,,29,2,"Sinker",5,1,1,5,1,5,1,5,"Strategic","Standard",245,"0.003","-0.057","69.6","7.0",,,"0.057","88.0",4,-4,0.896,0.10399999999999998,29,25,30,25,2,1,6,2,,,"2.47","1.33","1.33","23.0",-6.958601337356057,13.90345065945205,39.344776249585074,42.503322375958575,15.941380795475297
"SI","2026-07-24","92.8","-1.56","4.95","Grissom, Vaughn",687093,657277,,"called_strike",,,,,6,,"R","R","R","SF","LAA","S",,,0,0,2026,"-1.32","0.18",0.6340084842512244,2.6708609686582294,,,,1,4,"Top",,,,,,,8.571479767402478,-135.0062328552295,-0.30049224094250704,-17.98743318460602,27.235403137756727,-30.144604495715082,3.301624016,1.666240158,,,,"94",1896,"6.8",823196,691740,646240,650333,669477,642715,671218,687551,808982,"53.66",,,,,,,,29,1,"Sinker",5,1,1,5,1,5,1,5,"Standard","Standard",238,"0.002","-0.042",,,,,"0.042",,4,-4,0.894,0.10599999999999998,29,25,30,25,2,1,6,2,,,"2.46","1.32","1.32","20.4",,,,,
"SI","2026-07-24","93.1","-1.77","4.9","Grissom, Vaughn",687093,657277,"field_out","hit_into_play",,,,,5,"Vaughn Grissom grounds out, third baseman Casey Schmitt to first baseman Rafael Devers.","R","R","R","SF","LAA","X",5,"ground_ball",0,0,2026,"-1.3","0.06",0.145061706204356,2.250522297993969,,694384,,2,1,"Top",113.8,169.92,,,,,7.864641682342022,-135.40379507867843,-0.9497145513768475,-17.72691873063041,30.2117972819378,-31.504831626001295,3.301624016,1.666240158,2,"86.8",-46,"94.3",1898,"7",823196,691740,646240,650333,669477,642715,671218,687551,808982,"53.45",0.101,0.091,"0",1,0,0,2,5,1,"Sinker",0,1,1,0,1,0,1,0,"Strategic","Standard",244,"0.03","-0.278","68.2","6.5",,0.103,"0.278","88.0",-1,1,0.418,0.5820000000000001,29,25,30,25,1,0,6,2,,,"2.58","1.3","1.3","22.2",-3.7101144117144895,10.575653731081829,33.95732503336733,36.49312768800033,28.471098807647063
"KC","2026-07-24","81.4","-1.55","6","Grissom, Vaughn",687093,668873,"single","hit_into_play",,,,,9,"Vaughn Grissom singles on a ground ball to third baseman Casey Schmitt.","R","R","R","SF","LAA","X",5,"ground_ball",0,2,2026,"1.07","-1.3",0.32872767278227344,1.684774131478239,,672724,,1,10,"Top",104.18,172.97,,,,,2.0767117219314306,-118.57564189785614,-0.26136241690609974,9.598040971728604,24.4742191321908,-44.49953307202613,3.301624016,1.666240158,2,"73.1",-38,"81.7",2706,"6.6",823196,701852,646240,650333,669477,642715,671218,687529,808982,"53.87",0.095,0.088,"0.9",1,1,0,2,77,4,"Knuckle Curve",6,6,6,6,6,6,6,6,"Strategic","Standard",33,"-0.077","0.664","65.8","7.5",,0.097,"-0.664","88.0",0,0,0.647,0.353,29,25,29,25,1,4,3,2,,,"4.75","-1.07","-1.07","46.4",12.640358502215184,4.867896273866968,33.93069857900907,40.213867064994204,27.58207666508571
"FF","2026-07-24","97.2","-1.31","6.01","Grissom, Vaughn",687093,668873,,"foul",,,,,3,,"R","R","R","SF","LAA","S",,,0,2,2026,"-0.21","1.39",0.5387785115267782,3.082660549311653,,672724,,1,10,"Top",,,,,,,5.427378834920743,-141.5463127570949,-5.445056839779825,-4.011996708508658,30.389630378529116,-12.39608891245891,3.301624016,1.666240158,130,"83.2",9,"98.2",2421,"6.7",823196,701852,646240,650333,669477,642715,671218,687529,808982,"53.84",,,,,,,,77,3,"4-Seam Fastball",6,6,6,6,6,6,6,6,"Strategic","Standard",197,"0","0","71.2","6.8",,,"0","88.0",0,0,0.647,0.353,29,25,29,25,1,4,3,2,,,"1.01","0.21","0.21","50.2",0.8104351378872527,12.082586893626715,28.327590348542138,41.615262105651624,18.83552394426417
"FF","2026-07-24","96.4","-1.16","6.06","Grissom, Vaughn",687093,668873,,"swinging_strike",,,,,14,,"R","R","R","SF","LAA","S",,,0,1,2026,"0.1","1.06",1.2602556655774253,2.0940021464258027,,672724,,1,10,"Top",,,,,,,6.1534707887511075,-140.18412313115093,-7.224845558865646,0.014110374283819187,31.165748968623383,-16.802534989722027,3.301624016,1.666240158,,,,"97.1",2355,"6.7",823196,701852,646240,650333,669477,642715,671218,687529,808982,"53.82",,,,,,,,77,2,"4-Seam Fastball",6,6,6,6,6,6,6,6,"Strategic","Standard",197,"0.024","-0.07","62.2","6.9","0.109369128",,"0.07",,0,0,0.623,0.377,29,25,29,25,1,4,3,2,,,"1.4","-0.1","-0.1","48.6",-9.129975637279102,28.517596007669148,34.02248928988695,52.47183706753268,1.4048175463373482
"FF","2026-07-24","96.7","-1.48","5.99","Grissom, Vaughn",687093,668873,,"called_strike",,,,,1,,"R","R","R","SF","LAA","S",,,0,0,2026,"-0.09","1.43",-0.6360810833876971,3.1024748245903027,,672724,,1,10,"Top",,,,,,,2.4376069573318473,-140.7980606443531,-5.308366989738829,-1.7500914734763573,31.998629781395525,-12.103126092305848,3.301624016,1.666240158,,,,"97.3",2364,"6.6",823196,701852,646240,650333,669477,642715,671218,687529,808982,"53.89",,,,,,,,77,1,"4-Seam Fastball",6,6,6,6,6,6,6,6,"Strategic","Standard",196,"0.014","-0.046",,,,,"0.046",,0,0,0.609,0.391,29,25,29,25,1,4,3,2,,,"1","0.09","0.09","46.7",,,,,
"SL","2026-07-24","87.4","-1.57","5.78","Grissom, Vaughn",687093,671345,"home_run","hit_into_play",,,,,5,"Vaughn Grissom homers (6) on a fly ball to left field. Jorge Soler scores.","R","R","R","SF","LAA","X",,"fly_ball",1,1,2026,"0.23","0.09",-0.0010006654485741062,2.4901974033111456,,624585,,1,8,"Top",36.37,73.23,,,,,3.269827862659467,-127.34578813027204,-1.7602154887829542,1.8239507674089293,26.790391695637485,-31.08471741401321,3.301624016,1.666240158,381,"103.4",24,"88",2183,"6.7",823196,691740,646240,650333,669477,642715,671218,687529,808982,"53.85",0.72,1.244,"2",1,0,3,6,61,3,"Slider",6,4,4,6,6,6,6,6,"Standard","Standard",109,"-0.294","1.304","77.7","7.5",,2.291,"-1.304","103.4",2,-2,0.84,0.16000000000000003,30,25,31,25,1,3,4,2,,,"2.9","-0.23","-0.23","32.2",17.90247920870685,-8.439060684152478,31.820170373939874,37.33573711873532,39.82116122578039
"SI","2026-07-24","96.5","-1.77","5.49","Grissom, Vaughn",687093,671345,,"called_strike",,,,,6,,"R","R","R","SF","LAA","S",,,1,0,2026,"-1.32","0.39",0.6562232680340572,2.566153923476841,,624585,,1,8,"Top",,,,,,,9.543600316911947,-140.25929696893726,-2.9770577569137764,-19.562302201931402,29.76160247832381,-26.52552425921064,3.301624016,1.666240158,,,,"97.9",2038,"7",823196,691740,646240,650333,669477,642715,671218,687529,808982,"53.52",,,,,,,,61,2,"Sinker",6,4,4,6,4,6,4,6,"Standard","Standard",238,"0.009","-0.048",,,,,"0.048",,2,-2,0.831,0.16900000000000004,30,25,31,25,1,3,4,2,,,"2.05","1.32","1.32","23.9",,,,,
"SI","2026-07-24","96.3","-1.72","5.51","Grissom, Vaughn",687093,671345,,"ball",,,,,11,,"R","R","R","SF","LAA","B",,,0,0,2026,"-1.45","0.69",-1.3062277905695572,4.670370683043963,,,624585,1,8,"Top",,,,,,,4.457076265033986,-140.18972299466813,1.8965324917588209,-20.166369030466935,31.70547033548422,-23.746544497693357,3.301624016,1.666240158,,,,"96.9",2220,"6.6",823196,691740,646240,650333,669477,642715,671218,687529,808982,"53.89",,,,,,,,61,1,"Sinker",6,4,4,6,4,6,4,6,"Standard","Standard",237,"-0.022","0.033",,,,,"-0.033",,2,-2,0.853,0.14700000000000002,30,25,31,25,1,3,4,2,,,"1.77","1.45","1.45","25.2",,,,,
"SI","2026-07-22","94.1","-1.85","6.01","Grissom, Vaughn",687093,690928,"field_out","hit_into_play",,,,,14,"Vaughn Grissom grounds out, third baseman Blaze Jordan to first baseman Alec Burleson.","R","R","R","LAA","STL","X",5,"ground_ball",1,2,2026,"-1.15","0.72",0.5992753818904721,1.48504325285606,,,,0,6,"Bot",106.56,164.73,,,,,8.837197116367657,-136.46392058906588,-7.272519653093936,-16.40605566129607,34.162193771351845,-21.648939260645744,3.301624016,1.666240158,1,"95.1",-44,"93.3",2384,"6.3",824004,699625,676475,802139,691458,691026,676369,665877,691023,"54.19",0.092,0.087,"0",1,0,0,2,43,6,"Sinker",0,1,0,1,1,0,0,1,"Standard","Standard",197,"-0.028","-0.188","66.3","7.2",,0.1,"0.188","95.1",-1,-1,0.384,0.384,26,25,27,25,3,2,15,1,,2,"1.9","1.15","1.15","47.4",-5.316989241336798,8.542775639911033,40.95822031840036,42.01454127123746,15.255688662999594
"FS","2026-07-22","87.2","-1.95","5.99","Grissom, Vaughn",687093,690928,,"ball",,,,,13,,"R","R","R","LAA","STL","B",,,0,2,2026,"-1.63","0.4",-0.4624391579384617,0.004776049321403519,,,,0,6,"Bot",,,,,,,6.922971653168176,-126.60214150178295,-8.707550769580422,-18.955993693941654,27.088502414716118,-26.176909384039067,3.301624016,1.666240158,,,,"86.9",2310,"6.3",824004,699625,676475,802139,691458,691026,676369,665877,691023,"54.19",,,,,,,,43,5,"Split-Finger",0,1,0,1,1,0,0,1,"Standard","Standard",222,"0.004","0.023",,,,,"-0.023",,-1,-1,0.38,0.38,26,25,27,25,3,2,15,1,,2,"2.62","1.63","1.63","46.9",,,,,
"ST","2026-07-22","83.9","-2.2","5.69","Grissom, Vaughn",687093,690928,,"foul",,,,,14,,"R","R","R","LAA","STL","S",,,0,2,2026,"1.5","0.24",1.0057166238431077,1.0050636412680007,,,,0,6,"Bot",,,,,,,4.287314232434129,-122.09824746901793,-4.627960769877332,14.084850824627438,25.21656242767174,-28.997185031922523,3.301624016,1.666240158,131,"67.8",16,"83.6",2859,"6.2",824004,699625,676475,802139,691458,691026,676369,665877,691023,"54.3",,,,,,,,43,4,"Sweeper",0,1,0,1,1,0,0,1,"Standard","Standard",63,"0","0","59.1","7.8",,,"0","88.0",-1,-1,0.38,0.38,26,25,27,25,3,2,15,1,,2,"3.01","-1.5","-1.5","32.0",9.023241292515586,-6.329643174646125,41.81231256334734,46.79246619438488,34.41226697961811
"ST","2026-07-22","81.9","-2.33","5.68","Grissom, Vaughn",687093,690928,,"foul",,,,,7,,"R","R","R","LAA","STL","S",,,0,2,2026,"1.23","-0.09",-0.4760251261992161,2.03914195181231,,,,0,6,"Bot",,,,,,,1.715571782510287,-119.30952467575686,-1.2358611757775984,11.31455747154602,24.35052302040518,-33.03187886764803,3.301624016,1.666240158,11,"87.3",-10,"81.7",2831,"6.2",824004,699625,676475,802139,691458,691026,676369,665877,691023,"54.3",,,,,,,,43,3,"Sweeper",0,1,0,1,1,0,0,1,"Standard","Standard",56,"0","0","71.4","7.3",,,"0","88.0",-1,-1,0.38,0.38,26,25,27,25,3,2,15,1,,2,"3.5","-1.23","-1.23","35.2",12.97358698041875,-15.320034674955691,39.849966392204685,29.757064796616213,34.44191284036995
"FF","2026-07-22","93.9","-1.75","6.16","Grissom, Vaughn",687093,690928,,"foul",,,,,12,,"R","R","R","LAA","STL","S",,,0,1,2026,"0.12","0.96",1.1082680353015508,2.7514323289846407,,,,0,6,"Bot",,,,,,,7.021596997909136,-136.70105869633687,-5.074656340264125,0.06444147178182902,27.84058387833084,-19.25748166941303,3.301624016,1.666240158,191,"77.5",19,"93.9",2381,"6.1",824004,699625,676475,802139,691458,691026,676369,665877,691023,"54.4",,,,,,,,43,2,"4-Seam Fastball",0,1,0,1,1,0,0,1,"Standard","Standard",185,"-0.01","-0.056","69.7","7.1",,,"0.056","88.0",-1,-1,0.39,0.39,26,25,27,25,3,2,15,1,,2,"1.61","-0.12","-0.12","47.8",4.953258585171114,3.888773682929912,29.334010960882644,49.26626765206714,27.089743843761077
"FF","2026-07-22","92.1","-2.06","6.08","Grissom, Vaughn",687093,690928,,"foul",,,,,1,,"R","R","R","LAA","STL","S",,,0,0,2026,"-0.11","0.96",-0.3763491260280982,3.324506833516716,,,,0,6,"Bot",,,,,,,4.4462558399176615,-134.1198583935293,-3.127587224297619,-2.181709570383162,26.897195745799678,-20.097438580240667,3.301624016,1.666240158,207,"75.5",55,"92.3",2462,"6.2",824004,699625,676475,802139,691458,691026,676369,665877,691023,"54.27",,,,,,,,43,1,"4-Seam Fastball",0,1,0,1,1,0,0,1,"Standard","Standard",192,"-0.006","-0.043","70.0","7.1",,,"0.043","88.0",-1,-1,0.396,0.396,26,25,27,25,3,2,15,1,,2,"1.71","0.11","0.11","42.6",14.23180336233779,-13.053413994890695,27.15100691454379,31.786678183099628,37.226256236992334
"FS","2026-07-22","87","-1.95","6.05","Grissom, Vaughn",687093,690928,"strikeout","swinging_strike",,,,,13,"Vaughn Grissom strikes out swinging.","R","R","R","LAA","STL","S",2,,2,2,2026,"-1.16","0.56",-0.3546309990952874,1.4511951880792888,,687263,545361,2,3,"Bot",,,,,,,6.202983588579905,-126.51129576706386,-5.739182381054678,-13.71713104036186,26.670990510938168,-25.171162995686647,3.301624016,1.666240158,,,,"87",2392,"6.4",824004,699625,676475,802139,691458,691026,676369,665877,691023,"54.12",,0,"0",1,0,0,,23,5,"Split-Finger",0,0,0,0,0,0,0,0,"Standard","Standard",223,"-0.042","-0.22","75.6","8.0","2.003852772",,"0.22",,0,0,0.542,0.542,26,25,27,25,2,1,15,1,,2,"2.47","1.16","1.16","47.2",20.942736233370965,-25.30189768714069,37.7646212135563,32.81197748787075,47.53844999234233
"SL","2026-07-22","86.6","-2.04","5.98","Grissom, Vaughn",687093,690928,,"foul",,,,,7,,"R","R","R","LAA","STL","S",,,2,1,2026,"0.6","-0.08",-0.712179726228918,2.092257937329314,,687263,545361,2,3,"Bot",,,,,,,1.8896153710586236,-126.15928146219709,-2.691680017984564,6.041046207038066,25.040508378847598,-32.75313948045744,3.301624016,1.666240158,346,"102.4",46,"86.6",2797,"6.2",824004,699625,676475,802139,691458,691026,676369,665877,691023,"54.33",,,,,,,,23,4,"Slider",0,0,0,0,0,0,0,0,"Standard","Standard",90,"-0.01","-0.077","74.4","8.1",,,"0.077","102.4",0,0,0.552,0.552,26,25,27,25,2,1,15,1,,2,"3.11","-0.6","-0.6","42.3",21.998056974153457,-29.17636376618125,36.480393199353806,27.20112578728526,46.385601737730624
"FF","2026-07-22","93.4","-1.94","6.19","Grissom, Vaughn",687093,690928,,"called_strike",,,,,7,,"R","R","R","LAA","STL","S",,,2,0,2026,"-0.16","0.99",-0.49246013620063533,2.1483992084356998,,687263,545361,2,3,"Bot",,,,,,,4.034077293647213,-135.88817942988,-6.67046524242987,-2.8052051177876502,28.13290666635974,-18.602737227481985,3.301624016,1.666240158,,,,"93.6",2448,"6.3",824004,699625,676475,802139,691458,691026,676369,665877,691023,"54.21",,,,,,,,23,3,"4-Seam Fastball",0,0,0,0,0,0,0,0,"Standard","Standard",186,"-0.007","-0.044",,,,,"0.044",,0,0,0.559,0.559,26,25,27,25,2,1,15,1,,2,"1.61","0.16","0.16","51.6",,,,,
"ST","2026-07-22","81.6","-2.51","5.63","Grissom, Vaughn",687093,690928,,"blocked_ball",,,,,14,,"R","R","R","LAA","STL","B",,,1,0,2026,"1.42","0.1",0.013202755963580781,0.5420928793854296,,687263,545361,2,3,"Bot",,,,,,,2.8128392617488926,-118.74695799993506,-4.783874634873132,12.840045925350024,23.46426036674036,-30.469013019767903,3.301624016,1.666240158,,,,"81.5",2672,"6.3",824004,699625,676475,802139,691458,691026,676369,665877,691023,"54.21",,,,,,,,23,2,"Sweeper",0,0,0,0,0,0,0,0,"Standard","Standard",52,"0.007","0.028",,,,,"-0.028",,0,0,0.552,0.552,26,25,27,25,2,1,15,1,,2,"3.33","-1.42","-1.42","36.3",,,,,
"SI","2026-07-22","94.4","-2.02","5.97","Grissom, Vaughn",687093,690928,,"ball",,,,,14,,"R","R","R","LAA","STL","B",,,0,0,2026,"-0.37","1.27",1.6090861586747887,1.6992213113617358,,687263,545361,2,3,"Bot",,,,,,,10.112528487794837,-136.82322271276846,-7.948162601948026,-7.067554469201152,32.34466971924589,-14.535554013025973,3.301624016,1.666240158,,,,"93.7",2405,"6.3",824004,699625,676475,802139,691458,691026,676369,665877,691023,"54.24",,,,,,,,23,1,"Sinker",0,0,0,0,0,0,0,0,"Standard","Standard",195,"0.003","0.028",,,,,"-0.028",,0,0,0.549,0.549,26,25,27,25,2,1,15,1,,2,"1.32","0.37","0.37","42.4",,,,,
"FF","2026-07-22","96","-1.64","6.25","Grissom, Vaughn",687093,690928,"strikeout","swinging_strike",,,,,3,"Vaughn Grissom strikes out swinging.","R","R","R","LAA","STL","S",2,,0,2,2026,"0","1.21",0.5780192315420406,2.8363732912025137,,,,0,2,"Bot",,,,,,,5.76406813092209,-139.74686317469425,-6.030866697758307,-1.1794784575606825,28.572087726260303,-15.130969699514626,3.301624016,1.666240158,,,,"95.9",2532,"6",824004,699625,676475,802139,691458,691026,676369,665877,691023,"54.52",,0,"0",1,0,0,,10,3,"4-Seam Fastball",0,0,0,0,0,0,0,0,"Standard","Standard",194,"-0.014","-0.165","71.3","6.8","0.859192872",,"0.165",,0,0,0.542,0.542,26,25,27,25,1,0,15,1,,2,"1.24","0","0","47.6",1.3478875570017428,10.349558333387822,34.799925389962226,43.95195089427969,17.866145730550155
"SI","2026-07-22","93.6","-1.95","6.05","Grissom, Vaughn",687093,690928,,"foul",,,,,13,,"R","R","R","LAA","STL","S",,,0,1,2026,"-0.92","0.84",-0.5822329018062732,1.3198574287074407,,,,0,2,"Bot",,,,,,,5.5445822872215285,-136.04636205434164,-8.097397280821736,-12.65213500670335,28.19127108513211,-20.153074335288263,3.301624016,1.666240158,124,"100.4",7,"93.6",2257,"6.2",824004,699625,676475,802139,691458,691026,676369,665877,691023,"54.25",,,,,,,,10,2,"Sinker",0,0,0,0,0,0,0,0,"Standard","Standard",199,"-0.006","-0.056","74.2","8.0",,,"0.056","100.4",0,0,0.548,0.548,26,25,27,25,1,0,15,1,,2,"1.75","0.92","0.92","48.2",15.19397335015016,-12.171511793861614,48.561924179533825,29.1281136533679,34.56062084665547
"SI","2026-07-22","94.1","-2.16","5.91","Grissom, Vaughn",687093,690928,,"called_strike",,,,,14,,"R","R","R","LAA","STL","S",,,0,0,2026,"-1.11","0.55",0.3550641269396613,1.411105426959967,,,,0,2,"Bot",,,,,,,8.923266611193469,-136.7620880692539,-6.996743657225647,-15.779089657704068,26.240141923216637,-24.015968396674605,3.301624016,1.666240158,,,,"94.4",2272,"6.3",824004,699625,676475,802139,691458,691026,676369,665877,691023,"54.24",,,,,,,,10,1,"Sinker",0,0,0,0,0,0,0,0,"Standard","Standard",209,"-0.003","-0.043",,,,,"0.043",,0,0,0.551,0.551,26,25,27,25,1,0,15,1,,2,"2.01","1.11","1.11","39.7",,,,,
"ST","2026-07-22","81.2","-1.71","5.46","Grissom, Vaughn",687093,676617,"strikeout","swinging_strike",,,,,13,"Vaughn Grissom strikes out swinging.","R","R","R","LAA","STL","S",2,,1,2,2026,"0.84","-0.04",-0.998866388909117,2.159703082679972,,,,0,9,"Bot",,,,,,,-0.07413624248600792,-118.17891528019211,-0.33976450491036014,7.7179022780577275,27.32997875639683,-32.68480959825295,3.301624016,1.666240158,,,,"81.4",1829,"6.9",824004,699625,676475,802139,691458,691026,665877,701675,691023,"53.61",,0,"0",1,0,0,,63,4,"Sweeper",0,1,0,1,1,0,0,1,"Standard","Strategic",61,"-0.062","-0.188","72.6","8.4","1.815310416",,"0.188",,-1,-1,0.177,0.177,31,25,31,25,1,3,2,1,,2,"3.55","-0.84","-0.84","28.1",32.61707056223343,-50.97055697052712,40.047360561386945,23.2284241746858,54.22037299218114
"SI","2026-07-22","97.3","-1.54","5.78","Grissom, Vaughn",687093,676617,,"foul",,,,,2,,"R","R","R","LAA","STL","S",,,1,1,2026,"-1","1.17",0.06399583477749182,3.0319685035372324,,,,0,9,"Bot",,,,,,,6.602073538395624,-141.58714979451003,-4.405855465727143,-14.925615965179306,32.7389709121581,-15.655244427443256,3.301624016,1.666240158,175,"71.8",59,"97.8",2256,"6.6",824004,699625,676475,802139,691458,691026,665877,701675,691023,"53.88",,,,,,,,63,3,"Sinker",0,1,0,1,1,0,0,1,"Standard","Strategic",226,"-0.023","-0.062","69.5","6.2",,,"0.062","88.0",-1,-1,0.2,0.2,31,25,31,25,1,3,2,1,,2,"1.24","1","1","32.8",-1.356189663071329,18.94471704033022,27.85594578396663,37.77201653725177,22.94727716619576
"SI","2026-07-22","97","-1.65","5.73","Grissom, Vaughn",687093,676617,,"ball",,,,,14,,"R","R","R","LAA","STL","B",,,0,1,2026,"-1.19","1.05",0.9095860978710557,2.235816886047374,,,,0,9,"Bot",,,,,,,9.597816935572283,-140.903020772819,-6.060000079902384,-18.04676329855746,31.48395836160531,-16.986057542339786,3.301624016,1.666240158,,,,"97.6",2246,"6.7",824004,699625,676475,802139,691458,691026,665877,701675,691023,"53.8",,,,,,,,63,2,"Sinker",0,1,0,1,1,0,0,1,"Standard","Strategic",229,"0.009","0.029",,,,,"-0.029",,-1,-1,0.191,0.191,31,25,31,25,1,3,2,1,,2,"1.38","1.19","1.19","35.8",,,,,
"SI","2026-07-22","94.9","-1.5","5.68","Grissom, Vaughn",687093,676617,,"called_strike",,,,,6,,"R","R","R","LAA","STL","S",,,0,0,2026,"-1.5","0.42",0.31973697297765247,2.2203627769224434,,,,0,9,"Bot",,,,,,,8.176498993376677,-137.93022803173093,-4.097575732026286,-21.03267941933243,32.190109126152926,-26.11067087963137,3.301624016,1.666240158,,,,"95.2",2193,"6.7",824004,699625,676475,802139,691458,691026,665877,701675,691023,"53.84",,,,,,,,63,1,"Sinker",0,1,0,1,1,0,0,1,"Standard","Strategic",223,"-0.013","-0.043",,,,,"0.043",,-1,-1,0.204,0.204,31,25,31,25,1,3,2,1,,2,"2.13","1.5","1.5","33.9",,,,,
"SL","2026-07-21","86.8","0.7","6.42","Grissom, Vaughn",687093,669461,"strikeout","swinging_strike",,,,,13,"Vaughn Grissom strikes out swinging.","R","R","L","LAA","STL","S",2,,1,2,2026,"-0.49","-0.11",-1.607776221800389,1.505015785696806,,,694384,2,5,"Bot",,,,,,,-4.463249881549152,-126.40737429410981,-5.127426766712853,-4.379820023879202,25.075888987290593,-32.52095474892393,3.301624016,1.666240158,,,,"87.4",2696,"6.6",824005,671056,676475,802139,691458,691026,663457,701675,691023,"53.92",,0,"0",1,0,0,,43,4,"Slider",5,1,5,1,1,5,5,1,"Standard","Standard",279,"-0.004","-0.201","54.8","8.3","6.775037676",,"0.201",,4,4,0.922,0.922,26,25,27,25,3,2,10,1,,1,"3.12","-0.49","0.49","43.5",20.321197420782685,-28.762084966311537,39.61090635099486,18.54049907513515,42.88738026258228
"SI","2026-07-21","95.3","0.56","6.48","Grissom, Vaughn",687093,669461,,"ball",,,,,13,,"R","R","L","LAA","STL","B",,,0,2,2026,"1.19","1.07",-1.2849500183849165,1.5037598948502473,,,694384,2,5,"Bot",,,,,,,-7.539069283729625,-138.3111789059164,-9.59364479866477,17.029996106177222,32.16584894365553,-16.415144699030854,3.301624016,1.666240158,,,,"95.3",2298,"6.6",824005,671056,676475,802139,691458,691026,663457,701675,691023,"53.95",,,,,,,,43,3,"Sinker",5,1,5,1,1,5,5,1,"Standard","Standard",155,"0","0.025",,,,,"-0.025",,4,4,0.922,0.922,26,25,27,25,3,2,10,1,,1,"1.46","1.19","-1.19","46.5",,,,,
"CU","2026-07-21","79.9","0.72","6.56","Grissom, Vaughn",687093,669461,,"foul",,,,,8,,"R","R","L","LAA","STL","S",,,0,1,2026,"-0.87","-1.4",-0.07664044508362211,1.7476338011787913,,,694384,2,5,"Bot",,,,,,,-0.07382345159521184,-116.2615525609518,-0.8110857320349325,-7.735572108823017,25.36297829664221,-44.79277747811644,3.301624016,1.666240158,,,,"79.4",3207,"6.3",824005,671056,676475,802139,691458,691026,663457,701675,691023,"54.22",,,,,,,,43,2,"Curveball",5,1,5,1,1,5,5,1,"Standard","Standard",330,"-0.001","-0.061","68.5","7.9",,,"0.061",,4,4,0.923,0.923,26,25,27,25,3,2,10,1,,1,"5.02","-0.87","0.87","47.7",23.908522430737207,-12.357745905111118,35.7848512530436,36.3885152632039,38.080347700675134
"FF","2026-07-21","94.2","0.55","6.52","Grissom, Vaughn",687093,669461,,"called_strike",,,,,4,,"R","R","L","LAA","STL","S",,,0,0,2026,"0.57","1.44",-0.6363353419951371,2.3737506026162305,,,694384,2,5,"Bot",,,,,,,-4.334387873736611,-136.92393603012306,-8.086328542521407,8.085605477059689,30.668328846349045,-12.408732966732666,3.301624016,1.666240158,,,,"94.5",2119,"6.5",824005,671056,676475,802139,691458,691026,663457,701675,691023,"53.96",,,,,,,,43,1,"4-Seam Fastball",5,1,5,1,1,5,5,1,"Standard","Standard",152,"-0.001","-0.042",,,,,"0.042",,4,4,0.924,0.924,26,25,27,25,3,2,10,1,,1,"1.13","0.57","-0.57","48.7",,,,,
"FF","2026-07-21","95.2","0.52","6.53","Grissom, Vaughn",687093,669461,"field_out","hit_into_play",,,,,4,"Vaughn Grissom grounds out, third baseman Blaze Jordan to first baseman Alec Burleson.","R","R","L","LAA","STL","X",5,"ground_ball",1,1,2026,"0.46","1.5",-0.7293418560867544,2.2619234619967843,,,,2,3,"Bot",101.24,167.14,,,,,-4.284524452923219,-138.3759426406243,-8.76052128775551,6.853928108555585,28.854234865132852,-11.218066257644919,3.301624016,1.666240158,99,"76.5",8,"95.5",2161,"6.4",824005,671056,676475,802139,691458,691026,663457,701675,691023,"54.1",0.257,0.242,"0",1,0,0,2,25,3,"4-Seam Fastball",5,0,5,0,0,5,5,0,"Standard","Standard",155,"-0.002","-0.246","68.9","7.1",,0.29,"0.246","88.0",5,5,0.923,0.923,26,25,27,25,2,1,10,1,,1,"1.01","0.46","-0.46","47.5",6.375263798601868,0.9223126453822303,43.1160542899265,27.177159348038746,24.194418943002137
"SL","2026-07-21","85.3","0.73","6.43","Grissom, Vaughn",687093,669461,,"swinging_strike",,,,,13,,"R","R","L","LAA","STL","S",,,1,0,2026,"-0.41","-0.17",-0.4586227011484474,1.2393418445279583,,,,2,3,"Bot",,,,,,,-1.9193098334044991,-124.2694245812246,-5.338257949191398,-3.910724047590266,23.486794812647155,-33.1254258760751,3.301624016,1.666240158,,,,"85.6",2773,"6.3",824005,671056,676475,802139,691458,691026,663457,701675,691023,"54.2",,,,,,,,25,2,"Slider",5,0,5,0,0,5,5,0,"Standard","Standard",297,"0","-0.054","71.5","8.5","5.470251876",,"0.054",,5,5,0.923,0.923,26,25,27,25,2,1,10,1,,1,"3.28","-0.41","0.41","42.0",26.814363909006392,-38.32769947655585,34.55157141235054,30.100008533135952,50.653003093846536
"SL","2026-07-21","87.1","0.67","6.4","Grissom, Vaughn",687093,669461,,"ball",,,,,13,,"R","R","L","LAA","STL","B",,,0,0,2026,"-0.3","0.04",-0.7181072991042231,-0.9656872775746819,,,,2,3,"Bot",,,,,,,-2.665126775277142,-126.4085134932785,-11.242527800883108,-2.686222943898523,26.02036814147787,-29.587633181995383,3.301624016,1.666240158,,,,"87.3",2755,"6.6",824005,671056,676475,802139,691458,691026,663457,701675,691023,"53.94",,,,,,,,25,1,"Slider",5,0,5,0,0,5,5,0,"Standard","Standard",226,"0","0.041",,,,,"-0.041",,5,5,0.923,0.923,26,25,27,25,2,1,10,1,,1,"2.98","-0.3","0.3","44.1",,,,,
"FF","2026-07-21","95.3","-1.63","6.25","Grissom, Vaughn",687093,656240,"field_out","hit_into_play",,,,,6,"Vaughn Grissom grounds out, second baseman JJ Wetherholt to first baseman Alec Burleson.","R","R","R","LAA","STL","X",4,"ground_ball",1,2,2026,"-0.22","1.22",0.8120107717553824,2.540496884253643,,545361,694384,2,7,"Bot",144.2,146.56,,,,,6.943539105450061,-138.605814608885,-6.771747794292118,-4.351575636595438,30.618431906989986,-15.142744323351838,3.301624016,1.666240158,46,"94.3",0,"96.8",2202,"7.1",824005,671056,676475,802139,691458,691026,663457,665877,691023,"53.36",0.326,0.293,"0",1,0,0,2,59,5,"4-Seam Fastball",5,1,5,1,1,5,5,1,"Standard","Standard",204,"-0.004","-0.216","81.8","6.9",,0.361,"0.216","94.3",4,4,0.968,0.968,30,25,30,25,1,3,,1,,1,"1.29","0.22","0.22","48.0",3.7439717068180003,7.805576998423055,30.691493429950295,45.15770685601797,20.2884499057599
"FS","2026-07-21","88.1","-1.86","6.11","Grissom, Vaughn",687093,656240,,"foul",,,,,14,,"R","R","R","LAA","STL","S",,,1,2,2026,"-0.61","-0.04",0.6568359703847125,0.907951657391167,,545361,694384,2,7,"Bot",,,,,,,7.432634262167144,-128.09951046610132,-6.273840648904461,-8.206433494150826,25.127263887312143,-31.549678558278696,3.301624016,1.666240158,1,"60.5",-44,"89.5",1184,"7.1",824005,671056,676475,802139,691458,691026,663457,665877,691023,"53.39",,,,,,,,59,4,"Split-Finger",5,1,5,1,1,5,5,1,"Standard","Standard",244,"0","0","51.8","7.7",,,"0","88.0",4,4,0.968,0.968,30,25,30,25,1,3,,1,,1,"2.97","0.61","0.61","43.4",-3.3533749908224806,5.613989363107401,45.84236303046523,43.59064386456845,19.05572057272039
"SL","2026-07-21","83.7","-1.66","6.12","Grissom, Vaughn",687093,656240,,"swinging_strike",,,,,8,,"R","R","R","LAA","STL","S",,,1,1,2026,"0.15","-0.57",-0.0892356636573302,1.925845580935945,,545361,694384,2,7,"Bot",,,,,,,3.33140654622986,-121.90011463505097,-1.906090163577693,0.8175847349002257,24.193257312528438,-37.66846058718824,3.301624016,1.666240158,,,,"85",2249,"7.1",824005,671056,676475,802139,691458,691026,663457,665877,691023,"53.37",,,,,,,,59,3,"Slider",5,1,5,1,1,5,5,1,"Standard","Standard",46,"-0.002","-0.054","76.4","8.3","1.491653304",,"0.054",,4,4,0.97,0.97,30,25,30,25,1,3,,1,,1,"3.82","-0.15","-0.15","45.0",23.97445490567406,-31.713559210711907,33.68975908519847,33.70366474031069,52.62587095711993
"SI","2026-07-21","95.2","-1.71","6.08","Grissom, Vaughn",687093,656240,,"called_strike",,,,,4,,"R","R","R","LAA","STL","S",,,1,0,2026,"-1.04","1.03",-0.47267575434687004,2.36113841105375,,545361,694384,2,7,"Bot",,,,,,,5.666352489196193,-138.44589062909677,-6.3367791382304155,-14.591041366498935,30.063178982805862,-17.694105303483486,3.301624016,1.666240158,,,,"96.8",2166,"7.2",824005,671056,676475,802139,691458,691026,663457,665877,691023,"53.31",,,,,,,,59,2,"Sinker",5,1,5,1,1,5,5,1,"Standard","Standard",212,"0","-0.045",,,,,"0.045",,4,4,0.97,0.97,30,25,30,25,1,3,,1,,1,"1.48","1.04","1.04","44.5",,,,,
"SI","2026-07-21","94.7","-1.83","6.08","Grissom, Vaughn",687093,656240,,"blocked_ball",,,,,14,,"R","R","R","LAA","STL","B",,,0,0,2026,"-1.01","0.96",1.401219728709036,0.5983436929679815,,545361,694384,2,7,"Bot",,,,,,,10.791652783675005,-137.13190465715658,-10.68470980966038,-15.072464913556656,29.16093593849458,-17.743045347192847,3.301624016,1.666240158,,,,"96.3",2201,"7.4",824005,671056,676475,802139,691458,691026,663457,665877,691023,"53.13",,,,,,,,59,1,"Sinker",5,1,5,1,1,5,5,1,"Standard","Standard",214,"0","0.028",,,,,"-0.028",,4,4,0.97,0.97,30,25,30,25,1,3,,1,,1,"1.59","1.01","1.01","46.0",,,,,
"FF","2026-07-21","94.4","0.61","6.56","Grissom, Vaughn",687093,669461,"single","hit_into_play",,,,,8,"Vaughn Grissom singles on a line drive to right fielder Jordan Walker. Jorge Soler scores. Vaughn Grissom to 2nd.","R","R","L","LAA","STL","X",9,"line_drive",0,0,2026,"0.34","1.35",-0.03990740986798613,1.9383271935529787,,624585,,1,1,"Bot",187.69,104.33,,,,,-2.443746163053829,-137.29192737631067,-9.174424308136073,4.787598563175145,28.84796939548409,-13.254078183986348,3.301624016,1.666240158,205,"99.3",9,"94.6",2002,"6.3",824005,671056,676475,802139,691458,691026,663457,701675,691023,"54.16",0.617,0.564,"0.9",1,1,0,4,10,1,"4-Seam Fastball",2,0,2,0,0,3,3,0,"Standard","Standard",150,"0.069","0.548","75.4","6.8",,0.674,"-0.548","99.3",2,2,0.747,0.747,26,25,27,25,1,0,10,1,,1,"1.2","0.34","-0.34","45.8",-9.091652063212225,15.481775417762178,45.33637795790411,35.23412448532606,21.25713711409555
"CU","2026-07-20","84.3","-1.89","5.57","Grissom, Vaughn",687093,681517,"grounded_into_double_play","hit_into_play",,,,,13,"Vaughn Grissom grounds into a double play, third baseman Blaze Jordan to second baseman JJ Wetherholt to first baseman Alec Burleson. Nolan Schanuel out at 2nd. Vaughn Grissom out at 1st.","R","R","R","LAA","STL","X",5,"ground_ball",1,2,2026,"0.72","-0.84",-0.17774966110463108,1.4871448479008378,,,694384,1,4,"Bot",101.71,166.61,,,,,2.5127952462054166,-122.815934589994,-1.1457111599595928,6.685258137171336,25.745918232011803,-40.668174001905975,3.301624016,1.666240158,32,"77.8",0,"85.4",2299,"7.1",824006,699625,676475,802139,691458,691026,663457,701675,691023,"53.43",0.118,0.106,"0",1,0,0,2,30,4,"Curveball",1,2,1,2,2,1,1,2,"Standard","Standard",44,"-0.058","-0.24",,,,0.137,"0.24","88.0",-1,-1,0.42,0.42,29,25,29,25,2,1,10,1,,1,"4.06","-0.72","-0.72","43.3",,,,,
"FF","2026-07-20","94.6","-1.82","5.54","Grissom, Vaughn",687093,681517,,"ball",,,,,12,,"R","R","R","LAA","STL","B",,,0,2,2026,"-0.39","1.28",0.6345862450865333,4.517781150788054,,,694384,1,4,"Bot",,,,,,,7.325981778426067,-137.5819204887917,0.23619806230554757,-6.5393353241374506,29.805522663829418,-16.13701817743909,3.301624016,1.666240158,,,,"96.3",2122,"7.2",824006,699625,676475,802139,691458,691026,663457,701675,691023,"53.27",,,,,,,,30,3,"4-Seam Fastball",1,2,1,2,2,1,1,2,"Standard","Standard",210,"0.004","0.014",,,,,"-0.014",,-1,-1,0.416,0.416,29,25,29,25,2,1,10,1,,1,"1.26","0.39","0.39","43.9",,,,,
"ST","2026-07-20","86.7","-2.01","5.52","Grissom, Vaughn",687093,681517,,"foul_tip",,,,,14,,"R","R","R","LAA","STL","S",,,0,1,2026,"1.35","0.56",0.8862551289651694,2.2315705137909574,,,694384,1,4,"Bot",,,,,,,4.082879588243468,-126.22922543058439,-2.6166113774571373,13.456486077762841,27.106847405775618,-25.89326348328605,3.301624016,1.666240158,,,,"87.8",2600,"7.1",824006,699625,676475,802139,691458,691026,663457,701675,691023,"53.42",,,,,,,,30,2,"Sweeper",1,2,1,2,2,1,1,2,"Standard","Standard",65,"-0.01","-0.054","83.2","7.7",,,"0.054",,-1,-1,0.426,0.426,29,25,29,25,2,1,10,1,,1,"2.48","-1.35","-1.35","43.5",10.356781492667514,-9.985619003252976,33.608126597505645,45.51675063560734,35.76688508295312
"SL","2026-07-20","89.4","-1.94","5.56","Grissom, Vaughn",687093,681517,,"swinging_strike",,,,,14,,"R","R","R","LAA","STL","S",,,0,0,2026,"0.39","-0.11",1.0803137798294773,1.8176927129305471,,,694384,1,4,"Bot",,,,,,,6.594753955250901,-130.1182183779152,-2.762120209913382,3.0347464670812885,28.216781705395846,-32.98404758338922,3.301624016,1.666240158,,,,"90.6",2237,"7.1",824006,699625,676475,802139,691458,691026,663457,701675,691023,"53.39",,,,,,,,30,1,"Slider",1,2,1,2,2,1,1,2,"Standard","Standard",121,"-0.006","-0.041","74.2","7.6","1.527515988",,"0.041",,-1,-1,0.432,0.432,29,25,29,25,2,1,10,1,,1,"2.96","-0.39","-0.39","42.0",11.706989398078335,-2.8295018994077883,30.593913027283367,48.233144370609885,35.02026607199052
"FF","2026-07-20","95.3","-1.64","5.67","Grissom, Vaughn",687093,681517,"field_out","hit_into_play",,,,,4,"Vaughn Grissom grounds out softly, second baseman JJ Wetherholt to first baseman Alec Burleson.","R","R","R","LAA","STL","X",4,"ground_ball",0,1,2026,"-0.67","0.99",-0.4165936747307538,2.5732930471317585,,,,1,2,"Bot",128.87,154.76,,,,,4.826411327027928,-138.74630051526006,-4.695800650174298,-9.67320849024266,29.04795261450232,-18.56815557695013,3.301624016,1.666240158,78,"49.3",12,"98.1",2053,"7.7",824006,699625,676475,802139,691458,691026,663457,701675,691023,"52.79",0.127,0.115,"0",1,0,0,1,14,2,"4-Seam Fastball",0,2,0,2,2,0,0,2,"Standard","Standard",210,"-0.015","-0.222","67.6","6.8",,0.154,"0.222","88.0",-2,-2,0.314,0.314,29,25,29,25,1,0,10,1,,1,"1.51","0.67","0.67","46.4",3.3043983348775336,4.619106145782722,36.6414517815949,29.53397537918171,27.826796710015948
"SI","2026-07-20","95","-1.7","5.67","Grissom, Vaughn",687093,681517,,"called_strike",,,,,2,,"R","R","R","LAA","STL","S",,,0,0,2026,"-1.13","0.71",-0.1639547315308012,3.0107770587676486,,,,1,2,"Bot",,,,,,,6.661037734047213,-138.26388897864462,-2.765850961867408,-15.939525419258274,31.478492219392116,-22.70843542785596,3.301624016,1.666240158,,,,"96.6",2238,"7.3",824006,699625,676475,802139,691458,691026,663457,701675,691023,"53.23",,,,,,,,14,1,"Sinker",0,2,0,2,2,0,0,2,"Standard","Standard",206,"-0.003","-0.042",,,,,"0.042",,-2,-2,0.317,0.317,29,25,29,25,1,0,10,1,,1,"1.82","1.13","1.13","45.2",,,,,
"SI","2026-07-20","96.5","-1.39","5.8","Grissom, Vaughn",687093,676617,"double","hit_into_play",,,,,6,"Umpire reviewed (home run), call on the field was upheld: Vaughn Grissom doubles (13) on a sharp fly ball to right fielder Jordan Walker. Oswald Peraza scores. Jose Siri to 3rd.","R","R","R","LAA","STL","X",9,"fly_ball",1,0,2026,"-1.28","0.76",0.35221489473147805,2.208823626602358,,672724,642350,1,9,"Bot",207.25,74.63,,,,,7.584991725663619,-140.1958584334552,-5.535414596340241,-18.58588375748485,32.36856674641126,-21.057289366704357,3.301624016,1.666240158,365,"103.2",26,"97.1",2242,"6.8",824006,699625,676475,802139,691458,691026,663457,701675,691023,"53.73",0.797,1.48,"1.25",1,1,1,6,64,2,"Sinker",1,2,1,2,2,2,2,2,"Standard","Standard",220,"0.48","0.757",,,,2.816,"-0.757","103.2",-1,-1,0.363,0.363,31,25,31,25,1,3,3,1,2,1,"1.7","1.28","1.28","35.0",,,,,
"SI","2026-07-20","96.5","-1.44","5.72","Grissom, Vaughn",687093,676617,,"ball",,,,,12,,"R","R","R","LAA","STL","B",,,0,0,2026,"-1.33","0.49",1.69432047439046,2.9662431730590555,,672724,642350,1,9,"Bot",,,,,,,11.345688154830276,-140.08841658136492,-2.6462052592532523,-20.10808614278363,33.224177757007354,-25.34123464999045,3.301624016,1.666240158,,,,"96.7",2186,"6.6",824006,699625,676475,802139,691458,691026,663457,701675,691023,"53.85",,,,,,,,64,1,"Sinker",1,2,1,2,2,1,1,2,"Standard","Standard",226,"0.02","0.039",,,,,"-0.039",,-1,-1,0.343,0.343,31,25,31,25,1,3,3,1,2,1,"1.98","1.33","1.33","34.4",,,,,
"SI","2026-07-20","95.8","-0.8","6.28","Grissom, Vaughn",687093,592773,"field_out","hit_into_play",,,,,2,"Vaughn Grissom pops out to first baseman Alec Burleson.","R","R","R","LAA","STL","X",3,"popup",0,0,2026,"-1.24","1.09",-0.08925445742994187,3.0608860571675747,,,694384,1,7,"Bot",145.91,176.3,,,,,4.679312672798945,-139.3627435017589,-5.155646300541842,-17.24884614663379,31.155657127950672,-17.039836978877705,3.301624016,1.666240158,87,"75.5",71,"95.3",2135,"6",824006,699625,676475,802139,691458,691026,663457,701675,691023,"54.49",0.001,0,"0",1,0,0,3,48,1,"Sinker",1,2,1,2,2,1,1,2,"Standard","Standard",219,"-0.063","-0.26","80.0","7.4",,0.001,"0.26","88.0",-1,-1,0.37,0.37,34,25,35,25,1,2,1,1,4,1,"1.4","1.24","1.24","41.7",9.175110637011388,-6.874166924732238,29.615579652812485,34.02702088028656,28.284350030237746
"FS","2026-07-19","89.6","-2.4","5.86","Grissom, Vaughn",687093,663554,"strikeout","swinging_strike",,,,,7,"Vaughn Grissom strikes out swinging. Mike Trout steals (8) 3rd base.","R","R","R","LAA","DET","S",2,,3,2,2026,"-1.28","0.33",-0.5494899727613953,1.7411992631670015,,545361,694384,1,3,"Bot",,,,,,,7.337754520647806,-130.24567828618015,-4.64273861622361,-16.12194857172339,28.7387607529824,-27.630281561826294,3.301624016,1.666240158,,,,"90.4",1592,"7",824007,668670,679529,701678,690993,805808,682985,681546,681481,"53.53",,0,"0",1,0,0,,25,7,"Split-Finger",1,1,1,1,1,1,1,1,"Standard","Standard",226,"-0.054","-0.322","75.6","8.7","0.481145688",,"0.322",,0,0,0.609,0.609,29,25,29,25,2,1,8,1,,1,"2.53","1.28","1.28","43.7",27.72074395575287,-37.88660102548266,35.97292691158201,28.823195880853927,50.771667378443894
"FS","2026-07-19","89.1","-2.26","5.94","Grissom, Vaughn",687093,663554,,"ball",,,,,11,,"R","R","R","LAA","DET","B",,,2,2,2026,"-1.53","0.17",-0.9324943969975652,2.8227054500169224,,545361,694384,1,3,"Bot",,,,,,,6.580911857190428,-129.5647320945784,-1.7377944655658586,-18.58375244468506,28.76406648337137,-30.13935407869574,3.301624016,1.666240158,,,,"89.9",1331,"7",824007,668670,679529,701678,690993,805808,682985,681546,681481,"53.52",,,,,,,,25,6,"Split-Finger",1,1,1,1,1,1,1,1,"Standard","Standard",231,"0.017","0.091",,,,,"-0.091",,0,0,0.592,0.592,29,25,29,25,2,1,8,1,,1,"2.72","1.53","1.53","46.6",,,,,
"FF","2026-07-19","95.9","-2","5.98","Grissom, Vaughn",687093,663554,,"ball",,,,,14,,"R","R","R","LAA","DET","B",,,1,2,2026,"-0.6","1.62",1.5339886824483866,1.2132940215558206,,545361,694384,1,3,"Bot",,,,,,,10.686205967567014,-138.85042114342323,-10.478059185768037,-10.316544509124395,34.806607244811275,-8.806388500581383,3.301624016,1.666240158,,,,"96.3",2280,"7.1",824007,668670,679529,701678,690993,805808,682985,681546,681481,"53.45",,,,,,,,25,5,"4-Seam Fastball",1,1,1,1,1,1,1,1,"Standard","Standard",209,"0.008","0.059",,,,,"-0.059",,0,0,0.584,0.584,29,25,29,25,2,1,8,1,,1,"0.9","0.6","0.6","48.0",,,,,
"FF","2026-07-19","95.1","-2.08","5.99","Grissom, Vaughn",687093,663554,,"foul",,,,,2,,"R","R","R","LAA","DET","S",,,1,2,2026,"-0.82","1.36",0.20345731713406812,3.342787619115783,,545361,694384,1,3,"Bot",,,,,,,7.879266997951791,-138.3217628393741,-4.2277934746188155,-12.314056960088829,31.198505277207115,-14.011955954988114,3.301624016,1.666240158,225,"79.1",51,"96.2",2288,"7",824007,668670,679529,701678,690993,805808,682985,681546,681481,"53.52",,,,,,,,25,4,"4-Seam Fastball",1,1,1,1,1,1,1,1,"Standard","Standard",212,"0","0","68.3","6.2",,,"0","88.0",0,0,0.584,0.584,29,25,29,25,2,1,8,1,,1,"1.17","0.82","0.82","46.7",-0.4025175015534184,15.121089986373876,25.652709881089905,37.24368979191684,17.476937914992696
"FS","2026-07-19","89.8","-2.28","5.81","Grissom, Vaughn",687093,663554,,"foul_tip",,,,,14,,"R","R","R","LAA","DET","S",,,1,1,2026,"-1.1","0.81",0.02579241550361777,1.3138268448452601,,545361,694384,1,3,"Bot",,,,,,,8.104858788662382,-130.48548486444233,-6.72887459706157,-14.272871309285325,26.427284234904842,-21.64319317832368,3.301624016,1.666240158,,,,"91",1773,"7",824007,668670,679529,701678,690993,805808,682985,681546,681481,"53.49",,,,,,,,25,3,"Split-Finger",1,1,1,1,1,1,1,1,"Standard","Standard",221,"-0.012","-0.06","74.9","8.4",,,"0.06",,0,0,0.596,0.596,29,25,29,25,2,1,8,1,,1,"2.01","1.1","1.1","42.8",24.857716668324066,-25.070082049895163,39.52282648279654,36.140896507529476,45.19375128804162
"FS","2026-07-19","89.9","-2.36","5.83","Grissom, Vaughn",687093,663554,,"swinging_strike",,,,,7,,"R","R","R","LAA","DET","S",,,1,0,2026,"-1.21","0.53",-0.30818886121493727,1.9205989511443982,,545361,694384,1,3,"Bot",,,,,,,7.713237834514915,-130.73855627685694,-4.682597381647979,-15.436434066250207,26.776789386286705,-25.337358783380562,3.301624016,1.666240158,,,,"91",1756,"6.9",824007,668670,679529,701678,690993,805808,682985,681546,681481,"53.55",,,,,,,,25,2,"Split-Finger",1,1,1,1,1,1,1,1,"Standard","Standard",227,"-0.01","-0.055","76.6","8.6","0.616056576",,"0.055",,0,0,0.606,0.606,29,25,29,25,2,1,8,1,,1,"2.29","1.21","1.21","42.1",27.312827274329766,-34.98846958708228,33.702222604770064,30.419150867551913,49.531318336785226
"SL","2026-07-19","90.3","-2.34","5.77","Grissom, Vaughn",687093,663554,,"ball",,,,,14,,"R","R","R","LAA","DET","B",,,0,0,2026,"0.19","0.35",1.8884070193509488,1.4733542069917314,,545361,694384,1,3,"Bot",,,,,,,10.091401916521884,-131.07825860280036,-5.2814137877272636,0.056281841806527344,28.121835218771363,-27.146959057303803,3.301624016,1.666240158,,,,"91.3",2391,"7.1",824007,668670,679529,701678,690993,805808,682985,681546,681481,"53.42",,,,,,,,25,1,"Slider",1,1,1,1,1,1,1,1,"Standard","Standard",170,"0.007","0.039",,,,,"-0.039",,0,0,0.599,0.599,29,25,29,25,2,1,8,1,,1,"2.46","-0.19","-0.19","43.6",,,,,
"CU","2026-07-19","82.7","-2.13","5.6","Grissom, Vaughn",687093,623454,"field_out","hit_into_play",,,,,8,"Vaughn Grissom grounds out, third baseman Colt Keith to first baseman Spencer Torkelson.","R","R","R","LAA","DET","X",5,"ground_ball",0,1,2026,"0.84","-1.3",-0.07642900470395209,1.6330178915087075,545361,694384,,1,5,"Bot",105.04,175.02,,,,,2.9740991204567098,-120.36416325334471,0.3318764967990613,7.4277570857498905,26.11468037983405,-44.97498551525788,3.301624016,1.666240158,8,"92.5",-12,"82.6",2779,"6.5",824007,668670,679529,701678,690993,805808,682985,681546,681481,"54.03",0.159,0.143,"0",1,0,0,2,43,2,"Curveball",2,1,2,1,1,2,2,1,"Strategic","Standard",26,"-0.064","-0.207","80.3","7.5",,0.178,"0.207","92.5",1,1,0.779,0.779,32,25,32,25,1,2,8,1,3,1,"4.66","-0.84","-0.84","42.4",5.732174271924014,-8.650479167722702,40.40570896686261,35.95030990298111,28.27842982222763
"CU","2026-07-19","81.2","-2.24","5.61","Grissom, Vaughn",687093,623454,,"foul",,,,,5,,"R","R","R","LAA","DET","S",,,0,0,2026,"0.87","-1.27",-0.12757577878718784,2.5909755471098617,545361,694384,,1,5,"Bot",,,,,,,2.989363076660172,-118.1728050256439,2.620681889181152,7.426411830366926,25.099788497861596,-44.74170637448644,3.301624016,1.666240158,3,"84.9",-39,"81.2",2615,"6.5",824007,668670,679529,701678,690993,805808,682985,681546,681481,"53.97",,,,,,,,43,1,"Curveball",2,1,2,1,1,2,2,1,"Strategic","Standard",30,"-0.011","-0.065","71.9","7.2",,,"0.065","88.0",1,1,0.79,0.79,32,25,32,25,1,2,8,1,3,1,"4.76","-0.87","-0.87","39.3",17.83307786156093,-6.494627574110479,28.57823137392952,32.98233638341862,38.07330055217942
"SI","2026-07-19","94.4","-2.15","5.95","Grissom, Vaughn",687093,663554,"double","hit_into_play",,,,,7,"Vaughn Grissom doubles (12) on a line drive to left fielder Riley Greene.","R","R","R","LAA","DET","X",7,"line_drive",2,1,2026,"-1.15","1.27",-0.5470608148549154,2.1097155951718145,,,,0,2,"Bot",50.22,116.65,,,,,6.794869115318624,-137.2828614657054,-7.051471618815997,-16.05127763880297,28.220199497635214,-14.70381991452452,3.301624016,1.666240158,201,"82.8",15,"95.5",2402,"6.8",824007,668670,679529,701678,690993,805808,682985,681546,681481,"53.73",0.963,0.905,"1.25",1,1,1,4,13,4,"Sinker",0,1,0,1,1,0,0,1,"Standard","Standard",213,"0.063","0.672","79.8","7.6",,1.087,"-0.672","88.0",-1,-1,0.447,0.447,29,25,29,25,1,0,8,1,,1,"1.27","1.15","1.15","45.0",9.841263233716827,-8.541384727097741,36.95126449973948,28.667142210591017,37.57082892080864
"FF","2026-07-19","93.3","-2.27","5.97","Grissom, Vaughn",687093,663554,,"ball",,,,,11,,"R","R","R","LAA","DET","B",,,1,1,2026,"-0.97","1.58",-1.0033506466374198,3.9816733731048224,,,,0,2,"Bot",,,,,,,5.453326570573549,-135.84075328548732,-2.7555478894868015,-13.241477769946147,30.09567791036414,-12.168293023079997,3.301624016,1.666240158,,,,"94.1",2383,"6.8",824007,668670,679529,701678,690993,805808,682985,681546,681481,"53.74",,,,,,,,13,3,"4-Seam Fastball",0,1,0,1,1,0,0,1,"Standard","Standard",219,"0.005","0.064",,,,,"-0.064",,-1,-1,0.442,0.442,29,25,29,25,1,0,8,1,,1,"1.03","0.97","0.97","46.5",,,,,
"SL","2026-07-19","88.7","-2.35","5.86","Grissom, Vaughn",687093,663554,,"called_strike",,,,,1,,"R","R","R","LAA","DET","S",,,1,0,2026,"0.4","0.47",-0.46531258596718394,2.8229152835276294,,,,0,2,"Bot",,,,,,,3.732396735846204,-129.1286886137675,-2.1661914928646926,3.656787871520142,27.266492501426914,-26.714429223148464,3.301624016,1.666240158,,,,"89.5",2351,"6.8",824007,668670,679529,701678,690993,805808,682985,681546,681481,"53.71",,,,,,,,13,2,"Slider",0,1,0,1,1,0,0,1,"Standard","Standard",193,"-0.005","-0.058",,,,,"0.058",,-1,-1,0.447,0.447,29,25,29,25,1,0,8,1,,1,"2.43","-0.4","-0.4","43.2",,,,,
"FF","2026-07-19","93.2","-2.15","5.96","Grissom, Vaughn",687093,663554,,"ball",,,,,14,,"R","R","R","LAA","DET","B",,,0,0,2026,"-0.75","1.53",0.6303086535491303,1.2977845940849955,,,,0,2,"Bot",,,,,,,8.807884600686595,-135.209399485084,-9.432072963659111,-11.153239542198872,29.535307210096995,-11.470381431564249,3.301624016,1.666240158,,,,"93.9",2373,"6.9",824007,668670,679529,701678,690993,805808,682985,681546,681481,"53.6",,,,,,,,13,1,"4-Seam Fastball",0,1,0,1,1,0,0,1,"Standard","Standard",213,"0.004","0.044",,,,,"-0.044",,-1,-1,0.443,0.443,29,25,29,25,1,0,8,1,,1,"1.11","0.75","0.75","47.7",,,,,
"FC","2026-07-19","88.2","1.66","5.86","Grissom, Vaughn",687093,663947,"single","hit_into_play",,,,,5,"Vaughn Grissom singles on a ground ball to left fielder Riley Greene.","R","R","L","LAA","DET","X",7,"ground_ball",2,1,2026,"-0.34","0.38",0.11940497585873333,2.5077789814651683,,,,1,7,"Bot",75.29,99.36,,,,,-2.9775463949512044,-128.4378345417547,-2.682283473858882,-3.1688583013452245,25.64324557357062,-27.600933976500222,3.301624016,1.666240158,125,"100.7",7,"88.5",2480,"6.3",824007,680664,679529,701678,805808,656716,682985,663837,681481,"54.16",0.637,0.589,"0.9",1,1,0,4,59,4,"Cutter",3,1,3,1,1,3,3,1,"Standard","Standard",187,"0.01","0.369","76.8","7.5",,0.707,"-0.369","100.7",2,2,0.877,0.877,30,25,30,25,1,3,8,1,1,1,"2.53","-0.34","0.34","39.4",12.919479890366691,-3.616536825389302,30.941960974737164,36.490561584050184,34.827032063184916
"FF","2026-07-19","92.3","1.71","5.88","Grissom, Vaughn",687093,663947,,"ball",,,,,12,,"R","R","L","LAA","DET","B",,,1,1,2026,"0.43","1.43",1.5394257479563578,2.7282524090890075,,,,1,7,"Bot",,,,,,,-1.3732065389678088,-134.32196260932528,-5.121454755613316,5.477136514841136,31.2220547508783,-14.001709108332996,3.301624016,1.666240158,,,,"92.2",2244,"6.4",824007,680664,679529,701678,805808,656716,682985,663837,681481,"54.12",,,,,,,,59,3,"4-Seam Fastball",3,1,3,1,1,3,3,1,"Standard","Standard",146,"0.001","0.058",,,,,"-0.058",,2,2,0.876,0.876,30,25,30,25,1,3,8,1,1,1,"1.26","0.43","-0.43","41.2",,,,,
"FC","2026-07-19","88.3","1.79","5.81","Grissom, Vaughn",687093,663947,,"swinging_strike",,,,,5,,"R","R","L","LAA","DET","S",,,1,0,2026,"-0.27","0.47",0.055819012284912456,2.2959362364480747,,,,1,7,"Bot",,,,,,,-3.5881008257904785,-128.6568843143086,-3.2801344847231917,-2.2705869409598853,25.878719176421953,-26.509845518076602,3.301624016,1.666240158,,,,"88.4",2483,"6.2",824007,680664,679529,701678,805808,656716,682985,663837,681481,"54.29",,,,,,,,59,2,"Cutter",3,1,3,1,1,3,3,1,"Standard","Standard",183,"-0.001","-0.05","76.7","6.8","0.1",,"0.05",,2,2,0.877,0.877,30,25,30,25,1,3,8,1,1,1,"2.44","-0.27","0.27","37.6",-0.061974507335101466,11.948695353881973,40.945978948307605,36.09755712175358,25.115454740365244
"CH","2026-07-19","85.1","1.81","5.71","Grissom, Vaughn",687093,663947,,"ball",,,,,13,,"R","R","L","LAA","DET","B",,,0,0,2026,"1.14","0.59",-0.17197585759399692,0.8572678472340116,,,,1,7,"Bot",,,,,,,-6.924236827117094,-123.67183725854112,-5.988339139782178,13.070700134159507,25.256410350310492,-25.110342887696998,3.301624016,1.666240158,,,,"85.2",1616,"6.5",824007,680664,679529,701678,805808,656716,682985,663837,681481,"54.02",,,,,,,,59,1,"Changeup",3,1,3,1,1,3,3,1,"Standard","Standard",108,"0.001","0.043",,,,,"-0.043",,2,2,0.876,0.876,30,25,30,25,1,3,8,1,1,1,"2.57","1.14","-1.14","33.9",,,,,
"FF","2026-07-18","95.7","1.78","6.28","Grissom, Vaughn",687093,669373,"grounded_into_double_play","hit_into_play",,,,,11,"Vaughn Grissom grounds into a double play, shortstop Kevin McGonigle to second baseman Zach McKinstry to first baseman Spencer Torkelson. Mike Trout out at 2nd. Vaughn Grissom out at 1st.","R","R","L","LAA","DET","X",6,"ground_ball",2,2,2026,"0.29","1.45",-0.02738684336985986,3.617922117407074,,681351,545361,1,6,"Bot",112.26,140.77,,,,,-5.371894865453658,-139.2614811549955,-4.549264307128737,5.024451428549189,33.16846213461381,-12.471500324599536,3.301624016,1.666240158,40,"90",-2,"95.7",2295,"6.4",824008,693307,679529,656716,690993,805808,682985,681546,663837,"54.07",0.266,0.255,"0",1,0,0,2,51,5,"4-Seam Fastball",0,7,0,7,7,0,0,7,"Standard","Standard",157,"-0.017","-0.299","65.3","6.1",,0.305,"0.299","90.0",-7,-7,0.026,0.026,29,25,30,25,3,2,6,1,6,1,"1.05","0.29","-0.29","51.1",8.399640575221634,11.696995313777848,21.885859708627354,34.571273473616195,19.98230203074774
"SI","2026-07-18","96.8","1.71","6.24","Grissom, Vaughn",687093,669373,,"ball",,,,,1,,"R","R","L","LAA","DET","B",,,1,2,2026,"1.27","1.17",-0.7965938691086092,2.955024815246355,,681351,545361,1,6,"Bot",,,,,,,-9.57157575520803,-140.5355080481698,-5.672209754176928,19.034712225294445,33.76813874000905,-15.564290522694307,3.301624016,1.666240158,,,,"96.7",2144,"6.5",824008,693307,679529,656716,690993,805808,682985,681546,663837,"54",,,,,,,,51,4,"Sinker",0,7,0,7,7,0,0,7,"Standard","Standard",151,"0.002","0.059",,,,,"-0.059",,-7,-7,0.024,0.024,29,25,30,25,3,2,6,1,6,1,"1.29","1.27","-1.27","48.0",,,,,
"SI","2026-07-18","95.5","1.92","6.12","Grissom, Vaughn",687093,669373,,"called_strike",,,,,9,,"R","R","L","LAA","DET","S",,,1,1,2026,"1.3","1",0.30431593725398276,1.8566542967096378,,681351,545361,1,6,"Bot",,,,,,,-7.219577391105839,-138.7762538522961,-7.6759346526351875,18.417759501253524,31.507168542872535,-17.62274771688326,3.301624016,1.666240158,,,,"95.8",2094,"6.6",824008,693307,679529,656716,690993,805808,682985,681546,663837,"53.91",,,,,,,,51,3,"Sinker",0,7,0,7,7,0,0,7,"Standard","Standard",147,"-0.003","-0.06",,,,,"0.06",,-7,-7,0.027,0.027,29,25,30,25,3,2,6,1,6,1,"1.5","1.3","-1.3","50.2",,,,,
"SL","2026-07-18","88.8","2.21","6.01","Grissom, Vaughn",687093,669373,,"foul",,,,,13,,"R","R","L","LAA","DET","S",,,1,0,2026,"-0.09","0.58",-0.11262641846065383,1.5183876885829928,,681351,545361,1,6,"Bot",,,,,,,-5.416655703325413,-129.2947883933151,-6.019687841898445,0.01678246818142576,24.570718223822915,-24.599744550321784,3.301624016,1.666240158,4,"106.2",-20,"89.2",2044,"6.3",824008,693307,679529,656716,690993,805808,682985,681546,663837,"54.17",,,,,,,,51,2,"Slider",0,7,0,7,7,0,0,7,"Standard","Standard",139,"-0.003","-0.055","75.4","7.8",,,"0.055","106.2",-7,-7,0.03,0.03,29,25,30,25,3,2,6,1,6,1,"2.28","-0.09","0.09","43.5",12.820503879472914,-4.456174114398852,42.37545170158421,33.5567287723903,32.9785595710511
"SL","2026-07-18","90.8","2.23","6.06","Grissom, Vaughn",687093,669373,,"ball",,,,,14,,"R","R","L","LAA","DET","B",,,0,0,2026,"-0.13","0.4",1.0546583835213212,2.4095070126519036,,681351,545361,1,6,"Bot",,,,,,,-2.6046975294770625,-132.21105543617793,-3.900784515499312,-1.050711962988012,26.903588581938692,-26.909785481686317,3.301624016,1.666240158,,,,"91.2",2118,"6.4",824008,693307,679529,656716,690993,805808,682985,681546,663837,"54.12",,,,,,,,51,1,"Slider",0,7,0,7,7,0,0,7,"Standard","Standard",164,"0.002","0.039",,,,,"-0.039",,-7,-7,0.028,0.028,29,25,30,25,3,2,6,1,6,1,"2.35","-0.13","0.13","45.1",,,,,
"CH","2026-07-18","87.7","2.15","6.1","Grissom, Vaughn",687093,669373,"single","hit_into_play",,,,,14,"Vaughn Grissom singles on a line drive to center fielder James Outman.","R","R","L","LAA","DET","X",8,"line_drive",2,2,2026,"1.42","0.48",1.4337262970051383,1.5381786884831632,,,,1,4,"Bot",125.25,106.05,,,,,-4.711029629668771,-127.45618472802411,-5.595835511673175,16.478882774183766,28.374552646588473,-25.99113949917253,3.301624016,1.666240158,186,"70.9",18,"87.5",1777,"6.4",824008,693307,679529,656716,690993,805808,682985,681546,663837,"54.08",0.757,0.681,"0.9",1,1,0,4,35,6,"Changeup",0,6,0,6,6,0,0,6,"Standard","Standard",130,"0.012","0.445","64.5","8.0",,0.79,"-0.445","88.0",-6,-6,0.047,0.047,29,25,30,25,2,1,6,1,6,1,"2.52","1.42","-1.42","42.2",12.440106261792469,1.032237778738389,40.023761627689595,51.05483125232882,30.146301907837906
"CH","2026-07-18","88.7","2.08","6.08","Grissom, Vaughn",687093,669373,,"ball",,,,,14,,"R","R","L","LAA","DET","B",,,1,2,2026,"1.23","0.66",0.5361760595771596,0.9555290116132389,,,,1,4,"Bot",,,,,,,-6.366777600863797,-128.83278862912076,-7.5455553995933276,15.041150212188908,28.71549215828436,-23.4122433345571,3.301624016,1.666240158,,,,"88.6",1835,"6.5",824008,693307,679529,656716,690993,805808,682985,681546,663837,"53.99",,,,,,,,35,5,"Changeup",0,6,0,6,6,0,0,6,"Standard","Standard",130,"0.001","0.055",,,,,"-0.055",,-6,-6,0.046,0.046,29,25,30,25,2,1,6,1,6,1,"2.27","1.23","-1.23","43.9",,,,,
"SI","2026-07-18","97.6","1.8","6.26","Grissom, Vaughn",687093,669373,,"foul",,,,,12,,"R","R","L","LAA","DET","S",,,1,2,2026,"1.08","0.97",0.4467971813227203,3.708505482493634,,,,1,4,"Bot",,,,,,,-6.140287520646063,-141.89096129505836,-3.384635494362098,16.05241761206408,36.050789406150905,-18.603313840823674,3.301624016,1.666240158,262,"77.7",39,"97.3",2194,"6.4",824008,693307,679529,656716,690993,805808,682985,681546,663837,"54.08",,,,,,,,35,4,"Sinker",0,6,0,6,6,0,0,6,"Standard","Standard",150,"0","0","62.9","5.6",,,"0","88.0",-6,-6,0.046,0.046,29,25,30,25,2,1,6,1,6,1,"1.45","1.08","-1.08","48.9",-3.6594014677422897,27.093639761416,25.10181884567838,39.865848990146944,12.42218756820616
"SI","2026-07-18","98.2","1.73","6.17","Grissom, Vaughn",687093,669373,,"ball",,,,,13,,"R","R","L","LAA","DET","B",,,0,2,2026,"1.03","1.14",-1.072432875108193,2.0936811489082237,,,,1,4,"Bot",,,,,,,-9.96503234954793,-142.51129844227646,-7.997930077287374,16.39459584657093,34.489293235097634,-14.913181508262142,3.301624016,1.666240158,,,,"98.4",2174,"6.7",824008,693307,679529,656716,690993,805808,682985,681546,663837,"53.83",,,,,,,,35,3,"Sinker",0,6,0,6,6,0,0,6,"Standard","Standard",149,"0.001","0.018",,,,,"-0.018",,-6,-6,0.045,0.045,29,25,30,25,2,1,6,1,6,1,"1.25","1.03","-1.03","49.1",,,,,
"FF","2026-07-18","97.1","1.65","6.31","Grissom, Vaughn",687093,669373,,"foul",,,,,2,,"R","R","L","LAA","DET","S",,,0,1,2026,"0.64","1.39",0.11098723888385398,2.8332526253852532,,,,1,4,"Bot",,,,,,,-5.5726448947768485,-141.16130536086092,-6.79884016851348,9.888608573702516,33.32028213473899,-12.203913547366,3.301624016,1.666240158,199,"71.7",54,"97.3",2252,"6.5",824008,693307,679529,656716,690993,805808,682985,681546,663837,"53.97",,,,,,,,35,2,"4-Seam Fastball",0,6,0,6,6,0,0,6,"Standard","Standard",155,"-0.002","-0.057",,,,,"0.057","88.0",-6,-6,0.047,0.047,29,25,30,25,2,1,6,1,6,1,"1.04","0.64","-0.64","51.3",,,,,
"CH","2026-07-18","87.8","2.1","6.1","Grissom, Vaughn",687093,669373,,"foul",,,,,9,,"R","R","L","LAA","DET","S",,,0,0,2026,"1.32","0.22",0.4891150480431008,1.7623478984258383,,,,1,4,"Bot",,,,,,,-6.6690971025155354,-127.67113304648241,-4.578495006483682,15.830884477721687,27.373639946941875,-29.000197172668962,3.301624016,1.666240158,,,,"88",1822,"6.5",824008,693307,679529,656716,690993,805808,682985,681546,663837,"53.96",,,,,,,,35,1,"Changeup",0,6,0,6,6,0,0,6,"Standard","Standard",129,"-0.001","-0.042","76.6","7.9",,,"0.042",,-6,-6,0.048,0.048,29,25,30,25,2,1,6,1,6,1,"2.75","1.32","-1.32","42.6",19.945519999236122,-10.903486170800514,36.73668175345022,40.05178530848219,40.15288668700066
"CH","2026-07-18","86.9","2.08","6.14","Grissom, Vaughn",687093,669373,"field_out","hit_into_play",,,,,6,"Vaughn Grissom grounds out softly to first baseman Spencer Torkelson.","R","R","L","LAA","DET","X",3,"ground_ball",0,0,2026,"1.17","0.66",0.590107306296362,2.4745044805876013,,,,2,1,"Bot",146.71,178.38,,,,,-5.963662278327247,-126.38818122108314,-3.672801448472392,13.821837485398632,28.49706780787061,-24.57532850153672,3.301624016,1.666240158,2,"47.9",-53,"86.4",1778,"6.2",824008,693307,679529,656716,690993,805808,682985,681546,663837,"54.26",0.246,0.221,"0",1,0,0,1,11,1,"Changeup",0,4,0,4,4,0,0,4,"Standard","Standard",131,"-0.007","-0.259","76.5","8.3",,0.246,"0.259","88.0",-4,-4,0.165,0.165,29,25,30,25,1,0,6,1,6,1,"2.39","1.17","-1.17","41.8",22.281066451901076,-23.623245285645023,32.13668936515385,42.0409981589032,48.07240575567915
"FF","2026-07-18","95.5","-1.7","5.75","Grissom, Vaughn",687093,640448,"field_out","hit_into_play",,,,,6,"Vaughn Grissom lines out sharply to center fielder James Outman.","R","R","R","LAA","DET","X",8,"line_drive",1,0,2026,"-0.63","1.52",0.4381172972225069,2.7136522142606303,694203,681351,545361,2,8,"Bot",139.9,47.8,,,,,7.037162097892603,-138.83161857491157,-5.662440622749118,-9.718850884225144,31.43850634046424,-11.415023110951966,3.301624016,1.666240158,375,"106.6",17,"96.1",2258,"6.7",824008,693307,679529,656716,690993,805808,663837,681546,701162,"53.8",0.551,0.684,"0",1,0,0,6,67,2,"4-Seam Fastball",0,7,0,7,7,0,0,7,"Standard","Standard",205,"-0.008","-0.266","70.3","7.4",,1.075,"0.266","106.6",-7,-7,0.009,0.009,34,25,35,25,1,3,9,1,2,1,"0.99","0.63","0.63","56.8",7.4459192686327205,1.1525360421914495,30.766681654584396,40.35115062327792,27.83599276518813
"SL","2026-07-18","85.8","-1.83","5.73","Grissom, Vaughn",687093,640448,,"blocked_ball",,,,,14,,"R","R","R","LAA","DET","B",,,0,0,2026,"0.32","0.11",1.899816130318781,-0.5518683488481977,694203,681351,545361,2,8,"Bot",,,,,,,8.058543647534067,-124.51341989401035,-8.50130441505723,1.7505510374049413,24.91187543396169,-29.50905621486223,3.301624016,1.666240158,,,,"86.1",2219,"6.6",824008,693307,679529,656716,690993,805808,663837,681546,701162,"53.9",,,,,,,,67,1,"Slider",0,7,0,7,7,0,0,7,"Standard","Standard",186,"0.001","0.021",,,,,"-0.021",,-7,-7,0.008,0.008,34,25,35,25,1,3,9,1,2,1,"3.01","-0.32","-0.32","53.0",,,,,
"FF","2026-07-17","96","-1.56","5.67","Grissom, Vaughn",687093,675512,"single","hit_into_play",,,,,4,"Vaughn Grissom singles on a line drive to left fielder Riley Greene.","R","R","R","LAA","DET","X",7,"line_drive",0,0,2026,"-0.77","1.31",-0.5182071325746476,2.2627186807922097,,,,0,4,"Bot",52.45,94.47,,,,,4.556325915843232,-139.55840481146637,-6.199146172913413,-11.14364824278607,34.16372042629741,-13.92435175897827,3.301624016,1.666240158,278,"95.5",16,"96.5",2181,"6.8",824009,693307,679529,701678,805808,656716,682985,663837,701162,"53.66",0.691,0.698,"0.9",1,1,0,4,31,1,"4-Seam Fastball",1,0,1,0,0,1,1,0,"Standard","Standard",219,"0.033","0.457","76.7","7.4",,0.936,"-0.457","95.5",1,1,0.685,0.685,25,25,26,25,2,1,9,6,6,1,"1.19","0.77","0.77","38.0",14.507758251491508,-9.147290617691326,38.1177789067831,29.241916544518993,33.83921650844243
"SI","2026-07-17","97.1","-1.38","5.63","Grissom, Vaughn",687093,675512,"walk","ball",,,,,13,"Vaughn Grissom walks.","R","R","R","LAA","DET","B",,,3,1,2026,"-1.4","0.94",-1.017349452088937,1.531423826806011,,,,0,2,"Bot",,,,,,,4.289332422230653,-141.17397505813543,-7.429009864033564,-19.665086821308208,34.61375459068727,-18.056282653735895,3.301624016,1.666240158,,,,"98",2165,"7",824009,693307,679529,701678,805808,656716,682985,663837,701162,"53.46",,0.698079,"0.7",1,0,0,,14,5,"Sinker",1,0,1,0,0,1,1,0,"Standard","Standard",216,"0.019","0.264",,,,,"-0.264",,1,1,0.668,0.668,25,25,26,25,1,0,9,6,6,1,"1.5","1.4","1.4","37.8",,,,,
"FF","2026-07-17","97.2","-1.58","5.68","Grissom, Vaughn",687093,675512,,"ball",,,,,11,,"R","R","R","LAA","DET","B",,,2,1,2026,"-0.57","1.49",-1.9709313629597602,3.4409779615538754,,,,0,2,"Bot",,,,,,,0.3066232393848237,-141.49390880843637,-3.743000481158825,-7.670596659928007,36.86014312360479,-11.664327733009518,3.301624016,1.666240158,,,,"97.5",2376,"6.8",824009,693307,679529,701678,805808,656716,682985,663837,701162,"53.72",,,,,,,,14,4,"4-Seam Fastball",1,0,1,0,0,1,1,0,"Standard","Standard",212,"0.009","0.144",,,,,"-0.144",,1,1,0.659,0.659,25,25,26,25,1,0,9,6,6,1,"0.95","0.57","0.57","36.8",,,,,
"SL","2026-07-17","88.4","-1.82","5.66","Grissom, Vaughn",687093,675512,,"ball",,,,,13,,"R","R","R","LAA","DET","B",,,1,1,2026,"0.49","-0.13",-0.9338347671425125,1.6496490079911705,,,,0,2,"Bot",,,,,,,1.1236809755765091,-128.77524487040287,-3.1784699635008895,5.1312726992054545,28.225493000043038,-33.1925170605775,3.301624016,1.666240158,,,,"89.3",2469,"6.9",824009,693307,679529,701678,805808,656716,682985,663837,701162,"53.57",,,,,,,,14,3,"Slider",1,0,1,0,0,1,1,0,"Standard","Standard",106,"0.004","0.064",,,,,"-0.064",,1,1,0.655,0.655,25,25,26,25,1,0,9,6,6,1,"3.06","-0.49","-0.49","37.1",,,,,
"FC","2026-07-17","92.7","-1.74","5.66","Grissom, Vaughn",687093,675512,,"foul",,,,,8,,"R","R","R","LAA","DET","S",,,1,0,2026,"0.43","0.58",0.0989990891105949,1.7814124072401292,,,,0,2,"Bot",,,,,,,3.7299840607607826,-134.9783122968752,-5.22481965136855,4.423105847836073,30.08879832892847,-24.10628362077432,3.301624016,1.666240158,10,"93.7",-12,"93.6",2361,"6.8",824009,693307,679529,701678,805808,656716,682985,663837,701162,"53.66",,,,,,,,14,2,"Cutter",1,0,1,0,0,1,1,0,"Standard","Standard",184,"-0.004","-0.058","72.7","8.2",,,"0.058","93.7",1,1,0.659,0.659,25,25,26,25,1,0,9,6,6,1,"2.07","-0.43","-0.43","34.1",21.665312507927794,-14.524962898342718,37.92282784427919,35.66813540961868,42.339192416090214
"FF","2026-07-17","96.8","-1.84","5.59","Grissom, Vaughn",687093,675512,,"ball",,,,,13,,"R","R","R","LAA","DET","B",,,0,0,2026,"-0.7","1.19",-0.07268703624411055,0.2752289219387798,,,,0,2,"Bot",,,,,,,6.338042191651458,-140.4590285286285,-11.193422310143964,-10.650168702063464,32.30387592741959,-14.067597269022382,3.301624016,1.666240158,,,,"97.8",2302,"7.1",824009,693307,679529,701678,805808,656716,682985,663837,701162,"53.44",,,,,,,,14,1,"4-Seam Fastball",1,0,1,0,0,1,1,0,"Standard","Standard",218,"0.003","0.044",,,,,"-0.044",,1,1,0.656,0.656,25,25,26,25,1,0,9,6,6,1,"1.26","0.7","0.7","36.8",,,,,
"SI","2026-07-17","95","-2.63","5.78","Grissom, Vaughn",687093,672456,"field_out","hit_into_play",,,,,5,"Vaughn Grissom lines out to right fielder Ben Malgeri.","R","R","R","LAA","DET","X",9,"line_drive",0,1,2026,"-1.46","0.86",0.051285326710261536,2.475631474752566,,,,0,7,"Bot",174.73,92.44,,,,,10.270262311465192,-137.9366952706716,-4.714336601670073,-20.92925365588204,31.32937957686641,-20.335798607044833,3.301624016,1.666240158,292,"95.3",18,"95.1",2375,"6.5",824009,693307,679529,701678,805808,656716,682985,663837,701162,"54.01",0.469,0.452,"0",1,0,0,4,50,2,"Sinker",1,0,1,0,0,1,1,0,"Strategic","Standard",215,"-0.016","-0.221","76.9","6.8",,0.626,"0.221","95.3",1,1,0.786,0.786,25,25,26,25,1,2,5,6,5,1,"1.68","1.46","1.46","35.5",2.6384164436570403,13.860511566252281,35.93400827159898,37.64409028669334,24.7069527946606
"SL","2026-07-17","86.1","-2.49","5.8","Grissom, Vaughn",687093,672456,,"called_strike",,,,,6,,"R","R","R","LAA","DET","S",,,0,0,2026,"0.4","0.26",0.6005494290777752,2.398847165828572,,,,0,7,"Bot",,,,,,,6.400397789211859,-125.22619802348318,-2.1188742576471062,2.819584667261487,26.29229943374177,-29.26785522304369,3.301624016,1.666240158,,,,"85.9",2613,"6.2",824009,693307,679529,701678,805808,656716,682985,663837,701162,"54.25",,,,,,,,50,1,"Slider",1,0,1,0,0,1,1,0,"Standard","Standard",65,"-0.003","-0.043",,,,,"0.043",,1,1,0.789,0.789,25,25,26,25,1,2,5,6,5,1,"2.83","-0.4","-0.4","36.9",,,,,
"FF","2026-07-11","92","-2.5","4.72","Grissom, Vaughn",687093,657746,"field_out","hit_into_play",,,,,4,"Vaughn Grissom lines out to shortstop Tristan Gray.","R","R","R","MIN","LAA","X",6,"line_drive",0,0,2026,"-1.17","0.89",-0.49906254849561305,2.5001640083345014,,,624585,2,5,"Top",109.92,138.16,,,,,7.709388898602864,-133.89202904711436,-1.637274545461576,-15.720342321942773,25.94537558484872,-21.278181025527754,3.301624016,1.666240158,162,"76.2",14,"93.8",2248,"7.1",823682,605170,668904,665019,686797,656484,663616,807712,702176,"53.4",0.546,0.491,"0",1,0,0,4,39,1,"4-Seam Fastball",3,2,2,3,2,3,2,3,"Standard","Standard",232,"0.032","-0.279","78.1","6.8",,0.572,"0.279","88.0",1,-1,0.676,0.32399999999999995,30,25,30,25,3,2,6,1,9,6,"1.78","1.17","1.17","21.4",3.9142679217301306,5.621214626981028,33.91869455422096,29.510180404323897,28.966851541570264
"ST","2026-07-11","81","-2.67","4.77","Grissom, Vaughn",687093,657746,"field_out","hit_into_play",,,,,9,"Vaughn Grissom lines out sharply to left fielder Trevor Larnach.","R","R","R","MIN","LAA","X",7,"line_drive",0,0,2026,"1.06","0.04",0.40245953907567333,2.0168581944536945,,624585,,1,3,"Top",81.41,95.27,,,,,4.756206623047588,-118.00470603444343,0.5566892054561412,9.101314916026988,20.70482794634117,-32.09279288509771,3.301624016,1.666240158,280,"100.1",17,"81.9",2832,"6.7",823682,605170,668904,665019,686797,656484,663616,807712,702176,"53.81",0.489,0.542,"0",1,0,0,4,24,1,"Sweeper",3,2,2,3,2,3,2,3,"Standard","Standard",64,"0.041","-0.279","74.2","7.5",,0.794,"0.279","100.1",1,-1,0.59,0.41000000000000003,30,25,30,25,2,1,6,1,9,6,"3.4","-1.06","-1.06","21.9",12.595707158459689,-5.58778619808532,33.4738773076587,39.362388812056224,40.49209670850408
"ST","2026-07-11","85.6","-2.3","5.41","Grissom, Vaughn",687093,672782,"strikeout","foul_tip",,,,,14,"Vaughn Grissom strikes out on a foul tip.","R","R","R","MIN","LAA","S",2,,1,2,2026,"0.95","-0.04",1.625609964038933,1.8307733225725236,,545361,672724,2,9,"Top",,,,,,,7.295086410472672,-124.6184155425633,-1.9353277846714845,8.55965737197911,23.74741686891424,-32.39477721786817,3.301624016,1.666240158,,,,"86.9",2841,"7",823682,605170,668904,665019,686797,668952,668885,807712,702176,"53.51",,0,"0",1,0,0,,75,4,"Sweeper",5,3,3,5,3,5,3,5,"Standard","Standard",74,"0.055","-0.214","63.4","7.6",,,"0.214",,2,-2,0.945,0.05500000000000005,26,25,27,25,1,4,3,1,6,6,"3.13","-0.95","-0.95","27.8",10.809019742849644,-0.7345660933242882,24.20657698838285,54.53895498577302,34.903876697413644
"FF","2026-07-11","98.6","-2.17","5.45","Grissom, Vaughn",687093,672782,,"ball",,,,,14,,"R","R","R","MIN","LAA","B",,,0,2,2026,"-0.55","1.14",0.8651778113493598,2.021381471908613,,545361,672724,2,9,"Top",,,,,,,9.543319491321252,-143.27206127016893,-6.466531771889532,-9.636730808522177,30.303543613042667,-15.092687177162027,3.301624016,1.666240158,,,,"100.1",2496,"7",823682,605170,668904,665019,686797,668952,668885,807712,702176,"53.51",,,,,,,,75,3,"4-Seam Fastball",5,3,3,5,3,5,3,5,"Standard","Standard",209,"-0.008","0.017",,,,,"-0.017",,2,-2,0.953,0.04700000000000004,26,25,27,25,1,4,3,1,6,6,"1.19","0.55","0.55","30.1",,,,,
"FF","2026-07-11","95","-2.67","4.62","Grissom, Vaughn",687093,657746,"field_out","hit_into_play",,,,,7,"Vaughn Grissom pops out to second baseman Kody Clemens.","R","R","R","MIN","LAA","X",4,"popup",0,0,2026,"-1.14","0.88",-0.43344845426701717,2.145946440376508,,694384,624585,2,1,"Top",168.3,137.96,,,,,8.488595892427874,-138.0675528881289,-2.6056412978076855,-16.577262036535874,33.25076208973512,-20.63019016777626,3.301624016,1.666240158,187,"66.7",45,"95.7",2341,"7",823682,605170,668904,665019,686797,656484,663616,807712,702176,"53.53",0.277,0.249,"0",1,0,0,3,5,1,"4-Seam Fastball",0,0,0,0,0,0,0,0,"Standard","Standard",235,"0.043","-0.286","70.3","7.2",,0.306,"0.286","88.0",0,0,0.505,0.495,30,25,30,25,1,0,6,1,9,6,"1.67","1.14","1.14","20.0",4.072282581063295,-3.4478392962265176,38.3580297287408,30.725810407177452,32.34409979571711
"FF","2026-07-11","96.1","-2.27","5.3","Grissom, Vaughn",687093,672782,,"called_strike",,,,,8,,"R","R","R","MIN","LAA","S",,,0,1,2026,"-0.66","1.23",0.19633226006725424,1.550914651215184,,545361,672724,2,9,"Top",,,,,,,8.120009325071733,-139.6671925464974,-7.106486005404385,-10.385895200721322,27.73250713261221,-14.698112792777666,3.301624016,1.666240158,,,,"98.1",2377,"7.2",823682,605170,668904,665019,686797,668952,668885,807712,702176,"53.26",,,,,,,,75,2,"4-Seam Fastball",5,3,3,5,3,5,3,5,"Standard","Standard",214,"0.019","-0.054",,,,,"0.054",,2,-2,0.934,0.06599999999999995,26,25,27,25,1,4,3,1,6,6,"1.22","0.66","0.66","30.3",,,,,
"FF","2026-07-11","96.3","-2.28","5.39","Grissom, Vaughn",687093,672782,,"called_strike",,,,,12,,"R","R","R","MIN","LAA","S",,,0,0,2026,"-0.45","1.17",0.9516110520576246,2.6221013091155805,,545361,672724,2,9,"Top",,,,,,,9.680882114254354,-139.98776608874152,-4.37542773808828,-8.031402049903628,29.491589069564274,-15.932882101347966,3.301624016,1.666240158,,,,"98.1",2450,"7.2",823682,605170,668904,665019,686797,668952,668885,807712,702176,"53.28",,,,,,,,75,1,"4-Seam Fastball",5,3,3,5,3,5,3,5,"Standard","Standard",209,"0.012","-0.033",,,,,"0.033",,2,-2,0.922,0.07799999999999996,26,25,27,25,1,4,3,1,6,6,"1.28","0.45","0.45","31.6",,,,,
"CU","2026-07-11","82","-1.26","5.39","Grissom, Vaughn",687093,808970,"field_out","hit_into_play",,,,,12,"Vaughn Grissom flies out to right fielder Alan Roden.","R","R","R","MIN","LAA","X",9,"fly_ball",0,2,2026,"0.91","-0.98",1.4102696376792614,2.5626955051402445,,,,0,8,"Top",197.69,113.48,,,,,4.1821180006738645,-119.36722138472399,2.2650203486723437,7.91046597789815,22.202776855430514,-42.23189272209591,3.301624016,1.666240158,275,"85.3",45,"82.2",2474,"6.3",823682,605170,668904,665019,686797,668952,668885,807712,702176,"54.17",0.003,0.003,"0",1,0,0,3,62,4,"Curveball",5,3,3,5,3,5,3,5,"Standard","Standard",36,"0.023","-0.165","66.6","7.4",,0.003,"0.165","88.0",2,-2,0.877,0.123,27,25,28,25,1,3,2,1,8,6,"4.36","-0.91","-0.91","44.0",8.483625116720754,6.730670000252061,24.60742243977004,52.70636704278452,28.727192225026947
"FS","2026-07-11","90.2","-1.29","5.43","Grissom, Vaughn",687093,808970,,"foul",,,,,3,,"R","R","R","MIN","LAA","S",,,0,2,2026,"-0.53","0.53",0.6165836290488845,3.3398941611707285,,,,0,8,"Top",,,,,,,5.8440381821044,-131.37246595555052,-0.2620387344412197,-7.311423663311071,25.463485004699947,-26.15622857973473,3.301624016,1.666240158,275,"88.7",48,"90.7",1276,"6.4",823682,605170,668904,665019,686797,668952,668885,807712,702176,"54.13",,,,,,,,62,3,"Split-Finger",5,3,3,5,3,5,3,5,"Standard","Standard",218,"0","0","65.2","6.0",,,"0","88.7",2,-2,0.877,0.123,27,25,28,25,1,3,2,1,8,6,"2.25","0.53","0.53","49.8",-0.5820365859873454,20.937567691446723,21.94419678164589,43.65391473647143,23.41213244268856
"FF","2026-07-11","94.8","-1.44","5.35","Grissom, Vaughn",687093,808970,,"foul",,,,,6,,"R","R","R","MIN","LAA","S",,,0,1,2026,"-0.4","1.27",0.4436819838712485,2.606329877188198,,,,0,8,"Top",,,,,,,5.779918228640508,-138.05607630407385,-4.262515806681055,-6.351361276111098,28.79494093026223,-15.135589902948901,3.301624016,1.666240158,217,"77.6",56,"95.3",2319,"6.4",823682,605170,668904,665019,686797,668952,668885,807712,702176,"54.1",,,,,,,,62,2,"4-Seam Fastball",5,3,3,5,3,5,3,5,"Standard","Standard",207,"0.009","-0.056","74.2","7.7",,,"0.056","88.0",2,-2,0.868,0.132,27,25,28,25,1,3,2,1,8,6,"1.25","0.4","0.4","39.8",13.890577190294266,-13.470295707268518,31.0673393639822,40.84456223712296,42.37111228973842
"SL","2026-07-11","90.1","-1.41","5.47","Grissom, Vaughn",687093,808970,,"foul_tip",,,,,5,,"R","R","R","MIN","LAA","S",,,0,0,2026,"0.25","0.44",0.19242223966518957,2.2901159176039734,,,,0,8,"Top",,,,,,,3.3890492051323236,-131.39315778057133,-2.8034862218434546,2.311676841155316,23.249988705514085,-26.729986049905033,3.301624016,1.666240158,,,,"90.7",2256,"6.2",823682,605170,668904,665019,686797,668952,668885,807712,702176,"54.31",,,,,,,,62,1,"Slider",5,3,3,5,3,5,3,5,"Standard","Standard",193,"0.006","-0.043","76.9","8.4",,,"0.043",,2,-2,0.862,0.138,27,25,28,25,1,3,2,1,8,6,"2.32","-0.25","-0.25","43.7",24.231544991220332,-26.411788046986615,30.185072827817066,38.083204042286354,45.04760715151172
"FC","2026-07-10","91.1","-2.57","5.76","Grissom, Vaughn",687093,805673,"sac_fly","hit_into_play",,,,,8,"Vaughn Grissom out on a sacrifice fly to right fielder Alan Roden. Tyler Heineman scores.","R","R","R","MIN","LAA","X",9,"line_drive",2,1,2026,"-0.08","0.72",0.08994531821860494,1.6096565289735552,623168,687263,694384,0,5,"Top",185.65,103.52,,,,,6.794146053908802,-132.61576659937157,-5.980497774420531,-2.22661460937062,24.40558778722374,-22.59373536814476,3.301624016,1.666240158,280,"94.6",17,"92.1",2530,"6.6",823685,680777,668904,665019,686797,656484,663616,807712,702176,"53.94",,0.539,"0",1,0,0,4,37,4,"Cutter",1,3,3,1,4,1,4,1,"Strategic","Standard",208,"0.014","-0.245","66.6","6.9",,,"0.245","94.6",-2,2,0.129,0.871,26,25,26,25,3,2,6,1,9,1,"1.99","0.08","0.08","29.9",-5.443461161118522,11.995280528615497,42.96789690198026,38.30566375754148,23.083384017688672
"FF","2026-07-10","95","-1.93","6.08","Grissom, Vaughn",687093,805673,,"ball",,,,,14,,"R","R","R","MIN","LAA","B",,,1,1,2026,"-0.66","1.35",1.0700718943787333,2.040143728727676,623168,687263,694384,0,5,"Top",,,,,,,9.291809829426498,-138.0231328263549,-7.862312877646124,-10.297459294743312,27.268919502601236,-13.289408195509056,3.301624016,1.666240158,,,,"96",2395,"6.7",823685,680777,668904,665019,686797,656484,663616,807712,702176,"53.83",,,,,,,,37,3,"4-Seam Fastball",1,3,3,1,3,1,3,1,"Strategic","Standard",211,"-0.007","0.063",,,,,"-0.063",,-2,2,0.136,0.864,26,25,26,25,3,2,6,1,9,1,"1.16","0.66","0.66","42.1",,,,,
"FF","2026-07-10","95.1","-2","6.02","Grissom, Vaughn",687093,805673,,"ball",,,,,14,,"R","R","R","MIN","LAA","B",,,0,1,2026,"-0.65","1.35",1.334369387571198,1.4970452548477713,623168,687263,694384,0,5,"Top",,,,,,,10.153038667184457,-137.99008246556897,-9.12371968319598,-10.373316776627476,26.42895059410953,-13.107955201071174,3.301624016,1.666240158,,,,"96.1",2379,"6.7",823685,680777,668904,665019,686797,656484,663616,807712,702176,"53.81",,,,,,,,37,2,"4-Seam Fastball",1,3,3,1,3,1,3,1,"Strategic","Standard",214,"-0.004","0",,,,,"0",,-2,2,0.14,0.86,26,25,26,25,3,2,6,1,9,1,"1.16","0.65","0.65","41.5",,,,,
"FC","2026-07-10","91.4","-2.4","5.78","Grissom, Vaughn",687093,805673,,"called_strike",,,,,7,,"R","R","R","MIN","LAA","S",,,0,0,2026,"-0.08","0.51",-0.4860698802290747,1.7211243463383927,623168,687263,694384,0,5,"Top",,,,,,,4.961534466349104,-133.10745894559014,-5.322264016722761,-1.9047764807666405,24.866649354203844,-25.280190117528974,3.301624016,1.666240158,,,,"92.5",2514,"6.6",823685,680777,668904,665019,686797,656484,663616,807712,702176,"53.92",,,,,,,,37,1,"Cutter",1,3,3,1,3,1,3,1,"Strategic","Standard",208,"0.006","-0.042",,,,,"0.042",,-2,2,0.134,0.866,26,25,26,25,3,2,6,1,9,1,"2.19","0.08","0.08","34.1",,,,,
"FF","2026-07-10","93.5","-2.15","5.99","Grissom, Vaughn",687093,805673,"home_run","hit_into_play",,,,,5,"Vaughn Grissom homers (5) on a fly ball to left field.","R","R","R","MIN","LAA","X",,"fly_ball",0,0,2026,"-0.44","1.47",-0.05149542123091072,2.7084896419266613,,,,0,4,"Top",33.52,81.02,,,,,6.354872277723098,-135.93650674318891,-5.818585135680828,-6.880636344415167,29.816402324955916,-12.86648146343998,3.301624016,1.666240158,369,"101.7",24,"93.8",2267,"6.5",823685,680777,668904,665019,686797,656484,663616,807712,702176,"53.98",0.623,1.02,"2",1,0,3,6,24,1,"4-Seam Fastball",1,0,0,1,1,1,1,1,"Standard","Standard",214,"-0.123","1.114","81.8","7.6",,1.85,"-1.114","101.7",1,-1,0.623,0.377,26,25,26,25,2,1,6,1,9,1,"1.14","0.44","0.44","39.6",16.80742740785022,-18.793821223657282,31.089064907831563,33.91353662225277,40.61007875752327
"FF","2026-07-10","97.7","-1.49","6.37","Grissom, Vaughn",687093,702193,"strikeout","called_strike",,,,,8,"Vaughn Grissom called out on strikes.","R","R","R","MIN","LAA","S",2,,1,2,2026,"-0.36","1.5",-0.019664671285141933,1.6811432101817678,,,623168,2,7,"Top",,,,,,,4.741908226596064,-141.96606337858267,-10.395224955491074,-5.9288128966873614,29.722315242724367,-9.80184023527711,3.301624016,1.666240158,,,,"97.9",2166,"6.3",823685,680777,668904,665019,686797,668952,663616,807712,668885,"54.22",,0,"0",1,0,0,,56,4,"4-Seam Fastball",3,4,4,3,4,3,4,3,"Standard","Standard",202,"0.018","-0.201",,,,,"0.201",,-1,1,0.346,0.654,24,25,25,25,1,3,3,1,2,1,"0.88","0.36","0.36","57.1",,,,,
"SL","2026-07-10","88.1","-2.45","5.87","Grissom, Vaughn",687093,805673,"single","hit_into_play",,,,,9,"Vaughn Grissom singles on a line drive to center fielder Luke Keaschall.","R","R","R","MIN","LAA","X",8,"line_drive",2,2,2026,"0.34","0.24",0.7753729543612751,1.6472168732241337,,,,2,1,"Top",108.89,88.19,,,,,6.983308591565427,-128.2224994642335,-4.511622662715816,2.550090695647195,23.28340709787507,-28.8034348798574,3.301624016,1.666240158,187,"97.7",9,"88.4",2425,"6.2",823685,680777,668904,665019,686797,656484,663616,807712,702176,"54.31",0.64,0.59,"0.9",1,1,0,4,3,5,"Slider",0,0,0,0,0,0,0,0,"Standard","Standard",131,"-0.014","0.378","67.4","7.6",,0.703,"-0.378","97.7",0,0,0.54,0.45999999999999996,26,25,26,25,1,0,6,1,9,1,"2.66","-0.34","-0.34","33.9",2.7920345373128606,-3.944133028731657,38.76162922756667,43.761797586020066,25.6389229345029
"SL","2026-07-10","87.2","-2.23","5.82","Grissom, Vaughn",687093,805673,,"ball",,,,,14,,"R","R","R","MIN","LAA","B",,,1,2,2026,"0.42","0.49",1.1148678271139054,1.0117440694979893,,,,2,1,"Top",,,,,,,7.053074371251956,-126.89607103400238,-6.243009405929122,3.3464997649132,22.207514111553664,-25.892947689524114,3.301624016,1.666240158,,,,"87.7",2455,"6.3",823685,680777,668904,665019,686797,656484,663616,807712,702176,"54.22",,,,,,,,3,4,"Slider",0,0,0,0,0,0,0,0,"Standard","Standard",200,"-0.001","0.044",,,,,"-0.044",,0,0,0.541,0.45899999999999996,26,25,26,25,1,0,6,1,9,1,"2.47","-0.42","-0.42","35.8",,,,,
"SI","2026-07-10","97.7","-1.59","6.38","Grissom, Vaughn",687093,702193,,"foul",,,,,4,,"R","R","R","MIN","LAA","S",,,1,1,2026,"-0.74","1.32",-0.5697387670014409,2.3508968265685537,,,623168,2,7,"Top",,,,,,,4.431617384963854,-142.0971313663817,-8.230931062063263,-10.953986592753528,29.624422310476234,-12.6888432029973,3.301624016,1.666240158,172,"61.2",36,"98",2262,"6.3",823685,680777,668904,665019,686797,668952,663616,807712,668885,"54.24",,,,,,,,56,3,"Sinker",3,4,4,3,4,3,4,3,"Standard","Standard",208,"0.007","-0.066","75.5","6.3",,,"0.066","88.0",-1,1,0.339,0.661,24,25,25,25,1,3,3,1,2,1,"1.06","0.74","0.74","55.8",-7.618786624943018,21.066630716881303,37.03628131109502,30.47703055147109,17.286979121081544
"SI","2026-07-10","98.2","-1.61","6.33","Grissom, Vaughn",687093,702193,,"ball",,,,,14,,"R","R","R","MIN","LAA","B",,,0,1,2026,"-1.07","1.28",0.47233507878091197,1.2424577703778776,,,623168,2,7,"Top",,,,,,,8.064405803514035,-142.52357000956715,-11.043438956221028,-16.34732590285522,29.127603325516617,-12.47397548000744,3.301624016,1.666240158,,,,"98.4",1999,"6.3",823685,680777,668904,665019,686797,668952,663616,807712,668885,"54.21",,,,,,,,56,2,"Sinker",3,4,4,3,4,3,4,3,"Standard","Standard",203,"-0.003","0.029",,,,,"-0.029",,-1,1,0.342,0.6579999999999999,24,25,25,25,1,3,3,1,2,1,"1.08","1.07","1.07","57.8",,,,,
"FF","2026-07-10","95.2","-2.03","6.05","Grissom, Vaughn",687093,805673,,"called_strike",,,,,9,,"R","R","R","MIN","LAA","S",,,1,1,2026,"-0.73","1.4",0.6376253716579494,1.8185429606250678,,,,2,1,"Top",,,,,,,8.597464255439082,-138.23647590694299,-8.484242459391545,-11.182877390332356,26.808177056626143,-12.462504303716468,3.301624016,1.666240158,,,,"96",2390,"6.5",823685,680777,668904,665019,686797,656484,663616,807712,702176,"53.95",,,,,,,,3,3,"4-Seam Fastball",0,0,0,0,0,0,0,0,"Standard","Standard",211,"0.003","-0.069",,,,,"0.069",,0,0,0.538,0.46199999999999997,26,25,26,25,1,0,6,1,9,1,"1.1","0.73","0.73","44.3",,,,,
"FC","2026-07-10","93.4","-1.46","6.43","Grissom, Vaughn",687093,702193,,"called_strike",,,,,13,,"R","R","R","MIN","LAA","S",,,0,0,2026,"0.57","0.7",-0.014831810825768177,1.4949610380648999,,,623168,2,7,"Top",,,,,,,2.403706937628891,-136.07705332297144,-8.386077507405119,6.777419917452495,24.425074810846418,-22.002119237762717,3.301624016,1.666240158,,,,"94.4",2311,"6.4",823685,680777,668904,665019,686797,668952,663616,807712,668885,"54.12",,,,,,,,56,1,"Cutter",3,4,4,3,4,3,4,3,"Standard","Standard",161,"0.004","-0.042",,,,,"0.042",,-1,1,0.338,0.6619999999999999,24,25,25,25,1,3,3,1,2,1,"1.87","-0.57","-0.57","60.8",,,,,
"FF","2026-07-10","94.3","-1.97","6.11","Grissom, Vaughn",687093,805673,,"called_strike",,,,,6,,"R","R","R","MIN","LAA","S",,,1,0,2026,"-0.46","1.48",0.48801540306913604,2.727287728261616,,,,2,1,"Top",,,,,,,7.352790086112581,-137.22414082062693,-6.312399136000116,-7.252534811726782,26.435591397541913,-12.270957348117697,3.301624016,1.666240158,,,,"95.1",2242,"6.5",823685,680777,668904,665019,686797,656484,663616,807712,702176,"54.03",,,,,,,,3,2,"4-Seam Fastball",0,0,0,0,0,0,0,0,"Standard","Standard",212,"0.001","-0.054",,,,,"0.054",,0,0,0.537,0.46299999999999997,26,25,26,25,1,0,6,1,9,1,"1.06","0.46","0.46","45.4",,,,,
"SL","2026-07-10","87.1","-2.3","5.9","Grissom, Vaughn",687093,805673,,"ball",,,,,14,,"R","R","R","MIN","LAA","B",,,0,0,2026,"0.4","0.55",1.1712641313065868,0.9822064006651527,,,,2,1,"Top",,,,,,,7.3673947567487,-126.65668694217487,-6.587931212348699,3.045072823879288,22.02199413913244,-25.19617801129973,3.301624016,1.666240158,,,,"87.4",2337,"6.2",823685,680777,668904,665019,686797,656484,663616,807712,702176,"54.32",,,,,,,,3,1,"Slider",0,0,0,0,0,0,0,0,"Standard","Standard",197,"-0.001","0.041",,,,,"-0.041",,0,0,0.538,0.46199999999999997,26,25,26,25,1,0,6,1,9,1,"2.42","-0.4","-0.4","39.0",,,,,
"CU","2026-07-09","76.5","-2.09","5.82","Grissom, Vaughn",687093,543135,"field_out","hit_into_play",,,,,8,"Vaughn Grissom flies out to center fielder Cam Cauley.","R","R","R","TEX","LAA","X",8,"fly_ball",1,2,2026,"0.6","-0.48",0.0838725226541518,1.6846144002100734,,694384,,1,6,"Top",140.35,98.25,,,,,3.4525070544930445,-111.45820305781997,-0.6111145114145868,4.411595799031003,19.331227395706733,-36.28947803972444,3.301624016,1.666240158,254,"90",52,"77.4",1701,"6.8",822877,543309,669394,679822,673962,677649,696030,695508,607043,"53.73",0.014,0.017,"0",1,0,0,3,46,6,"Curveball",5,1,1,5,1,5,1,5,"Infield shade","Standard",39,"0.018","-0.193",,,,0.023,"0.193","90.0",4,-4,0.915,0.08499999999999996,36,25,36,25,3,2,7,1,10,1,"4.35","-0.6","-0.6","42.6",,,,,
"FS","2026-07-09","89","-2.3","5.56","Grissom, Vaughn",687093,543135,,"foul",,,,,8,,"R","R","R","TEX","LAA","S",,,1,2,2026,"-1.06","-0.04",0.13462914446350793,1.8108845519985852,,694384,,1,6,"Top",,,,,,,8.244584837809711,-129.4100221853403,-2.9324629278589422,-13.491193877056215,24.11777547388911,-32.282645558743624,3.301624016,1.666240158,,,,"90.3",1367,"6.9",822877,543309,669394,679822,673962,677649,696030,695508,607043,"53.59",,,,,,,,46,5,"Split-Finger",5,1,1,5,1,5,1,5,"Infield shade","Standard",241,"0","0","66.6","7.3",,,"0",,4,-4,0.915,0.08499999999999996,36,25,36,25,3,2,7,1,10,1,"2.9","1.06","1.06","40.2",13.045214632158757,2.4680135424486345,36.65106151641795,36.60195823888184,26.11767193943208
"FF","2026-07-09","96.1","-2.44","5.43","Grissom, Vaughn",687093,543135,,"foul",,,,,5,,"R","R","R","TEX","LAA","S",,,1,2,2026,"-1","1.26",0.012428855620817858,2.6275189452556713,,694384,,1,6,"Top",,,,,,,8.781495090051878,-139.68297383305,-4.5981060600330395,-15.010462301028966,30.20749743576142,-14.813980599885143,3.301624016,1.666240158,126,"79.1",10,"97.1",2200,"6.8",822877,543309,669394,679822,673962,677649,696030,695508,607043,"53.69",,,,,,,,46,4,"4-Seam Fastball",5,1,1,5,1,5,1,5,"Infield shade","Standard",228,"0","0","65.8","6.0",,,"0","88.0",4,-4,0.915,0.08499999999999996,36,25,36,25,3,2,7,1,10,1,"1.21","1","1","33.7",-11.769762379738598,21.81091062467206,38.26899560592534,36.02746069162916,10.9399208229968
"CU","2026-07-09","77.1","-2.2","5.68","Grissom, Vaughn",687093,543135,,"foul",,,,,5,,"R","R","R","TEX","LAA","S",,,1,1,2026,"0.88","-0.57",0.13028238599947684,2.255858545317809,,694384,,1,6,"Top",,,,,,,3.278166875871341,-112.28476170414883,1.005198947845946,6.799721066163907,20.997059196887484,-37.42176243129199,3.301624016,1.666240158,6,"64.4",-24,"77.6",1867,"6.7",822877,543309,669394,679822,673962,677649,696030,695508,607043,"53.83",,,,,,,,46,3,"Curveball",5,1,1,5,1,5,1,5,"Infield shade","Standard",39,"0.006","-0.077","63.1","7.6",,,"0.077","88.0",4,-4,0.909,0.09099999999999997,36,25,36,25,3,2,7,1,10,1,"4.41","-0.88","-0.88","41.0",27.489563673084252,-15.147587165870974,33.53770784229807,36.89478588750424,42.678793002781454
"FS","2026-07-09","89.3","-2.35","5.55","Grissom, Vaughn",687093,543135,,"swinging_strike",,,,,14,,"R","R","R","TEX","LAA","S",,,1,0,2026,"-1.15","0.03",0.16731659600448512,1.4382413015909914,,694384,,1,6,"Top",,,,,,,8.668406380202587,-129.7117778529977,-3.939201415520561,-14.783513906101543,26.720633401100876,-31.25420577365337,3.301624016,1.666240158,,,,"90.2",1575,"6.9",822877,543309,669394,679822,673962,677649,696030,695508,607043,"53.62",,,,,,,,46,2,"Split-Finger",5,1,1,5,1,5,1,5,"Infield shade","Standard",238,"0.004","-0.048",,,,,"0.048",,4,-4,0.905,0.09499999999999997,36,25,36,25,3,2,7,1,10,1,"2.84","1.15","1.15","36.0",,,,,
"FS","2026-07-09","89.1","-2.3","5.67","Grissom, Vaughn",687093,543135,,"ball",,,,,12,,"R","R","R","TEX","LAA","B",,,0,0,2026,"-0.98","0.07",0.8556178400469814,2.6014797837741073,,694384,,1,6,"Top",,,,,,,9.851884943561112,-129.44348271387182,-1.4694800338166047,-13.086601627349774,26.180902549546154,-31.254625421029594,3.301624016,1.666240158,,,,"90",1478,"6.9",822877,543309,669394,679822,673962,677649,696030,695508,607043,"53.63",,,,,,,,46,1,"Split-Finger",5,1,1,5,1,5,1,5,"Infield shade","Standard",234,"-0.003","0.038",,,,,"-0.038",,4,-4,0.908,0.09199999999999997,36,25,36,25,3,2,7,1,10,1,"2.8","0.98","0.98","39.2",,,,,
"CU","2026-07-09","76.3","-2.07","5.83","Grissom, Vaughn",687093,543135,"strikeout","swinging_strike",,,,,14,"Vaughn Grissom strikes out swinging.","R","R","R","TEX","LAA","S",2,,1,2,2026,"0.8","-0.87",0.23942323478137328,1.4365096668193562,687263,694384,,2,3,"Top",,,,,,,3.3457678385662746,-111.09537754421223,-0.34975713374368,6.00534616117209,20.553734123628182,-39.51021824300798,3.301624016,1.666240158,,,,"76.9",1909,"6.8",822877,543309,669394,679822,673962,677649,696030,695508,607043,"53.74",,0,"0",1,0,0,,25,5,"Curveball",2,1,1,2,1,2,1,2,"Infield shade","Standard",37,"0.048","-0.184","71.8","8.3","2.380565784",,"0.184",,1,-1,0.621,0.379,36,25,36,25,2,1,7,1,10,1,"4.79","-0.8","-0.8","43.0",26.67507748102578,-37.996943329527795,36.88896504891404,36.487910707068636,52.987811632395974
"FS","2026-07-09","91.1","-2.26","5.57","Grissom, Vaughn",687093,543135,,"blocked_ball",,,,,14,,"R","R","R","TEX","LAA","B",,,0,2,2026,"-0.81","0.06",1.1094365992089932,0.3443952301732556,687263,694384,,2,3,"Top",,,,,,,10.192888506356484,-132.21231849149268,-7.159708653252374,-11.520953297577568,25.426185362350168,-30.236320078290888,3.301624016,1.666240158,,,,"92.1",1417,"6.8",822877,543309,669394,679822,673962,677649,696030,695508,607043,"53.68",,,,,,,,25,4,"Split-Finger",2,1,1,2,1,2,1,2,"Infield shade","Standard",240,"-0.007","0.026",,,,,"-0.026",,1,-1,0.628,0.372,36,25,36,25,2,1,7,1,10,1,"2.68","0.81","0.81","36.9",,,,,
"FS","2026-07-09","89.4","-2.31","5.6","Grissom, Vaughn",687093,543135,,"foul",,,,,8,,"R","R","R","TEX","LAA","S",,,0,2,2026,"-0.93","0.08",0.25410430482438684,1.8505855553824646,687263,694384,,2,3,"Top",,,,,,,8.2892372441004,-130.0490067053931,-3.222395135588922,-12.190158511624015,25.846650961287445,-30.849234775282355,3.301624016,1.666240158,3,"65.3",-32,"90.3",1513,"6.8",822877,543309,669394,679822,673962,677649,696030,695508,607043,"53.73",,,,,,,,25,3,"Split-Finger",2,1,1,2,1,2,1,2,"Standard","Standard",234,"0","0","67.9","7.8",,,"0","88.0",1,-1,0.628,0.372,36,25,36,25,2,1,7,1,10,1,"2.77","0.93","0.93","37.5",24.2994909666915,-12.42076106561497,34.268283868148956,38.5659223089218,39.41908071651522
"CU","2026-07-09","77.5","-2.16","5.73","Grissom, Vaughn",687093,543135,,"foul",,,,,7,,"R","R","R","TEX","LAA","S",,,0,1,2026,"0.47","-0.48",-0.3932517562757185,1.9570739077873953,687263,694384,,2,3,"Top",,,,,,,2.8748476503056786,-112.89376473813405,-0.04535004657599506,3.5610522647564413,19.764016988312175,-36.487615437097936,3.301624016,1.666240158,4,"43.4",-28,"78.7",1750,"7",822877,543309,669394,679822,673962,677649,696030,695508,607043,"53.5",,,,,,,,25,2,"Curveball",2,1,1,2,1,2,1,2,"Infield shade","Standard",39,"0.017","-0.073","67.8","7.8",,,"0.073","88.0",1,-1,0.611,0.389,36,25,36,25,2,1,7,1,10,1,"4.25","-0.47","-0.47","40.7",29.15688820151242,-32.87308130476136,35.06083702278852,30.583670338199635,47.27122432262809
"FS","2026-07-09","88.4","-2.41","5.59","Grissom, Vaughn",687093,543135,,"swinging_strike",,,,,7,,"R","R","R","TEX","LAA","S",,,0,0,2026,"-0.8","-0.2",-0.4747702924587095,2.072732709390895,687263,694384,,2,3,"Top",,,,,,,6.39081760160267,-128.66555913836683,-1.9004263733816362,-10.121366963649066,24.899261420845306,-34.23644433685417,3.301624016,1.666240158,,,,"89.3",1415,"6.7",822877,543309,669394,679822,673962,677649,696030,695508,607043,"53.81",,,,,,,,25,1,"Split-Finger",2,1,1,2,1,2,1,2,"Infield shade","Standard",241,"0.01","-0.03","78.9","8.0","0.258693228",,"0.03",,1,-1,0.601,0.399,36,25,36,25,2,1,7,1,10,1,"3.1","0.8","0.8","36.1",21.57690253449185,-26.000716126244907,29.380753208612397,30.01517616407513,47.28504311194436
"SL","2026-07-09","84.9","1.84","5.81","Grissom, Vaughn",687093,656641,"walk","ball",,,,,11,"Vaughn Grissom walks.","R","R","L","TEX","LAA","B",,,3,2,2026,"-0.44","-0.11",-0.7542840687141518,3.5998374059326124,672724,,,2,9,"Top",,,,,,,-5.114872798457956,-123.57723664639855,1.538056757435933,-3.5924055421132253,23.65153487655842,-33.78495597796589,3.301624016,1.666240158,,,,"85.4",2580,"6.5",822877,553869,669394,679822,673962,677649,696030,694497,607043,"54.01",,0.698079,"0.7",1,0,0,,76,11,"Slider",6,6,6,6,6,6,6,6,"Standard","Standard",265,"-0.012","0.094",,,,,"-0.094",,0,0,0.513,0.487,30,25,30,25,1,4,9,1,3,1,"3.26","-0.44","0.44","52.1",,,,,
"CH","2026-07-09","87.8","1.88","5.78","Grissom, Vaughn",687093,656641,,"foul",,,,,3,,"R","R","L","TEX","LAA","S",,,3,2,2026,"1.34","0.9",0.38987578359594743,2.896295403882604,672724,,,2,9,"Top",,,,,,,-6.414064015222311,-127.72638755856958,-2.5391177607324646,15.971315538459065,26.761417467925146,-22.039062822310708,3.301624016,1.666240158,173,"75.2",68,"88.1",1858,"6.5",822877,553869,669394,679822,673962,677649,696030,694497,607043,"53.97",,,,,,,,76,10,"Changeup",6,6,6,6,6,6,6,6,"Standard","Standard",131,"0","0","72.0","7.2",,,"0","88.0",0,0,0.513,0.487,30,25,30,25,1,4,9,1,3,1,"2.07","1.34","-1.34","47.4",10.3145443541567,-2.3115340228885692,29.4182501180526,40.11333254192948,34.142676548668994
"FF","2026-07-09","96.5","1.75","6","Grissom, Vaughn",687093,656641,,"ball",,,,,11,,"R","R","L","TEX","LAA","B",,,2,2,2026,"0.87","1.5",-0.2137605835636448,6.035293017777075,672724,,,2,9,"Top",,,,,,,-7.189375997042265,-140.32227155510506,2.3100964168300844,13.135141383910831,32.362645149133186,-13.167231118077247,3.301624016,1.666240158,,,,"96.8",2212,"6.5",822877,553869,669394,679822,673962,677649,696030,694497,607043,"53.96",,,,,,,,76,9,"4-Seam Fastball",6,6,6,6,6,6,6,6,"Standard","Standard",151,"-0.021","0.055",,,,,"-0.055",,0,0,0.534,0.46599999999999997,30,25,30,25,1,4,9,1,3,1,"0.96","0.87","-0.87","48.0",,,,,
"CH","2026-07-09","88.7","1.88","5.78","Grissom, Vaughn",687093,656641,,"foul",,,,,14,,"R","R","L","TEX","LAA","S",,,2,2,2026,"1.24","0.7",0.9530025414142846,2.096696228677724,672724,,,2,9,"Top",,,,,,,-4.875000879703471,-129.0490789780598,-4.229548425103054,14.853663930840227,26.713230284982615,-23.691201823326608,3.301624016,1.666240158,192,"74.2",59,"88.9",1747,"6.4",822877,553869,669394,679822,673962,677649,696030,694497,607043,"54.07",,,,,,,,76,8,"Changeup",6,6,6,6,6,6,6,6,"Standard","Standard",131,"0","0","64.2","7.5",,,"0","88.0",0,0,0.534,0.46599999999999997,30,25,30,25,1,4,9,1,3,1,"2.2","1.24","-1.24","47.8",19.45203567110759,16.58116420535621,28.88382348475098,47.49371944630374,26.54339815807974
"CH","2026-07-09","88.4","1.95","5.74","Grissom, Vaughn",687093,656641,,"foul",,,,,9,,"R","R","L","TEX","LAA","S",,,2,2,2026,"1.13","1.05",0.8131480184831981,1.6970188719163586,672724,,,2,9,"Top",,,,,,,-5.148275330634803,-128.64271846963845,-5.803514161465228,13.603839110235988,26.568456535327858,-19.50776264925966,3.301624016,1.666240158,198,"68.3",45,"88.9",1973,"6.6",822877,553869,669394,679822,673962,677649,696030,694497,607043,"53.93",,,,,,,,76,7,"Changeup",6,6,6,6,6,6,6,6,"Standard","Standard",128,"0","0","73.2","7.9",,,"0","88.0",0,0,0.534,0.46599999999999997,30,25,30,25,1,4,9,1,3,1,"1.87","1.13","-1.13","54.5",7.604459876758665,-0.07499017300468157,40.24584041836602,45.23589960645988,28.83606742349329
"FF","2026-07-09","95.2","1.58","5.96","Grissom, Vaughn",687093,656641,,"foul",,,,,11,,"R","R","L","TEX","LAA","S",,,2,2,2026,"0.78","1.57",-0.5898851433255559,3.46194237216847,672724,,,2,9,"Top",,,,,,,-7.430515778527947,-138.37604804413567,-4.2995054653663765,11.694281090064544,30.915615780298765,-11.286597927353448,3.301624016,1.666240158,85,"76",15,"95.4",2286,"6.5",822877,553869,669394,679822,673962,677649,696030,694497,607043,"54.01",,,,,,,,76,6,"4-Seam Fastball",6,6,6,6,6,6,6,6,"Standard","Standard",151,"0","0","58.9","5.2",,,"0","88.0",0,0,0.534,0.46599999999999997,30,25,30,25,1,4,9,1,3,1,"0.96","0.78","-0.78","51.1",-13.434854085713148,23.738070547752095,35.33420652921314,29.09513527681974,10.755218609361574
"FF","2026-07-09","95.9","1.8","6.02","Grissom, Vaughn",687093,656641,,"ball",,,,,12,,"R","R","L","TEX","LAA","B",,,1,2,2026,"0.93","1.6",0.24639481665730423,4.776264142569589,672724,,,2,9,"Top",,,,,,,-6.225885221486259,-139.51572504966276,-1.208232740705182,13.56535988627725,31.952716970106913,-11.287934970387308,3.301624016,1.666240158,,,,"96.3",2364,"6.6",822877,553869,669394,679822,673962,677649,696030,694497,607043,"53.95",,,,,,,,76,5,"4-Seam Fastball",6,6,6,6,6,6,6,6,"Standard","Standard",146,"-0.018","0.038",,,,,"-0.038",,0,0,0.552,0.44799999999999995,30,25,30,25,1,4,9,1,3,1,"0.89","0.93","-0.93","54.7",,,,,
"CU","2026-07-09","81.7","1.73","5.94","Grissom, Vaughn",687093,656641,,"foul",,,,,7,,"R","R","L","TEX","LAA","S",,,1,2,2026,"-0.22","-1.15",-0.4019352841037503,1.6810978840766229,672724,,,2,9,"Top",,,,,,,-4.3165601639340085,-118.94258815691457,-0.4955903511877551,-1.1762402845488098,23.84792032407893,-43.13834763344165,3.301624016,1.666240158,242,"102.5",14,"81.8",2737,"6.4",822877,553869,669394,679822,673962,677649,696030,694497,607043,"54.09",,,,,,,,76,4,"Curveball",6,6,6,6,6,6,6,6,"Standard","Standard",332,"0","0","59.8","8.2",,,"0","102.5",0,0,0.552,0.44799999999999995,30,25,30,25,1,4,9,1,3,1,"4.57","-0.22","0.22","52.7",14.751665145331957,-22.969614803787877,37.14689490675678,32.093392939569284,36.6943942806852
"FF","2026-07-09","95.4","1.75","6.04","Grissom, Vaughn",687093,656641,,"ball",,,,,12,,"R","R","L","TEX","LAA","B",,,0,2,2026,"0.89","1.51",0.9344555349665701,5.402516502209861,,672724,,2,9,"Top",,,,,,,-4.155507261379262,-138.78571523030135,0.6692742011903956,12.419395994483247,33.352634408070266,-13.120346395602985,3.301624016,1.666240158,,,,"95.4",2232,"6.5",822877,553869,669394,679822,673962,677649,696030,694497,607043,"54.02",,,,,,,,76,3,"4-Seam Fastball",6,6,6,6,6,6,6,6,"Standard","Standard",148,"-0.023","0.004",,,,,"-0.004",,0,0,0.575,0.42500000000000004,30,25,30,25,1,4,9,1,3,1,"1.01","0.89","-0.89","56.1",,,,,
"CH","2026-07-09","86.5","1.93","5.81","Grissom, Vaughn",687093,656641,,"foul",,,,,14,,"R","R","L","TEX","LAA","S",,,0,1,2026,"1.38","0.87",0.9486700833150998,1.6803522974206464,,672724,,2,9,"Top",,,,,,,-5.18451891971379,-125.81619876499639,-5.20183684897273,15.743920497643982,25.59714829789062,-22.0588967605927,3.301624016,1.666240158,125,"62.2",67,"86.5",1828,"6.3",822877,553869,669394,679822,673962,677649,696030,694497,607043,"54.18",,,,,,,,76,2,"Changeup",6,6,6,6,6,6,6,6,"Standard","Standard",130,"0.026","-0.056","69.1","8.2",,,"0.056","88.0",0,0,0.549,0.45099999999999996,30,25,30,25,1,4,9,1,3,1,"2.18","1.38","-1.38","47.1",13.961394551792406,-7.917264193578169,39.48987235668274,46.69473684068478,35.65208657946927
"SL","2026-07-09","85.4","2","5.86","Grissom, Vaughn",687093,656641,,"swinging_strike",,,,,13,,"R","R","L","TEX","LAA","S",,,0,0,2026,"-0.39","0.27",-0.2935990350947954,1.2360472975256056,,672724,,2,9,"Top",,,,,,,-4.531831253454127,-124.35631254367728,-4.94324405340278,-3.2444237137916105,23.31721840518467,-28.62481431466616,3.301624016,1.666240158,,,,"85.8",2575,"6.4",822877,553869,669394,679822,673962,677649,696030,694497,607043,"54.14",,,,,,,,76,1,"Slider",6,6,6,6,6,6,6,6,"Standard","Standard",227,"0.016","-0.04","75.0","8.1","0.1",,"0.04",,0,0,0.533,0.46699999999999997,30,25,30,25,1,4,9,1,3,1,"2.83","-0.39","0.39","47.9",18.322023640324012,-16.30288384961019,41.95125169230619,32.728700802388275,38.04769210975422
"SL","2026-07-09","85.3","-3.22","5.54","Grissom, Vaughn",687093,682608,"strikeout","foul_tip",,,,,9,"Vaughn Grissom strikes out on a foul tip.","R","R","R","TEX","LAA","S",2,,1,2,2026,"0.54","0.37",0.602079280172467,2.094067402207388,694384,,624585,1,7,"Top",,,,,,,7.778626132886028,-124.06028064727298,-2.3693306083809746,4.118712171082162,23.801998997521657,-28.11723845502767,3.301624016,1.666240158,,,,"85.6",2495,"6.4",822877,543309,669394,679822,673962,677649,696030,695508,607043,"54.05",,0,"0",1,0,0,,61,5,"Slider",6,5,5,6,5,6,5,6,"Standard","Standard",148,"0.09","-0.259","68.4","7.5",,,"0.259",,1,-1,0.602,0.398,31,25,31,25,1,3,2,1,3,1,"2.76","-0.54","-0.54","40.0",11.20067291603592,-0.007433261264620391,35.52075418937994,43.173908752146545,29.932981251129334
"CH","2026-07-09","82.1","-2.88","5.63","Grissom, Vaughn",687093,682608,,"foul",,,,,8,,"R","R","R","TEX","LAA","S",,,1,2,2026,"-1.33","0.25",0.12658044436257954,2.152578895968895,694384,,624585,1,7,"Top",,,,,,,9.444601632816052,-119.1761138227665,-1.583617509776249,-14.443846255967124,22.297643140750395,-29.695662732810113,3.301624016,1.666240158,12,"70.9",-10,"83.1",1735,"7",822877,543309,669394,679822,673962,677649,696030,695508,607043,"53.49",,,,,,,,61,4,"Changeup",6,5,5,6,5,6,5,6,"Standard","Standard",245,"0","0","77.9","8.1",,,"0","88.0",1,-1,0.602,0.398,31,25,31,25,1,3,2,1,3,1,"3.14","1.33","1.33","39.8",23.64720169124874,-23.889535409255767,34.70342915946011,36.72056254348687,46.682213200422595
"FF","2026-07-09","93.4","-2.94","5.64","Grissom, Vaughn",687093,682608,,"foul",,,,,6,,"R","R","R","TEX","LAA","S",,,1,1,2026,"-0.91","1.64",0.3157873033739155,2.5235618538360907,694384,,624585,1,7,"Top",,,,,,,10.444410527990543,-135.6411960338018,-5.802351361436133,-13.528059311173665,28.60777368817667,-10.82123744125882,3.301624016,1.666240158,,,,"94.6",2322,"7",822877,543309,669394,679822,673962,677649,696030,695508,607043,"53.51",,,,,,,,61,3,"4-Seam Fastball",6,5,5,6,5,6,5,6,"Standard","Standard",218,"0.033","-0.078","71.0","7.1",,,"0.078",,1,-1,0.569,0.43100000000000005,31,25,31,25,1,3,2,1,3,1,"0.98","0.91","0.91","46.4",2.241541641391742,13.408830413684878,36.61187686033786,40.340150641308064,18.488977085643256
"FF","2026-07-09","92.4","-2.95","5.59","Grissom, Vaughn",687093,682608,,"foul",,,,,5,,"R","R","R","TEX","LAA","S",,,1,0,2026,"-0.74","1.38",-0.055887527324116726,2.504583473489009,694384,,624585,1,7,"Top",,,,,,,9.04167880487647,-134.3078423118153,-4.971036809356527,-10.851917273024696,28.653145679425588,-14.537366594538662,3.301624016,1.666240158,197,"84.2",67,"93.9",2168,"7.2",822877,543309,669394,679822,673962,677649,696030,695508,607043,"53.29",,,,,,,,61,2,"4-Seam Fastball",6,5,5,6,5,6,5,6,"Standard","Standard",216,"0.012","-0.064","79.2","7.0",,,"0.064","88.0",1,-1,0.557,0.44299999999999995,31,25,31,25,1,3,2,1,3,1,"1.29","0.74","0.74","38.1",15.431764904110914,-2.9499838649523347,35.92840856573228,35.770271957196215,31.89202939098299
"CH","2026-07-09","82.2","-3.02","5.63","Grissom, Vaughn",687093,682608,,"ball",,,,,11,,"R","R","R","TEX","LAA","B",,,0,0,2026,"-1.08","0.18",-0.9092135006535489,3.1570674036704496,694384,,624585,1,7,"Top",,,,,,,6.91227582980238,-119.55333519526927,0.7490740672993026,-11.64625440970344,21.692005859960314,-30.76601720822663,3.301624016,1.666240158,,,,"83.2",1760,"6.9",822877,543309,669394,679822,673962,677649,696030,695508,607043,"53.65",,,,,,,,61,1,"Changeup",6,5,5,6,5,6,5,6,"Standard","Standard",249,"-0.006","0.026",,,,,"-0.026",,1,-1,0.563,0.43700000000000006,31,25,31,25,1,3,2,1,3,1,"3.18","1.08","1.08","36.5",,,,,
"SI","2026-07-09","94.2","-2.31","5.61","Grissom, Vaughn",687093,543135,"single","hit_into_play",,,,,5,"Vaughn Grissom singles on a ground ball to center fielder Cam Cauley.","R","R","R","TEX","LAA","X",8,"ground_ball",0,1,2026,"-1.41","0.88",0.2322330764672207,2.4318542303376494,,,,0,2,"Top",120.58,158.2,,,,,9.800382532589182,-136.85159376956935,-4.390822525798095,-19.82485281457592,28.938418234430216,-20.296508365825115,3.301624016,1.666240158,22,"103.2",-5,"95.3",2224,"6.9",822877,543309,669394,679822,673962,677649,696030,695508,607043,"53.58",0.368,0.331,"0.9",1,1,0,2,11,2,"Sinker",2,0,0,2,0,2,0,2,"Standard","Standard",224,"-0.042","0.499","72.7","7.0",,0.395,"-0.499","103.2",2,-2,0.701,0.29900000000000004,36,25,36,25,1,0,7,1,10,1,"1.69","1.41","1.41","36.9",1.4186541998156337,4.5563743772475425,34.99013973155933,38.37817891189869,27.519471910816293
"FC","2026-07-09","90.7","-2.45","5.67","Grissom, Vaughn",687093,543135,,"called_strike",,,,,9,,"R","R","R","TEX","LAA","S",,,0,0,2026,"0.34","1.04",0.3083521858856486,1.9062359788111014,,,,0,2,"Top",,,,,,,6.122440350676326,-132.04723982728754,-5.630560072822472,2.801319048085354,25.195188507092222,-19.044246731894916,3.301624016,1.666240158,,,,"92",2284,"6.8",822877,543309,669394,679822,673962,677649,696030,695508,607043,"53.7",,,,,,,,11,1,"Cutter",2,0,0,2,0,2,0,2,"Standard","Standard",204,"0.003","-0.043",,,,,"0.043",,2,-2,0.698,0.30200000000000005,36,25,36,25,1,0,7,1,10,1,"1.71","-0.34","-0.34","35.0",,,,,
"CU","2026-07-08","83.6","1.41","5.76","Grissom, Vaughn",687093,669022,"single","hit_into_play",,,,,9,"Vaughn Grissom singles on a ground ball to left fielder Alejandro Osuna. Zach Neto scores. Mike Trout to 3rd.","R","R","L","TEX","LAA","X",7,"ground_ball",0,1,2026,"0.1","-0.69",0.2776696373234623,2.1641427749065434,,687263,545361,0,5,"Top",97,101,,,,,-2.7965413858604493,-121.83494055586738,-0.27602975050227174,1.524501462526956,23.871428943284407,-39.18415302099628,3.301624016,1.666240158,20,"97",-6,"84.1",2163,"6.5",822880,553869,669394,669701,677649,670032,696030,694497,607043,"53.97",0.243,0.227,"0.9",1,1,0,2,38,2,"Curveball",0,3,3,0,4,0,4,0,"Standard","Standard",340,"-0.06","0.542","71.3","7.0",,0.272,"-0.542","97.0",-3,3,0.122,0.878,27,25,27,25,3,2,7,3,4,1,"3.94","0.1","-0.1","58.4",2.6225436152418298,6.600347501471875,33.7551549648271,39.194344939937,27.19462835002159
"CH","2026-07-08","87.1","1.58","5.63","Grissom, Vaughn",687093,669022,,"called_strike",,,,,5,,"R","R","L","TEX","LAA","S",,,0,0,2026,"1.08","0.7",0.2615104717279615,2.3741295626642316,,687263,545361,0,5,"Top",,,,,,,-5.479287196267463,-126.725063851002,-2.939176188794635,12.752862206654074,25.78015908421678,-24.204688470070572,3.301624016,1.666240158,,,,"88.5",1961,"7.1",822880,553869,669394,669701,677649,670032,696030,694497,607043,"53.35",,,,,,,,38,1,"Changeup",0,3,3,0,3,0,3,0,"Standard","Standard",121,"0.004","-0.059",,,,,"0.059",,-3,3,0.118,0.882,27,25,27,25,3,2,7,3,4,1,"2.3","1.08","-1.08","48.1",,,,,
"FC","2026-07-08","89.9","2.21","5.47","Grissom, Vaughn",687093,669022,"single","hit_into_play",,,,,8,"Vaughn Grissom singles on a ground ball to left fielder Alejandro Osuna.","R","R","L","TEX","LAA","X",7,"ground_ball",1,1,2026,"-0.07","0.67",0.15963192069496657,1.964489531365998,,,,0,4,"Top",101.57,88.21,,,,,-4.903259419844829,-130.9052915782377,-4.020630069471547,0.06688660126162337,24.685939899817413,-23.859618406270997,3.301624016,1.666240158,82,"106.9",3,"91",1922,"6.7",822880,553869,669394,669701,677649,670032,696030,694497,607043,"53.83",0.551,0.507,"0.9",1,1,0,4,24,3,"Cutter",0,1,1,0,1,0,1,0,"Standard","Standard",165,"-0.037","0.47","79.1","7.3",,0.616,"-0.47","106.9",-1,1,0.378,0.622,27,25,27,25,2,1,7,3,4,1,"2.12","-0.07","0.07","42.3",10.080581802001763,3.470315402347492,37.40154985619728,37.40231239838019,30.500630285036294
"CH","2026-07-08","86.3","1.91","5.53","Grissom, Vaughn",687093,669022,,"ball",,,,,14,,"R","R","L","TEX","LAA","B",,,0,1,2026,"0.96","0.66",1.1238495772798656,1.2862030715555135,,,,0,4,"Top",,,,,,,-3.8768082512380655,-125.61223470504125,-5.064977571840768,10.919421857957808,23.889345928991712,-24.432641769363528,3.301624016,1.666240158,,,,"87.4",1879,"6.9",822880,553869,669394,669701,677649,670032,696030,694497,607043,"53.64",,,,,,,,24,2,"Changeup",0,1,1,0,1,0,1,0,"Standard","Standard",114,"-0.002","0.029",,,,,"-0.029",,-1,1,0.38,0.62,27,25,27,25,2,1,7,3,4,1,"2.39","0.96","-0.96","44.6",,,,,
"FC","2026-07-08","88.5","2.15","5.52","Grissom, Vaughn",687093,669022,,"foul",,,,,4,,"R","R","L","TEX","LAA","S",,,0,0,2026,"-0.08","0.65",-0.3021861893456315,2.6087769189065124,,,,0,4,"Top",,,,,,,-5.774947647331051,-128.91137421918145,-2.318411607793024,0.19234255323216906,23.915086993554787,-24.567145048138002,3.301624016,1.666240158,13,"90.4",-11,"89.6",1957,"6.7",822880,553869,669394,669701,677649,670032,696030,694497,607043,"53.84",,,,,,,,24,1,"Cutter",0,1,1,0,1,0,1,0,"Standard","Standard",169,"0.003","-0.043",,,,,"0.043","90.4",-1,1,0.377,0.623,27,25,27,25,2,1,7,3,4,1,"2.22","-0.08","0.08","41.8",,,,,
"ST","2026-07-08","86.7","-3.72","4.77","Grissom, Vaughn",687093,686560,"double","hit_into_play",,,,,14,"Vaughn Grissom doubles (11) on a line drive to right fielder Brandon Nimmo. Josh Lowe scores. Zach Neto scores.","R","R","R","TEX","LAA","X",9,"line_drive",1,2,2026,"1.13","0.32",1.2127712019293568,1.5526891760108419,666139,687263,,2,6,"Top",188.93,138.05,,,,,9.200873844828788,-126.01787953160563,-1.8698309076249509,9.94357025570061,27.52923397863325,-28.602969736706175,3.301624016,1.666240158,218,"75.8",20,"85.7",2964,"5.8",822880,553869,669394,669701,677649,670032,696030,694497,607043,"54.65",0.994,0.896,"1.25",1,1,1,4,50,4,"Sweeper",0,7,7,0,9,0,9,0,"Standard","Standard",74,"-0.011","0.98","53.4","7.2",,1.038,"-0.98","88.0",-7,7,0.015,0.985,25,25,25,25,1,3,3,3,3,1,"2.74","-1.13","-1.13","11.5",-1.766817463700182,11.755114395316797,34.910547892492794,50.90194314927962,21.541295954073604
"SI","2026-07-08","96","-3.63","4.87","Grissom, Vaughn",687093,686560,,"called_strike",,,,,6,,"R","R","R","TEX","LAA","S",,,1,1,2026,"-1.53","0.05",0.752598107570295,2.291327980728479,666139,687263,,2,6,"Top",,,,,,,14.822920791392189,-138.89704837550207,-1.0668358467264347,-23.260216587886774,32.82333602417361,-31.478503300898304,3.301624016,1.666240158,,,,"94.9",2443,"6.1",822880,553869,669394,669701,677649,670032,696030,694497,607043,"54.4",,,,,,,,50,3,"Sinker",0,7,7,0,7,0,7,0,"Standard","Standard",248,"0.001","-0.07",,,,,"0.07",,-7,7,0.014,0.986,25,25,25,25,1,3,3,3,3,1,"2.46","1.53","1.53","16.9",,,,,
"ST","2026-07-08","85.7","-3.75","4.72","Grissom, Vaughn",687093,686560,,"foul",,,,,6,,"R","R","R","TEX","LAA","S",,,1,0,2026,"1.21","0.58",0.8224355448819234,2.604032895495286,666139,687263,,2,6,"Top",,,,,,,8.108204198206806,-124.63177947803072,0.23659238768739477,11.039524278724457,24.51609579824118,-26.373825390932787,3.301624016,1.666240158,187,"71.4",59,"85",2835,"5.8",822880,553869,669394,669701,677649,670032,696030,694497,607043,"54.66",,,,,,,,50,2,"Sweeper",0,7,7,0,7,0,7,0,"Standard","Standard",82,"0","-0.04","69.0","7.6",,,"0.04","88.0",-7,7,0.014,0.986,25,25,25,25,1,3,3,3,3,1,"2.52","-1.21","-1.21","10.9",8.014770072783254,-9.202412735340923,26.85756250645257,46.1224350523084,36.85313992764037
"ST","2026-07-08","85","-3.73","4.74","Grissom, Vaughn",687093,686560,,"ball",,,,,14,,"R","R","R","TEX","LAA","B",,,0,0,2026,"0.96","0.05",1.3635616983326475,2.2612086816822177,666139,687263,,2,6,"Top",,,,,,,9.751632343078288,-123.47893264345085,0.6065523334125784,7.939090274448151,24.212471493853876,-32.04547357513743,3.301624016,1.666240158,,,,"84.5",2807,"6",822880,553869,669394,669701,677649,670032,696030,694497,607043,"54.51",,,,,,,,50,1,"Sweeper",0,7,7,0,7,0,7,0,"Standard","Standard",74,"0","0.033",,,,,"-0.033",,-7,7,0.014,0.986,25,25,25,25,1,3,3,3,3,1,"3.11","-0.96","-0.96","13.5",,,,,
"CU","2026-07-08","82.6","1.85","6.23","Grissom, Vaughn",687093,695239,"field_out","hit_into_play",,,,,13,"Vaughn Grissom grounds out, third baseman Ezequiel Duran to first baseman Jake Burger.","R","R","L","TEX","LAA","X",5,"ground_ball",0,2,2026,"-0.57","-0.39",-0.22515526499093363,1.153290643557995,,,,2,8,"Top",98.52,166.79,,,,,-3.5278339953333506,-120.23186575275636,-4.044403629039798,-4.899092785711889,22.951257434469092,-35.35825756337833,3.301624016,1.666240158,19,"95.4",-3,"82.6",2746,"6.2",822880,553869,669394,679822,677649,670032,669701,694497,696030,"54.25",0.291,0.273,"0",1,0,0,2,66,3,"Curveball",0,11,11,0,11,0,11,0,"Standard","Standard",320,"0","-0.152","72.2","7.6",,0.324,"0.152","95.4",-11,11,0.001,0.999,27,25,27,25,1,4,3,3,3,1,"3.72","-0.57","0.57","55.7",8.658007455491013,-7.163531674768633,43.05771308635183,32.639448531853475,34.02248381109734
"CU","2026-07-08","82.3","1.81","6.4","Grissom, Vaughn",687093,695239,,"swinging_strike",,,,,13,,"R","R","L","TEX","LAA","S",,,0,1,2026,"-0.25","-0.57",-0.653932702324426,0.6947474417161201,,,,2,8,"Top",,,,,,,-5.0116206826619525,-119.83546875563398,-5.048401780532381,-1.483427916046585,22.282598755483097,-36.89814622996402,3.301624016,1.666240158,,,,"82.3",2610,"6.2",822880,553869,669394,679822,677649,670032,669701,694497,696030,"54.34",,,,,,,,66,2,"Curveball",0,11,11,0,11,0,11,0,"Standard","Standard",328,"0","-0.063","66.3","8.9","16.341723624",,"0.063",,-11,11,0.001,0.999,27,25,27,25,1,4,3,3,3,1,"3.92","-0.25","0.25","64.7",36.460749886764475,-55.19048358292438,38.18003404885469,29.925065037931258,67.45192030981343
"SI","2026-07-08","95.2","2.2","6.01","Grissom, Vaughn",687093,695239,,"foul",,,,,6,,"R","R","L","TEX","LAA","S",,,0,0,2026,"1.04","1.08",0.7211580216413425,2.6571699552280315,,,,2,8,"Top",,,,,,,-6.200464282547827,-138.46561384685901,-5.424904341097688,14.747265983712513,30.0420773803681,-17.218674510243687,3.301624016,1.666240158,344,"95",36,"95.4",2090,"6.4",822880,553869,669394,679822,677649,670032,669701,694497,696030,"54.11",,,,,,,,66,1,"Sinker",0,11,11,0,11,0,11,0,"Standard","Standard",152,"0","-0.044","71.8","6.8",,,"0.044","95.0",-11,11,0.001,0.999,27,25,27,25,1,4,3,3,3,1,"1.43","1.04","-1.04","50.4",3.5754420061581462,15.882910517998658,29.81779261962902,45.273684930299524,24.66552589447518
"FF","2026-07-08","94.8","1.65","5.63","Grissom, Vaughn",687093,669022,"single","hit_into_play",,,,,4,"Vaughn Grissom singles on a line drive to left fielder Alejandro Osuna. Zach Neto scores.","R","R","L","TEX","LAA","X",7,"line_drive",0,0,2026,"0.83","1.56",-0.2932958993377468,2.4757814596652263,,687263,,1,1,"Top",87.88,98.35,,,,,-6.966064066105074,-137.8131716679393,-5.9656980627547185,12.167703775968041,29.689952898386277,-11.168107332972628,3.301624016,1.666240158,258,"105.2",14,"95.8",2255,"6.8",822880,553869,669394,669701,677649,670032,696030,694497,607043,"53.66",0.714,0.739,"0.9",1,1,0,5,3,1,"4-Seam Fastball",0,0,0,0,1,0,1,0,"Standard","Standard",144,"-0.079","0.548","73.2","7.1",,1.006,"-0.548","105.2",0,0,0.481,0.519,27,25,27,25,1,0,7,3,4,1,"0.98","0.83","-0.83","47.3",12.090907281241728,-1.5298642427755598,32.91771601983407,33.56232846673333,31.815270951265777
"SI","2026-07-05","91.7","2.35","5.88","Grissom, Vaughn",687093,624133,"field_out","hit_into_play",,,,,6,"Vaughn Grissom grounds out, third baseman Caleb Durbin to first baseman Willson Contreras.","R","R","L","LAA","BOS","X",5,"ground_ball",2,1,2026,"0.65","0.48",0.5576248690473489,2.6023761455767,687263,,,2,2,"Bot",97.28,153.73,,,,,-5.908838258110411,-133.40064538251573,-3.2415845567665746,9.065856818625557,30.331896035731518,-25.969371877933238,3.301624016,1.666240158,2,"59.7",-51,"91.5",2053,"6.3",824010,665966,575929,678011,702332,691907,680776,678882,677800,"54.19",0.268,0.241,"0",1,0,0,2,20,4,"Sinker",3,2,3,2,2,3,3,2,"Standard","Standard",149,"-0.035","-0.33","72.3","7.1",,0.273,"0.33","88.0",1,1,0.647,0.647,30,25,31,25,2,1,6,2,,3,"2.25","0.65","-0.65","42.7",3.108952916831715,5.9317639123908386,29.8269047706197,41.59240679435965,22.716934065247187
"FF","2026-07-05","91.7","2.43","5.89","Grissom, Vaughn",687093,624133,,"called_strike",,,,,9,,"R","R","L","LAA","BOS","S",,,2,0,2026,"0.2","1",0.7457788984399236,1.899631032429248,687263,,,2,2,"Bot",,,,,,,-4.645477924649948,-133.34861694156137,-6.163594133635621,3.390116863108315,30.213481914159026,-19.070140093243655,3.301624016,1.666240158,,,,"91.5",1990,"6.3",824010,665966,575929,678011,702332,691907,680776,678882,677800,"54.17",,,,,,,,20,3,"4-Seam Fastball",3,2,3,2,2,3,3,2,"Standard","Standard",134,"-0.002","-0.006",,,,,"0.006",,1,1,0.649,0.649,30,25,31,25,2,1,6,2,,3,"1.72","0.2","-0.2","40.5",,,,,
"FC","2026-07-05","87.3","2.41","5.89","Grissom, Vaughn",687093,624133,,"ball",,,,,13,,"R","R","L","LAA","BOS","B",,,1,0,2026,"-0.32","0.59",-0.9565165019480039,1.828663592374518,687263,,,2,2,"Bot",,,,,,,-7.311130765001117,-126.84898841485341,-4.577642842651377,-1.9040961356101953,26.39941377437246,-25.06464561134713,3.301624016,1.666240158,,,,"87.1",2052,"6.3",824010,665966,575929,678011,702332,691907,680776,678882,677800,"54.23",,,,,,,,20,2,"Cutter",3,2,3,2,2,3,3,2,"Standard","Standard",150,"0.002","0.005",,,,,"-0.005",,1,1,0.647,0.647,30,25,31,25,2,1,6,2,,3,"2.42","-0.32","0.32","38.2",,,,,
"CU","2026-07-05","76.2","2.31","5.93","Grissom, Vaughn",687093,624133,,"blocked_ball",,,,,14,,"R","R","L","LAA","BOS","B",,,0,0,2026,"-0.94","-0.93",0.769709631521527,0.664224264431474,687263,,,2,2,"Bot",,,,,,,-1.4636000750435088,-110.9444568849294,-1.9883311158201253,-7.452231628573836,21.173583505060897,-39.7009981522119,3.301624016,1.666240158,,,,"76",2261,"6.3",824010,665966,575929,678011,702332,691907,680776,678882,677800,"54.21",,,,,,,,20,1,"Curveball",3,2,3,2,2,3,3,2,"Standard","Standard",313,"0.001","0.035",,,,,"-0.035",,1,1,0.646,0.646,30,25,31,25,2,1,6,2,,3,"4.88","-0.94","0.94","42.7",,,,,
"SI","2026-07-05","98.4","-1.79","6.37","Grissom, Vaughn",687093,594027,"field_out","hit_into_play",,,,,11,"Vaughn Grissom grounds out, third baseman Caleb Durbin to first baseman Willson Contreras. Denzer Guzman to 2nd.","R","R","R","LAA","BOS","X",5,"ground_ball",1,1,2026,"-1.15","1.2",-0.9111170745677308,2.839279946619129,,,694203,0,5,"Bot",116.22,163.52,,,,,5.156807750019982,-143.12140525370617,-6.8460583699260305,-16.950043559197393,33.449506145067424,-14.290478382622567,3.301624016,1.666240158,4,"73.7",-36,"100.1",2019,"7.3",824010,665966,575929,678011,702332,691907,680776,678882,677800,"53.21",0.066,0.059,"0",1,0,0,2,44,3,"Sinker",3,5,3,5,5,3,3,5,"Standard","Standard",219,"-0.027","-0.34","59.6","5.6",,0.066,"0.34","88.0",-2,-2,0.341,0.341,35,25,35,25,1,2,6,2,4,3,"1.16","1.15","1.15","45.9",-5.475531758919124,22.323686080256234,35.700076003822595,25.683222052693303,18.938120941283575
"CU","2026-07-05","75.1","2.29","5.92","Grissom, Vaughn",687093,624133,"strikeout","swinging_strike",,,,,13,"Vaughn Grissom strikes out swinging.","R","R","L","LAA","BOS","S",2,,3,2,2026,"-1.05","-0.89",-0.11281222388976297,1.157099635669641,687263,,694203,0,1,"Bot",,,,,,,-3.023468613823222,-109.29149367746008,-0.770263769681904,-7.781714277469548,21.24095958048417,-39.36508339869667,3.301624016,1.666240158,,,,"74.9",2243,"6.4",824010,665966,575929,678011,702332,691907,680776,678882,677800,"54.14",,0,"0",1,0,0,,6,6,"Curveball",0,0,0,0,0,0,0,0,"Standard","Standard",310,"-0.057","-0.442","69.5","8.3","5.391234984",,"0.442",,0,0,0.67,0.67,30,25,31,25,1,0,6,2,,3,"4.97","-1.05","1.05","45.8",30.243256725255105,-37.317740065028715,35.312463994041515,35.68737980878312,56.52129592358921
"SI","2026-07-05","99.8","-1.9","6.35","Grissom, Vaughn",687093,594027,,"foul_tip",,,,,8,,"R","R","R","LAA","BOS","S",,,1,0,2026,"-1.37","1.08",-0.2643787087297882,2.006846602265946,,,694203,0,5,"Bot",,,,,,,7.846276765977433,-144.85802267805542,-8.97788181220487,-21.125779325774666,35.45186118206262,-14.983558900351165,3.301624016,1.666240158,,,,"101",2267,"7.2",824010,665966,575929,678011,702332,691907,680776,678882,677800,"53.3",,,,,,,,44,2,"Sinker",3,5,3,5,5,3,3,5,"Standard","Standard",218,"-0.01","-0.057","77.4","7.1",,,"0.057",,-2,-2,0.351,0.351,35,25,35,25,1,2,6,2,4,3,"1.23","1.37","1.37","43.8",4.127020545704207,10.394128190875538,37.189524130537116,33.721811225571614,21.627429785124885
"FC","2026-07-05","88.9","2.42","5.92","Grissom, Vaughn",687093,624133,,"ball",,,,,11,,"R","R","L","LAA","BOS","B",,,2,2,2026,"-0.21","0.68",-0.8931760366815596,3.2805601867611722,687263,,694203,0,1,"Bot",,,,,,,-7.533393051659403,-129.35758847944115,-1.7138189988525778,-0.8896346540723935,25.705965157531296,-24.35386121319435,3.301624016,1.666240158,,,,"88.9",2204,"6.2",824010,665966,575929,678011,702332,691907,680776,678882,677800,"54.32",,,,,,,,6,5,"Cutter",0,0,0,0,0,0,0,0,"Infield shade","Standard",155,"0.014","0.152",,,,,"-0.152",,0,0,0.656,0.656,30,25,31,25,1,0,6,2,,3,"2.19","-0.21","0.21","40.4",,,,,
"SI","2026-07-05","100.4","-1.77","6.34","Grissom, Vaughn",687093,594027,,"ball",,,,,14,,"R","R","R","LAA","BOS","B",,,0,0,2026,"-1.13","1.3",0.8077979491263987,1.2655713054724296,,,694203,0,5,"Bot",,,,,,,9.93239094942197,-145.38791912617202,-11.66639683464572,-18.356974251685916,35.32992816068164,-11.050433076540276,3.301624016,1.666240158,,,,"101.8",2250,"7.4",824010,665966,575929,678011,702332,691907,680776,678882,677800,"53.1",,,,,,,,44,1,"Sinker",3,5,3,5,5,3,3,5,"Standard","Standard",215,"0.008","0.039",,,,,"-0.039",,-2,-2,0.343,0.343,35,25,35,25,1,2,6,2,4,3,"0.99","1.13","1.13","42.6",,,,,
"CU","2026-07-05","75.3","2.19","5.96","Grissom, Vaughn",687093,624133,,"blocked_ball",,,,,13,,"R","R","L","LAA","BOS","B",,,1,2,2026,"-1.1","-0.99",-0.5812989358975584,0.2857301197707347,687263,,694203,0,1,"Bot",,,,,,,-3.679715136356919,-109.48990998619311,-2.447594905478778,-8.024069892772578,21.90428053038285,-39.84231719031772,3.301624016,1.666240158,,,,"74.7",2232,"6.2",824010,665966,575929,678011,702332,691907,680776,678882,677800,"54.29",,,,,,,,6,4,"Curveball",0,0,0,0,0,0,0,0,"Standard","Standard",314,"0.007","0.031",,,,,"-0.031",,0,0,0.649,0.649,30,25,31,25,1,0,6,2,,3,"5.06","-1.1","1.1","46.0",,,,,
"CU","2026-07-05","75","2.31","5.93","Grissom, Vaughn",687093,624133,,"blocked_ball",,,,,13,,"R","R","L","LAA","BOS","B",,,0,2,2026,"-1.25","-0.94",-0.6950764371338238,0.13531745500482462,687263,,694203,0,1,"Bot",,,,,,,-3.878315215712936,-109.1010323461743,-2.7258002748464483,-9.123895485899345,21.944036019982754,-39.30790031532147,3.301624016,1.666240158,,,,"74.7",2261,"6.4",824010,665966,575929,678011,702332,691907,680776,678882,677800,"54.12",,,,,,,,6,3,"Curveball",0,0,0,0,0,0,0,0,"Standard","Standard",314,"0.005","0.018",,,,,"-0.018",,0,0,0.644,0.644,30,25,31,25,1,0,6,2,,3,"5.04","-1.25","1.25","41.9",,,,,
"FC","2026-07-05","88.7","2.39","5.96","Grissom, Vaughn",687093,624133,,"foul",,,,,5,,"R","R","L","LAA","BOS","S",,,0,1,2026,"0.01","0.79",-0.034956208079491555,2.4364375807554115,687263,,694203,0,1,"Bot",,,,,,,-5.840964969100764,-129.14847326480472,-4.031076157779001,1.3220979898885499,26.182106209509637,-22.650972031190346,3.301624016,1.666240158,4,"49.6",-31,"88.4",2147,"6",824010,665966,575929,678011,702332,691907,680776,678882,677800,"54.49",,,,,,,,6,2,"Cutter",0,0,0,0,0,0,0,0,"Infield shade","Standard",150,"-0.012","-0.061","71.1","7.0",,,"0.061","88.0",0,0,0.656,0.656,30,25,31,25,1,0,6,2,,3,"2.09","0.01","-0.01","37.3",4.699416042471261,1.4313186176228865,31.0895834661109,36.123456073232994,32.005081920306075
"FC","2026-07-05","87.4","2.43","5.93","Grissom, Vaughn",687093,624133,,"foul",,,,,1,,"R","R","L","LAA","BOS","S",,,0,0,2026,"-0.16","0.63",-0.5886413862310224,2.8301640867609925,687263,,694203,0,1,"Bot",,,,,,,-6.79651131995731,-127.15408201990809,-2.409908345530807,-0.354426820625048,26.459481162728444,-25.04964748943514,3.301624016,1.666240158,4,"75",-39,"86.8",2170,"6",824010,665966,575929,678011,702332,691907,680776,678882,677800,"54.52",,,,,,,,6,1,"Cutter",0,0,0,0,0,0,0,0,"Standard","Standard",156,"-0.008","-0.038","68.7","7.1",,,"0.038","88.0",0,0,0.664,0.664,30,25,31,25,1,0,6,2,,3,"2.36","-0.16","0.16","39.2",18.529442941944307,-13.565139522320582,29.01914575049134,29.51931685240022,31.249654510640276
"ST","2026-07-05","85.2","-1.11","5.82","Grissom, Vaughn",687093,686580,"field_out","hit_into_play",,,,,14,"Vaughn Grissom grounds out, second baseman Anthony Seigler to first baseman Willson Contreras.","R","R","R","LAA","BOS","X",4,"ground_ball",0,2,2026,"1.61","-0.2",1.5379975742188554,1.7640147167440268,,,,0,8,"Bot",123.98,159.51,,,,,2.864428961677139,-124.03125874632427,-2.528455197484726,15.884578869098375,27.731312399209134,-33.85444840821225,3.301624016,1.666240158,29,"68.8",-1,"85.6",2693,"6.8",824010,665966,575929,678011,702332,691907,680776,678882,677800,"53.73",0.086,0.082,"0",1,0,0,2,68,4,"Sweeper",3,7,3,7,7,3,3,7,"Standard","Standard",58,"-0.01","-0.165","61.9","7.3",,0.102,"0.165","88.0",-4,-4,0.038,0.038,28,25,29,25,1,3,5,2,2,3,"3.36","-1.61","-1.61","43.4",4.699986632850272,10.764121137891806,28.544641067548003,53.06564618660875,28.675370355154925
"FF","2026-07-05","96.9","-0.89","6.17","Grissom, Vaughn",687093,686580,,"foul",,,,,3,,"R","R","R","LAA","BOS","S",,,0,2,2026,"-0.08","1.47",0.5154726033253971,2.8284974691135627,,,,0,8,"Bot",,,,,,,3.90744971242404,-140.9953243998365,-6.5868020163476535,-1.9959409028301691,33.47521731101314,-11.2785797833066,3.301624016,1.666240158,150,"80.7",65,"97.3",2600,"6.6",824010,665966,575929,678011,702332,691907,680776,678882,677800,"53.89",,,,,,,,68,3,"4-Seam Fastball",3,7,3,7,7,3,3,7,"Standard","Standard",197,"0","0","70.0","6.7",,,"0","88.0",-4,-4,0.038,0.038,28,25,29,25,1,3,5,2,2,3,"0.97","0.08","0.08","51.2",8.085564814007151,5.05659203762307,26.41225386351344,41.539583624851375,29.093491922316492
"SI","2026-07-05","97.2","-1.12","5.98","Grissom, Vaughn",687093,686580,,"foul",,,,,7,,"R","R","R","LAA","BOS","S",,,0,1,2026,"-0.66","1.56",-0.41531572182991305,1.8918008605353047,,,,0,8,"Bot",,,,,,,3.4424542546563255,-141.16543354119077,-8.819373459485575,-9.620877335128968,35.19046615354045,-9.517113654884955,3.301624016,1.666240158,174,"64.6",47,"97.6",2283,"6.8",824010,665966,575929,678011,702332,691907,680776,678882,677800,"53.68",,,,,,,,68,2,"Sinker",3,7,3,7,7,3,3,7,"Standard","Standard",228,"-0.004","-0.056","74.9","7.4",,,"0.056","88.0",-4,-4,0.042,0.042,28,25,29,25,1,3,5,2,2,3,"0.88","0.66","0.66","46.4",-3.4695964412087776,2.5590309294736286,47.47510556059544,32.26482357029863,21.459277207068656
"FC","2026-07-05","94.3","-1.03","6.08","Grissom, Vaughn",687093,686580,,"called_strike",,,,,2,,"R","R","R","LAA","BOS","S",,,0,0,2026,"0.21","0.94",-0.02902843962739085,3.354475027682636,,,,0,8,"Bot",,,,,,,2.1114694739995197,-137.3692193736737,-3.377518230241235,2.153303329379144,29.28167898528166,-19.74542332757083,3.301624016,1.666240158,,,,"95.4",2498,"6.8",824010,665966,575929,678011,702332,691907,680776,678882,677800,"53.74",,,,,,,,68,1,"Cutter",3,7,3,7,7,3,3,7,"Standard","Standard",185,"-0.002","-0.043",,,,,"0.043",,-4,-4,0.044,0.044,28,25,29,25,1,3,5,2,2,3,"1.61","-0.21","-0.21","48.5",,,,,
"FF","2026-07-03","92.3","3.28","5.65","Grissom, Vaughn",687093,687562,"strikeout","swinging_strike",,,,,12,"Vaughn Grissom strikes out swinging.","R","R","L","LAA","BOS","S",2,,1,2,2026,"0.94","1.05",0.5055258595020259,3.9914458739829257,,,,2,7,"Bot",,,,,,,-9.207284956970424,-134.09926236811623,-0.5610280726232633,13.288774694018771,28.978602609263547,-19.561170343283205,3.301624016,1.666240158,,,,"93.9",2129,"7.3",824013,665966,575929,663853,702332,655316,680776,678882,681987,"53.19",,0,"0",1,0,0,,57,4,"4-Seam Fastball",0,5,0,5,5,0,0,5,"Standard","Standard",120,"-0.002","-0.177","47.4","5.1","2.336650536",,"0.177",,-5,-5,0.02,0.02,25,25,26,25,3,2,6,3,5,2,"1.63","0.94","-0.94","26.9",-1.6012519380969807,41.2111178614928,20.6231823653615,40.39847141462347,3.0990237065998563
"CH","2026-07-03","82.2","3.02","5.81","Grissom, Vaughn",687093,687562,,"foul",,,,,9,,"R","R","L","LAA","BOS","S",,,1,1,2026,"1.15","0.32",0.6500555366986633,2.1131266388434673,,,,2,7,"Bot",,,,,,,-7.692723010476028,-119.5160940240249,-2.230453915215696,12.520530457268318,24.215063859670195,-28.88532983273566,3.301624016,1.666240158,176,"65.4",41,"83.4",2054,"7.2",824013,665966,575929,663853,702332,655316,680776,678882,681987,"53.27",,,,,,,,57,3,"Changeup",0,5,0,5,5,0,0,5,"Standard","Standard",97,"-0.001","-0.069","65.7","7.8",,,"0.069","88.0",-5,-5,0.021,0.021,25,25,26,25,3,2,6,3,5,2,"3.07","1.15","-1.15","33.5",14.131133675245854,-7.666451646991185,32.81255181812221,43.203394726432194,38.35938563070023
"CU","2026-07-03","78","3.28","5.8","Grissom, Vaughn",687093,687562,,"ball",,,,,14,,"R","R","L","LAA","BOS","B",,,0,1,2026,"-0.64","-1.02",2.0575872746672257,1.7532528721811964,,,,2,7,"Bot",,,,,,,-1.4053858548297928,-113.48495447720373,0.4527682020148869,-5.1537986847002815,23.553805681628628,-41.265855278806015,3.301624016,1.666240158,,,,"78.4",2243,"6.9",824013,665966,575929,663853,702332,655316,680776,678882,681987,"53.6",,,,,,,,57,2,"Curveball",0,5,0,5,5,0,0,5,"Standard","Standard",314,"0","0.031",,,,,"-0.031",,-5,-5,0.021,0.021,25,25,26,25,3,2,6,3,5,2,"4.81","-0.64","0.64","34.6",,,,,
"SI","2026-07-03","92.2","3.16","5.62","Grissom, Vaughn",687093,687562,,"called_strike",,,,,6,,"R","R","L","LAA","BOS","S",,,0,0,2026,"1.45","0.6",0.30700387180890365,2.3532957747123984,,,,2,7,"Bot",,,,,,,-10.541736220336585,-133.82634172313067,-3.560703547182895,19.814598290982815,31.00709971749119,-24.404267719761485,3.301624016,1.666240158,,,,"93.3",2054,"7.2",824013,665966,575929,663853,702332,655316,680776,678882,681987,"53.28",,,,,,,,57,1,"Sinker",0,5,0,5,5,0,0,5,"Standard","Standard",125,"0","-0.044",,,,,"0.044",,-5,-5,0.021,0.021,25,25,26,25,3,2,6,3,5,2,"2.11","1.45","-1.45","31.1",,,,,
"FF","2026-07-03","93.6","3.32","5.58","Grissom, Vaughn",687093,687562,"single","hit_into_play",,,,,6,"Vaughn Grissom singles on a line drive to right fielder Nate Eaton.","R","R","L","LAA","BOS","X",9,"line_drive",0,0,2026,"0.94","1.23",0.5796271393845213,2.5054681155340743,,,,1,5,"Bot",157.5,98.84,,,,,-9.244909951330113,-135.8632616488399,-4.778699035027268,13.796281914801723,32.17114816432439,-16.02157430780237,3.301624016,1.666240158,263,"99.4",15,"94.8",2269,"7.3",824013,665966,575929,663853,702332,655316,680776,678882,681987,"53.19",0.711,0.701,"0.9",1,1,0,4,40,1,"4-Seam Fastball",0,5,0,5,5,0,0,5,"Standard","Standard",117,"0.016","0.419","74.3","7.0",,0.922,"-0.419","99.4",-5,-5,0.061,0.061,25,25,26,25,2,1,6,3,5,2,"1.4","0.94","-0.94","30.7",5.83578543422682,11.648866225885511,33.45525588270231,43.01931005279959,21.523943472341024
"FF","2026-07-03","94.4","3.15","5.71","Grissom, Vaughn",687093,687562,"strikeout","swinging_strike",,,,,3,"Vaughn Grissom strikes out swinging.","R","R","L","LAA","BOS","S",2,,3,2,2026,"1.13","1.06",0.48427855442515444,2.943387384970273,,,,1,2,"Bot",,,,,,,-9.555450190249978,-137.03918166721243,-3.7047882825989533,16.466206707159973,31.999351875868165,-18.20597837601659,3.301624016,1.666240158,,,,"95.4",2193,"7.1",824013,665966,575929,663853,702332,655316,680776,678882,681987,"53.39",,0,"0",1,0,0,,15,6,"4-Seam Fastball",0,1,0,1,1,0,0,1,"Standard","Standard",123,"-0.022","-0.349","75.7","7.4","0.859030596",,"0.349",,-1,-1,0.422,0.422,25,25,26,25,1,0,6,3,5,2,"1.52","1.13","-1.13","29.5",9.466497658747421,-1.9945917318088444,28.646348855613827,41.22618244044716,32.22750657707296
"FF","2026-07-03","93.9","3.17","5.64","Grissom, Vaughn",687093,687562,,"ball",,,,,13,,"R","R","L","LAA","BOS","B",,,2,2,2026,"1.15","0.91",-0.8607051049945338,1.6283303535459865,,,,1,2,"Bot",,,,,,,-13.011195293964414,-135.9955346975818,-6.464722446129822,17.172595278785575,31.154787599389888,-19.53918600128026,3.301624016,1.666240158,,,,"94.7",2148,"7.1",824013,665966,575929,663853,702332,655316,680776,678882,681987,"53.4",,,,,,,,15,5,"4-Seam Fastball",0,1,0,1,1,0,0,1,"Standard","Standard",122,"0.007","0.112",,,,,"-0.112",,-1,-1,0.415,0.415,25,25,26,25,1,0,6,3,5,2,"1.71","1.15","-1.15","29.0",,,,,
"CH","2026-07-03","84.2","3.26","5.8","Grissom, Vaughn",687093,687562,,"ball",,,,,14,,"R","R","L","LAA","BOS","B",,,1,2,2026,"1.05","0.42",0.5085329568781429,0.43204671855930865,,,,1,2,"Bot",,,,,,,-8.557242278914233,-122.2187487136721,-6.6801212025701435,12.2770629655696,25.79330699016168,-26.751929092268803,3.301624016,1.666240158,,,,"85.3",2050,"7.3",824013,665966,575929,663853,702332,655316,680776,678882,681987,"53.23",,,,,,,,15,4,"Changeup",0,1,0,1,1,0,0,1,"Standard","Standard",99,"0.002","0.055",,,,,"-0.055",,-1,-1,0.413,0.413,25,25,26,25,1,0,6,3,5,2,"2.83","1.05","-1.05","31.6",,,,,
"FF","2026-07-03","94.3","3.12","5.7","Grissom, Vaughn",687093,687562,,"ball",,,,,12,,"R","R","L","LAA","BOS","B",,,0,2,2026,"0.84","0.94",0.6506552377869603,4.646153076867699,,,,1,2,"Bot",,,,,,,-8.347181110439287,-137.048235667382,1.0333669383838004,12.51460828620334,32.020591178354366,-20.85327657004484,3.301624016,1.666240158,,,,"95.2",2082,"7",824013,665966,575929,663853,702332,655316,680776,678882,681987,"53.48",,,,,,,,15,3,"4-Seam Fastball",0,1,0,1,1,0,0,1,"Standard","Standard",120,"0.002","0.018",,,,,"-0.018",,-1,-1,0.411,0.411,25,25,26,25,1,0,6,3,5,2,"1.64","0.84","-0.84","30.0",,,,,
"FF","2026-07-03","93.6","3.26","5.72","Grissom, Vaughn",687093,687562,,"foul",,,,,2,,"R","R","L","LAA","BOS","S",,,0,1,2026,"0.9","1.02",-0.028797383824189393,3.212629455883728,,,,1,2,"Bot",,,,,,,-10.5424832597559,-135.96003369355435,-2.8441681931822558,13.452118699988704,29.731213012848762,-19.121460069263676,3.301624016,1.666240158,124,"78.5",9,"94.9",2136,"7.1",824013,665966,575929,663853,702332,655316,680776,678882,681987,"53.38",,,,,,,,15,2,"4-Seam Fastball",0,1,0,1,1,0,0,1,"Standard","Standard",123,"-0.004","-0.057","71.7","5.9",,,"0.057","88.0",-1,-1,0.415,0.415,25,25,26,25,1,0,6,3,5,2,"1.59","0.9","-0.9","30.2",-6.6253675364011055,23.08619424432877,28.949436316715726,35.06625909581426,17.871961138055703
"FF","2026-07-03","94.2","3.25","5.67","Grissom, Vaughn",687093,687562,,"called_strike",,,,,7,,"R","R","L","LAA","BOS","S",,,0,0,2026,"0.93","0.88",-0.29869729738926987,2.062245663941499,,,,1,2,"Bot",,,,,,,-11.359424747737593,-136.66397577830062,-5.46290628824972,14.173794035402908,30.737549011754403,-20.02883425066951,3.301624016,1.666240158,,,,"95.4",2050,"7.2",824013,665966,575929,663853,702332,655316,680776,678882,681987,"53.3",,,,,,,,15,1,"4-Seam Fastball",0,1,0,1,1,0,0,1,"Standard","Standard",116,"-0.003","-0.042",,,,,"0.042",,-1,-1,0.418,0.418,25,25,26,25,1,0,6,3,5,2,"1.71","0.93","-0.93","27.5",,,,,
"FF","2026-07-03","96.1","0.43","6.18","Grissom, Vaughn",687093,547973,"single","hit_into_play",,,,,8,"Vaughn Grissom singles on a line drive to center fielder Ceddanne Rafaela. Jorge Soler to 2nd.","R","R","L","LAA","BOS","X",8,"line_drive",2,1,2026,"0.16","1.61",-0.16823166129513165,1.8734737601335145,,,624585,1,9,"Bot",104.93,66.72,,,,,-1.9611655585042633,-139.69742424927472,-9.360625623984724,2.533609125321342,34.02345897366799,-9.121694912965596,3.301624016,1.666240158,293,"94.9",18,"97.2",2395,"7.2",824013,665966,575929,663853,702332,655316,680776,678882,681987,"53.34",0.469,0.452,"0.9",1,1,0,4,72,4,"4-Seam Fastball",2,5,2,5,5,2,2,5,"Standard","Standard",163,"0.06","0.357","77.5","7.8",,0.626,"-0.357","94.9",-3,-3,0.053,0.053,38,25,38,25,1,3,5,3,2,2,"0.88","0.16","-0.16","52.4",-2.38703611675945,-9.362914136698837,44.61890085195781,34.44044615559647,26.41764091446366
"FF","2026-07-03","96.9","0.39","6.16","Grissom, Vaughn",687093,547973,,"called_strike",,,,,3,,"R","R","L","LAA","BOS","S",,,2,0,2026,"0.09","1.59",0.4128922890891068,2.8700504804463747,,,624585,1,9,"Bot",,,,,,,-0.14163899672026667,-140.97517910268306,-6.814149475634251,1.2167951113645075,35.10456669502337,-9.61111606237517,3.301624016,1.666240158,,,,"98.3",2434,"7.3",824013,665966,575929,663853,702332,655316,680776,678882,681987,"53.17",,,,,,,,72,3,"4-Seam Fastball",2,5,2,5,5,2,2,5,"Standard","Standard",166,"-0.013","-0.051",,,,,"0.051",,-3,-3,0.066,0.066,38,25,38,25,1,3,5,3,2,2,"0.85","0.09","-0.09","52.3",,,,,
"FF","2026-07-03","96.1","0.18","6.29","Grissom, Vaughn",687093,547973,,"ball",,,,,13,,"R","R","L","LAA","BOS","B",,,1,0,2026,"0.34","1.63",-0.8928060212391213,2.226041741909642,,,624585,1,9,"Bot",,,,,,,-3.6239940455909085,-139.67205984293824,-8.761022335946544,5.280674738670847,34.58980094496418,-9.057645753340633,3.301624016,1.666240158,,,,"97.1",2467,"7.1",824013,665966,575929,663853,702332,655316,680776,678882,681987,"53.38",,,,,,,,72,2,"4-Seam Fastball",2,5,2,5,5,2,2,5,"Standard","Standard",163,"0.013","0.07",,,,,"-0.07",,-3,-3,0.053,0.053,38,25,38,25,1,3,5,3,2,2,"0.87","0.34","-0.34","53.0",,,,,
"SL","2026-07-03","85.3","0.08","6.44","Grissom, Vaughn",687093,547973,,"ball",,,,,13,,"R","R","L","LAA","BOS","B",,,0,0,2026,"-0.58","0.94",-1.3435076716304386,2.381759847149187,,,624585,1,9,"Bot",,,,,,,-2.153463953232573,-124.1303118897589,-4.955880593850779,-5.520311559946235,26.81463510998893,-21.64951121241985,3.301624016,1.666240158,,,,"86.4",2372,"7.2",824013,665966,575929,663853,702332,655316,680776,678882,681987,"53.33",,,,,,,,72,1,"Slider",2,5,2,5,5,2,2,5,"Standard","Standard",270,"0.007","0.033",,,,,"-0.033",,-3,-3,0.046,0.046,38,25,38,25,1,3,5,3,2,2,"2.21","-0.58","0.58","59.3",,,,,
"SI","2026-06-30","95.8","-1.85","4.93","Grissom, Vaughn",687093,693433,"field_out","hit_into_play",,,,,9,"Vaughn Grissom grounds out, second baseman Cole Young to first baseman Josh Naylor.","R","R","R","SEA","LAA","X",4,"ground_ball",3,2,2026,"-1.35","0.34",0.42288750550880794,1.7624965331255091,,,,0,6,"Top",135.62,144.14,,,,,9.016835422665443,-139.20624338387543,-3.3218600753186394,-19.56533731658119,31.680162364187584,-27.126373679869552,3.301624016,1.666240158,6,"91.3",-16,"95.8",2298,"6.4",823122,663728,647304,702284,641487,806068,645302,677594,642215,"54.13",0.101,0.099,"0",1,0,0,2,39,6,"Sinker",0,0,0,0,0,0,0,0,"Standard","Standard",231,"0.042","-0.35","65.2","7.2",,0.117,"0.35","91.3",0,0,0.492,0.508,26,25,26,25,3,2,6,2,7,3,"2.15","1.35","1.35","17.5",-6.6581500827139415,20.241807262959206,36.80162969494529,41.766433733624666,17.137133998911448
"FF","2026-06-30","95.3","-1.78","4.99","Grissom, Vaughn",687093,693433,,"ball",,,,,11,,"R","R","R","SEA","LAA","B",,,2,2,2026,"-0.78","1.2",-0.5987639485706266,4.547885137966378,,,,0,6,"Top",,,,,,,4.836293414628524,-138.72476565232657,1.8813113792651406,-11.154369933666244,32.28700527925717,-17.44944652656834,3.301624016,1.666240158,,,,"95.2",2287,"6.3",823122,663728,647304,702284,641487,806068,645302,677594,642215,"54.19",,,,,,,,39,5,"4-Seam Fastball",0,0,0,0,0,0,0,0,"Standard","Standard",231,"-0.013","0.115",,,,,"-0.115",,0,0,0.505,0.495,26,25,26,25,3,2,6,2,7,3,"1.32","0.78","0.78","20.7",,,,,
"FF","2026-06-30","97","-1.79","5.03","Grissom, Vaughn",687093,693433,,"called_strike",,,,,6,,"R","R","R","SEA","LAA","S",,,2,1,2026,"-0.91","1.17",0.2963744241077013,2.3505008700190295,,,,0,6,"Top",,,,,,,7.619574810936676,-140.9530866346099,-4.113442332253494,-13.913187129158006,33.08543140201535,-15.854304450864246,3.301624016,1.666240158,,,,"96.8",2414,"6.4",823122,663728,647304,702284,641487,806068,645302,677594,642215,"54.15",,,,,,,,39,4,"4-Seam Fastball",0,0,0,0,0,0,0,0,"Standard","Standard",236,"0.01","-0.08",,,,,"0.08",,0,0,0.495,0.505,26,25,26,25,3,2,6,2,7,3,"1.27","0.91","0.91","20.4",,,,,
"SI","2026-06-30","95.8","-1.84","4.96","Grissom, Vaughn",687093,693433,,"called_strike",,,,,5,,"R","R","R","SEA","LAA","S",,,2,0,2026,"-1.39","0.14",-0.13474550909897287,2.5829928557688486,,,,0,6,"Top",,,,,,,7.654230129055635,-139.30581489842783,-0.8307630319973102,-19.806863327237075,30.499260147019445,-30.33808879836768,3.301624016,1.666240158,,,,"96",2288,"6.4",823122,663728,647304,702284,641487,806068,645302,677594,642215,"54.09",,,,,,,,39,3,"Sinker",0,0,0,0,0,0,0,0,"Standard","Standard",229,"0.011","-0.077",,,,,"0.077",,0,0,0.484,0.516,26,25,26,25,3,2,6,2,7,3,"2.34","1.39","1.39","23.8",,,,,
"SI","2026-06-30","94.3","-1.6","5.04","Grissom, Vaughn",687093,693433,,"ball",,,,,6,,"R","R","R","SEA","LAA","B",,,1,0,2026,"-1.25","0.2",0.8160495445273475,2.6688099216294194,,,,0,6,"Top",,,,,,,9.047930419055954,-137.1261248937545,-0.7273537712976628,-17.743363980712722,29.356603304713552,-29.748408007535122,3.301624016,1.666240158,,,,"94.7",2295,"6.5",823122,663728,647304,702284,641487,806068,645302,677594,642215,"54.02",,,,,,,,39,2,"Sinker",0,0,0,0,0,0,0,0,"Standard","Standard",222,"-0.011","0.084",,,,,"-0.084",,0,0,0.495,0.505,26,25,26,25,3,2,6,2,7,3,"2.36","1.25","1.25","25.7",,,,,
"SL","2026-06-30","85.8","-1.73","5.08","Grissom, Vaughn",687093,693433,,"ball",,,,,11,,"R","R","R","SEA","LAA","B",,,0,0,2026,"0.25","0.02",-0.20212532048654744,3.4683874783556172,,,,0,6,"Top",,,,,,,3.0559943292577616,-124.88182210058807,2.560327123420776,2.0389039699099594,24.874924980204934,-32.65938918924104,3.301624016,1.666240158,,,,"86",2109,"6.4",823122,663728,647304,702284,641487,806068,645302,677594,642215,"54.1",,,,,,,,39,1,"Slider",0,0,0,0,0,0,0,0,"Standard","Standard",127,"-0.005","0.044",,,,,"-0.044",,0,0,0.5,0.5,26,25,26,25,3,2,6,2,7,3,"3.07","-0.25","-0.25","22.8",,,,,
"ST","2026-06-30","83.8","-1.73","4.99","Grissom, Vaughn",687093,693433,"strikeout","swinging_strike",,,,,14,"Vaughn Grissom strikes out swinging.","R","R","R","SEA","LAA","S",2,,2,2,2026,"0.71","0.21",0.5359679371179101,1.5217704570032504,,,,2,3,"Top",,,,,,,3.7489196993627725,-122.04546570736657,-1.8268997675386218,6.349626027158739,23.725027744715533,-29.93791418389146,3.301624016,1.666240158,,,,"84",2495,"6.3",823122,663728,647304,702284,641487,806068,645302,677594,642215,"54.16",,0,"0",1,0,0,,20,6,"Sweeper",0,0,0,0,0,0,0,0,"Standard","Standard",70,"0.01","-0.221","76.0","8.3","2.67341184",,"0.221",,0,0,0.545,0.45499999999999996,26,25,26,25,2,1,6,2,7,3,"3.03","-0.71","-0.71","23.7",21.472337573050858,-19.959349345901703,36.98186864053773,42.414416121518,41.966020140735814
"FF","2026-06-30","96.3","-1.71","5.09","Grissom, Vaughn",687093,693433,,"foul",,,,,3,,"R","R","R","SEA","LAA","S",,,2,2,2026,"-0.88","1.44",0.28120159933941224,3.119120473925392,,,,2,3,"Top",,,,,,,7.290401619542751,-140.06930120727884,-2.797579868857213,-13.328095708552578,33.01341931757362,-12.768552382853628,3.301624016,1.666240158,,,,"96.4",2497,"6.5",823122,663728,647304,702284,641487,806068,645302,677594,642215,"54.01",,,,,,,,20,5,"4-Seam Fastball",0,0,0,0,0,0,0,0,"Standard","Standard",227,"0","0","69.3","6.0",,,"0",,0,0,0.545,0.45499999999999996,26,25,26,25,2,1,6,2,7,3,"1.02","0.88","0.88","24.5",-11.248537784930662,26.464692056019178,29.87525722500783,41.07020621015188,10.729089040724777
"FF","2026-06-30","96.1","-1.73","5.16","Grissom, Vaughn",687093,693433,,"ball",,,,,11,,"R","R","R","SEA","LAA","B",,,1,2,2026,"-0.94","1.34",-1.0256276286459252,3.708869738500199,,,,2,3,"Top",,,,,,,4.024858408275335,-140.0308178031381,-1.2574407938301044,-13.25298452087247,30.125091000787016,-14.36116790525623,3.301624016,1.666240158,,,,"96.8",2417,"6.5",823122,663728,647304,702284,641487,806068,645302,677594,642215,"53.97",,,,,,,,20,4,"4-Seam Fastball",0,0,0,0,0,0,0,0,"Standard","Standard",222,"-0.002","0.044",,,,,"-0.044",,0,0,0.547,0.45299999999999996,26,25,26,25,2,1,6,2,7,3,"1.11","0.94","0.94","27.9",,,,,
"ST","2026-06-30","85.2","-1.64","5","Grissom, Vaughn",687093,693433,,"ball",,,,,14,,"R","R","R","SEA","LAA","B",,,0,2,2026,"0.99","0.58",1.4411212841410261,1.7040266605611487,,,,2,3,"Top",,,,,,,5.1294926417436075,-124.02813111740873,-2.396608597620351,9.115919077644369,26.203541022784037,-25.90410736955227,3.301624016,1.666240158,,,,"85.3",2500,"6.5",823122,663728,647304,702284,641487,806068,645302,677594,642215,"54.01",,,,,,,,20,3,"Sweeper",0,0,0,0,0,0,0,0,"Standard","Standard",63,"-0.001","0.025",,,,,"-0.025",,0,0,0.548,0.45199999999999996,26,25,26,25,2,1,6,2,7,3,"2.57","-0.99","-0.99","22.9",,,,,
"SL","2026-06-30","87.2","-1.74","5.02","Grissom, Vaughn",687093,693433,,"foul",,,,,13,,"R","R","R","SEA","LAA","S",,,0,1,2026,"0.2","-0.02",-0.14566218170842288,1.4277056215280326,,,,2,3,"Top",,,,,,,3.3811320509577567,-127.10419261463493,-2.307813704723919,1.5647637814783517,22.87976190749831,-32.16722200018712,3.301624016,1.666240158,2,"93.5",-36,"88.1",2145,"6.5",823122,663728,647304,702284,641487,806068,645302,677594,642215,"53.98",,,,,,,,20,2,"Slider",0,0,0,0,0,0,0,0,"Standard","Standard",112,"0.003","-0.063","71.7","7.7",,,"0.063","93.5",0,0,0.545,0.45499999999999996,26,25,26,25,2,1,6,2,7,3,"2.98","-0.2","-0.2","23.1",10.442068104638217,-1.536011733344159,40.32887581625774,34.68941428580332,30.38382300083252
"SI","2026-06-30","95.6","-1.64","5.09","Grissom, Vaughn",687093,693433,,"swinging_strike",,,,,13,,"R","R","R","SEA","LAA","S",,,0,0,2026,"-1.55","0.35",-1.1123970396236715,1.9057107971694243,,,,2,3,"Top",,,,,,,4.930629500949309,-139.2474264800901,-3.405724133442374,-21.30519553052085,29.75063574767311,-27.1286820123958,3.301624016,1.666240158,,,,"96",2186,"6.4",823122,663728,647304,702284,641487,806068,645302,677594,642215,"54.12",,,,,,,,20,1,"Sinker",0,0,0,0,0,0,0,0,"Standard","Standard",228,"0.002","-0.044","73.0","6.9","2.598164052",,"0.044",,0,0,0.543,0.45699999999999996,26,25,26,25,2,1,6,2,7,3,"2.13","1.55","1.55","25.4",4.413566392656392,-2.554294309520005,37.84665395639154,24.144164783244634,27.390619980844257
"SI","2026-06-30","96.5","-1.52","5.81","Grissom, Vaughn",687093,660825,"force_out","hit_into_play",,,,,2,"Vaughn Grissom flies into a force out, right fielder Weston Wilson to shortstop Colt Emerson. Zach Neto out at 2nd. Vaughn Grissom to 1st.","R","R","R","SEA","LAA","X",9,"fly_ball",0,0,2026,"-1.5","0.93",0.04407464476354517,3.2151952845184915,,622268,687263,1,7,"Top",180.43,125.37,,,,,7.519300452469263,-140.34095921761482,-3.2989895788062764,-21.510426817728494,30.541626360805665,-19.304406349384536,3.301624016,1.666240158,229,"73.1",32,"96.1",2174,"6",823122,663728,647304,702284,641487,806068,645302,677594,642215,"54.5",0.457,0.429,"0",1,0,0,3,57,1,"Sinker",5,3,3,5,3,5,3,5,"Standard","Standard",221,"0.076","-0.244","66.9","6.6",,0.519,"0.244","88.0",2,-2,0.744,0.256,30,25,31,25,1,3,2,2,2,3,"1.51","1.5","1.5","45.4",5.116379303938912,18.923646759582212,23.935375740142124,37.72712490777704,24.515135555810737
"FF","2026-06-30","96.9","-1.67","5.14","Grissom, Vaughn",687093,693433,"strikeout","swinging_strike",,,,,2,"Vaughn Grissom strikes out swinging.","R","R","R","SEA","LAA","S",2,,1,2,2026,"-0.87","1.31",-0.026323590730933488,3.1235294480174116,,,,1,1,"Top",,,,,,,6.377809432971395,-141.12774466684084,-2.7912643278036406,-12.986569999582857,30.048000385035735,-14.148431134501733,3.301624016,1.666240158,,,,"97.6",2527,"6.5",823122,663728,647304,702284,641487,806068,645302,677594,642215,"53.99",,0,"0",1,0,0,,2,5,"4-Seam Fastball",0,0,0,0,0,0,0,0,"Standard","Standard",223,"0.011","-0.183","72.5","6.1","0.12974532",,"0.183",,0,0,0.527,0.473,26,25,26,25,1,0,6,2,7,3,"1.1","0.87","0.87","26.8",-4.176661868401936,16.893298458172783,29.728214191352997,35.337802579839064,20.253476553208355
"FF","2026-06-30","96.2","-1.67","5.19","Grissom, Vaughn",687093,693433,,"ball",,,,,11,,"R","R","R","SEA","LAA","B",,,0,2,2026,"-0.69","1.31",-1.06012218665238,4.223741172024644,,,,1,1,"Top",,,,,,,3.201160726658287,-140.16413651340528,0.08559553656773516,-9.796239506056805,30.844050292568703,-15.032592875646747,3.301624016,1.666240158,,,,"96.7",2027,"6.4",823122,663728,647304,702284,641487,806068,645302,677594,642215,"54.05",,,,,,,,2,4,"4-Seam Fastball",0,0,0,0,0,0,0,0,"Standard","Standard",228,"-0.001","0.018",,,,,"-0.018",,0,0,0.528,0.472,26,25,26,25,1,0,6,2,7,3,"1.14","0.69","0.69","25.0",,,,,
"ST","2026-06-30","87","-1.62","4.91","Grissom, Vaughn",687093,693433,,"foul",,,,,9,,"R","R","R","SEA","LAA","S",,,0,2,2026,"0.53","0.48",0.35644075412061205,2.1147912519058414,,,,1,1,"Top",,,,,,,3.59258367231766,-126.84352783417036,-1.413186105257076,5.12351510001417,23.65745945458653,-26.886837988011138,3.301624016,1.666240158,181,"81.3",62,"87.9",2494,"6.6",823122,663728,647304,702284,641487,806068,645302,677594,642215,"53.94",,,,,,,,2,3,"Sweeper",0,0,0,0,0,0,0,0,"Standard","Standard",68,"0","0","72.7","7.3",,,"0","88.0",0,0,0.528,0.472,26,25,26,25,1,0,6,2,7,3,"2.5","-0.53","-0.53","23.1",5.122201515328587,-2.900474625023102,39.18738462996004,39.730736675137805,34.50742192317006
"SI","2026-06-30","96.7","-1.61","5.01","Grissom, Vaughn",687093,693433,,"foul",,,,,7,,"R","R","R","SEA","LAA","S",,,0,1,2026,"-1.37","0.4",-0.7584571693593256,1.591480872257433,,,,1,1,"Top",,,,,,,5.449056148415101,-140.77358965927695,-4.342170292677041,-19.510178680180662,29.201523819223446,-26.05157689730644,3.301624016,1.666240158,2,"76.4",-35,"97.4",2284,"6.4",823122,663728,647304,702284,641487,806068,645302,677594,642215,"54.06",,,,,,,,2,2,"Sinker",0,0,0,0,0,0,0,0,"Standard","Standard",225,"0.004","-0.057","74.2","6.6",,,"0.057","88.0",0,0,0.524,0.476,26,25,26,25,1,0,6,2,7,3,"2.01","1.37","1.37","24.2",-12.264174562288,15.736759257965353,43.88496272327728,28.817665864421954,16.55414990723887
"FF","2026-06-30","97.2","-1.72","5.1","Grissom, Vaughn",687093,693433,,"called_strike",,,,,7,,"R","R","R","SEA","LAA","S",,,0,0,2026,"-0.92","1.21",-0.44512890417207474,1.6988178828386116,,,,1,1,"Top",,,,,,,5.5310114551017175,-141.39348865738867,-6.248233679368842,-13.597767679448888,29.56707400548077,-14.704329982216349,3.301624016,1.666240158,,,,"98",2226,"6.6",823122,663728,647304,702284,641487,806068,645302,677594,642215,"53.94",,,,,,,,2,1,"4-Seam Fastball",0,0,0,0,0,0,0,0,"Standard","Standard",228,"0.002","-0.042",,,,,"0.042",,0,0,0.522,0.478,26,25,26,25,1,0,6,2,7,3,"1.19","0.92","0.92","22.8",,,,,
"SI","2026-06-28","91.2","-0.16","6.23","Grissom, Vaughn",687093,650644,"field_out","hit_into_play",,,,,1,"Vaughn Grissom flies out to center fielder Henry Bolte.","R","R","R","LAA","ATH","X",8,"fly_ball",1,2,2026,"-1.07","1.2",-0.2991466303132946,2.8610195057576924,,,694384,1,3,"Bot",94.44,54.46,,,,,1.9586010705279873,-132.7664437293572,-4.942960994580307,-13.032970051749814,28.52487452643259,-17.10354460744394,3.301624016,1.666240158,366,"90.4",30,"90.2",2143,"5.6",824011,669127,608841,643446,691777,675961,687515,703607,671732,"54.87",0.069,0.094,"0",1,0,0,3,27,4,"Sinker",4,0,4,0,0,4,4,0,"Standard","Standard",210,"-0.007","-0.18","72.7","6.7",,0.155,"0.18","90.4",4,4,0.892,0.892,31,25,31,25,2,1,5,2,6,2,"1.54","1.07","1.07","48.3",6.1074313530360635,1.107597377148077,27.47210962356368,32.84070349161222,26.790581239750622
"FC","2026-06-28","86.9","0.1","6.4","Grissom, Vaughn",687093,650644,,"blocked_ball",,,,,14,,"R","R","R","LAA","ATH","B",,,0,2,2026,"0.29","0.7",1.3289317349742813,0.49176604906488874,,,694384,1,3,"Bot",,,,,,,2.277756855823571,-126.32130060400613,-9.012571124145577,2.6197727439440075,27.168824198272947,-22.972916392086567,3.301624016,1.666240158,,,,"85.9",2706,"5.8",824011,669127,608841,643446,691777,675961,687515,703607,671732,"54.7",,,,,,,,27,3,"Cutter",4,0,4,0,0,4,4,0,"Standard","Standard",158,"0.001","0.014",,,,,"-0.014",,4,4,0.891,0.891,31,25,31,25,2,1,5,2,6,2,"2.34","-0.29","-0.29","46.2",,,,,
"FC","2026-06-28","88","-0.03","6.41","Grissom, Vaughn",687093,650644,,"foul",,,,,9,,"R","R","R","LAA","ATH","S",,,0,1,2026,"0.44","1.06",0.6864884733866738,2.0427001283954334,,,694384,1,3,"Bot",,,,,,,0.7771240776919485,-128.09308303551728,-6.37162961497958,4.654300329114423,28.163761376731813,-19.43604196834583,3.301624016,1.666240158,212,"70.4",32,"86.9",2464,"5.7",824011,669127,608841,643446,691777,675961,687515,703607,671732,"54.81",,,,,,,,27,2,"Cutter",4,0,4,0,0,4,4,0,"Standard","Standard",174,"-0.003","-0.054","72.6","7.8",,,"0.054","88.0",4,4,0.894,0.894,31,25,31,25,2,1,5,2,6,2,"1.9","-0.44","-0.44","53.1",9.870584063754968,-6.221873181955785,37.35978638363672,43.905759504899756,33.21886910503909
"FC","2026-06-28","88","0","6.41","Grissom, Vaughn",687093,650644,,"swinging_strike",,,,,2,,"R","R","R","LAA","ATH","S",,,0,0,2026,"0.3","1.21",0.24553849806767278,3.194660984876149,,,694384,1,3,"Bot",,,,,,,-0.031800250549418416,-128.19755399742328,-3.998910906843746,3.265587899031573,27.870329657042248,-18.20257761295706,3.301624016,1.666240158,,,,"87",2439,"5.7",824011,669127,608841,643446,691777,675961,687515,703607,671732,"54.81",,,,,,,,27,1,"Cutter",4,0,4,0,0,4,4,0,"Standard","Standard",179,"-0.001","-0.041","76.0","8.3","4.2776595",,"0.041",,4,4,0.895,0.895,31,25,31,25,2,1,5,2,6,2,"1.74","-0.3","-0.3","45.2",28.19404816154712,-42.091259376858076,23.510631205376377,37.95908165930542,55.598301121605786
"SL","2026-06-28","83.9","-0.08","6.33","Grissom, Vaughn",687093,650644,"single","hit_into_play",,,,,6,"Vaughn Grissom singles on a line drive to center fielder Henry Bolte.","R","R","R","LAA","ATH","X",8,"line_drive",2,2,2026,"0.69","-0.33",0.3996240661120802,2.261836425535523,,,,1,2,"Bot",109.36,87.99,,,,,-0.29252063207933976,-122.20205096928666,-2.1086333663942542,6.990422052551227,24.689482462563515,-35.22886672599034,3.301624016,1.666240158,211,"93.9",14,"82.8",2871,"5.6",824011,669127,608841,643446,691777,675961,687515,703607,671732,"54.92",0.98,0.931,"0.9",1,1,0,4,14,7,"Slider",0,0,0,0,0,0,0,0,"Standard","Standard",78,"0.029","0.445","74.3","7.2",,1.153,"-0.445","93.9",0,0,0.525,0.525,31,25,31,25,1,0,5,2,6,2,"3.56","-0.69","-0.69","44.4",1.9170062228052172,6.477827111183456,33.17788979011648,39.92049052039421,27.083537389234504
"FF","2026-06-28","92.4","-0.02","6.37","Grissom, Vaughn",687093,650644,,"ball",,,,,11,,"R","R","R","LAA","ATH","B",,,1,2,2026,"-0.38","1.46",-0.5239275415495407,4.269091956863814,,,,1,2,"Bot",,,,,,,-0.41045528823256683,-134.5057372559651,-2.536514340384168,-4.496209964990818,30.824825825333335,-14.203197582045444,3.301624016,1.666240158,,,,"91.1",2430,"5.6",824011,669127,608841,643446,691777,675961,687515,703607,671732,"54.88",,,,,,,,14,6,"4-Seam Fastball",0,0,0,0,0,0,0,0,"Standard","Standard",203,"0.002","0.055",,,,,"-0.055",,0,0,0.523,0.523,31,25,31,25,1,0,5,2,6,2,"1.22","0.38","0.38","45.4",,,,,
"CU","2026-06-28","77.2","0.05","6.51","Grissom, Vaughn",687093,650644,,"foul",,,,,14,,"R","R","R","LAA","ATH","S",,,1,2,2026,"0.93","-1.37",0.2936912821531622,0.9137433821578815,,,,1,2,"Bot",,,,,,,-1.1894869745790557,-112.24608756522674,-1.9140175398129635,7.959665283863365,25.55807329959284,-43.39652467599022,3.301624016,1.666240158,4,"97.8",-15,"75.2",3129,"5.5",824011,669127,608841,643446,691777,675961,687515,703607,671732,"55.03",,,,,,,,14,5,"Curveball",0,0,0,0,0,0,0,0,"Standard","Standard",31,"0","0","75.0","8.2",,,"0","97.8",0,0,0.523,0.523,31,25,31,25,1,0,5,2,6,2,"5.29","-0.93","-0.93","47.6",17.331204738654595,-14.075893963380135,40.20501604962706,37.764517943186476,37.71534332979652
"FC","2026-06-28","88.5","-0.04","6.39","Grissom, Vaughn",687093,650644,,"foul",,,,,11,,"R","R","R","LAA","ATH","S",,,1,2,2026,"0.61","1.06",-0.2451307235595238,3.545466561543834,,,,1,2,"Bot",,,,,,,-1.7809967878195763,-128.91559296163808,-2.8791347530987887,7.202824685456614,27.72289528175279,-20.006048187038395,3.301624016,1.666240158,195,"71",43,"87.4",2697,"5.6",824011,669127,608841,643446,691777,675961,687515,703607,671732,"54.89",,,,,,,,14,4,"Cutter",0,0,0,0,0,0,0,0,"Standard","Standard",167,"0","0","68.1","6.4",,,"0","88.0",0,0,0.523,0.523,31,25,31,25,1,0,5,2,6,2,"1.85","-0.61","-0.61","45.4",9.42260489236301,-0.7903288837342568,26.119734274680674,31.317439972217677,23.150916952810388
"SI","2026-06-28","92.3","-0.17","6.2","Grissom, Vaughn",687093,650644,,"foul",,,,,14,,"R","R","R","LAA","ATH","S",,,1,1,2026,"-0.95","0.96",0.9934498649878786,2.3513829966904676,,,,1,2,"Bot",,,,,,,4.957558257713539,-134.14177498401745,-5.757379709313035,-12.522111549913962,31.313032263617703,-19.458713083000063,3.301624016,1.666240158,233,"78.7",40,"90.9",2304,"5.7",824011,669127,608841,643446,691777,675961,687515,703607,671732,"54.79",,,,,,,,14,3,"Sinker",0,0,0,0,0,0,0,0,"Standard","Standard",204,"-0.004","-0.074","69.4","6.6",,,"0.074","88.0",0,0,0.527,0.527,31,25,31,25,1,0,5,2,6,2,"1.73","0.95","0.95","40.1",-3.897622595999355,23.496279848396426,33.22561792092127,47.60992069435147,15.798554270526928
"CU","2026-06-28","78.7","0","6.49","Grissom, Vaughn",687093,650644,,"swinging_strike",,,,,14,,"R","R","R","LAA","ATH","S",,,1,0,2026,"0.75","-1.35",0.5351803251350056,1.2853096496498413,,,,1,2,"Bot",,,,,,,-0.25966998461507457,-114.48506821826162,-1.5131512908104319,6.544789491955612,25.476655264998534,-43.75767875604227,3.301624016,1.666240158,,,,"77",3076,"5.5",824011,669127,608841,643446,691777,675961,687515,703607,671732,"54.96",,,,,,,,14,2,"Curveball",0,0,0,0,0,0,0,0,"Standard","Standard",44,"-0.004","-0.05","68.9","8.3","4.80211038",,"0.05",,0,0,0.531,0.531,31,25,31,25,1,0,5,2,6,2,"5.09","-0.75","-0.75","50.5",22.72098078234007,-38.12264649942379,28.213463025631718,39.85771087355569,54.33716472999292
"SL","2026-06-28","83.5","-0.09","6.33","Grissom, Vaughn",687093,650644,,"ball",,,,,14,,"R","R","R","LAA","ATH","B",,,0,0,2026,"0.79","-0.29",0.9597382970758965,0.6286002228722292,,,,1,2,"Bot",,,,,,,0.783938416254595,-121.46895826631525,-5.667244510566619,7.607163307932488,27.15488057575976,-33.98716570138601,3.301624016,1.666240158,,,,"82.1",2821,"5.7",824011,669127,608841,643446,691777,675961,687515,703607,671732,"54.8",,,,,,,,14,1,"Slider",0,0,0,0,0,0,0,0,"Standard","Standard",92,"0.003","0.043",,,,,"-0.043",,0,0,0.528,0.528,31,25,31,25,1,0,5,2,6,2,"3.6","-0.79","-0.79","44.4",,,,,
"FF","2026-06-28","99.3","-2.31","5.64","Grissom, Vaughn",687093,665660,"strikeout","swinging_strike",,,,,6,"Vaughn Grissom strikes out swinging.","R","R","R","LAA","ATH","S",2,,1,2,2026,"-1.15","1.16",0.7330810616272903,2.774491052111468,,,,0,6,"Bot",,,,,,,10.746806324023195,-144.04341840875495,-4.813429912998906,-18.66094173902116,38.39521889027404,-15.074403674193608,3.301624016,1.666240158,,,,"97",2341,"5.5",824011,669127,608841,643446,691777,675961,687515,703607,671732,"55.03",,0,"0",1,0,0,,47,4,"4-Seam Fastball",4,1,4,1,1,4,4,1,"Standard","Standard",232,"-0.005","-0.188","68.7","6.8","0.883264668",,"0.188",,3,3,0.909,0.909,27,25,27,25,1,2,2,2,2,2,"1.19","1.15","1.15","15.6",-4.896181504030232,16.737096910135193,33.475877300784745,44.994438676923735,10.545496503280873
"SI","2026-06-28","98.1","-2.58","5.5","Grissom, Vaughn",687093,665660,,"swinging_strike",,,,,11,,"R","R","R","LAA","ATH","S",,,1,1,2026,"-1.57","0.72",-1.2517906258351548,3.0136660625749903,,,,0,6,"Bot",,,,,,,7.135042329903513,-142.57657354005244,-2.6799669718154715,-23.000003120535176,35.13733054400567,-21.963338570555862,3.301624016,1.666240158,,,,"96.6",2499,"5.6",824011,669127,608841,643446,691777,675961,687515,703607,671732,"54.86",,,,,,,,47,3,"Sinker",4,1,4,1,1,4,4,1,"Standard","Standard",228,"-0.002","-0.062","57.5","6.0","0.882065724",,"0.062",,3,3,0.911,0.911,27,25,27,25,1,2,2,2,2,2,"1.67","1.57","1.57","15.1",-2.4779646846752956,10.261885205602205,30.117820551581435,22.860840180614613,18.590022666454193
"FF","2026-06-28","97.9","-2.3","5.75","Grissom, Vaughn",687093,665660,,"foul",,,,,6,,"R","R","R","LAA","ATH","S",,,1,0,2026,"-1.05","1.12",0.3061100071789231,2.716857747997797,,,,0,6,"Bot",,,,,,,9.319276265098756,-142.1541678488918,-5.049953329048513,-16.48224611905888,34.00909865025221,-15.951492928729976,3.301624016,1.666240158,195,"83.7",61,"96.8",2378,"5.9",824011,669127,608841,643446,691777,675961,687515,703607,671732,"54.59",,,,,,,,47,2,"4-Seam Fastball",4,1,4,1,1,4,4,1,"Standard","Standard",228,"-0.001","-0.058","73.1","7.5",,,"0.058","88.0",3,3,0.912,0.912,27,25,27,25,1,2,2,2,2,2,"1.27","1.05","1.05","21.3",7.670383043956734,5.845485748773874,30.643773836925405,40.91947664675704,26.88829098078255
"SL","2026-06-28","86.4","-2.85","5.53","Grissom, Vaughn",687093,665660,,"ball",,,,,11,,"R","R","R","LAA","ATH","B",,,0,0,2026,"-0.01","0.16",-1.6705165378297429,3.0408536194144347,,,,0,6,"Bot",,,,,,,2.7532099150159985,-125.7699491654577,0.18896095634386567,-0.6733055503720924,27.751254922285515,-30.79018436585868,3.301624016,1.666240158,,,,"85",1978,"5.6",824011,669127,608841,643446,691777,675961,687515,703607,671732,"54.93",,,,,,,,47,1,"Slider",4,1,4,1,1,4,4,1,"Standard","Standard",46,"0.001","0.044",,,,,"-0.044",,3,3,0.911,0.911,27,25,27,25,1,2,2,2,2,2,"2.92","0.01","0.01","18.5",,,,,
"FF","2026-06-26","94.6","2.19","6.01","Grissom, Vaughn",687093,663687,"walk","ball",,,,,14,"Vaughn Grissom walks.","R","R","L","LAA","ATH","B",,,3,2,2026,"1.23","1.21",0.5048990524727381,0.9160597907161638,624585,685133,,1,8,"Bot",,,,,,,-7.161302372817619,-137.29482963994988,-10.074206937831581,17.173525220641288,32.04523260347856,-14.73033964903583,3.301624016,1.666240158,,,,"94.9",2271,"6.7",824014,669127,701762,643446,691777,675961,691016,703607,671732,"53.76",,0.698079,"0.7",1,0,0,,70,7,"4-Seam Fastball",3,9,3,9,9,3,3,9,"Standard","Standard",147,"0.011","0.183",,,,,"-0.183",,-6,-6,0.028,0.028,29,25,30,25,1,0,2,2,5,2,"1.36","1.23","-1.23","54.7",,,,,
"FF","2026-06-26","94.6","2.09","6.11","Grissom, Vaughn",687093,663687,,"foul",,,,,11,,"R","R","L","LAA","ATH","S",,,3,2,2026,"0.58","1.56",-0.28343317651052324,3.5141350881252986,624585,685133,,1,8,"Bot",,,,,,,-7.4382212786450115,-137.6281051147615,-4.457864864262272,8.966901495977279,30.574501441694608,-11.579029235762082,3.301624016,1.666240158,188,"63.8",42,"95",2218,"6.5",824014,669127,701762,643446,691777,675961,691016,703607,671732,"53.97",,,,,,,,70,6,"4-Seam Fastball",3,9,3,9,9,3,3,9,"Standard","Standard",156,"0","0","60.1","5.4",,,"0","88.0",-6,-6,0.028,0.028,29,25,30,25,1,0,2,2,5,2,"0.99","0.58","-0.58","61.5",-8.10900577326966,25.958526877705545,27.821289818328786,31.96604989721899,14.51141982924824
"CU","2026-06-26","73.9","2.22","6.14","Grissom, Vaughn",687093,663687,,"blocked_ball",,,,,13,,"R","R","L","LAA","ATH","B",,,2,2,2026,"-0.66","-1.46",-1.3990168133053822,0.6494335296651732,624585,685133,,1,8,"Bot",,,,,,,-6.123335604645535,-107.36647948873014,-0.8299540537277688,-3.7061681379814724,23.21104189790655,-43.32327423513853,3.301624016,1.666240158,,,,"73.5",2737,"6.7",824014,669127,701762,643446,691777,675961,691016,703607,671732,"53.82",,,,,,,,70,5,"Curveball",3,9,3,9,9,3,3,9,"Standard","Standard",341,"0.004","0.043",,,,,"-0.043",,-6,-6,0.024,0.024,29,25,30,25,1,0,2,2,5,2,"5.73","-0.66","0.66","60.6",,,,,
"CU","2026-06-26","71.9","2.21","6.11","Grissom, Vaughn",687093,663687,,"blocked_ball",,,,,13,,"R","R","L","LAA","ATH","B",,,1,2,2026,"-0.56","-1.56",-0.31562019664024327,-0.47784842208974254,624585,685133,,1,8,"Bot",,,,,,,-3.985146085505342,-104.48240383909915,-2.3326469030339805,-3.1610144329072662,22.979081574141865,-43.09036501094271,3.301624016,1.666240158,,,,"71.3",2632,"6.6",824014,669127,701762,643446,691777,675961,691016,703607,671732,"53.86",,,,,,,,70,4,"Curveball",3,9,3,9,9,3,3,9,"Standard","Standard",339,"0.003","0.034",,,,,"-0.034",,-6,-6,0.021,0.021,29,25,30,25,1,0,2,2,5,2,"6.09","-0.56","0.56","59.2",,,,,
"FF","2026-06-26","94.6","2.03","6.09","Grissom, Vaughn",687093,663687,,"blocked_ball",,,,,13,,"R","R","L","LAA","ATH","B",,,0,2,2026,"0.84","1.58",-0.08245619408469529,-0.2524100028441797,624585,685133,,1,8,"Bot",,,,,,,-7.3480371936504785,-136.9191807617618,-14.087127272672241,12.161120426332445,30.633529074761665,-9.217277719807306,3.301624016,1.666240158,,,,"94.6",2396,"6.6",824014,669127,701762,643446,691777,675961,691016,703607,671732,"53.88",,,,,,,,70,3,"4-Seam Fastball",3,9,3,9,9,3,3,9,"Standard","Standard",147,"0.001","0.018",,,,,"-0.018",,-6,-6,0.02,0.02,29,25,30,25,1,0,2,2,5,2,"0.99","0.84","-0.84","55.9",,,,,
"FF","2026-06-26","93.7","2.18","6.14","Grissom, Vaughn",687093,663687,,"swinging_strike",,,,,12,,"R","R","L","LAA","ATH","S",,,0,1,2026,"0.96","1.53",1.2466878495028781,2.737572496560757,624585,685133,,1,8,"Bot",,,,,,,-4.543166037599833,-136.24099216614127,-6.229301871851129,12.90783148756022,32.137000810677236,-12.004658119461082,3.301624016,1.666240158,,,,"93.7",2372,"6.5",824014,669127,701762,643446,691777,675961,691016,703607,671732,"54.03",,,,,,,,70,2,"4-Seam Fastball",3,9,3,9,9,3,3,9,"Standard","Standard",147,"-0.004","-0.072","50.9","6.1","1.39605096",,"0.072",,-6,-6,0.024,0.024,29,25,30,25,1,0,2,2,5,2,"1.09","0.96","-0.96","56.0",-7.114094176131086,36.97517414236483,28.450341644421393,51.15399381343087,2.9700010838754207
"CU","2026-06-26","72.1","2.27","6.19","Grissom, Vaughn",687093,663687,,"foul",,,,,7,,"R","R","L","LAA","ATH","S",,,0,0,2026,"-0.69","-1.47",-0.5355375428562786,1.8862953418422395,624585,685133,,1,8,"Bot",,,,,,,-4.300775742120594,-104.69269282638963,1.897729629091178,-4.078742174116574,21.501850263583457,-43.46785881224778,3.301624016,1.666240158,4,"65.7",-31,"71.4",2555,"6.4",824014,669127,701762,643446,691777,675961,691016,703607,671732,"54.11",,,,,,,,70,1,"Curveball",3,9,3,9,9,3,3,9,"Standard","Standard",339,"-0.002","-0.065","71.0","8.0",,,"0.065","88.0",-6,-6,0.026,0.026,29,25,30,25,1,0,2,2,5,2,"5.95","-0.69","0.69","56.1",26.603780556462905,-20.066070228462266,36.69162671773881,30.34603476051051,45.24691903361828
"SL","2026-06-24","89","-1.45","5.82","Grissom, Vaughn",687093,670329,"single","hit_into_play",,,,,14,"Vaughn Grissom singles on a line drive to left fielder Taylor Ward. Donovan Walton scores.","R","R","R","LAA","BAL","X",7,"line_drive",2,1,2026,"0.02","0.58",0.2471924846055446,1.5052752124259767,,622268,,2,8,"Bot",55.98,103.46,,,,,4.04484326939908,-129.56244580600745,-5.585418409470283,-0.4884324707125498,24.126919870750488,-24.757074464214757,3.301624016,1.666240158,215,"88.1",16,"88.9",2508,"6",824018,694212,624413,669236,677942,683002,621493,681297,665750,"54.52",0.977,0.905,"0.9",1,1,0,4,69,4,"Slider",2,5,2,5,5,3,3,5,"Standard","Standard",187,"0.054","0.671","70.1","8.0",,1.093,"-0.671","88.1",-3,-3,0.065,0.065,32,25,32,25,1,0,2,1,3,2,"2.27","-0.02","-0.02","45.3",12.725485418644709,-13.677573449948097,38.61561664100528,40.064143479822846,40.28144569169551
"SL","2026-06-24","88.7","-1.44","5.83","Grissom, Vaughn",687093,670329,,"foul",,,,,3,,"R","R","R","LAA","BAL","S",,,2,0,2026,"0.2","0.57",0.4861163521752912,2.9278784967750178,,622268,,2,8,"Bot",,,,,,,4.218394680471148,-129.26079172882797,-2.1068886459294838,1.4138500375740959,25.15141926111346,-25.530289620142007,3.301624016,1.666240158,195,"72.5",56,"88.6",2466,"6",824018,694212,624413,669236,677942,683002,621493,681297,665750,"54.51",,,,,,,,69,3,"Slider",2,5,2,5,5,2,2,5,"Standard","Standard",201,"-0.004","-0.042","64.5","6.9",,,"0.042","88.0",-3,-3,0.069,0.069,32,25,32,25,1,0,2,1,3,2,"2.3","-0.2","-0.2","51.7",0.4691791405191758,9.08696630147889,23.792936109967183,42.384230953873164,26.51600123335853
"SL","2026-06-24","88","-1.59","5.85","Grissom, Vaughn",687093,670329,,"blocked_ball",,,,,14,,"R","R","R","LAA","BAL","B",,,1,0,2026,"0.1","0.48",0.3139660897317655,0.674219233395104,,622268,,2,8,"Bot",,,,,,,4.324001017007546,-128.08040289823194,-7.209005582615893,0.31270357399310583,24.8938783873862,-25.62989768357135,3.301624016,1.666240158,,,,"87.7",2394,"6",824018,694212,624413,669236,677942,683002,621493,681297,665750,"54.52",,,,,,,,69,2,"Slider",2,5,2,5,5,2,2,5,"Standard","Standard",171,"0.004","0.026",,,,,"-0.026",,-3,-3,0.065,0.065,32,25,32,25,1,0,2,1,3,2,"2.45","-0.1","-0.1","53.2",,,,,
"SL","2026-06-24","88.7","-1.49","5.9","Grissom, Vaughn",687093,670329,,"ball",,,,,14,,"R","R","R","LAA","BAL","B",,,0,0,2026,"0.14","0.47",0.958668582369635,1.1862420522582853,,622268,,2,8,"Bot",,,,,,,5.585397734437878,-129.12996446376857,-6.23579359287403,0.45764702252926975,24.964522757557294,-25.8838096996028,3.301624016,1.666240158,,,,"88.4",2395,"5.9",824018,694212,624413,669236,677942,683002,621493,681297,665750,"54.56",,,,,,,,69,1,"Slider",2,5,2,5,5,2,2,5,"Standard","Standard",188,"0.003","0.027",,,,,"-0.027",,-3,-3,0.062,0.062,32,25,32,25,1,0,2,1,3,2,"2.41","-0.14","-0.14","44.9",,,,,
"FF","2026-06-24","94.4","2.1","5.93","Grissom, Vaughn",687093,669211,"field_out","hit_into_play",,,,,2,"Vaughn Grissom flies out to right fielder Leody Taveras. Oswald Peraza to 3rd.","R","R","L","LAA","BAL","X",9,"fly_ball",0,2,2026,"0.83","1.2",-0.1026252829095693,2.9639365454109936,,672724,,1,10,"Bot",170.14,74.64,,,,,-7.446980633836846,-137.31788112474987,-4.491356280796732,12.194086759280667,30.47000916922267,-16.13977563718019,3.301624016,1.666240158,328,"94.9",36,"93.2",2396,"5.6",824018,694212,624413,669236,677942,683002,621493,681297,665750,"54.88",0.117,0.213,"0",1,0,0,3,86,3,"4-Seam Fastball",5,6,5,6,6,5,5,6,"Standard","Standard",142,"-0.064","-0.163","71.1","6.4",,0.397,"0.163","94.9",-1,-1,0.233,0.233,31,25,31,25,1,1,3,1,3,2,"1.36","0.83","-0.83","39.0",0.20913232616323432,5.896179930124776,28.436137728078638,35.784509943639065,24.716637491005642
"FF","2026-06-24","94.5","2.29","5.88","Grissom, Vaughn",687093,669211,,"foul",,,,,6,,"R","R","L","LAA","BAL","S",,,0,1,2026,"1.04","1.38",0.4661828356619553,2.2204087628412905,,672724,,1,10,"Bot",,,,,,,-6.971677918679102,-137.30775386387,-6.632176907088889,14.775559110512967,32.1539814065637,-13.46158282620041,3.301624016,1.666240158,251,"89.1",18,"93.2",2300,"5.7",824018,694212,624413,669236,677942,683002,621493,681297,665750,"54.79",,,,,,,,86,2,"4-Seam Fastball",5,6,5,6,6,5,5,6,"Standard","Standard",139,"-0.036","-0.07","69.6","6.3",,,"0.07","89.1",-1,-1,0.269,0.269,31,25,31,25,1,1,3,1,3,2,"1.2","1.04","-1.04","36.5",-18.303438286693975,26.293167534178153,40.31284483256803,42.75579063065466,9.463289092015458
"FF","2026-06-24","94.9","2.14","5.92","Grissom, Vaughn",687093,669211,,"called_strike",,,,,5,,"R","R","L","LAA","BAL","S",,,0,0,2026,"0.96","1.35",-0.2354892653134354,2.716210035898396,,672724,,1,10,"Bot",,,,,,,-8.200308333239889,-137.84249203598011,-5.490620719856458,14.03445011831131,31.5933708057145,-13.968607835487902,3.301624016,1.666240158,,,,"93.6",2254,"5.7",824018,694212,624413,669236,677942,683002,621493,681297,665750,"54.81",,,,,,,,86,1,"4-Seam Fastball",5,6,5,6,6,5,5,6,"Infield shade","Standard",138,"-0.021","-0.046",,,,,"0.046",,-1,-1,0.29,0.29,31,25,31,25,1,1,3,1,3,2,"1.2","0.96","-0.96","44.3",,,,,
"KC","2026-06-23","86.5","-1.02","5.87","Grissom, Vaughn",687093,669358,"single","hit_into_play",,,,,8,"Vaughn Grissom singles on a ground ball to left fielder Taylor Ward. Jose Siri scores. Zach Neto scores.","R","R","R","LAA","BAL","X",7,"ground_ball",0,0,2026,"0.54","-0.85",0.11771643257584646,1.76180045248466,642350,687263,,0,5,"Bot",82.92,107.22,,,,,1.5647537393263138,-125.88329786536997,-1.5566237230675493,5.323319191653141,27.58591872998189,-40.99821866212346,3.301624016,1.666240158,41,"102.9",0,"86.8",2709,"6.6",824017,694212,624413,669236,691723,683002,621493,681297,665750,"53.87",0.454,0.41,"0.9",1,1,0,4,36,1,"Knuckle Curve",2,0,2,0,0,4,4,0,"Strategic","Standard",30,"0.043","0.459","72.8","7.5",,0.482,"-0.459","102.9",2,2,0.897,0.897,27,25,27,25,3,2,5,2,6,1,"3.91","-0.54","-0.54","42.6",8.097497644291098,-0.36911248092032084,35.60526794082584,37.048982674167206,29.00954418968277
"FF","2026-06-23","95.5","-1.09","5.71","Grissom, Vaughn",687093,669358,"field_out","hit_into_play",,,,,4,"Vaughn Grissom pops out to first baseman Pete Alonso in foul territory.","R","R","R","LAA","BAL","X",3,"popup",0,0,2026,"-1.07","1.53",-0.5880842639453959,2.5655284134842287,695681,,642350,2,2,"Bot",162.23,168.59,,,,,3.775009274974618,-138.75619902078662,-5.896230473368414,-14.588529835969629,35.964035234395915,-11.319873527200011,3.301624016,1.666240158,122,"47.8",41,"95.6",2392,"6.8",824017,694212,624413,669236,691723,683002,621493,681297,665750,"53.71",0.049,0.044,"0",1,0,0,1,17,1,"4-Seam Fastball",2,0,2,0,0,2,2,0,"Standard","Standard",220,"-0.035","-0.295","67.8","6.6",,0.049,"0.295","88.0",2,2,0.747,0.747,27,25,27,25,2,1,5,2,6,1,"1.01","1.07","1.07","39.1",-7.197441077315109,3.533581558589669,38.19522779689894,28.173587741081995,21.788204042888893
"FF","2026-06-23","94.3","-0.98","6.62","Grissom, Vaughn",687093,544150,"field_out","hit_into_play",,,,,6,"Vaughn Grissom flies out to right fielder Leody Taveras.","R","R","R","LAA","BAL","X",9,"fly_ball",0,1,2026,"-0.3","1.31",0.6479200017689282,2.732697499127233,,,,1,7,"Bot",177.76,76.65,,,,,4.858160496749088,-137.04482434875348,-7.07975458249558,-4.965711932118315,32.96481005331536,-14.226942121923956,3.301624016,1.666240158,329,"94.9",29,"93.9",2286,"6.3",824017,694212,624413,669236,691723,683002,621493,681297,665750,"54.18",0.177,0.294,"0",1,0,0,5,54,2,"4-Seam Fastball",5,1,5,1,1,5,5,1,"Standard","Standard",207,"-0.002","-0.222","72.8","6.9",,0.538,"0.222","94.9",4,4,0.968,0.968,36,25,37,25,1,3,10,2,5,1,"1.27","0.3","0.3","52.6",2.8768907823720937,8.702474407051835,25.777965818584253,43.150466809355855,26.19868197662602
"FF","2026-06-23","94.8","-1.11","6.56","Grissom, Vaughn",687093,544150,,"foul",,,,,5,,"R","R","R","LAA","BAL","S",,,0,0,2026,"-0.28","1.57",-0.029482499913016325,2.619221127396096,,,,1,7,"Bot",,,,,,,3.4332662737330835,-137.8685102154707,-8.007441357363248,-4.301518460009083,29.502158315376462,-10.584556587052438,3.301624016,1.666240158,175,"82.9",74,"95.3",2264,"6.5",824017,694212,624413,669236,691723,683002,621493,681297,665750,"53.98",,,,,,,,54,1,"4-Seam Fastball",5,1,5,1,1,5,5,1,"Standard","Standard",210,"0","-0.042","76.2","7.3",,,"0.042","88.0",4,4,0.968,0.968,36,25,37,25,1,3,10,2,5,1,"0.96","0.28","0.28","51.1",9.98182553002803,-17.540140442375094,40.358997211845555,34.825045432362074,37.88103264794803
"FC","2026-06-23","89.2","-1.46","5.72","Grissom, Vaughn",687093,669358,"field_out","hit_into_play",,,,,9,"Vaughn Grissom flies out to right fielder Leody Taveras.","R","R","R","LAA","BAL","X",9,"fly_ball",1,1,2026,"0.25","0.69",0.7762102251190773,2.0686610920403044,,,687263,0,1,"Bot",200.36,119.33,,,,,4.918505899028743,-129.89664723967525,-4.226826624432411,1.790982948508214,27.234592936952737,-23.678600606630024,3.301624016,1.666240158,268,"84.3",40,"89.6",2320,"6.5",824017,694212,624413,669236,691723,683002,621493,681297,665750,"54.02",0.006,0.005,"0",1,0,0,3,5,3,"Cutter",0,0,0,0,0,0,0,0,"Standard","Standard",201,"-0.03","-0.239","70.4","7.6",,0.01,"0.239","88.0",0,0,0.581,0.581,27,25,27,25,1,0,5,2,6,1,"2.17","-0.25","-0.25","34.2",1.0971433981291616,-4.251294373582502,35.94436210058419,46.32058826318951,23.854245954069526
"FF","2026-06-23","96","-1.18","5.76","Grissom, Vaughn",687093,669358,,"ball",,,,,12,,"R","R","R","LAA","BAL","B",,,0,1,2026,"-0.81","1.39",0.41736964648718666,3.864583875907307,,,687263,0,1,"Bot",,,,,,,6.07822592229462,-139.6775777855567,-2.4214167168871694,-12.032508965509926,33.63284443004063,-13.749058544299118,3.301624016,1.666240158,,,,"96.3",2509,"6.6",824017,694212,624413,669236,691723,683002,621493,681297,665750,"53.89",,,,,,,,5,2,"4-Seam Fastball",0,0,0,0,0,0,0,0,"Standard","Standard",214,"0.003","0.025",,,,,"-0.025",,0,0,0.578,0.578,27,25,27,25,1,0,5,2,6,1,"1.1","0.81","0.81","39.1",,,,,
"SI","2026-06-23","94.7","-1.27","5.71","Grissom, Vaughn",687093,669358,,"called_strike",,,,,6,,"R","R","R","LAA","BAL","S",,,0,0,2026,"-1","1.18",0.634566094829357,2.6647865251042124,,,687263,0,1,"Bot",,,,,,,7.2285595814657455,-137.67975001780482,-4.738742097263064,-14.363913555745896,32.87096376811614,-16.35636214334137,3.301624016,1.666240158,,,,"95",2321,"6.7",824017,694212,624413,669236,691723,683002,621493,681297,665750,"53.82",,,,,,,,5,1,"Sinker",0,0,0,0,0,0,0,0,"Standard","Standard",209,"-0.005","-0.043",,,,,"0.043",,0,0,0.583,0.583,27,25,27,25,1,0,5,2,6,1,"1.39","1","1","36.2",,,,,
"FF","2026-06-21","97.6","-2.4","5.68","Grissom, Vaughn",687093,665660,"strikeout","swinging_strike",,,,,5,"Vaughn Grissom strikes out swinging.","R","R","R","ATH","LAA","S",2,,2,2,2026,"-0.84","1.21",0.194114253479731,2.737429826636806,,,,1,9,"Top",,,,,,,8.781862081986391,-141.8921913303565,-5.056237979564514,-13.267823798066928,28.662108787972276,-14.820696451664514,3.301624016,1.666240158,,,,"97.2",2386,"5.9",824987,641680,701762,643446,680869,805779,691016,703607,671732,"54.65",,0,"0",1,0,0,,74,5,"4-Seam Fastball",7,9,9,7,9,7,9,7,"Standard","Standard",231,"0.005","-0.238","73.3","6.5","1.165407324",,"0.238",,-2,2,0.085,0.915,27,25,27,25,1,1,2,1,3,2,"1.17","0.84","0.84","23.5",-8.391570381402131,15.764248926607912,38.24278882657185,38.383975206687964,18.286523754521905
"FF","2026-06-21","97.9","-2.37","5.6","Grissom, Vaughn",687093,665660,,"ball",,,,,14,,"R","R","R","ATH","LAA","B",,,1,2,2026,"-0.97","1.2",1.4369003419831445,1.4897467843076082,,,,1,9,"Top",,,,,,,12.30305865360761,-141.91953199570796,-8.126489664308952,-15.80180308463156,31.238928761380773,-14.156228154487088,3.301624016,1.666240158,,,,"97.4",2422,"6.1",824987,641680,701762,643446,680869,805779,691016,703607,671732,"54.38",,,,,,,,74,4,"4-Seam Fastball",7,9,9,7,9,7,9,7,"Standard","Standard",231,"-0.001","0.055",,,,,"-0.055",,-2,2,0.086,0.914,27,25,27,25,1,1,2,1,3,2,"1.19","0.97","0.97","20.9",,,,,
"SL","2026-06-21","86.9","-2.59","5.5","Grissom, Vaughn",687093,665660,,"called_strike",,,,,7,,"R","R","R","ATH","LAA","S",,,1,1,2026,"-0.05","0.14",-0.7466300352113705,1.6974194530431843,,,,1,9,"Top",,,,,,,4.42011010182884,-126.57501685986499,-3.0297949040467476,-1.3730770049429417,24.37156554077874,-30.242040795136433,3.301624016,1.666240158,,,,"86.2",1997,"5.7",824987,641680,701762,643446,680869,805779,691016,703607,671732,"54.85",,,,,,,,74,3,"Slider",7,9,9,7,9,7,9,7,"Standard","Standard",257,"0.002","-0.074",,,,,"0.074",,-2,2,0.084,0.916,27,25,27,25,1,1,2,1,3,2,"2.86","0.05","0.05","17.7",,,,,
"FF","2026-06-21","98.2","-2.25","5.75","Grissom, Vaughn",687093,665660,,"ball",,,,,12,,"R","R","R","ATH","LAA","B",,,0,1,2026,"-0.83","1.24",1.476078615862793,2.510393087567371,,,,1,9,"Top",,,,,,,11.76247506006628,-142.59370798577493,-5.97990686222454,-13.865040705434447,30.11218987503313,-13.958718129264442,3.301624016,1.666240158,,,,"97.3",2405,"5.7",824987,641680,701762,643446,680869,805779,691016,703607,671732,"54.76",,,,,,,,74,2,"4-Seam Fastball",7,9,9,7,9,7,9,7,"Standard","Standard",226,"-0.001","0.035",,,,,"-0.035",,-2,2,0.085,0.915,27,25,27,25,1,1,2,1,3,2,"1.12","0.83","0.83","24.1",,,,,
"SL","2026-06-21","87","-2.49","5.58","Grissom, Vaughn",687093,665660,,"foul",,,,,7,,"R","R","R","ATH","LAA","S",,,0,0,2026,"-0.06","0.21",-0.47096339674816723,2.135527662910735,,,,1,9,"Top",,,,,,,4.837612816312854,-126.64020948371015,-2.295330150889449,-1.6548091443874082,25.966343799950703,-29.651500489570896,3.301624016,1.666240158,5,"78",-25,"85.9",2087,"5.6",824987,641680,701762,643446,680869,805779,691016,703607,671732,"54.91",,,,,,,,74,1,"Slider",7,9,9,7,9,7,9,7,"Standard","Standard",240,"0.001","-0.042","72.4","8.2",,,"0.042","88.0",-2,2,0.084,0.916,27,25,27,25,1,1,2,1,3,2,"2.8","0.06","0.06","21.1",23.23919490937518,-22.771423960891646,35.07369389084984,32.476723525182315,44.342079513177964
"CU","2026-06-21","74.6","2.37","5.94","Grissom, Vaughn",687093,663687,"hit_by_pitch","hit_by_pitch",,,,,13,"Vaughn Grissom hit by pitch.","R","R","L","ATH","LAA","B",,,2,2,2026,"-0.95","-1.5",-2.007356059132621,0.7333065792400966,,,,0,8,"Top",,,,,,,-7.203180924603917,-108.22623872124555,-0.2515630848243855,-5.611455724728407,24.71254085169317,-43.937251891376974,3.301624016,1.666240158,,,,"73.9",2642,"6.7",824987,641680,701762,680869,691777,805779,691016,703607,687515,"53.84",,0.728904,"0.7",1,0,0,,61,6,"Curveball",7,4,4,7,4,7,4,7,"Standard","Standard",341,"-0.046","0.488",,,,,"-0.488",,3,-3,0.931,0.06899999999999995,29,25,30,25,1,0,3,1,3,2,"5.73","-0.95","0.95","59.3",,,,,
"FF","2026-06-21","95.4","2.14","6.06","Grissom, Vaughn",687093,663687,,"foul",,,,,4,,"R","R","L","ATH","LAA","S",,,2,2,2026,"0.93","1.34",-0.5303603689511223,2.6558722619887623,,,,0,8,"Top",,,,,,,-9.119422520829405,-138.63604234738645,-6.229878931676813,14.006313566546035,28.51819353901196,-13.60526706072092,3.301624016,1.666240158,5,"84.7",-26,"96.2",2292,"6.6",824987,641680,701762,680869,691777,805779,691016,703607,687515,"53.88",,,,,,,,61,5,"4-Seam Fastball",7,4,4,7,4,7,4,7,"Standard","Standard",146,"0","0","53.7","5.0",,,"0","88.0",3,-3,0.931,0.06899999999999995,29,25,30,25,1,0,3,1,3,2,"1.15","0.93","-0.93","56.5",-31.686206609481108,46.68119573421079,42.473605683513476,29.823768308533186,2.5153275751231763
"CH","2026-06-21","85.8","2.47","5.79","Grissom, Vaughn",687093,663687,,"called_strike",,,,,7,,"R","R","L","ATH","LAA","S",,,2,1,2026,"1.32","0.98",-0.7325788714064758,1.8249673518760228,,,,0,8,"Top",,,,,,,-10.276185663559751,-124.51625933273985,-4.942722145863243,15.728029411587464,22.973718464995518,-21.145359234585467,3.301624016,1.666240158,,,,"86.7",2173,"6.8",824987,641680,701762,680869,691777,805779,691016,703607,687515,"53.67",,,,,,,,61,4,"Changeup",7,4,4,7,4,7,4,7,"Standard","Standard",124,"0.007","-0.08",,,,,"0.08",,3,-3,0.924,0.07599999999999996,29,25,30,25,1,0,3,1,3,2,"2.11","1.32","-1.32","46.1",,,,,
"FF","2026-06-21","94.9","2.25","6.1","Grissom, Vaughn",687093,663687,,"ball",,,,,12,,"R","R","L","ATH","LAA","B",,,1,1,2026,"0.58","1.5",0.8194598546009167,4.379565319043364,,,,0,8,"Top",,,,,,,-5.043382082946941,-138.22235389975592,-2.155823435514556,8.487172356624948,29.302496109790308,-12.578953017793278,3.301624016,1.666240158,,,,"95.7",2333,"6.6",824987,641680,701762,680869,691777,805779,691016,703607,687515,"53.91",,,,,,,,61,3,"4-Seam Fastball",7,4,4,7,4,7,4,7,"Standard","Standard",148,"-0.005","0.064",,,,,"-0.064",,3,-3,0.929,0.07099999999999995,29,25,30,25,1,0,3,1,3,2,"1.01","0.58","-0.58","57.5",,,,,
"FF","2026-06-21","95.7","2.54","5.96","Grissom, Vaughn",687093,663687,,"foul",,,,,2,,"R","R","L","ATH","LAA","S",,,1,0,2026,"0.86","1.26",-0.17891254269578782,2.8636288979578204,,,,0,8,"Top",,,,,,,-9.093535818667968,-139.05801533774994,-5.249192740088098,13.176388268189683,31.251050639612636,-14.849211681117984,3.301624016,1.666240158,228,"73.8",32,"96.1",2354,"6.6",824987,641680,701762,680869,691777,805779,691016,703607,687515,"53.88",,,,,,,,61,2,"4-Seam Fastball",7,4,4,7,4,7,4,7,"Standard","Standard",145,"0.005","-0.058","69.1","5.7",,,"0.058","88.0",3,-3,0.924,0.07599999999999996,29,25,30,25,1,0,3,1,3,2,"1.24","0.86","-0.86","51.0",-12.85219256123524,24.333334097681092,34.84358628446698,34.71939541904533,17.44323552277961
"CU","2026-06-21","73.3","2.33","6.16","Grissom, Vaughn",687093,663687,,"ball",,,,,11,,"R","R","L","ATH","LAA","B",,,0,0,2026,"-0.58","-1.33",-0.4777088013721679,4.724322524436734,,,,0,8,"Top",,,,,,,-4.561771157848794,-106.33148711075391,7.030841181602296,-3.5261922334465874,19.81740098271802,-43.791889199518664,3.301624016,1.666240158,,,,"72.8",2591,"6.3",824987,641680,701762,680869,691777,805779,691016,703607,687515,"54.24",,,,,,,,61,1,"Curveball",7,4,4,7,4,7,4,7,"Standard","Standard",340,"-0.004","0.044",,,,,"-0.044",,3,-3,0.928,0.07199999999999995,29,25,30,25,1,0,3,1,3,2,"5.63","-0.58","0.58","56.0",,,,,
"SI","2026-06-20","93.8","-0.9","5.78","Grissom, Vaughn",687093,669372,"field_out","hit_into_play",,,,,1,"Vaughn Grissom pops out to second baseman Jeff McNeil.","R","R","R","ATH","LAA","X",4,"popup",1,2,2026,"-1.07","0.37",-0.41353875989710853,2.9860139474939036,,,,0,5,"Top",138.18,160.42,,,,,3.682245139688339,-136.46715804987062,-2.043294855905107,-14.118948073126402,35.385370772243654,-27.34166421852042,3.301624016,1.666240158,108,"57.8",63,"93.8",2082,"6.7",824988,669127,701762,643446,691777,805779,691016,703607,671732,"53.79",0.003,0.003,"0",1,0,0,1,37,6,"Sinker",0,2,2,0,2,0,2,0,"Standard","Standard",219,"0.013","-0.188","69.7","6.7",,0.003,"0.188","88.0",-2,2,0.254,0.746,27,25,27,25,3,2,5,2,6,1,"2.26","1.07","1.07","45.6",4.935234365573621,2.8239525912663326,31.493287450562015,30.35558692652385,27.292355193078933
"FF","2026-06-20","93","-1.1","5.75","Grissom, Vaughn",687093,669372,,"ball",,,,,14,,"R","R","R","ATH","LAA","B",,,0,2,2026,"-0.65","1.16",1.2430486376710221,2.06987368754386,,,,0,5,"Top",,,,,,,7.458933707047452,-135.23067528915564,-6.093478809662697,-9.561868349096732,27.77853258476692,-16.834891302276183,3.301624016,1.666240158,,,,"94.1",2096,"6.8",824988,669127,701762,643446,691777,805779,691016,703607,671732,"53.68",,,,,,,,37,5,"4-Seam Fastball",0,2,2,0,2,0,2,0,"Standard","Standard",225,"-0.002","0.023",,,,,"-0.023",,-2,2,0.256,0.744,27,25,27,25,3,2,5,2,6,1,"1.47","0.65","0.65","45.2",,,,,
"SL","2026-06-20","85.9","-1.32","5.47","Grissom, Vaughn",687093,669372,,"foul",,,,,14,,"R","R","R","ATH","LAA","S",,,0,2,2026,"0.38","-0.32",0.5990951270821787,1.4022224519665865,,,,0,5,"Top",,,,,,,3.701965547344954,-125.0301985666123,-2.4545638330374837,3.1633813587559714,27.118009280964067,-35.165169188390415,3.301624016,1.666240158,290,"86.8",30,"85.9",2399,"6.5",824988,669127,701762,643446,691777,805779,691016,703607,671732,"54.02",,,,,,,,37,4,"Slider",0,2,2,0,2,0,2,0,"Standard","Standard",37,"0","0","68.0","7.3",,,"0","88.0",-2,2,0.256,0.744,27,25,27,25,3,2,5,2,6,1,"3.42","-0.38","-0.38","37.8",-5.640455476613924,9.844790554765943,39.98876444700646,41.84071662424299,22.95733861762093
"CH","2026-06-20","88","-1.08","5.63","Grissom, Vaughn",687093,669372,,"foul",,,,,13,,"R","R","R","ATH","LAA","S",,,0,2,2026,"-1.36","0.55",-0.23615269216649892,1.0320839016004935,,,,0,5,"Top",,,,,,,4.9329826549894475,-127.89036106592893,-5.958262469283337,-15.960879527984282,27.497640487609733,-25.064786391938764,3.301624016,1.666240158,58,"33.3",30,"88.4",1481,"6.7",824988,669127,701762,643446,691777,805779,691016,703607,671732,"53.79",,,,,,,,37,3,"Changeup",0,2,2,0,2,0,2,0,"Standard","Standard",228,"0","0","70.7","8.0",,,"0","88.0",-2,2,0.256,0.744,27,25,27,25,3,2,5,2,6,1,"2.41","1.36","1.36","40.0",15.276892025616872,-12.27702634562298,47.687764177771875,32.29862811212364,34.34079641603546
"SI","2026-06-20","93.3","-0.94","5.71","Grissom, Vaughn",687093,669372,,"foul",,,,,9,,"R","R","R","ATH","LAA","S",,,0,1,2026,"-0.97","0.36",0.7806544257414632,1.6170580262262908,,,,0,5,"Top",,,,,,,6.600229937076503,-135.72936514572018,-5.440842391216027,-13.332765662382238,27.203537715668922,-26.768425284390815,3.301624016,1.666240158,129,"75.1",11,"94.6",1993,"6.8",824988,669127,701762,643446,691777,805779,691016,703607,671732,"53.65",,,,,,,,37,2,"Sinker",0,2,2,0,2,0,2,0,"Standard","Standard",216,"0.004","-0.056","69.4","7.2",,,"0.056","88.0",-2,2,0.252,0.748,27,25,27,25,3,2,5,2,6,1,"2.24","0.97","0.97","42.4",-4.471330000332193,7.283095314798176,39.86576671212564,43.44154733746502,22.52905299119264
"FF","2026-06-20","93.1","-0.85","5.78","Grissom, Vaughn",687093,669372,,"called_strike",,,,,9,,"R","R","R","ATH","LAA","S",,,0,0,2026,"-0.32","1.12",0.34461699819895364,1.7818530296206991,,,,0,5,"Top",,,,,,,3.770023744482797,-135.5021358204701,-6.849127485247132,-4.716597399095979,26.90543825508353,-17.063222254825774,3.301624016,1.666240158,,,,"94.1",2189,"6.7",824988,669127,701762,643446,691777,805779,691016,703607,671732,"53.83",,,,,,,,37,1,"4-Seam Fastball",0,2,2,0,2,0,2,0,"Standard","Standard",217,"0.003","-0.043",,,,,"0.043",,-2,2,0.249,0.751,27,25,27,25,3,2,5,2,6,1,"1.49","0.32","0.32","43.4",,,,,
"SL","2026-06-20","86.6","-1.21","5.51","Grissom, Vaughn",687093,669372,"strikeout","swinging_strike",,,,,14,"Vaughn Grissom strikes out swinging.","R","R","R","ATH","LAA","S",2,,0,2,2026,"0.62","-0.42",1.2119657530439891,0.935448900025496,,,,0,3,"Top",,,,,,,4.449098871792147,-126.02620887995447,-3.516573214474386,5.477649660456274,28.78664577679411,-36.085716505119095,3.301624016,1.666240158,,,,"86.4",2555,"6.5",824988,669127,701762,643446,691777,805779,691016,703607,671732,"54.04",,0,"0",1,0,0,,21,3,"Slider",0,2,2,0,2,0,2,0,"Standard","Standard",36,"0.011","-0.165","66.3","8.0","1.79271378",,"0.165",,-2,2,0.295,0.7050000000000001,27,25,27,25,2,1,5,2,6,1,"3.49","-0.62","-0.62","36.0",5.028147355441664,-0.7430524453826972,41.430720485005374,48.57751015066896,25.750936228294982
"SI","2026-06-20","93.4","-0.89","5.77","Grissom, Vaughn",687093,669372,,"called_strike",,,,,9,,"R","R","R","ATH","LAA","S",,,0,1,2026,"-0.86","0.6",0.4759701360760138,1.5866819155281422,,,,0,3,"Top",,,,,,,5.430799466001188,-135.8558157952649,-6.158082782413658,-11.871754029461465,28.486637533068837,-23.635353747031257,3.301624016,1.666240158,,,,"94.1",2218,"6.6",824988,669127,701762,643446,691777,805779,691016,703607,671732,"53.89",,,,,,,,21,2,"Sinker",0,2,2,0,2,0,2,0,"Standard","Standard",216,"0.004","-0.056",,,,,"0.056",,-2,2,0.291,0.7090000000000001,27,25,27,25,2,1,5,2,6,1,"2.01","0.86","0.86","44.2",,,,,
"SI","2026-06-20","93.6","-0.94","5.71","Grissom, Vaughn",687093,669372,,"called_strike",,,,,4,,"R","R","R","ATH","LAA","S",,,0,0,2026,"-1.22","0.52",-0.44584528280602764,2.191043714796648,,,,0,3,"Top",,,,,,,4.012675962274197,-136.21712755271406,-4.281850657370593,-16.033281746909818,30.885414469472497,-24.977968780373043,3.301624016,1.666240158,,,,"94.1",2116,"6.6",824988,669127,701762,643446,691777,805779,691016,703607,671732,"53.87",,,,,,,,21,1,"Sinker",0,2,2,0,2,0,2,0,"Standard","Standard",218,"0.003","-0.043",,,,,"0.043",,-2,2,0.288,0.712,27,25,27,25,2,1,5,2,6,1,"2.09","1.22","1.22","47.5",,,,,
"SL","2026-06-20","83.2","-1.93","6.19","Grissom, Vaughn",687093,664129,"field_out","hit_into_play",,,,,5,"Vaughn Grissom lines out to center fielder Henry Bolte.","R","R","R","ATH","LAA","X",8,"line_drive",1,0,2026,"0.26","-0.03",-0.27420985099740613,2.1944053724931747,,,,1,8,"Top",108.49,71.3,,,,,3.189987285644232,-120.96927670681559,-2.2877825693636105,1.8048984550384646,27.697598249633394,-32.201492471114136,3.301624016,1.666240158,320,"89.4",25,"82",2305,"5.9",824988,669127,701762,675961,691777,805779,691016,703607,687515,"54.58",0.086,0.087,"0",1,0,0,3,68,2,"Slider",0,7,7,0,7,0,7,0,"Standard","Standard",60,"0.001","-0.307","70.4","7.5",,0.142,"0.307","89.4",-7,7,0.004,0.996,32,25,33,25,1,4,,2,5,1,"3.38","-0.26","-0.26","43.9",7.357060363632165,-7.14416732591504,40.38261367565143,32.085458411406236,29.92745314798495
"FF","2026-06-20","93.8","-2.05","6.11","Grissom, Vaughn",687093,664129,,"ball",,,,,14,,"R","R","R","ATH","LAA","B",,,0,0,2026,"-0.31","1.15",0.7187315969504391,1.511619056686259,,,,1,8,"Top",,,,,,,7.722847618378072,-136.26770838200122,-8.506874290490353,-5.422404344563736,27.83004725362653,-16.103985949157828,3.301624016,1.666240158,,,,"93.7",2268,"6.2",824988,669127,701762,675961,691777,805779,691016,703607,687515,"54.33",,,,,,,,68,1,"4-Seam Fastball",0,7,7,0,7,0,7,0,"Standard","Standard",217,"0","0.043",,,,,"-0.043",,-7,7,0.004,0.996,32,25,33,25,1,4,,2,5,1,"1.43","0.31","0.31","40.9",,,,,
"FF","2026-06-20","90.3","-1.55","5.14","Grissom, Vaughn",687093,605130,"field_out","hit_into_play",,,,,14,"Vaughn Grissom grounds out, shortstop Jacob Wilson to first baseman Nick Kurtz. Nolan Schanuel to 3rd.","R","R","R","ATH","LAA","X",6,"ground_ball",2,1,2026,"-0.16","0.92",0.9465064872932969,2.3370745023681305,,694384,,1,6,"Top",106.6,154.22,,,,,6.516778071417288,-131.4444887409677,-2.8476259844724914,-3.2063575589042093,27.37962417419149,-21.147714572289285,3.301624016,1.666240158,9,"76.4",-14,"90.9",2290,"6.6",824988,669127,701762,643446,691777,805779,691016,703607,671732,"53.92",0.064,0.064,"0",1,0,0,2,50,4,"4-Seam Fastball",0,6,6,0,6,0,6,0,"Standard","Standard",230,"0.004","-0.272","66.2","7.4",,0.072,"0.272","88.0",-6,6,0.024,0.976,33,25,34,25,1,3,1,2,,1,"1.87","0.16","0.16","23.0",8.556363366999271,0.3067884870337432,32.258853942543624,46.64764302406455,33.28919010358026
"CU","2026-06-20","77.3","-1.49","5.31","Grissom, Vaughn",687093,605130,,"ball",,,,,14,,"R","R","R","ATH","LAA","B",,,1,1,2026,"1.63","-0.53",1.6381154306460293,1.3245961180023955,,694384,,1,6,"Top",,,,,,,3.554761313339144,-112.47690211048753,-0.23963683109920675,12.993160639131354,23.136036361670527,-36.794456024957874,3.301624016,1.666240158,,,,"77.1",2580,"6.5",824988,669127,701762,643446,691777,805779,691016,703607,671732,"54.02",,,,,,,,50,3,"Curveball",0,6,6,0,6,0,6,0,"Standard","Standard",65,"0","0.033",,,,,"-0.033",,-6,6,0.024,0.976,33,25,34,25,1,3,1,2,,1,"4.38","-1.63","-1.63","28.7",,,,,
"ST","2026-06-20","78.9","-1.83","4.89","Grissom, Vaughn",687093,605130,,"called_strike",,,,,9,,"R","R","R","ATH","LAA","S",,,1,0,2026,"0.93","0.83",0.5578609044523638,1.8235760182758831,,694384,,1,6,"Top",,,,,,,3.3735958496901643,-114.80723670089992,-1.0985898412651587,7.384648820289375,25.185864762722222,-24.931620959529464,3.301624016,1.666240158,,,,"78.9",2426,"6.7",824988,669127,701762,643446,691777,805779,691016,703607,671732,"53.81",,,,,,,,50,2,"Sweeper",0,6,6,0,6,0,6,0,"Standard","Standard",79,"0","-0.048",,,,,"0.048",,-6,6,0.024,0.976,33,25,34,25,1,3,1,2,,1,"2.89","-0.93","-0.93","17.1",,,,,
"ST","2026-06-20","80.4","-1.94","4.85","Grissom, Vaughn",687093,605130,,"ball",,,,,14,,"R","R","R","ATH","LAA","B",,,0,0,2026,"1.34","0.72",1.1434538141645385,1.1314659550364148,,694384,,1,6,"Top",,,,,,,4.177957907842078,-117.00745036924229,-2.6702547883524828,11.333635417551307,24.341988769546848,-25.284187768575997,3.301624016,1.666240158,,,,"80.6",2511,"6.6",824988,669127,701762,643446,691777,805779,691016,703607,671732,"53.87",,,,,,,,50,1,"Sweeper",0,6,6,0,6,0,6,0,"Standard","Standard",88,"0","0.038",,,,,"-0.038",,-6,6,0.024,0.976,33,25,34,25,1,3,1,2,,1,"2.83","-1.34","-1.34","14.2",,,,,
"SI","2026-06-20","94","-1.2","5.72","Grissom, Vaughn",687093,669372,"strikeout","swinging_strike",,,,,12,"Vaughn Grissom strikes out swinging.","R","R","R","ATH","LAA","S",2,,1,2,2026,"-0.89","0.79",0.2840869604202947,3.7954917135369812,,,,2,1,"Top",,,,,,,5.8388554310674605,-136.68265969411857,-0.8102319680902841,-12.449576110036547,33.49864654775257,-22.44112361690115,3.301624016,1.666240158,,,,"94.1",1991,"6.7",824988,669127,701762,643446,691777,805779,691016,703607,671732,"53.84",,0,"0",1,0,0,,3,4,"Sinker",0,0,0,0,0,0,0,0,"Standard","Standard",218,"0.007","-0.177","64.9","5.9","0.1",,"0.177",,0,0,0.541,0.45899999999999996,27,25,27,25,1,0,5,2,6,1,"1.82","0.89","0.89","46.0",-15.921680304628104,25.78826626086885,26.831363104500156,38.97911346439082,5.688412171736021
"SL","2026-06-20","86.1","-1.51","5.52","Grissom, Vaughn",687093,669372,,"ball",,,,,14,,"R","R","R","ATH","LAA","B",,,0,2,2026,"0.77","-0.08",1.6186759657672307,1.8058071329636105,,,,2,1,"Top",,,,,,,5.791807022808973,-125.33343072520671,-2.142093410432895,6.779069050273231,27.106770451915718,-32.784722034645426,3.301624016,1.666240158,,,,"86.4",2394,"6.6",824988,669127,701762,643446,691777,805779,691016,703607,671732,"53.87",,,,,,,,3,3,"Slider",0,0,0,0,0,0,0,0,"Standard","Standard",13,"-0.001","0.025",,,,,"-0.025",,0,0,0.542,0.45799999999999996,27,25,27,25,1,0,5,2,6,1,"3.17","-0.77","-0.77","34.4",,,,,
"SL","2026-06-20","87","-1.52","5.49","Grissom, Vaughn",687093,669372,,"foul",,,,,14,,"R","R","R","ATH","LAA","S",,,0,1,2026,"0.48","0.04",0.2642065236710791,1.5279579733658673,,,,2,1,"Top",,,,,,,3.237907684842605,-126.54853956459075,-3.11489625108657,4.331668020461446,28.911097237035882,-31.228738151898003,3.301624016,1.666240158,90,"68.8",74,"86.9",2404,"6.5",824988,669127,701762,643446,691777,805779,691016,703607,671732,"53.97",,,,,,,,3,2,"Slider",0,0,0,0,0,0,0,0,"Standard","Standard",31,"0.002","-0.063","72.7","8.3",,,"0.063","88.0",0,0,0.54,0.45999999999999996,27,25,27,25,1,0,5,2,6,1,"3","-0.48","-0.48","36.0",25.040740560895507,-18.061123894574322,42.970509666242286,39.31447754688233,37.42823136047495
"FC","2026-06-20","90","-1.52","5.5","Grissom, Vaughn",687093,669372,,"called_strike",,,,,9,,"R","R","R","ATH","LAA","S",,,0,0,2026,"0.32","0.78",0.62790004940417,2.034542094650034,,,,2,1,"Top",,,,,,,4.614108280350959,-130.9704786755636,-4.04532516861101,2.52505849928614,31.006973513195188,-22.575783467194267,3.301624016,1.666240158,,,,"90.4",2295,"6.8",824988,669127,701762,643446,691777,805779,691016,703607,671732,"53.73",,,,,,,,3,1,"Cutter",0,0,0,0,0,0,0,0,"Standard","Standard",218,"0.002","-0.044",,,,,"0.044",,0,0,0.538,0.46199999999999997,27,25,27,25,1,0,5,2,6,1,"2.06","-0.32","-0.32","39.0",,,,,
"SL","2026-06-18","87","2.22","5.5","Grissom, Vaughn",687093,695611,"walk","ball",,,,,14,"Vaughn Grissom walks.","R","R","L","ATH","LAA","B",,,3,2,2026,"-0.34","0.2",1.451382588968818,2.188527535164691,,,,0,7,"Top",,,,,,,-1.1007854700956856,-126.78151438137509,-2.006863873129788,-3.4561591525197253,25.16448003393588,-29.8621081490685,3.301624016,1.666240158,,,,"87.3",2259,"6.3",824989,669127,701762,643446,680869,805779,691016,703607,666126,"54.19",,0.698079,"0.7",1,0,0,,50,6,"Slider",5,0,0,5,0,5,0,5,"Standard","Standard",210,"-0.015","0.373",,,,,"-0.373",,5,-5,0.965,0.03500000000000003,23,25,23,25,3,2,6,1,6,2,"2.8","-0.34","0.34","44.4",,,,,
"SL","2026-06-18","87","2.15","5.55","Grissom, Vaughn",687093,695611,,"ball",,,,,13,,"R","R","L","ATH","LAA","B",,,2,2,2026,"-0.2","0.32",-0.725956514893363,0.12694521183423735,,,,0,7,"Top",,,,,,,-6.382742361034987,-126.36555071438904,-7.175080182139602,-0.8155105041402851,26.81779266723671,-27.3908092472188,3.301624016,1.666240158,,,,"86.8",2288,"6.3",824989,669127,701762,643446,680869,805779,691016,703607,666126,"54.16",,,,,,,,50,5,"Slider",5,0,0,5,0,5,0,5,"Standard","Standard",205,"-0.005","0.115",,,,,"-0.115",,5,-5,0.97,0.030000000000000027,23,25,23,25,3,2,6,1,6,2,"2.71","-0.2","0.2","44.3",,,,,
"FF","2026-06-18","94.9","2.23","5.46","Grissom, Vaughn",687093,695611,,"foul",,,,,1,,"R","R","L","ATH","LAA","S",,,2,1,2026,"0.68","1.52",-0.5340821576324175,3.2023355298973564,,,,0,7,"Top",,,,,,,-8.690816281105189,-137.910194724551,-3.5160876889476134,10.647299290585726,30.486480612591354,-12.12304190914283,3.301624016,1.666240158,64,"67.8",78,"94.9",2319,"6.4",824989,669127,701762,643446,680869,805779,691016,703607,666126,"54.13",,,,,,,,50,4,"4-Seam Fastball",5,0,0,5,0,5,0,5,"Standard","Standard",145,"0.004","-0.08","66.0","6.4",,,"0.08","88.0",5,-5,0.966,0.03400000000000003,23,25,23,25,3,2,6,1,6,2,"1.01","0.68","-0.68","39.2",3.3037395936952585,3.3870260203645373,27.780272457495606,29.578465377335803,26.649681177293065
"SL","2026-06-18","88.3","2.14","5.53","Grissom, Vaughn",687093,695611,,"ball",,,,,13,,"R","R","L","ATH","LAA","B",,,1,1,2026,"-0.25","0.43",-1.2032253614290453,1.636898697995579,,,,0,7,"Top",,,,,,,-7.559261904653797,-128.50559844972742,-4.1719699786358255,-1.3561358430615746,23.77298662692547,-26.758300543047422,3.301624016,1.666240158,,,,"89.2",2378,"6.6",824989,669127,701762,643446,680869,805779,691016,703607,666126,"53.87",,,,,,,,50,3,"Slider",5,0,0,5,0,5,0,5,"Standard","Standard",208,"-0.002","0.064",,,,,"-0.064",,5,-5,0.968,0.03200000000000003,23,25,23,25,3,2,6,1,6,2,"2.47","-0.25","0.25","44.8",,,,,
"CH","2026-06-18","88.7","2.3","5.36","Grissom, Vaughn",687093,695611,,"ball",,,,,13,,"R","R","L","ATH","LAA","B",,,0,1,2026,"0.33","1.27",-0.0403890090676734,-0.1909841639987293,,,,0,7,"Top",,,,,,,-6.4148557244645845,-128.76521788416022,-10.033950004838912,4.972890291619352,24.600958886556192,-16.175013926195145,3.301624016,1.666240158,,,,"89.8",1231,"6.9",824989,669127,701762,643446,680869,805779,691016,703607,666126,"53.61",,,,,,,,50,2,"Changeup",5,0,0,5,0,5,0,5,"Standard","Standard",138,"-0.002","0.029",,,,,"-0.029",,5,-5,0.97,0.030000000000000027,23,25,23,25,3,2,6,1,6,2,"1.62","0.33","-0.33","38.6",,,,,
"FF","2026-06-18","95.9","1.99","5.49","Grissom, Vaughn",687093,695611,,"called_strike",,,,,8,,"R","R","L","ATH","LAA","S",,,0,0,2026,"0.67","1.43",0.041808678148893996,1.5884017739709206,,,,0,7,"Top",,,,,,,-6.645603201755959,-139.4159460424548,-7.798722557317609,10.170750974578269,29.90554079593629,-11.991253179662829,3.301624016,1.666240158,,,,"96.5",2365,"6.6",824989,669127,701762,643446,680869,805779,691016,703607,666126,"53.94",,,,,,,,50,1,"4-Seam Fastball",5,0,0,5,0,5,0,5,"Standard","Standard",151,"0.002","-0.043",,,,,"0.043",,5,-5,0.968,0.03200000000000003,23,25,23,25,3,2,6,1,6,2,"1.05","0.67","-0.67","42.2",,,,,
"FF","2026-06-18","94.4","2.17","5.59","Grissom, Vaughn",687093,695611,"field_out","hit_into_play",,,,,2,"Vaughn Grissom flies out to center fielder Henry Bolte.","R","R","L","ATH","LAA","X",8,"fly_ball",1,1,2026,"0.63","1.52",0.2353332320721021,2.887230411023948,,,663611,1,4,"Top",151.38,52.43,,,,,-6.381746568616511,-137.3405498001045,-4.588708715373164,9.375707961995206,30.93812113434722,-12.168069531550021,3.301624016,1.666240158,368,"99.6",21,"94.4",2278,"6.3",824989,669127,701762,643446,680869,805779,691016,703607,666126,"54.17",0.36,0.464,"0",1,0,0,5,31,3,"4-Seam Fastball",5,0,0,5,0,5,0,5,"Standard","Standard",146,"0.016","-0.249",,,,0.759,"0.249","99.6",5,-5,0.92,0.07999999999999996,23,25,23,25,2,1,6,1,6,2,"1.05","0.63","-0.63","39.8",,,,,
"CU","2026-06-18","83.8","1.99","5.68","Grissom, Vaughn",687093,695611,,"blocked_ball",,,,,13,,"R","R","L","ATH","LAA","B",,,0,1,2026,"-0.73","-0.7",-1.354258087030228,0.43449034798528086,,,663611,1,4,"Top",,,,,,,-6.160877874650164,-121.85159786523877,-3.9529084490860273,-5.914355730345481,25.983440173215797,-38.52589395312281,3.301624016,1.666240158,,,,"83.5",2638,"6.3",824989,669127,701762,643446,680869,805779,691016,703607,666126,"54.16",,,,,,,,31,2,"Curveball",5,0,0,5,0,5,0,5,"Standard","Standard",320,"-0.002","0.029",,,,,"-0.029",,5,-5,0.922,0.07799999999999996,23,25,23,25,2,1,6,1,6,2,"3.98","-0.73","0.73","50.1",,,,,
"SL","2026-06-18","87.1","2.15","5.61","Grissom, Vaughn",687093,695611,,"called_strike",,,,,6,,"R","R","L","ATH","LAA","S",,,0,0,2026,"-0.44","0.04",0.3500952159784859,2.445614466252368,,,663611,1,4,"Top",,,,,,,-3.3280458254581906,-126.7899949989655,-1.2740197009793686,-4.02602370169953,26.95337234992443,-31.737790291767528,3.301624016,1.666240158,,,,"86.8",2234,"6.2",824989,669127,701762,643446,680869,805779,691016,703607,666126,"54.33",,,,,,,,31,1,"Slider",5,0,0,5,0,5,0,5,"Standard","Standard",210,"0.003","-0.041",,,,,"0.041",,5,-5,0.919,0.08099999999999996,23,25,23,25,2,1,6,1,6,2,"2.98","-0.44","0.44","45.9",,,,,
"SL","2026-06-18","87.4","2.06","5.57","Grissom, Vaughn",687093,695611,"field_out","hit_into_play",,,,,9,"Vaughn Grissom lines out to center fielder Henry Bolte.","R","R","L","ATH","LAA","X",8,"line_drive",1,2,2026,"-0.38","-0.03",0.531697316161903,1.7572771243660164,,,,0,2,"Top",145.61,85.46,,,,,-2.830401895979846,-127.34585124386378,-2.8115142960988138,-3.592582086969422,24.890453018854537,-32.13339976454611,3.301624016,1.666240158,287,"90.6",17,"87.7",2456,"6.3",824989,669127,701762,643446,680869,805779,691016,703607,666126,"54.21",0.797,0.734,"0",1,0,0,4,15,5,"Slider",5,0,0,5,0,5,0,5,"Standard","Standard",293,"0.01","-0.188","68.3","7.5",,0.917,"0.188","90.6",5,-5,0.895,0.10499999999999998,23,25,23,25,1,0,6,1,6,2,"2.99","-0.38","0.38","47.0",4.209661507318804,-0.6599624092242617,40.37604627520932,41.0412238950872,26.35848860861971
"FF","2026-06-18","95.3","1.92","5.64","Grissom, Vaughn",687093,695611,,"foul",,,,,12,,"R","R","L","ATH","LAA","S",,,1,2,2026,"0.73","1.54",0.868953202456536,3.457342062660055,,,,0,2,"Top",,,,,,,-4.385366364146896,-138.72060889385858,-3.4312467554815957,10.441804309510456,31.31979623734855,-11.736669881156475,3.301624016,1.666240158,315,"93.5",29,"95.2",2275,"6.2",824989,669127,701762,643446,680869,805779,691016,703607,666126,"54.29",,,,,,,,15,4,"4-Seam Fastball",5,0,0,5,0,5,0,5,"Standard","Standard",151,"0","0","70.0","6.6",,,"0","93.5",5,-5,0.895,0.10499999999999998,23,25,23,25,1,0,6,1,6,2,"0.97","0.73","-0.73","42.7",-2.6493353691792234,14.729595249406325,24.167112619152793,44.72772607013172,15.13903372800861
"FF","2026-06-18","95.8","2.07","5.47","Grissom, Vaughn",687093,695611,,"foul",,,,,6,,"R","R","L","ATH","LAA","S",,,1,1,2026,"0.58","1.32",0.4929619471783837,2.765511150263222,,,,0,2,"Top",,,,,,,-5.466265065610091,-139.4712819555876,-4.406185859171524,8.74909613112085,30.54803752681505,-14.146760060245718,3.301624016,1.666240158,273,"90.2",30,"96.3",2304,"6.5",824989,669127,701762,643446,680869,805779,691016,703607,666126,"54.04",,,,,,,,15,3,"4-Seam Fastball",5,0,0,5,0,5,0,5,"Standard","Standard",150,"0.003","-0.062","73.4","6.5",,,"0.062","90.2",5,-5,0.892,0.10799999999999998,23,25,23,25,1,0,6,1,6,2,"1.16","0.58","-0.58","41.8",-6.828899848773637,32.57326314449067,33.20518042001043,41.670376406891044,12.826680885448186
"CU","2026-06-18","74","2.18","6.13","Grissom, Vaughn",687093,663687,"single","hit_into_play",,,,,2,"Vaughn Grissom singles on a ground ball to left fielder Tyler Soderstrom.","R","R","L","ATH","LAA","X",7,"ground_ball",1,1,2026,"-0.28","-1.41",0.2714728417989655,3.028004178552922,,,,1,9,"Top",80.15,116.69,,,,,-3.346140788177685,-107.49000586483002,3.7775098686627917,-1.4728501252382296,21.154519706475146,-43.9880609866462,3.301624016,1.666240158,109,"76",9,"73.5",2405,"6.3",824989,669127,701762,675961,680869,805779,691016,703607,687515,"54.18",0.266,0.239,"0.9",1,1,0,2,68,3,"Curveball",5,0,0,5,0,5,0,5,"Standard","Standard",343,"-0.004","0.427","64.6","7.2",,0.266,"-0.427","88.0",5,-5,0.998,0.0020000000000000018,29,25,30,25,1,3,2,1,3,2,"5.63","-0.28","0.28","60.6",25.27301769280649,-9.690373512531114,21.620562053804104,39.94820181930997,39.221370804802596
"CU","2026-06-18","82.2","2.09","5.61","Grissom, Vaughn",687093,695611,,"ball",,,,,13,,"R","R","L","ATH","LAA","B",,,0,1,2026,"-0.65","-0.9",-0.8305566603374879,0.015664312334376707,,,,0,2,"Top",,,,,,,-5.2671544782060264,-119.73793832149344,-4.170209300804726,-5.3115294246775395,21.336086432025557,-40.28586513246594,3.301624016,1.666240158,,,,"82.5",2884,"6.3",824989,669127,701762,643446,680869,805779,691016,703607,666126,"54.21",,,,,,,,15,2,"Curveball",5,0,0,5,0,5,0,5,"Standard","Standard",325,"-0.001","0.029",,,,,"-0.029",,5,-5,0.893,0.10699999999999998,23,25,23,25,1,0,6,1,6,2,"4.24","-0.65","0.65","46.4",,,,,
"FC","2026-06-18","92.5","2.36","5.9","Grissom, Vaughn",687093,663687,,"ball",,,,,13,,"R","R","L","ATH","LAA","B",,,0,1,2026,"0.11","1.27",-1.6665827515526754,1.7790976683083672,,,,1,9,"Top",,,,,,,-10.420455413478258,-134.2185737110346,-7.31901881753812,3.4736165853139442,27.722329330591176,-15.329350663073226,3.301624016,1.666240158,,,,"93.1",2339,"6.7",824989,669127,701762,675961,680869,805779,691016,703607,687515,"53.82",,,,,,,,68,2,"Cutter",5,0,0,5,0,5,0,5,"Standard","Standard",167,"0","0.035",,,,,"-0.035",,5,-5,0.998,0.0020000000000000018,29,25,30,25,1,3,2,1,3,2,"1.4","0.11","-0.11","52.5",,,,,
"FF","2026-06-18","92.7","2.15","5.56","Grissom, Vaughn",687093,695611,,"called_strike",,,,,2,,"R","R","L","ATH","LAA","S",,,0,0,2026,"0.71","1.6",0.09281654511639637,2.955654393095841,,,,0,2,"Top",,,,,,,-6.757002228493495,-134.73759085341308,-4.151034989020355,10.23607339433872,31.680419937009635,-12.086524169330595,3.301624016,1.666240158,,,,"92.2",2385,"6.2",824989,669127,701762,643446,680869,805779,691016,703607,666126,"54.28",,,,,,,,15,1,"4-Seam Fastball",5,0,0,5,0,5,0,5,"Standard","Standard",147,"0.002","-0.043",,,,,"0.043",,5,-5,0.891,0.10899999999999999,23,25,23,25,1,0,6,1,6,2,"1.08","0.71","-0.71","42.6",,,,,
"FF","2026-06-18","94.8","2.32","6.01","Grissom, Vaughn",687093,663687,,"foul",,,,,2,,"R","R","L","ATH","LAA","S",,,0,0,2026,"0.76","1.46",-0.01862293767638168,2.9383933251694554,,,,1,9,"Top",,,,,,,-7.751872621756666,-137.71056249539419,-5.414055182536559,11.505409452657053,32.71647656608467,-12.605540643808416,3.301624016,1.666240158,235,"71.2",46,"94.5",2320,"6.4",824989,669127,701762,675961,680869,805779,691016,703607,687515,"54.15",,,,,,,,68,1,"4-Seam Fastball",5,0,0,5,0,5,0,5,"Standard","Standard",142,"0","-0.042","65.2","6.8",,,"0.042","88.0",5,-5,0.998,0.0020000000000000018,29,25,30,25,1,3,2,1,3,2,"1.1","0.76","-0.76","56.7",2.5710477301100796,10.645165654668077,32.60816596529299,35.290700667524405,22.041739060357852
"FF","2026-06-17","89.9","1.59","5.95","Grissom, Vaughn",687093,593958,"field_out","hit_into_play",,,,,5,"Vaughn Grissom pops out to first baseman LuJames Groover.","R","R","L","AZ","LAA","X",3,"popup",2,1,2026,"0.38","1.41",-0.26408956087465624,2.7445764007317233,,,,0,7,"Top",138.99,181.12,,,,,-5.3625609008981625,-130.7589550393576,-4.796504132309523,5.532419618388076,27.796400332789585,-15.179919740455617,3.301624016,1.666240158,62,"79.2",78,"89.9",2259,"6.3",825072,672515,694410,545121,571448,672695,694371,691783,682998,"54.19",0.009,0.009,"0",1,0,0,3,56,4,"4-Seam Fastball",8,1,1,8,1,8,1,8,"Standard","Standard",147,"0.004","-0.314","74.2","7.4",,0.011,"0.314","88.0",7,-7,0.99,0.010000000000000009,33,25,33,25,3,2,5,14,6,1,"1.41","0.38","-0.38","42.5",11.600111049909561,-9.240714101015836,35.70887895887993,32.23975589306713,31.616674323704025
"CU","2026-06-17","76.8","1.43","6.01","Grissom, Vaughn",687093,593958,,"called_strike",,,,,6,,"R","R","L","AZ","LAA","S",,,2,0,2026,"-0.31","-0.46",0.7967618952666259,2.7560434289329634,,,,0,7,"Top",,,,,,,-0.74444938530522,-111.81936496721642,1.200260463533628,-2.4705564490062253,20.833719249322158,-36.48323074706526,3.301624016,1.666240158,,,,"76.9",2254,"6.4",825072,672515,694410,545121,571448,672695,694371,691783,682998,"54.09",,,,,,,,56,3,"Curveball",8,1,1,8,1,8,1,8,"Standard","Standard",303,"0.001","-0.077",,,,,"0.077",,7,-7,0.989,0.01100000000000001,33,25,33,25,3,2,5,14,6,1,"4.33","-0.31","0.31","47.9",,,,,
"CU","2026-06-17","77.3","1.36","6.09","Grissom, Vaughn",687093,593958,,"ball",,,,,14,,"R","R","L","AZ","LAA","B",,,1,0,2026,"-0.28","-0.45",0.42390943659550423,1.0542157639248906,,,,0,7,"Top",,,,,,,-1.4485135479891367,-112.67645094380596,-2.7274344375363526,-2.160757194276724,20.08721330574747,-35.73708723596923,3.301624016,1.666240158,,,,"77.5",2295,"6.3",825072,672515,694410,545121,571448,672695,694371,691783,682998,"54.23",,,,,,,,56,2,"Curveball",8,1,1,8,1,8,1,8,"Standard","Standard",304,"-0.001","0.084",,,,,"-0.084",,7,-7,0.99,0.010000000000000009,33,25,33,25,3,2,5,14,6,1,"4.25","-0.28","0.28","49.4",,,,,
"FF","2026-06-17","90","1.45","6.03","Grissom, Vaughn",687093,593958,,"ball",,,,,12,,"R","R","L","AZ","LAA","B",,,0,0,2026,"0.54","1.31",0.06545577458857699,3.893756857849633,,,,0,7,"Top",,,,,,,-4.539894057457562,-130.996401219956,-1.9739299099624432,7.160602377047798,27.70996728295833,-16.90877263878361,3.301624016,1.666240158,,,,"89.9",2238,"6.2",825072,672515,694410,545121,571448,672695,694371,691783,682998,"54.31",,,,,,,,56,1,"4-Seam Fastball",8,1,1,8,1,8,1,8,"Standard","Standard",150,"-0.001","0.044",,,,,"-0.044",,7,-7,0.991,0.009000000000000008,33,25,33,25,3,2,5,14,6,1,"1.51","0.54","-0.54","43.0",,,,,
"CU","2026-06-17","78.1","1.23","6.03","Grissom, Vaughn",687093,593958,"field_out","hit_into_play",,,,,13,"Vaughn Grissom grounds out, second baseman Ildemaro Vargas to first baseman LuJames Groover. Oswald Peraza to 2nd.","R","R","L","AZ","LAA","X",4,"ground_ball",1,0,2026,"-0.17","-0.47",-0.03024924793027603,1.0751286722573696,,,672724,1,4,"Top",130.71,156.07,,,,,-2.373568665394798,-113.7007430620569,-2.660824842590492,-1.0614759178830215,20.69955885783152,-36.00186750853142,3.301624016,1.666240158,2,"64.4",-39,"78.5",2292,"6.5",825072,672515,694410,545121,571448,672695,694371,691783,682998,"54",0.11,0.099,"0",1,0,0,2,33,2,"Curveball",6,1,1,6,1,6,1,6,"Standard","Standard",318,"0.015","-0.354","74.2","8.3",,0.11,"0.354","88.0",5,-5,0.917,0.08299999999999996,33,25,33,25,2,1,5,14,6,1,"4.2","-0.17","0.17","48.5",19.33931757793985,-23.676889544580103,43.25570579370505,36.16753460884336,44.38730677546646
"FF","2026-06-17","91.8","1.41","5.91","Grissom, Vaughn",687093,593958,,"ball",,,,,13,,"R","R","L","AZ","LAA","B",,,0,0,2026,"0.59","1.38",-0.9106506168147149,0.5211166060615939,,,672724,1,4,"Top",,,,,,,-7.075588788493296,-133.14872883117278,-10.502245251271715,8.498260544431869,28.33721193342824,-13.684302367509023,3.301624016,1.666240158,,,,"91.7",2310,"6.4",825072,672515,694410,545121,571448,672695,694371,691783,682998,"54.1",,,,,,,,33,1,"4-Seam Fastball",6,1,1,6,1,6,1,6,"Standard","Standard",152,"-0.002","0.033",,,,,"-0.033",,5,-5,0.919,0.08099999999999996,33,25,33,25,2,1,5,14,6,1,"1.34","0.59","-0.59","42.1",,,,,
"CH","2026-06-17","86.1","1.43","5.94","Grissom, Vaughn",687093,593958,"field_out","hit_into_play",,,,,9,"Vaughn Grissom lines out to right fielder Corbin Carroll.","R","R","L","AZ","LAA","X",9,"line_drive",2,2,2026,"1.12","0.53",0.6005706239567852,1.7896699799643123,,,,0,2,"Top",194.67,108.66,,,,,-4.264733304105459,-125.2896759601526,-4.445690561619731,12.65734716263023,26.70647126110586,-25.877875799819698,3.301624016,1.666240158,281,"92.2",20,"86.2",1770,"6.5",825072,672515,694410,545121,571448,672695,694371,691783,682998,"54.04",0.269,0.26,"0",1,0,0,4,10,7,"Changeup",0,1,1,0,1,0,1,0,"Standard","Standard",134,"0.018","-0.234","70.4","7.2",,0.372,"0.234","92.2",-1,1,0.4,0.6,33,25,33,25,1,0,5,14,6,1,"2.56","1.12","-1.12","41.2",-5.09191619216656,13.772499318658374,44.48566284455958,41.48247084460575,16.653782039958223
"SI","2026-06-17","90.9","1.13","6.09","Grissom, Vaughn",687093,593958,,"ball",,,,,11,,"R","R","L","AZ","LAA","B",,,1,2,2026,"1.12","1.18",-1.3102222215544188,3.1831853706134865,,,,0,2,"Top",,,,,,,-8.492630261882507,-132.0735991814246,-3.693556523607545,14.992761178029365,29.66319454796829,-17.790421326997855,3.301624016,1.666240158,,,,"90.8",2176,"6.4",825072,672515,694410,545121,571448,672695,694371,691783,682998,"54.07",,,,,,,,10,6,"Sinker",0,1,1,0,1,0,1,0,"Standard","Standard",161,"-0.003","0.046",,,,,"-0.046",,-1,1,0.403,0.597,33,25,33,25,1,0,5,14,6,1,"1.6","1.12","-1.12","48.4",,,,,
"FF","2026-06-17","92","1.5","5.9","Grissom, Vaughn",687093,593958,,"foul",,,,,12,,"R","R","L","AZ","LAA","S",,,1,2,2026,"0.72","1.24",0.5459941583001103,3.458081924154027,,,,0,2,"Top",,,,,,,-3.96556665962167,-133.96174179804177,-2.915083888797879,9.527111166836077,28.958710399507833,-16.77337011708818,3.301624016,1.666240158,234,"81.3",22,"92",2296,"6.3",825072,672515,694410,545121,571448,672695,694371,691783,682998,"54.23",,,,,,,,10,5,"4-Seam Fastball",0,1,1,0,1,0,1,0,"Standard","Standard",152,"0","0","65.6","5.3",,,"0","88.0",-1,1,0.403,0.597,33,25,33,25,1,0,5,14,6,1,"1.45","0.72","-0.72","41.3",-25.609078049649693,43.29589655844722,35.19303592592682,40.67366431010505,-7.370855942603885
"FF","2026-06-17","91.5","1.4","5.97","Grissom, Vaughn",687093,593958,,"ball",,,,,11,,"R","R","L","AZ","LAA","B",,,0,2,2026,"0.54","1.3",-0.9272323287737085,3.9912241326526727,,,,0,2,"Top",,,,,,,-6.988835650977821,-133.04049200709406,-1.7937959619635238,7.962223059533241,28.69913972911425,-16.587339563352234,3.301624016,1.666240158,,,,"91.4",2265,"6.3",825072,672515,694410,545121,571448,672695,694371,691783,682998,"54.23",,,,,,,,10,4,"4-Seam Fastball",0,1,1,0,1,0,1,0,"Standard","Standard",147,"-0.002","0.023",,,,,"-0.023",,-1,1,0.405,0.595,33,25,33,25,1,0,5,14,6,1,"1.43","0.54","-0.54","41.8",,,,,
"CH","2026-06-17","85.2","1.33","6.01","Grissom, Vaughn",687093,593958,,"foul",,,,,14,,"R","R","L","AZ","LAA","S",,,0,2,2026,"1.29","0.56",1.3686765139323749,1.8185879415588837,,,,0,2,"Top",,,,,,,-2.5488519054013143,-124.02674802460952,-4.447022777824923,13.874299261447696,24.88347627095144,-25.72563307613313,3.301624016,1.666240158,1,"65",-55,"85.3",1873,"6.3",825072,672515,694410,545121,571448,672695,694371,691783,682998,"54.17",,,,,,,,10,3,"Changeup",0,1,1,0,1,0,1,0,"Standard","Standard",133,"0","0","62.0","7.8",,,"0","88.0",-1,1,0.405,0.595,33,25,33,25,1,0,5,14,6,1,"2.58","1.29","-1.29","43.3",15.444575908965936,9.075832955349933,34.21443078153525,51.01810379047872,23.097112947392347
"CU","2026-06-17","77","1.31","6.11","Grissom, Vaughn",687093,593958,,"swinging_strike",,,,,14,,"R","R","L","AZ","LAA","S",,,0,1,2026,"-0.29","-0.63",0.44988375783685564,0.5024003419856178,,,,0,2,"Top",,,,,,,-1.2781097209132997,-112.06443365275165,-3.474495430750657,-2.158302710303401,21.003759625753247,-37.02021979703253,3.301624016,1.666240158,,,,"77.1",2297,"6.4",825072,672515,694410,545121,571448,672695,694371,691783,682998,"54.07",,,,,,,,10,2,"Curveball",0,1,1,0,1,0,1,0,"Standard","Standard",312,"0.005","-0.056","65.9","8.5","3.838580028",,"0.056",,-1,1,0.4,0.6,33,25,33,25,1,0,5,14,6,1,"4.48","-0.29","0.29","50.1",20.673196665716183,-20.824765109190874,46.56367607664665,41.70832587010565,41.96977253461461
"FF","2026-06-17","90.7","1.33","6.07","Grissom, Vaughn",687093,593958,,"called_strike",,,,,4,,"R","R","L","AZ","LAA","S",,,0,0,2026,"0.51","1.57",-0.45171440465607005,2.6907616948270694,,,,0,2,"Top",,,,,,,-5.488182057815305,-131.83702063543373,-5.676425043618638,7.138304140703425,29.090573213918017,-12.888146207621322,3.301624016,1.666240158,,,,"90.4",2320,"6.3",825072,672515,694410,545121,571448,672695,694371,691783,682998,"54.24",,,,,,,,10,1,"4-Seam Fastball",0,1,1,0,1,0,1,0,"Standard","Standard",154,"0.003","-0.043",,,,,"0.043",,-1,1,0.397,0.603,33,25,33,25,1,0,5,14,6,1,"1.22","0.51","-0.51","44.0",,,,,
"SI","2026-06-17","98.8","-1.7","5.72","Grissom, Vaughn",687093,666661,"field_out","hit_into_play",,,,,11,"Vaughn Grissom grounds out softly, pitcher Juan Morillo to first baseman LuJames Groover.","R","R","R","AZ","LAA","X",1,"ground_ball",1,1,2026,"-1.21","1.16",-1.2956634408734244,2.5415015073674314,,,,1,9,"Top",123.05,191.26,,,,,3.9534778711410734,-143.6932509803798,-5.724494955832921,-17.715581054525327,34.137186379648796,-15.030704548397361,3.301624016,1.666240158,1,"44.3",-75,"98.6",2264,"6.3",825072,672515,694410,545121,571448,672695,694371,691783,678489,"54.22",0.179,0.161,"0",1,0,0,1,71,3,"Sinker",8,1,1,8,1,8,1,8,"Standard","Standard",206,"0","-0.257","67.8","5.8",,0.179,"0.257","88.0",7,-7,0.999,0.0010000000000000009,27,25,27,25,1,3,3,14,4,1,"1.19","1.21","1.21","50.8",-15.991495792335762,23.725212759139833,43.52098136416993,22.704893636160037,18.272183573339486
"SI","2026-06-17","98.9","-1.64","5.72","Grissom, Vaughn",687093,666661,,"ball",,,,,11,,"R","R","R","AZ","LAA","B",,,0,1,2026,"-1.1","1.17",-0.9718825076566957,3.951902564398199,,,,1,9,"Top",,,,,,,4.385131349874528,-143.92115943885582,-1.9908562918214883,-16.243910806987763,34.12115163819564,-15.658900895804189,3.301624016,1.666240158,,,,"98.6",2225,"6.2",825072,672515,694410,545121,571448,672695,694371,691783,678489,"54.31",,,,,,,,71,2,"Sinker",8,1,1,8,1,8,1,8,"Standard","Standard",207,"0","0.035",,,,,"-0.035",,7,-7,0.999,0.0010000000000000009,27,25,27,25,1,3,3,14,4,1,"1.16","1.1","1.1","45.3",,,,,
"SL","2026-06-17","85.2","-1.49","5.82","Grissom, Vaughn",687093,666661,,"foul",,,,,9,,"R","R","R","AZ","LAA","S",,,0,0,2026,"0.88","-0.91",0.548452621454172,1.8667757928860471,,,,1,9,"Top",,,,,,,2.9338150974383694,-124.1297266283462,-0.8797241056032261,8.479945891045078,25.310674480267604,-41.65653739546554,3.301624016,1.666240158,2,"67.9",-45,"85.4",2893,"6.4",825072,672515,694410,545121,571448,672695,694371,691783,678489,"54.1",,,,,,,,71,1,"Slider",8,1,1,8,1,8,1,8,"Standard","Standard",61,"0","-0.042","74.7","7.8",,,"0.042","88.0",7,-7,0.999,0.0010000000000000009,27,25,27,25,1,3,3,14,4,1,"4.05","-0.88","-0.88","50.1",15.076178402673257,-2.6811811308167433,36.19027999962348,42.6028416046929,30.79934704998235
"ST","2026-06-03","82","-1.64","5.77","Grissom, Vaughn",687093,547179,"home_run","hit_into_play",,,,,11,"Vaughn Grissom homers (4) on a fly ball to left field. Wade Meckler scores.","R","R","R","LAA","COL","X",,"fly_ball",2,1,2026,"0.35","0.33",-0.8424236201990813,2.581055192315559,,,685133,1,4,"Bot",24.17,68.09,,,,,1.0823257155246504,-119.4012894820185,-1.0163372410476568,3.0830202838224574,26.064359688621526,-29.07604440935442,3.301624016,1.666240158,408,"106.8",31,"80.8",2501,"5.8",824024,696100,687859,666397,691720,650489,694514,664983,671289,"54.74",0.926,1.87,"2",1,0,3,6,38,4,"Sweeper",6,1,6,1,1,8,8,1,"Standard","Standard",60,"0.032","1.396","73.4","7.2",,3.639,"-1.396","106.8",5,5,0.948,0.948,34,25,34,25,3,2,5,1,7,14,"3.09","-0.35","-0.35","38.2",17.46855505952349,-22.459445771886994,35.7452121803613,26.118537909019576,33.13382529433001
"SL","2026-06-03","87","-1.45","5.87","Grissom, Vaughn",687093,547179,,"called_strike",,,,,6,,"R","R","R","LAA","COL","S",,,2,0,2026,"0","0.54",0.40700276972437877,2.788358443875515,,,685133,1,4,"Bot",,,,,,,4.3715206773953,-126.64578332849544,-2.0691426358078697,-1.0228350589058215,28.609172122768083,-26.18073369337543,3.301624016,1.666240158,,,,"86.1",2561,"5.9",824024,696100,687859,666397,691720,650489,694514,664983,671289,"54.56",,,,,,,,38,3,"Slider",6,1,6,1,1,6,6,1,"Standard","Standard",190,"-0.001","-0.051",,,,,"0.051",,5,5,0.949,0.949,34,25,34,25,3,2,5,1,7,14,"2.5","0","0","42.5",,,,,
"SI","2026-06-03","92.8","-1.53","5.79","Grissom, Vaughn",687093,547179,,"ball",,,,,11,,"R","R","R","LAA","COL","B",,,1,0,2026,"-1.68","0.91",-0.8819047432614178,2.5796277522733226,,,685133,1,4,"Bot",,,,,,,5.334374842821677,-135.00340979721685,-4.154349051527485,-21.701562842413356,32.69574498398658,-20.337139865469258,3.301624016,1.666240158,,,,"91.4",2219,"5.7",824024,696100,687859,666397,691720,650489,694514,664983,671289,"54.77",,,,,,,,38,2,"Sinker",6,1,6,1,1,6,6,1,"Standard","Standard",222,"0.001","0.07",,,,,"-0.07",,5,5,0.948,0.948,34,25,34,25,3,2,5,1,7,14,"1.76","1.68","1.68","41.5",,,,,
"CU","2026-06-03","80.9","-1.49","5.95","Grissom, Vaughn",687093,547179,,"ball",,,,,11,,"R","R","R","LAA","COL","B",,,0,0,2026,"-0.1","-0.7",-1.2238923837683702,3.7001448848764213,,,685133,1,4,"Bot",,,,,,,0.775722605073099,-117.656735143666,3.1824190607994476,-1.1035244038803054,24.385367699865693,-39.512821357631175,3.301624016,1.666240158,,,,"79.7",2481,"5.7",824024,696100,687859,666397,691720,650489,694514,664983,671289,"54.81",,,,,,,,38,1,"Curveball",6,1,6,1,1,6,6,1,"Standard","Standard",29,"0.001","0.033",,,,,"-0.033",,5,5,0.947,0.947,34,25,34,25,3,2,5,1,7,14,"4.21","0.1","0.1","42.9",,,,,
"CH","2026-06-03","85","-1.37","5.97","Grissom, Vaughn",687093,547179,"single","hit_into_play",,,,,9,"Vaughn Grissom singles on a line drive to left fielder Sterlin Thompson. Logan O'Hoppe scores. Mike Trout to 3rd. Vaughn Grissom to 2nd. Throwing error by left fielder Sterlin Thompson.","R","R","R","LAA","COL","X",7,"line_drive",0,2,2026,"-1.36","1.14",0.5422362841716155,1.7935688668747536,,681351,545361,2,2,"Bot",88.94,120.93,,,,,7.108344289117234,-123.4693619490958,-5.42122590545525,-15.399636852013476,26.1271421642916,-19.637557850954092,3.301624016,1.666240158,189,"74.8",18,"83.6",2208,"5.6",824024,696100,687859,666397,691720,650489,694514,664983,671289,"54.87",0.949,0.866,"0.9",1,1,0,4,20,3,"Changeup",3,0,3,0,0,4,4,0,"Standard","Standard",240,"0.072","0.641","64.3","8.2",,1.018,"-0.641","88.0",3,3,0.808,0.808,34,25,34,25,2,1,5,1,7,14,"2.05","1.36","1.36","44.8",21.864260845122125,-16.695240990703816,35.891696755486514,43.15973742112837,35.953607080648744
"SL","2026-06-03","87.2","-1.42","5.91","Grissom, Vaughn",687093,547179,,"foul",,,,,5,,"R","R","R","LAA","COL","S",,,0,1,2026,"0.22","0.15",0.06743846114493424,2.311055909470692,,681351,545361,2,2,"Bot",,,,,,,3.0429890211617807,-126.82671902586902,-2.480308656492908,1.663989825119072,29.280136112443405,-30.216898704025322,3.301624016,1.666240158,218,"74.1",30,"86",2595,"5.8",824024,696100,687859,666397,691720,650489,694514,664983,671289,"54.67",,,,,,,,20,2,"Slider",3,0,3,0,0,3,3,0,"Standard","Standard",96,"-0.006","-0.054","61.9","6.4",,,"0.054","88.0",3,3,0.814,0.814,34,25,34,25,2,1,5,1,7,14,"2.88","-0.22","-0.22","42.7",-14.351721471359241,16.591818651427097,39.504814651090406,37.42543618874071,11.45890391864966
"FC","2026-06-03","92.6","-1.33","5.8","Grissom, Vaughn",687093,547179,,"called_strike",,,,,12,,"R","R","R","LAA","COL","S",,,0,0,2026,"-0.2","0.94",0.8503524639060839,2.5051524395001614,,681351,545361,2,2,"Bot",,,,,,,5.882266985854621,-134.5658260016137,-4.3661200176703865,-3.8651926893809767,32.90520141600256,-20.024314459574704,3.301624016,1.666240158,,,,"91.2",2499,"5.8",824024,696100,687859,666397,691720,650489,694514,664983,671289,"54.68",,,,,,,,20,1,"Cutter",3,0,3,0,0,3,3,0,"Standard","Standard",212,"-0.004","-0.033",,,,,"0.033",,3,3,0.818,0.818,34,25,34,25,2,1,5,1,7,14,"1.75","0.2","0.2","48.5",,,,,
"FC","2026-06-03","88.1","-1.96","5.86","Grissom, Vaughn",687093,624522,"strikeout","swinging_strike",,,,,3,"Vaughn Grissom strikes out swinging.","R","R","R","LAA","COL","S",2,,3,2,2026,"0.37","0.7",0.4821326249192794,3.324270975811471,,685133,,0,6,"Bot",,,,,,,5.078530569726483,-128.31779071768653,-1.4066518443524438,3.1377301665345154,24.930446093105772,-24.30858436098991,3.301624016,1.666240158,,,,"88.4",2628,"6.3",824024,696100,687859,666397,691720,650489,694514,664983,671289,"54.24",,0,"0",1,0,0,,55,6,"Cutter",9,3,9,3,3,9,9,3,"Standard","Standard",154,"-0.003","-0.422","68.4","6.0","0.860067312",,"0.422",,6,6,0.99,0.99,31,25,31,25,1,3,3,1,4,14,"2.21","-0.37","-0.37","36.3",-1.85279605922218,22.018235205719165,23.443821730458914,41.895250092223556,15.114094340782376
"SI","2026-06-03","92.2","-1.78","5.71","Grissom, Vaughn",687093,624522,,"ball",,,,,14,,"R","R","R","LAA","COL","B",,,2,2,2026,"-1.16","0.94",1.0130117657786404,0.8774485979630451,,685133,,0,6,"Bot",,,,,,,9.580361760876063,-133.73258342730696,-8.247694473889224,-16.058197234717568,29.218245494256227,-19.185617775283507,3.301624016,1.666240158,,,,"92.1",2503,"6.4",824024,696100,687859,666397,691720,650489,694514,664983,671289,"54.06",,,,,,,,55,5,"Sinker",9,3,9,3,3,9,9,3,"Standard","Standard",207,"0","0.145",,,,,"-0.145",,6,6,0.99,0.99,31,25,31,25,1,3,3,1,4,14,"1.76","1.16","1.16","34.3",,,,,
"SI","2026-06-03","92.3","-1.66","5.79","Grissom, Vaughn",687093,624522,,"ball",,,,,14,,"R","R","R","LAA","COL","B",,,1,2,2026,"-1.22","1.08",0.9647287329772198,2.416210510332447,,685133,,0,6,"Bot",,,,,,,9.286641711580756,-134.05151235007116,-4.870435045994753,-16.830337328320912,31.1542324694364,-18.31890666707217,3.301624016,1.666240158,,,,"91.9",2530,"6.3",824024,696100,687859,666397,691720,650489,694514,664983,671289,"54.2",,,,,,,,55,4,"Sinker",9,3,9,3,3,9,9,3,"Standard","Standard",202,"0.001","0.011",,,,,"-0.011",,6,6,0.989,0.989,31,25,31,25,1,3,3,1,4,14,"1.63","1.22","1.22","35.6",,,,,
"SL","2026-06-03","86.2","-1.75","6.35","Grissom, Vaughn",687093,678020,"field_out","hit_into_play",,,,,9,"Vaughn Grissom lines out to center fielder Jake McCarthy.","R","R","R","LAA","COL","X",8,"line_drive",2,2,2026,"0.38","-0.16",0.7009858157273493,1.556130847983289,,545361,685133,2,7,"Bot",148.06,81.23,,,,,5.014583376408358,-125.40107917851107,-4.596284251728694,2.9213503488965946,25.926471618248254,-33.101402151051516,3.301624016,1.666240158,298,"87.4",23,"86.8",2505,"6.8",824024,696100,687859,666397,691720,650489,694514,664983,671289,"53.74",0.217,0.195,"0",1,0,0,3,68,7,"Slider",11,3,11,3,3,11,11,3,"Standard","Standard",44,"0","-0.222","59.3","7.4",,0.264,"0.222","88.0",8,8,0.998,0.998,26,25,26,25,1,4,2,1,2,14,"3.23","-0.38","-0.38","53.6",5.343870643124317,3.8698085159605355,33.571942258748784,41.47347798297987,28.124847947702857
"SI","2026-06-03","92","-1.92","5.75","Grissom, Vaughn",687093,624522,,"foul",,,,,7,,"R","R","R","LAA","COL","S",,,1,1,2026,"-1.15","0.84",-0.657237888124999,1.7161439976298105,,685133,,0,6,"Bot",,,,,,,5.699136858533879,-133.772908628557,-5.968808084980973,-15.00659684874718,30.30109427222624,-20.988860694411436,3.301624016,1.666240158,2,"53",-38,"91.8",2427,"6.3",824024,696100,687859,666397,691720,650489,694514,664983,671289,"54.18",,,,,,,,55,3,"Sinker",9,3,9,3,3,9,9,3,"Standard","Standard",210,"-0.001","-0.047","67.0","6.8",,,"0.047","88.0",6,6,0.99,0.99,31,25,31,25,1,3,3,1,4,14,"1.87","1.15","1.15","31.9",2.8452025697343672,1.2046362642629838,43.26227583234426,27.55989331679661,23.028428992882766
"SI","2026-06-03","92","-1.83","5.76","Grissom, Vaughn",687093,624522,,"ball",,,,,13,,"R","R","R","LAA","COL","B",,,0,1,2026,"-1.25","0.86",-0.6507019586095193,1.3715853310669768,,685133,,0,6,"Bot",,,,,,,5.687371336619794,-133.73087095605837,-6.878581984154011,-16.181616054167304,29.511849765665858,-20.59601097355772,3.301624016,1.666240158,,,,"91.6",2403,"6.2",824024,696100,687859,666397,691720,650489,694514,664983,671289,"54.32",,,,,,,,55,2,"Sinker",9,3,9,3,3,9,9,3,"Standard","Standard",207,"0","0.006",,,,,"-0.006",,6,6,0.99,0.99,31,25,31,25,1,3,3,1,4,14,"1.85","1.25","1.25","30.8",,,,,
"FF","2026-06-03","100.2","-1.59","6.32","Grissom, Vaughn",687093,678020,,"foul",,,,,6,,"R","R","R","LAA","COL","S",,,2,2,2026,"-0.6","1.14",0.4999280238881345,2.251931041162595,,545361,685133,2,7,"Bot",,,,,,,7.2057615238847035,-145.5348551067836,-8.435326774520236,-10.199084487092643,35.283074095329056,-14.07955898260811,3.301624016,1.666240158,85,"88.3",2,"100.9",2189,"6.9",824024,696100,687859,666397,691720,650489,694514,664983,671289,"53.63",,,,,,,,68,6,"4-Seam Fastball",11,3,11,3,3,11,11,3,"Standard","Standard",203,"0","0","63.7","5.9",,,"0","88.3",8,8,0.998,0.998,26,25,26,25,1,4,2,1,2,14,"1.14","0.6","0.6","59.4",-24.751720665891412,31.051636794698325,39.57252252163497,40.56285416220999,2.0249039792084256
"FC","2026-06-03","87.7","-1.77","5.78","Grissom, Vaughn",687093,624522,,"foul",,,,,6,,"R","R","R","LAA","COL","S",,,0,0,2026,"0.58","0.5",0.7798746119614015,2.675849255576049,,685133,,0,6,"Bot",,,,,,,4.8718390359272385,-127.63486177354545,-2.2221243664763075,5.274694609004435,26.63508430055941,-26.488583803896123,3.301624016,1.666240158,213,"71.5",27,"87.5",2666,"6.2",824024,696100,687859,666397,691720,650489,694514,664983,671289,"54.31",,,,,,,,55,1,"Cutter",9,3,9,3,3,9,9,3,"Standard","Standard",125,"0","-0.034","67.0","6.3",,,"0.034","88.0",6,6,0.99,0.99,31,25,31,25,1,3,3,1,4,14,"2.47","-0.58","-0.58","36.3",-11.166062607115366,27.882726892983133,28.097849669733083,46.51279649161319,11.912363163869337
"SL","2026-06-03","85.7","-1.81","6.3","Grissom, Vaughn",687093,678020,,"foul",,,,,14,,"R","R","R","LAA","COL","S",,,2,2,2026,"0.4","-0.27",0.6737281422887891,0.8444302655620781,,545361,685133,2,7,"Bot",,,,,,,5.031129164742281,-124.53368788862282,-5.74524174251181,3.029276265413989,27.758309687301303,-33.93220945831668,3.301624016,1.666240158,154,"58.6",46,"86.4",2531,"7.1",824024,696100,687859,666397,691720,650489,694514,664983,671289,"53.44",,,,,,,,68,5,"Slider",11,3,11,3,3,11,11,3,"Standard","Standard",44,"0","0","64.0","7.5",,,"0","88.0",8,8,0.998,0.998,26,25,26,25,1,4,2,1,2,14,"3.41","-0.4","-0.4","56.3",3.8166264430697234,-7.165593279251106,41.742370338336364,41.404702436014304,30.358234967076665
"SL","2026-06-03","88.6","-1.88","6.27","Grissom, Vaughn",687093,678020,,"ball",,,,,14,,"R","R","R","LAA","COL","B",,,1,2,2026,"0.25","-0.06",2.519362409450075,2.229893158309537,,545361,685133,2,7,"Bot",,,,,,,10.126955373694644,-128.47775106518708,-3.311602442128858,0.31434330214262274,31.225357986376306,-32.221390064587865,3.301624016,1.666240158,,,,"88.6",2576,"6.9",824024,696100,687859,666397,691720,650489,694514,664983,671289,"53.61",,,,,,,,68,4,"Slider",11,3,11,3,3,11,11,3,"Standard","Standard",51,"0","0.006",,,,,"-0.006",,8,8,0.998,0.998,26,25,26,25,1,4,2,1,2,14,"3.02","-0.25","-0.25","54.8",,,,,
"SL","2026-06-03","87.5","-1.84","6.34","Grissom, Vaughn",687093,678020,,"swinging_strike",,,,,3,,"R","R","R","LAA","COL","S",,,1,1,2026,"0.21","-0.15",0.6181644980042622,3.1967660365858412,,545361,685133,2,7,"Bot",,,,,,,5.433872160581582,-127.27267182354252,-0.8448019584667658,1.035019519238744,29.097112959284537,-33.811097434863754,3.301624016,1.666240158,,,,"87.7",2378,"6.7",824024,696100,687859,666397,691720,650489,694514,664983,671289,"53.81",,,,,,,,68,3,"Slider",11,3,11,3,3,11,11,3,"Standard","Standard",53,"0","-0.054","69.4","6.6","0.747041664",,"0.054",,8,8,0.998,0.998,26,25,26,25,1,4,2,1,2,14,"3.16","-0.21","-0.21","58.3",2.0534003135649215,12.697563886151512,26.62210506872739,41.998622312853485,20.807040611866945
"SL","2026-06-03","87.5","-1.78","6.23","Grissom, Vaughn",687093,678020,,"swinging_strike",,,,,9,,"R","R","R","LAA","COL","S",,,1,0,2026,"0.42","0.18",0.7546297611313189,1.921763709528773,,545361,685133,2,7,"Bot",,,,,,,5.1982896212340775,-127.23715943432076,-4.340096961262856,3.336535505382325,28.570370666835203,-29.50981869125859,3.301624016,1.666240158,,,,"87.9",2549,"6.8",824024,696100,687859,666397,691720,650489,694514,664983,671289,"53.72",,,,,,,,68,2,"Slider",11,3,11,3,3,11,11,3,"Standard","Standard",52,"0","-0.045","71.4","8.0","3.443675916",,"0.045",,8,8,0.998,0.998,26,25,26,25,1,4,2,1,2,14,"2.83","-0.42","-0.42","51.6",18.016502762211783,-21.97691650987269,31.635887437788316,43.17217943326117,46.55600303769184
"FF","2026-06-03","99.9","-1.59","6.27","Grissom, Vaughn",687093,678020,,"ball",,,,,14,,"R","R","R","LAA","COL","B",,,0,0,2026,"-1.01","1.42",1.1831554040690284,1.9080314121362876,,545361,685133,2,7,"Bot",,,,,,,10.083519230888568,-144.7177650949613,-9.790192205144159,-16.763526918248456,38.47476304350716,-9.919686121861943,3.301624016,1.666240158,,,,"100.3",2259,"7.1",824024,696100,687859,666397,691720,650489,694514,664983,671289,"53.44",,,,,,,,68,1,"4-Seam Fastball",11,3,11,3,3,11,11,3,"Standard","Standard",208,"0","0.028",,,,,"-0.028",,8,8,0.998,0.998,26,25,26,25,1,4,2,1,2,14,"0.91","1.01","1.01","57.8",,,,,
"SL","2026-06-03","87.3","-1.7","5.89","Grissom, Vaughn",687093,547179,"field_out","hit_into_play",,,,,8,"Vaughn Grissom flies out to left fielder Sterlin Thompson.","R","R","R","LAA","COL","X",7,"fly_ball",3,2,2026,"0.03","0.11",0.1986248725507894,2.0013361539595467,,624585,685133,1,1,"Bot",53.82,82.4,,,,,4.398036939622379,-127.04163008746812,-3.1087163289690896,-0.6438548481487776,28.94292950093244,-30.5583230617222,3.301624016,1.666240158,337,"93.5",34,"86",2565,"5.7",824024,696100,687859,666397,691720,650489,694514,664983,671289,"54.8",0.049,0.087,"0",1,0,0,3,7,6,"Slider",0,0,0,0,0,0,0,0,"Standard","Standard",42,"-0.053","-0.318","71.8","8.0",,0.168,"0.318","93.5",0,0,0.596,0.596,34,25,34,25,1,0,5,1,7,14,"2.91","-0.03","-0.03","41.1",20.56579201336528,-14.210877155451362,33.877061317614704,38.47292100590877,41.863316380269566
"SI","2026-06-03","95.4","-2","5.7","Grissom, Vaughn",687093,547179,,"foul",,,,,13,,"R","R","R","LAA","COL","S",,,3,1,2026,"-1.49","0.92",-1.0684010562234931,1.93233296854798,,624585,685133,1,1,"Bot",,,,,,,5.768106693580689,-138.5847757470628,-5.9890459283639625,-20.51220897014201,35.24929263556244,-19.186339634164085,3.301624016,1.666240158,,,,"93.9",2266,"5.8",824024,696100,687859,666397,691720,650489,694514,664983,671289,"54.66",,,,,,,,7,5,"Sinker",0,0,0,0,0,0,0,0,"Standard","Standard",222,"-0.014","-0.09","71.5","6.9",,,"0.09",,0,0,0.61,0.61,34,25,34,25,1,0,5,1,7,14,"1.63","1.49","1.49","46.4",6.449167402270529,-0.9166509633803192,39.5690687884482,26.058919208039253,24.727662875884988
"FC","2026-06-03","92.6","-1.72","5.81","Grissom, Vaughn",687093,547179,,"called_strike",,,,,3,,"R","R","R","LAA","COL","S",,,3,0,2026,"-0.16","0.83",0.6600794491592753,3.114774894616396,,624585,685133,1,1,"Bot",,,,,,,6.292044908130886,-134.71045087246307,-2.669372404527662,-3.4077788321013966,31.573371064535575,-21.700812227540386,3.301624016,1.666240158,,,,"91.5",2510,"5.8",824024,696100,687859,666397,691720,650489,694514,664983,671289,"54.66",,,,,,,,7,4,"Cutter",0,0,0,0,0,0,0,0,"Standard","Standard",211,"-0.012","-0.07",,,,,"0.07",,0,0,0.622,0.622,34,25,34,25,1,0,5,1,7,14,"1.85","0.16","0.16","40.6",,,,,
"SI","2026-06-03","91.6","-1.58","5.98","Grissom, Vaughn",687093,547179,,"blocked_ball",,,,,14,,"R","R","R","LAA","COL","B",,,2,0,2026,"-1.43","0.74",0.43900691836376526,0.22325233279938206,,624585,685133,1,1,"Bot",,,,,,,8.083199181070686,-132.81679892081243,-9.828616413399477,-18.655080749635655,30.137239501719243,-21.37679407476028,3.301624016,1.666240158,,,,"90.4",2275,"5.9",824024,696100,687859,666397,691720,650489,694514,664983,671289,"54.59",,,,,,,,7,3,"Sinker",0,0,0,0,0,0,0,0,"Standard","Standard",221,"0.018","0.115",,,,,"-0.115",,0,0,0.604,0.604,34,25,34,25,1,0,5,1,7,14,"2.01","1.43","1.43","49.6",,,,,
"FC","2026-06-03","91.6","-1.4","5.88","Grissom, Vaughn",687093,547179,,"ball",,,,,14,,"R","R","R","LAA","COL","B",,,1,0,2026,"-0.07","0.83",0.48938229487604334,0.9009034307396744,,624585,685133,1,1,"Bot",,,,,,,4.80105349618605,-133.10809327680164,-8.14217213372413,-1.8794737754502262,30.56557941880013,-20.679750642605146,3.301624016,1.666240158,,,,"90.4",2487,"5.8",824024,696100,687859,666397,691720,650489,694514,664983,671289,"54.68",,,,,,,,7,2,"Cutter",0,0,0,0,0,0,0,0,"Standard","Standard",213,"0.011","0.08",,,,,"-0.08",,0,0,0.593,0.593,34,25,34,25,1,0,5,1,7,14,"1.91","0.07","0.07","48.6",,,,,
"FC","2026-06-03","91.7","-1.46","5.94","Grissom, Vaughn",687093,547179,,"ball",,,,,13,,"R","R","R","LAA","COL","B",,,0,0,2026,"-0.78","0.57",-0.08054027440441991,0.7841391360655037,,624585,685133,1,1,"Bot",,,,,,,5.091085804881187,-133.19595229866147,-8.00989407552883,-10.41793611159939,30.899895899441017,-23.74974731962546,3.301624016,1.666240158,,,,"90.4",2470,"5.8",824024,696100,687859,666397,691720,650489,694514,664983,671289,"54.72",,,,,,,,7,1,"Cutter",0,0,0,0,0,0,0,0,"Standard","Standard",221,"0.006","0.039",,,,,"-0.039",,0,0,0.587,0.587,34,25,34,25,1,0,5,1,7,14,"2.17","0.78","0.78","39.2",,,,,
"FS","2026-06-02","86.5","-2.53","5.96","Grissom, Vaughn",687093,608372,"hit_by_pitch","hit_by_pitch",,,,,11,"Vaughn Grissom hit by pitch.","R","R","R","LAA","COL","B",,,0,0,2026,"-0.98","0.62",-2.1012870079217927,3.6549388761269546,,685133,,2,5,"Bot",,,,,,,3.024945188786529,-125.87376235784852,-0.34223753562079406,-10.976889153691719,27.837253171463292,-25.746102680531134,3.301624016,1.666240158,,,,"86.1",1122,"6.2",824026,696100,650489,677060,691720,678662,694514,664983,687859,"54.26",,0.728904,"0.7",1,0,0,,48,1,"Split-Finger",2,8,2,8,8,2,2,8,"Standard","Standard",220,"0.007","0.139",,,,,"-0.139",,-6,-6,0.036,0.036,36,25,37,25,3,2,6,1,7,1,"2.44","0.98","0.98","42.1",,,,,
"FS","2026-06-02","88.3","-2.55","5.95","Grissom, Vaughn",687093,608372,"strikeout","swinging_strike",,,,,13,"Vaughn Grissom strikes out swinging.","R","R","R","LAA","COL","S",2,,0,2,2026,"-1.17","0.18",-0.3128785472064668,1.308910960514976,,545361,685133,2,3,"Bot",,,,,,,7.8482642750011316,-128.29629260167937,-5.314762126312552,-14.603663796464902,26.877742696883207,-29.27104301921053,3.301624016,1.666240158,,,,"88.2",1451,"6.3",824026,696100,666397,650489,691720,678662,694514,664983,687859,"54.18",,0,"0",1,0,0,,27,3,"Split-Finger",0,3,0,3,3,0,0,3,"Standard","Standard",222,"-0.027","-0.198","76.4","8.2","1.459942704",,"0.198",,-3,-3,0.213,0.213,36,25,37,25,2,1,6,1,7,1,"2.76","1.17","1.17","41.3",23.292404104126735,-26.305100783354916,42.83345666894406,30.91942066065506,43.792281373371694
"ST","2026-06-02","84.1","-2.48","6.01","Grissom, Vaughn",687093,608372,,"foul",,,,,14,,"R","R","R","LAA","COL","S",,,0,1,2026,"0.87","0.44",1.0020594044790734,2.2119538371282945,,545361,685133,2,3,"Bot",,,,,,,6.190605245146233,-122.31827625544474,-2.9660962739104515,7.250782225895172,27.69677263350491,-27.37748432280382,3.301624016,1.666240158,187,"69.5",41,"83.4",2590,"6.2",824026,696100,666397,650489,691720,678662,694514,664983,687859,"54.31",,,,,,,,27,2,"Sweeper",0,3,0,3,3,0,0,3,"Standard","Standard",56,"-0.011","-0.054","68.9","7.3",,,"0.054","88.0",-3,-3,0.224,0.224,36,25,37,25,2,1,6,1,7,1,"2.83","-0.87","-0.87","41.0",2.27703074683367,2.4922082527721012,31.678175734273463,46.39909712731848,27.52411540498403
"SI","2026-06-02","93.6","-2.4","5.92","Grissom, Vaughn",687093,608372,,"called_strike",,,,,9,,"R","R","R","LAA","COL","S",,,0,0,2026,"-1.46","1.03",0.45872567192379,1.5482707612298598,,545361,685133,2,3,"Bot",,,,,,,10.561011472148238,-135.7228000541692,-7.515434454083283,-20.46301222182851,32.49312534570964,-17.840372548065986,3.301624016,1.666240158,,,,"93.1",2285,"6.4",824026,696100,666397,650489,691720,678662,694514,664983,687859,"54.09",,,,,,,,27,1,"Sinker",0,3,0,3,3,0,0,3,"Standard","Standard",209,"-0.007","-0.033",,,,,"0.033",,-3,-3,0.231,0.231,36,25,37,25,2,1,6,1,7,1,"1.61","1.46","1.46","40.6",,,,,
"SI","2026-06-02","93.7","-2.59","5.93","Grissom, Vaughn",687093,608372,"strikeout","called_strike",,,,,8,"Vaughn Grissom called out on strikes.","R","R","R","LAA","COL","S",2,,3,2,2026,"-1.12","1.22",-0.0024428012341051186,1.6341468746294774,,685133,,2,1,"Bot",,,,,,,9.112744514298537,-135.9490124343154,-7.770964851885113,-16.006980692449712,32.34058932237414,-15.40708027724204,3.301624016,1.666240158,,,,"93.2",2427,"6.3",824026,696100,666397,650489,691720,678662,694514,664983,687859,"54.17",,0,"0",1,0,0,,7,9,"Sinker",0,0,0,0,0,0,0,0,"Standard","Standard",214,"-0.034","-0.271",,,,,"0.271",,0,0,0.534,0.534,36,25,37,25,1,0,6,1,7,1,"1.41","1.12","1.12","37.1",,,,,
"FF","2026-06-02","93.4","-2.44","6.06","Grissom, Vaughn",687093,608372,,"foul",,,,,6,,"R","R","R","LAA","COL","S",,,3,2,2026,"-0.4","1.46",0.7478285567767913,2.289420608154302,,685133,,2,1,"Bot",,,,,,,9.000122341968703,-135.5449687031373,-6.883584572235478,-7.193185772537768,34.250208814982635,-12.77691199149481,3.301624016,1.666240158,,,,"92.6",2508,"6.3",824026,696100,666397,650489,691720,678662,694514,664983,687859,"54.17",,,,,,,,7,8,"4-Seam Fastball",0,0,0,0,0,0,0,0,"Standard","Standard",203,"0","0","69.9","7.0",,,"0",,0,0,0.534,0.534,36,25,37,25,1,0,6,1,7,1,"1.2","0.4","0.4","41.6",-4.083607778972901,9.657490012086292,36.929217867566436,45.3480414470197,18.84783512653963
"ST","2026-06-02","84.9","-2.67","5.94","Grissom, Vaughn",687093,608372,,"foul",,,,,7,,"R","R","R","LAA","COL","S",,,3,2,2026,"0.8","0.38",-0.5051987008230477,1.856797366914039,,685133,,2,1,"Bot",,,,,,,3.3510250079456156,-123.43150585317618,-3.5979131923548655,7.259172669754942,30.12838399356456,-27.756174279464812,3.301624016,1.666240158,,,,"83.8",2728,"6.1",824026,696100,666397,650489,691720,678662,694514,664983,687859,"54.39",,,,,,,,7,7,"Sweeper",0,0,0,0,0,0,0,0,"Standard","Standard",64,"0","0","76.4","8.2",,,"0",,0,0,0.534,0.534,36,25,37,25,1,0,6,1,7,1,"2.85","-0.8","-0.8","37.7",24.22367173871319,-38.34292552730153,39.40948735412289,29.251344703865538,47.01297767544145
"SI","2026-06-02","93.6","-2.52","6.07","Grissom, Vaughn",687093,608372,,"foul",,,,,1,,"R","R","R","LAA","COL","S",,,3,2,2026,"-1.28","1",-0.6525889832564142,2.9400868786280303,,685133,,2,1,"Bot",,,,,,,7.614407745191623,-135.96222905658485,-4.317719547394491,-17.569940567586254,32.040015906987456,-19.004085657617868,3.301624016,1.666240158,164,"60.3",41,"93.1",2364,"6.3",824026,696100,666397,650489,691720,678662,694514,664983,687859,"54.23",,,,,,,,7,6,"Sinker",0,0,0,0,0,0,0,0,"Standard","Standard",208,"0","0","67.5","5.8",,,"0","88.0",0,0,0.534,0.534,36,25,37,25,1,0,6,1,7,1,"1.63","1.28","1.28","39.9",-9.85479731486675,19.173189356041988,35.16428115367216,28.42452851731303,17.20882038118718
"SL","2026-06-02","85.7","-2.45","6.16","Grissom, Vaughn",687093,608372,,"blocked_ball",,,,,14,,"R","R","R","LAA","COL","B",,,2,2,2026,"0.37","-0.32",0.6355326924888065,0.5002828903381373,,685133,,2,1,"Bot",,,,,,,6.410051483230978,-124.58154415289629,-6.078716537576322,2.4598922245628865,26.95841460538971,-34.420260392803634,3.301624016,1.666240158,,,,"85.2",2696,"6.2",824026,696100,666397,650489,691720,678662,694514,664983,687859,"54.31",,,,,,,,7,5,"Slider",0,0,0,0,0,0,0,0,"Standard","Standard",62,"0.006","0.061",,,,,"-0.061",,0,0,0.528,0.528,36,25,37,25,1,0,6,1,7,1,"3.45","-0.37","-0.37","44.0",,,,,
"ST","2026-06-02","84.1","-2.6","6.03","Grissom, Vaughn",687093,608372,,"foul",,,,,8,,"R","R","R","LAA","COL","S",,,2,1,2026,"0.8","0.4",-0.04742355819056954,2.0379751042797496,,685133,,2,1,"Bot",,,,,,,4.206864077720787,-122.20451851257069,-3.267431242992852,6.892197678182437,29.177124791842047,-27.735302237216004,3.301624016,1.666240158,,,,"83.3",2669,"6.3",824026,696100,666397,650489,691720,678662,694514,664983,687859,"54.17",,,,,,,,7,4,"Sweeper",0,0,0,0,0,0,0,0,"Standard","Standard",60,"-0.006","-0.077","76.2","7.7",,,"0.077",,0,0,0.534,0.534,36,25,37,25,1,0,6,1,7,1,"2.89","-0.8","-0.8","42.0",14.990160001076193,-14.12292228656444,40.718081943825176,33.21579198717524,35.81402934167922
"ST","2026-06-02","83.5","-2.66","6.05","Grissom, Vaughn",687093,608372,,"called_strike",,,,,9,,"R","R","R","LAA","COL","S",,,2,0,2026,"0.92","0.19",0.5294121067098653,1.8665199209359384,,685133,,2,1,"Bot",,,,,,,5.369812898497164,-121.3055375161351,-3.1838977251810987,7.690775514854977,28.623319032787666,-29.781230623650373,3.301624016,1.666240158,,,,"82.5",2594,"6.2",824026,696100,666397,650489,691720,678662,694514,664983,687859,"54.32",,,,,,,,7,3,"Sweeper",0,0,0,0,0,0,0,0,"Standard","Standard",55,"-0.002","-0.042",,,,,"0.042",,0,0,0.536,0.536,36,25,37,25,1,0,6,1,7,1,"3.14","-0.92","-0.92","39.6",,,,,
"SI","2026-06-02","93.8","-2.69","5.92","Grissom, Vaughn",687093,608372,,"ball",,,,,14,,"R","R","R","LAA","COL","B",,,1,0,2026,"-1.38","0.93",0.08974011048339325,1.2355654009002393,,685133,,2,1,"Bot",,,,,,,10.174516400164219,-135.9534601376309,-8.100025076185819,-19.41046386177546,33.34431165861287,-18.93817661082376,3.301624016,1.666240158,,,,"93.2",2410,"6.4",824026,696100,666397,650489,691720,678662,694514,664983,687859,"54.08",,,,,,,,7,2,"Sinker",0,0,0,0,0,0,0,0,"Standard","Standard",218,"0.002","0.026",,,,,"-0.026",,0,0,0.534,0.534,36,25,37,25,1,0,6,1,7,1,"1.71","1.38","1.38","36.3",,,,,
"FS","2026-06-02","87.4","-2.55","6","Grissom, Vaughn",687093,608372,,"ball",,,,,13,,"R","R","R","LAA","COL","B",,,0,0,2026,"-0.99","0.37",-0.721777879065806,0.8855669100758723,,685133,,2,1,"Bot",,,,,,,6.434850273416698,-126.93788123748625,-6.606931151248841,-12.102270802551184,27.99358248108692,-26.978910360210353,3.301624016,1.666240158,,,,"87.1",1578,"6.4",824026,696100,666397,650489,691720,678662,694514,664983,687859,"54.14",,,,,,,,7,1,"Split-Finger",0,0,0,0,0,0,0,0,"Standard","Standard",220,"0.001","0.027",,,,,"-0.027",,0,0,0.533,0.533,36,25,37,25,1,0,6,1,7,1,"2.65","0.99","0.99","40.8",,,,,
"ST","2026-06-02","81.7","-1.71","5.77","Grissom, Vaughn",687093,669298,"double","hit_into_play",,,,,6,"Vaughn Grissom doubles (10) on a sharp line drive to center fielder Jake McCarthy.","R","R","R","LAA","COL","X",8,"line_drive",0,1,2026,"1.32","0.03",0.3805131362311954,2.2938243999291728,,,,1,8,"Bot",88.35,54.4,,,,,2.0621507098638494,-118.90316557066679,-1.0009864308760492,11.943021011671354,25.818065749075874,-31.915331166169878,3.301624016,1.666240158,369,"107.2",20,"81.5",2251,"6.4",824026,696100,650489,677060,691720,678662,694514,664983,687859,"54.08",0.737,1.074,"1.25",1,1,1,6,69,2,"Sweeper",2,8,2,8,8,2,2,8,"Standard","Standard",64,"0.006","0.684","75.5","7.6",,1.831,"-0.684","107.2",-6,-6,0.006,0.006,28,25,28,25,1,3,,1,1,1,"3.42","-1.32","-1.32","31.3",11.181774255908751,-5.988696691685754,36.3230103633222,38.94730054747149,33.400727691172975
"ST","2026-06-02","81.1","-1.78","5.66","Grissom, Vaughn",687093,669298,,"called_strike",,,,,5,,"R","R","R","LAA","COL","S",,,0,0,2026,"1.23","-0.12",0.12240987614434284,2.431339778837583,,,,1,8,"Bot",,,,,,,1.8085294673123777,-118.03438649868345,-0.03071046883578643,10.974539834248434,25.832203406842414,-33.54757063750671,3.301624016,1.666240158,,,,"81.1",2151,"6.6",824026,696100,650489,677060,691720,678662,694514,664983,687859,"53.89",,,,,,,,69,1,"Sweeper",2,8,2,8,8,2,2,8,"Standard","Standard",72,"0","-0.042",,,,,"0.042",,-6,-6,0.006,0.006,28,25,28,25,1,3,,1,1,1,"3.63","-1.23","-1.23","30.1",,,,,
"SI","2026-06-01","89.9","2.68","5.79","Grissom, Vaughn",687093,607536,"walk","ball",,,,,12,"Vaughn Grissom walks.","R","R","L","LAA","COL","B",,,3,1,2026,"1.24","1.04",1.3577557619731224,2.8320441244330135,,,,0,5,"Bot",,,,,,,-5.9361830512043605,-130.64528683477826,-3.343374682051679,15.514966137553726,30.21345518399535,-19.750859782194453,3.301624016,1.666240158,,,,"89.7",2296,"6.5",824027,696100,666397,650489,691720,678662,687859,664983,671289,"54.03",,0.698079,"0.7",1,0,0,,48,5,"Sinker",5,3,5,3,3,5,5,3,"Standard","Standard",140,"0.013","0.264",,,,,"-0.264",,2,2,0.821,0.821,33,25,33,25,3,2,6,1,6,1,"1.81","1.24","-1.24","24.9",,,,,
"FF","2026-06-01","90.3","2.78","5.78","Grissom, Vaughn",687093,607536,,"ball",,,,,13,,"R","R","L","LAA","COL","B",,,2,1,2026,"0.92","1.27",-0.857359279414684,2.126961647658525,,,,0,5,"Bot",,,,,,,-10.9328165252866,-130.9157293868933,-5.584532061862902,13.062499273134703,29.91087452276293,-16.547857811614428,3.301624016,1.666240158,,,,"90",2409,"6.5",824027,696100,666397,650489,691720,678662,687859,664983,671289,"54.01",,,,,,,,48,4,"4-Seam Fastball",5,3,5,3,3,5,5,3,"Standard","Standard",137,"0.007","0.144",,,,,"-0.144",,2,2,0.814,0.814,33,25,33,25,3,2,6,1,6,1,"1.57","0.92","-0.92","24.5",,,,,
"FF","2026-06-01","88.5","2.63","5.92","Grissom, Vaughn",687093,607536,,"ball",,,,,13,,"R","R","L","LAA","COL","B",,,1,1,2026,"0.78","1.39",-0.9583071949631097,1.9192035228910247,,,,0,5,"Bot",,,,,,,-10.312434985863627,-128.34261920511594,-6.354856531373367,10.901813127064457,28.570635105845057,-15.597089858535648,3.301624016,1.666240158,,,,"88.4",2346,"6.6",824027,696100,666397,650489,691720,678662,687859,664983,671289,"53.93",,,,,,,,48,3,"4-Seam Fastball",5,3,5,3,3,5,5,3,"Standard","Standard",138,"0.003","0.064",,,,,"-0.064",,2,2,0.811,0.811,33,25,33,25,3,2,6,1,6,1,"1.56","0.78","-0.78","31.0",,,,,
"CH","2026-06-01","82.5","2.85","5.88","Grissom, Vaughn",687093,607536,,"called_strike",,,,,5,,"R","R","L","LAA","COL","S",,,1,0,2026,"1.12","0.84",0.10165573655413307,2.748693924883901,,,,0,5,"Bot",,,,,,,-8.35609601657764,-119.85059734549955,-2.0169084013023757,12.455598008490776,24.41673584515997,-23.89779135745102,3.301624016,1.666240158,,,,"82.1",1699,"6.2",824027,696100,666397,650489,691720,678662,687859,664983,671289,"54.26",,,,,,,,48,2,"Changeup",5,3,5,3,3,5,5,3,"Standard","Standard",124,"-0.003","-0.058",,,,,"0.058",,2,2,0.814,0.814,33,25,33,25,3,2,6,1,6,1,"2.53","1.12","-1.12","31.0",,,,,
"FF","2026-06-01","88.3","2.73","5.96","Grissom, Vaughn",687093,607536,,"ball",,,,,12,,"R","R","L","LAA","COL","B",,,0,0,2026,"0.72","1.36",1.0084583975141737,3.774540589521192,,,,0,5,"Bot",,,,,,,-5.677676494024178,-128.46375567773597,-1.9379309763765171,9.215367132249781,27.215609262912192,-16.94851439649808,3.301624016,1.666240158,,,,"88.4",2350,"6.4",824027,696100,666397,650489,691720,678662,687859,664983,671289,"54.07",,,,,,,,48,1,"4-Seam Fastball",5,3,5,3,3,5,5,3,"Standard","Standard",141,"0.002","0.044",,,,,"-0.044",,2,2,0.812,0.812,33,25,33,25,3,2,6,1,6,1,"1.57","0.72","-0.72","30.0",,,,,
"CH","2026-06-01","87.1","2.58","5.85","Grissom, Vaughn",687093,607536,"field_out","hit_into_play",,,,,14,"Vaughn Grissom flies out to right fielder Tyler Freeman.","R","R","L","LAA","COL","X",9,"fly_ball",1,1,2026,"1.18","0.56",0.831598277451044,1.7713178298265913,,622268,624585,1,3,"Bot",160.02,90.68,,,,,-6.6275542754894845,-126.56660416930724,-4.48111764243515,14.090041559665782,28.85401643480924,-25.402503884340355,3.301624016,1.666240158,282,"80.2",32,"87",1595,"6.6",824027,696100,666397,650489,691720,678662,687859,664983,671289,"53.94",0.051,0.063,"0",1,0,0,3,27,3,"Changeup",0,2,0,2,2,0,0,2,"Infield shade","Standard",121,"-0.053","-0.228","73.9","7.8",,0.1,"0.228","88.0",-2,-2,0.375,0.375,33,25,33,25,2,1,6,1,6,1,"2.48","1.18","-1.18","30.6",6.53706521764411,-3.030210639338757,36.95714903498,46.40260093461433,31.503402912040904
"KC","2026-06-01","82.7","2.7","5.94","Grissom, Vaughn",687093,607536,,"blocked_ball",,,,,13,,"R","R","L","LAA","COL","B",,,0,1,2026,"0.16","-0.53",-0.30156828370895533,-0.4296053623622891,,622268,624585,1,3,"Bot",,,,,,,-7.083529521163854,-120.20954572422887,-6.647621312856032,2.965396908963635,23.810259988056874,-36.20239323017977,3.301624016,1.666240158,,,,"82.9",2388,"6.5",824027,696100,666397,650489,691720,678662,687859,664983,671289,"53.99",,,,,,,,27,2,"Knuckle Curve",0,2,0,2,2,0,0,2,"Standard","Standard",341,"0.005","0.026",,,,,"-0.026",,-2,-2,0.37,0.37,33,25,33,25,2,1,6,1,6,1,"3.88","0.16","-0.16","30.9",,,,,
"FC","2026-06-01","88.9","2.81","5.73","Grissom, Vaughn",687093,607536,,"called_strike",,,,,4,,"R","R","L","LAA","COL","S",,,0,0,2026,"0","1.01",-0.5540876304270496,2.35357226565745,,622268,624585,1,3,"Bot",,,,,,,-8.187699615367483,-129.3196091003418,-4.222592870809752,1.627125495260904,25.70605391247247,-20.09937879269638,3.301624016,1.666240158,,,,"89.5",2410,"6.6",824027,696100,666397,650489,691720,678662,687859,664983,671289,"53.9",,,,,,,,27,1,"Cutter",0,2,0,2,2,0,0,2,"Infield shade","Standard",150,"-0.008","-0.043",,,,,"0.043",,-2,-2,0.378,0.378,33,25,33,25,2,1,6,1,6,1,"1.86","0","0","23.2",,,,,
"SI","2026-06-01","97.3","-2.45","6.01","Grissom, Vaughn",687093,622608,"grounded_into_double_play","hit_into_play",,,,,8,"Vaughn Grissom grounds into a double play, second baseman Chad Stevens to shortstop Ezequiel Tovar to first baseman TJ Rumfield. Mike Trout out at 2nd. Vaughn Grissom out at 1st.","R","R","R","LAA","COL","X",4,"ground_ball",0,0,2026,"-1.17","0.71",0.10138095303145045,2.118014345278146,685133,,545361,1,8,"Bot",143.24,149.6,,,,,9.457953564983466,-141.32063122324743,-6.30586386193164,-17.7917541435811,32.32048285242208,-21.4290159208203,3.301624016,1.666240158,26,"102.9",-3,"97.2",2171,"6.3",824027,696100,681198,677060,691720,678662,650489,664983,687859,"54.16",0.415,0.378,"0",1,0,0,2,82,1,"Sinker",8,8,8,8,8,8,8,8,"Standard","Standard",213,"-0.251","-0.303","76.7","7.1",,0.454,"0.303","102.9",0,0,0.751,0.751,31,25,31,25,1,4,5,1,4,1,"1.71","1.17","1.17","47.4",0.4360917508103083,11.836617079854678,39.50288011158174,36.63101416025523,20.924924882619813
"KC","2026-06-01","82","2.74","5.89","Grissom, Vaughn",687093,607536,"field_out","hit_into_play",,,,,8,"Vaughn Grissom flies out to right fielder Tyler Freeman. Jorge Soler to 3rd.","R","R","L","LAA","COL","X",9,"fly_ball",1,1,2026,"-0.34","-0.64",-0.080522452433482,1.797865632546305,,624585,545361,0,1,"Bot",174.22,84.91,,,,,-5.622977001356506,-119.22828146192914,-1.1351334017151629,-2.0865683499876555,24.571755578393883,-38.25432534838301,3.301624016,1.666240158,307,"90.7",37,"82",2331,"6.5",824027,696100,666397,650489,691720,678662,687859,664983,671289,"54.01",0.011,0.013,"0",1,0,0,3,9,3,"Knuckle Curve",0,1,0,1,1,0,0,1,"Standard","Standard",324,"-0.024","-0.255","74.8","8.0",,0.024,"0.255","90.7",-1,-1,0.541,0.541,33,25,33,25,1,0,6,1,6,1,"4.06","-0.34","0.34","30.4",2.251838431633558,-6.467787399516037,42.46719857086218,36.35437817334671,28.930985480762256
"FF","2026-06-01","98.6","-2.24","6.13","Grissom, Vaughn",687093,678020,"double","hit_into_play",,,,,8,"Vaughn Grissom hits a ground-rule double (9) on a fly ball down the right-field line.","R","R","R","LAA","COL","X",,"fly_ball",1,0,2026,"-0.78","1.28",0.2155724917458972,1.7547488258144774,,,,0,7,"Bot",221.14,105.81,,,,,8.480548142399423,-143.1150668145555,-9.229915602775398,-12.679300474044723,34.76873019303929,-12.55050344042917,3.301624016,1.666240158,327,"97.8",32,"99.1",2204,"6.8",824027,696100,666397,650489,691720,678662,687859,664983,671289,"53.7",0.286,0.529,"1.25",1,1,1,5,64,2,"4-Seam Fastball",6,3,6,3,3,6,6,3,"Standard","Standard",218,"0.015","0.678","76.1","7.4",,1.004,"-0.678","97.8",3,3,0.942,0.942,26,25,26,25,1,3,3,1,2,1,"1.09","0.78","0.78","43.6",0.35962862980064,7.915515984313603,39.42053265858285,38.90675268502662,23.748349264569505
"FC","2026-06-01","87.7","3.02","5.84","Grissom, Vaughn",687093,607536,,"called_strike",,,,,9,,"R","R","L","LAA","COL","S",,,1,0,2026,"-0.11","1",0.35084449552276686,1.586828379591492,,624585,545361,0,1,"Bot",,,,,,,-6.159567563391239,-127.50986183218637,-6.017169309368315,0.1543226415652359,27.002159729211513,-20.173071228050066,3.301624016,1.666240158,,,,"87.8",2335,"6.5",824027,696100,666397,650489,691720,678662,687859,664983,671289,"54",,,,,,,,9,2,"Cutter",0,1,0,1,1,0,0,1,"Standard","Standard",151,"-0.01","-0.064",,,,,"0.064",,-1,-1,0.551,0.551,33,25,33,25,1,0,6,1,6,1,"1.97","-0.11","0.11","25.7",,,,,
"FF","2026-06-01","98.1","-2.14","6.16","Grissom, Vaughn",687093,678020,,"ball",,,,,14,,"R","R","R","LAA","COL","B",,,0,0,2026,"-0.86","1.31",1.1040962330836317,2.112059640829258,,,,0,7,"Bot",,,,,,,10.74705142535375,-142.22150643624673,-8.31770769397256,-14.212849587469492,35.46476114516099,-12.497571337240355,3.301624016,1.666240158,,,,"98.4",2168,"6.9",824027,696100,666397,650489,691720,678662,687859,664983,671289,"53.63",,,,,,,,64,1,"4-Seam Fastball",6,3,6,3,3,6,6,3,"Standard","Standard",215,"0.001","0.044",,,,,"-0.044",,3,3,0.941,0.941,26,25,26,25,1,3,3,1,2,1,"1.09","0.86","0.86","44.7",,,,,
"KC","2026-06-01","81.4","2.82","5.86","Grissom, Vaughn",687093,607536,,"ball",,,,,12,,"R","R","L","LAA","COL","B",,,0,0,2026,"-0.37","-0.57",2.1133276009140305,2.658510761360763,,624585,545361,0,1,"Bot",,,,,,,-0.8516410625800777,-118.56756502295946,0.785808072007756,-3.304141570614864,24.620132764484346,-37.91773229248032,3.301624016,1.666240158,,,,"81.3",2352,"6.4",824027,696100,666397,650489,691720,678662,687859,664983,671289,"54.11",,,,,,,,9,1,"Knuckle Curve",0,1,0,1,1,0,0,1,"Standard","Standard",319,"0.007","0.053",,,,,"-0.053",,-1,-1,0.544,0.544,33,25,33,25,1,0,6,1,6,1,"4.03","-0.37","0.37","28.8",,,,,
"CH","2026-05-31","86.7","0.9","6.28","Grissom, Vaughn",687093,663556,"field_out","hit_into_play",,,,,9,"Vaughn Grissom grounds out, shortstop Taylor Walls to first baseman Jonathan Aranda.","R","R","L","TB","LAA","X",6,"ground_ball",1,2,2026,"1.31","0",0.522641947060713,1.625904122954704,,,,2,3,"Top",97.08,151.18,,,,,-3.636243806320029,-126.11182276500553,-4.647853014183168,14.68900967715771,27.07017012120713,-31.437976437273644,3.301624016,1.666240158,46,"91.6",0,"86.9",1487,"6.6",822976,676439,666018,680700,691406,670764,802415,656775,683748,"53.93",0.329,0.301,"0",1,0,0,2,22,4,"Changeup",1,1,1,1,1,1,1,1,"Infield shade","Standard",109,"0.008","-0.177","63.5","7.9",,0.36,"0.177","91.6",0,0,0.547,0.45299999999999996,29,25,29,25,2,1,6,1,6,1,"3.05","1.31","-1.31","38.7",19.372254937856745,-2.7224594042606514,33.59033603127566,41.65283827836375,32.43976429512807
"FF","2026-05-31","95.1","0.58","6.3","Grissom, Vaughn",687093,663556,,"foul",,,,,6,,"R","R","L","TB","LAA","S",,,1,1,2026,"0.91","1.17",0.8143478786621323,2.201524544312776,,,,2,3,"Top",,,,,,,-1.4857991530127717,-138.287897401334,-7.525436927267502,11.931181518538713,32.99511584940465,-15.642605985351432,3.301624016,1.666240158,206,"74.9",44,"95.3",2229,"6.6",822976,676439,666018,680700,691406,670764,802415,656775,683748,"53.91",,,,,,,,22,3,"4-Seam Fastball",1,1,1,1,1,1,1,1,"Infield shade","Standard",142,"0.003","-0.069","69.2","7.1",,,"0.069","88.0",0,0,0.544,0.45599999999999996,29,25,29,25,2,1,6,1,6,1,"1.37","0.91","-0.91","39.0",-3.641993791270245,8.811988441807612,34.76296677150226,44.95207925267351,21.334807613004273
"CU","2026-05-31","80.9","0.79","6.19","Grissom, Vaughn",687093,663556,,"called_strike",,,,,9,,"R","R","L","TB","LAA","S",,,1,0,2026,"-0.3","-1.24",0.5982755453383501,1.7391893726555088,,,,2,3,"Top",,,,,,,0.15194255005440446,-117.71352280724423,-0.5396089236333999,-2.792986361166,24.9769942676927,-43.74131193490857,3.301624016,1.666240158,,,,"80.9",2527,"6.6",822976,676439,666018,680700,691406,670764,802415,656775,683748,"53.94",,,,,,,,22,2,"Curveball",1,1,1,1,1,1,1,1,"Infield shade","Standard",317,"0.002","-0.054",,,,,"0.054",,0,0,0.542,0.45799999999999996,29,25,29,25,2,1,6,1,6,1,"4.76","-0.3","0.3","41.3",,,,,
"SL","2026-05-31","87.6","0.82","6.28","Grissom, Vaughn",687093,663556,,"ball",,,,,12,,"R","R","L","TB","LAA","B",,,0,0,2026,"-0.29","0.3",0.2733045522232608,3.4954766263902233,,,,2,3,"Top",,,,,,,-0.6896073912949018,-127.58657616944541,-1.0559580607023962,-3.0089505672419836,26.107749061421934,-28.859551965319195,3.301624016,1.666240158,,,,"88.1",2397,"6.5",822976,676439,666018,680700,691406,670764,802415,656775,683748,"53.98",,,,,,,,22,1,"Slider",1,1,1,1,1,1,1,1,"Infield shade","Standard",228,"-0.001","0.041",,,,,"-0.041",,0,0,0.543,0.45699999999999996,29,25,29,25,2,1,6,1,6,1,"2.66","-0.29","0.29","39.4",,,,,
"SI","2026-05-31","90.9","-1.57","3.64","Grissom, Vaughn",687093,687330,"field_error","hit_into_play",,,,,1,"Vaughn Grissom reaches on a fielding error by shortstop Taylor Walls.","R","R","R","TB","LAA","X",6,"ground_ball",2,2,2026,"-1.46","-0.42",-0.6142985886846974,2.859199630977208,,,,1,8,"Top",121.88,151.98,,,,,5.655261745517213,-132.07492453785906,5.15612476429724,-18.31129886446169,30.878723076506233,-38.474328833831244,3.301624016,1.666240158,4,"60.4",-32,"91.8",2028,"7.2",822976,663743,666018,680700,691406,670764,802415,656775,683748,"53.34",0.077,0.073,"0.9",1,0,0,2,68,6,"Sinker",5,2,2,5,2,5,2,5,"Standard","Standard",260,"-0.028","0.493","64.5","5.9",,0.082,"-0.493","88.0",3,-3,0.953,0.04700000000000004,28,25,29,25,1,3,2,1,6,1,"3.2","1.46","1.46","1.2",-8.086357927825697,16.624410745573908,31.37674462532629,29.33043796805152,15.265908338645643
"FF","2026-05-31","94.2","-1.72","4.12","Grissom, Vaughn",687093,687330,,"ball",,,,,12,,"R","R","R","TB","LAA","B",,,1,2,2026,"-0.95","0.62",0.16861845612585669,3.684664365594222,,,,1,8,"Top",,,,,,,7.117163258844002,-137.00262932584124,3.3940938379929557,-13.607167776967145,31.34496550385355,-25.44653082744593,3.301624016,1.666240158,,,,"95.7",2171,"7.3",822976,663743,666018,680700,691406,670764,802415,656775,683748,"53.25",,,,,,,,68,5,"4-Seam Fastball",5,2,2,5,2,5,2,5,"Standard","Standard",244,"-0.003","0.055",,,,,"-0.055",,3,-3,0.956,0.04400000000000004,28,25,29,25,1,3,2,1,6,1,"1.96","0.95","0.95","12.2",,,,,
"SI","2026-05-31","92","-1.51","3.68","Grissom, Vaughn",687093,687330,,"foul",,,,,13,,"R","R","R","TB","LAA","S",,,1,2,2026,"-1.44","-0.34",-0.964421999702594,1.9580604605962049,,,,1,8,"Top",,,,,,,4.592817535305416,-133.88892064423197,2.4734618398385826,-18.240917045621842,31.27512579534376,-37.02472471751432,3.301624016,1.666240158,2,"58.4",-50,"92.8",2085,"6.9",822976,663743,666018,680700,691406,670764,802415,656775,683748,"53.55",,,,,,,,68,4,"Sinker",5,2,2,5,2,5,2,5,"Standard","Standard",259,"0","0","66.8","6.7",,,"0","88.0",3,-3,0.956,0.04400000000000004,28,25,29,25,1,3,2,1,6,1,"3.05","1.44","1.44","-2.5",-9.455559456228595,2.384463315450152,45.12457452683501,25.457061132217795,16.711117122843625
"CH","2026-05-31","87.6","0.59","6.21","Grissom, Vaughn",687093,663556,"single","hit_into_play",,,,,5,"Vaughn Grissom singles on a sharp line drive to left fielder Chandler Simpson.","R","R","L","TB","LAA","X",7,"line_drive",3,2,2026,"1.32","0.57",0.0622915479535453,2.2051342247788295,,,,2,1,"Top",63.3,96.7,,,,,-4.072109997805754,-127.52552184514713,-4.50762577402561,15.268213316755425,27.06923823875123,-25.208315908052814,3.301624016,1.666240158,244,"104",13,"88.1",1586,"6.6",822976,676439,666018,680700,691406,670764,802415,656775,683748,"53.86",0.891,0.875,"0.9",1,1,0,4,3,7,"Changeup",0,0,0,0,0,0,0,0,"Infield shade","Standard",117,"-0.01","0.292","73.1","7.6",,1.131,"-0.292","104.0",0,0,0.536,0.46399999999999997,29,25,29,25,1,0,6,1,6,1,"2.4","1.32","-1.32","39.7",14.083492627802677,-8.651392192284916,35.51719475400356,34.03170741093816,33.420852098721085
"SI","2026-05-31","91.3","-1.53","3.7","Grissom, Vaughn",687093,687330,,"foul",,,,,5,,"R","R","R","TB","LAA","S",,,1,1,2026,"-1.21","-0.3",-0.1226506252335764,2.7259717359873146,,,,1,8,"Top",,,,,,,6.211941869310606,-132.711635078081,4.314320312926842,-15.591033100439484,28.73775385303831,-36.88429183260887,3.301624016,1.666240158,5,"88.4",-25,"92.3",2093,"7",822976,663743,666018,680700,691406,670764,802415,656775,683748,"53.54",,,,,,,,68,3,"Sinker",5,2,2,5,2,5,2,5,"Standard","Standard",260,"0.004","-0.074","63.1","5.0",,,"0.074","88.4",3,-3,0.952,0.04800000000000004,28,25,29,25,1,3,2,1,6,1,"3.04","1.21","1.21","3.2",-21.66959796463775,47.365463322422514,34.55913758487817,35.11416444044139,1.7391416559109043
"CH","2026-05-31","86.7","0.83","6.12","Grissom, Vaughn",687093,663556,,"foul",,,,,8,,"R","R","L","TB","LAA","S",,,3,2,2026,"1.41","0.48",0.05880388483305632,1.6367414275940533,,,,2,1,"Top",,,,,,,-4.795125504814321,-126.16664075747588,-5.283415112228203,16.04473785011785,26.734656315717316,-26.183195812458266,3.301624016,1.666240158,2,"55.3",-50,"87.2",1451,"6.7",822976,676439,666018,680700,691406,670764,802415,656775,683748,"53.81",,,,,,,,3,6,"Changeup",0,0,0,0,0,0,0,0,"Infield shade","Standard",117,"0","0","72.4","8.0",,,"0","88.0",0,0,0.536,0.46399999999999997,29,25,29,25,1,0,6,1,6,1,"2.57","1.41","-1.41","38.9",22.388859991164423,-20.544375752252694,37.405026814948585,34.186614644107735,39.533039636432015
"SI","2026-05-31","91.3","-1.62","3.7","Grissom, Vaughn",687093,687330,,"called_strike",,,,,1,,"R","R","R","TB","LAA","S",,,1,0,2026,"-1.31","-0.22",-0.5810614379237551,3.0087904829454772,,,,1,8,"Top",,,,,,,5.510776203162557,-132.77336707352782,4.858444899383274,-16.68927417442733,29.353579680020072,-36.06890337141372,3.301624016,1.666240158,,,,"92.2",2030,"6.9",822976,663743,666018,680700,691406,670764,802415,656775,683748,"53.56",,,,,,,,68,2,"Sinker",5,2,2,5,2,5,2,5,"Standard","Standard",263,"0.004","-0.05",,,,,"0.05",,3,-3,0.948,0.052000000000000046,28,25,29,25,1,3,2,1,6,1,"2.96","1.31","1.31","1.0",,,,,
"FF","2026-05-31","95.2","0.82","6.22","Grissom, Vaughn",687093,663556,,"swinging_strike",,,,,12,,"R","R","L","TB","LAA","S",,,3,1,2026,"0.83","1.44",0.11343904348769518,3.5418023817591098,,,,2,1,"Top",,,,,,,-3.7672000841833904,-138.48508426592176,-4.4818367142749835,11.566408103622358,32.2785471673788,-12.870060976017854,3.301624016,1.666240158,,,,"95.7",2169,"6.7",822976,676439,666018,680700,691406,670764,802415,656775,683748,"53.83",,,,,,,,3,5,"4-Seam Fastball",0,0,0,0,0,0,0,0,"Infield shade","Standard",148,"0.003","-0.094","77.2","6.9","0.26807388",,"0.094",,0,0,0.533,0.46699999999999997,29,25,29,25,1,0,6,1,6,1,"1.09","0.83","-0.83","40.8",11.45925245623102,-0.4612847604748359,22.683461943962286,36.21582757085625,29.962456730593022
"FF","2026-05-31","96","0.87","6.18","Grissom, Vaughn",687093,663556,,"ball",,,,,14,,"R","R","L","TB","LAA","B",,,2,1,2026,"1.25","1.33",1.622162804146812,1.7171529335697067,,,,2,1,"Top",,,,,,,-0.935349045277915,-139.5384659300561,-9.04310583084607,16.53695712466412,33.34514394807493,-12.967586701585413,3.301624016,1.666240158,,,,"96.4",2212,"6.7",822976,676439,666018,680700,691406,670764,802415,656775,683748,"53.79",,,,,,,,3,4,"4-Seam Fastball",0,0,0,0,0,0,0,0,"Infield shade","Standard",144,"-0.004","0.098",,,,,"-0.098",,0,0,0.537,0.46299999999999997,29,25,29,25,1,0,6,1,6,1,"1.16","1.25","-1.25","40.6",,,,,
"SI","2026-05-31","91.5","-1.63","3.76","Grissom, Vaughn",687093,687330,,"ball",,,,,13,,"R","R","R","TB","LAA","B",,,0,0,2026,"-1.06","-0.63",-1.6354214673078526,2.3743751986596466,,,,1,8,"Top",,,,,,,2.349330733133238,-133.24237479557644,3.962871550828871,-13.073044734531765,28.765246212159617,-40.71866522397515,3.301624016,1.666240158,,,,"92.7",1970,"7",822976,663743,666018,680700,691406,670764,802415,656775,683748,"53.53",,,,,,,,68,1,"Sinker",5,2,2,5,2,5,2,5,"Standard","Standard",259,"-0.003","0.043",,,,,"-0.043",,3,-3,0.951,0.049000000000000044,28,25,29,25,1,3,2,1,6,1,"3.35","1.06","1.06","5.5",,,,,
"CU","2026-05-31","82.5","0.99","6.1","Grissom, Vaughn",687093,663556,,"ball",,,,,14,,"R","R","L","TB","LAA","B",,,1,1,2026,"-0.28","-0.84",0.10979465535799043,0.5683108320409054,,,,2,1,"Top",,,,,,,-1.4171601360626451,-120.13854691786129,-4.1057824706402135,-2.423887721405384,24.602683047771304,-39.67420407387225,3.301624016,1.666240158,,,,"82.9",2567,"6.6",822976,676439,666018,680700,691406,670764,802415,656775,683748,"53.88",,,,,,,,3,3,"Curveball",0,0,0,0,0,0,0,0,"Infield shade","Standard",313,"-0.001","0.057",,,,,"-0.057",,0,0,0.538,0.46199999999999997,29,25,29,25,1,0,6,1,6,1,"4.2","-0.28","0.28","39.4",,,,,
"FF","2026-05-31","95.7","0.91","6.14","Grissom, Vaughn",687093,663556,,"called_strike",,,,,9,,"R","R","L","TB","LAA","S",,,1,0,2026,"0.7","1.47",0.5461567373392562,1.9127711677346777,,,,2,1,"Top",,,,,,,-2.5874707444009664,-139.07888968522403,-8.660835276285557,9.707901532661243,33.84131801624982,-11.339011980756624,3.301624016,1.666240158,,,,"95.9",2261,"6.7",822976,676439,666018,680700,691406,670764,802415,656775,683748,"53.82",,,,,,,,3,2,"4-Seam Fastball",0,0,0,0,0,0,0,0,"Infield shade","Standard",142,"0.001","-0.054",,,,,"0.054",,0,0,0.537,0.46299999999999997,29,25,29,25,1,0,6,1,6,1,"1.04","0.7","-0.7","38.6",,,,,
"FF","2026-05-31","95.8","0.79","6.42","Grissom, Vaughn",687093,663556,,"ball",,,,,12,,"R","R","L","TB","LAA","B",,,0,0,2026,"0.56","1.51",0.279432267648133,3.7600930733851756,,,,2,1,"Top",,,,,,,-2.6384467501621187,-139.4254175572679,-4.691003645981293,7.957618318410942,33.46208415966001,-11.648082054259051,3.301624016,1.666240158,,,,"95.9",2220,"6.5",822976,676439,666018,680700,691406,670764,802415,656775,683748,"53.98",,,,,,,,3,1,"4-Seam Fastball",0,0,0,0,0,0,0,0,"Infield shade","Standard",149,"-0.001","0.041",,,,,"-0.041",,0,0,0.538,0.46199999999999997,29,25,29,25,1,0,6,1,6,1,"0.98","0.56","-0.56","41.7",,,,,
"FF","2026-05-31","92.4","-2.05","4.53","Grissom, Vaughn",687093,668984,"field_out","hit_into_play",,,,,5,"Vaughn Grissom flies out to right fielder Victor Mesa Jr.","R","R","R","TB","LAA","X",9,"fly_ball",0,1,2026,"-1.2","1.11",-0.06026164129356526,2.5668193770255145,,,545361,0,6,"Top",166.56,119.11,,,,,7.730125623981985,-134.26294173020833,-1.4315737915904199,-16.27332713309794,31.25737909376521,-18.722968637919248,3.301624016,1.666240158,225,"90.6",55,"92.7",2409,"6.7",822976,676439,666018,680700,691406,670764,802415,656775,683748,"53.78",0.009,0.008,"0",1,0,0,3,47,2,"4-Seam Fastball",3,1,1,3,1,3,1,3,"Standard","Standard",231,"0.043","-0.214","74.6","7.5",,0.01,"0.214","90.6",2,-2,0.731,0.269,29,25,29,25,1,2,1,1,2,1,"1.58","1.2","1.2","13.9",14.998921534046618,-7.789343145373779,33.77692351502392,35.92321017760467,31.882722491750492
"SI","2026-05-31","92.9","-1.87","4.82","Grissom, Vaughn",687093,668984,,"called_strike",,,,,6,,"R","R","R","TB","LAA","S",,,0,0,2026,"-1.66","0.9",0.7982614064982461,2.576402446457804,,,545361,0,6,"Top",,,,,,,10.5373123355125,-134.82844234437397,-1.7429925407945897,-22.523603170356875,30.651868888579127,-21.04535573806943,3.301624016,1.666240158,,,,"93.5",2197,"6.9",822976,676439,666018,680700,691406,670764,802415,656775,683748,"53.58",,,,,,,,47,1,"Sinker",3,1,1,3,1,3,1,3,"Standard","Standard",228,"0.007","-0.043",,,,,"0.043",,2,-2,0.724,0.276,29,25,29,25,1,2,1,1,2,1,"1.77","1.66","1.66","22.8",,,,,
"ST","2026-05-30","84.2","-2.01","5.78","Grissom, Vaughn",687093,656876,"field_out","hit_into_play",,,,,5,"Vaughn Grissom flies out to right fielder Ryan Vilade.","R","R","R","TB","LAA","X",9,"fly_ball",0,1,2026,"1.37","-0.35",0.07671987503355204,2.459897507521857,,,,1,3,"Top",168.89,90.11,,,,,2.0081089794324827,-122.44801218758134,-0.27042716410875733,13.145226128906375,28.766490506995666,-35.82418380915465,3.301624016,1.666240158,291,"94.1",45,"83.6",2637,"6.3",822975,663743,666018,810938,691406,670764,802415,656775,668723,"54.16",0.006,0.005,"0",1,0,0,3,22,2,"Sweeper",1,4,4,1,4,1,4,1,"Infield shade","Standard",46,"0.009","-0.222","78.2","7.4",,0.006,"0.222","94.1",-3,3,0.22,0.78,30,25,31,25,2,1,6,1,6,1,"3.62","-1.37","-1.37","48.0",17.15830764154219,-2.8299990698797464,29.876229218284635,36.36013984503945,28.782662968107495
"FC","2026-05-30","90.2","-2.13","5.79","Grissom, Vaughn",687093,681806,"hit_by_pitch","hit_by_pitch",,,,,11,"Vaughn Grissom hit by pitch. Sebastián Rivero scores. Adam Frazier to 3rd. Mike Trout to 2nd.","R","R","R","TB","LAA","B",,,3,2,2026,"0.49","0.55",-1.1089873380934239,3.4685374488339393,665861,624428,545361,0,9,"Top",,,,,,,1.4487115599918317,-131.36985764526966,-0.8265638010689917,5.392476572891943,28.808809647783846,-25.86937323448987,3.301624016,1.666240158,,,,"90.2",2538,"6.3",822975,663743,666018,810938,691406,670764,802415,656775,683748,"54.17",,0.728904,"0.7",1,0,0,,75,6,"Cutter",3,7,7,3,8,3,8,3,"Strategic","Standard",172,"-0.003","0.328",,,,,"-0.328",,-4,4,0.005,0.995,30,25,31,25,1,4,,1,,1,"2.26","-0.49","-0.49","32.3",,,,,
"SI","2026-05-30","95.4","-1.76","5.8","Grissom, Vaughn",687093,656876,,"called_strike",,,,,8,,"R","R","R","TB","LAA","S",,,0,0,2026,"-1.29","1.12",0.18862642602061075,1.9354916378683782,,,,1,3,"Top",,,,,,,8.050834869239766,-138.49964776293146,-6.830903961741848,-18.49584966697298,33.56945372674991,-16.334293129017706,3.301624016,1.666240158,,,,"95.3",2412,"6.6",822975,663743,666018,810938,691406,670764,802415,656775,668723,"53.93",,,,,,,,22,1,"Sinker",1,4,4,1,4,1,4,1,"Infield shade","Standard",207,"0.001","-0.042",,,,,"0.042",,-3,3,0.219,0.781,30,25,31,25,2,1,6,1,6,1,"1.41","1.29","1.29","48.8",,,,,
"SI","2026-05-30","93.1","-2.13","5.81","Grissom, Vaughn",687093,681806,,"ball",,,,,14,,"R","R","R","TB","LAA","B",,,2,2,2026,"-0.89","0.78",1.1185899822919065,2.435282628245152,665861,624428,545361,0,9,"Top",,,,,,,10.202131286775288,-135.03858534861533,-4.333430011707506,-13.180678034395195,32.02694269380673,-21.867269002356338,3.301624016,1.666240158,,,,"92.7",2411,"6.4",822975,663743,666018,810938,691406,670764,802415,656775,683748,"54.1",,,,,,,,75,5,"Sinker",3,7,7,3,7,3,7,3,"Strategic","Standard",215,"-0.001","0.131",,,,,"-0.131",,-4,4,0.006,0.994,30,25,31,25,1,4,,1,,1,"1.89","0.89","0.89","36.8",,,,,
"SI","2026-05-30","92.6","-2.12","5.76","Grissom, Vaughn",687093,681806,,"foul",,,,,5,,"R","R","R","TB","LAA","S",,,2,1,2026,"-1.53","0.35",-0.14098188933286915,2.2953558937168306,665861,624428,545361,0,9,"Top",,,,,,,8.388497989165655,-134.48259284799508,-3.4772398550459114,-20.40533038103786,34.12166998484754,-27.380138615295206,3.301624016,1.666240158,3,"64.3",-42,"92.1",2356,"6.5",822975,663743,666018,810938,691406,670764,802415,656775,683748,"54.02",,,,,,,,75,4,"Sinker",3,7,7,3,7,3,7,3,"Strategic","Standard",207,"0","-0.09","79.4","7.6",,,"0.09","88.0",-4,4,0.006,0.994,30,25,31,25,1,4,,1,,1,"2.36","1.53","1.53","31.3",10.232221895714995,-9.667506725348046,34.588655335991206,34.08843252832564,33.35910496321132
"FF","2026-05-30","92.6","-1.89","6","Grissom, Vaughn",687093,681806,,"called_strike",,,,,3,,"R","R","R","TB","LAA","S",,,2,0,2026,"-0.32","1.51",0.658812432872131,3.1676451051254615,665861,624428,545361,0,9,"Top",,,,,,,7.132749846957504,-134.5950905769922,-4.528345150154101,-5.526909578283346,32.245136895064505,-13.061211992406717,3.301624016,1.666240158,,,,"92.3",2380,"6.4",822975,663743,666018,810938,691406,670764,802415,656775,683748,"54.07",,,,,,,,75,3,"4-Seam Fastball",3,7,7,3,7,3,7,3,"Strategic","Standard",209,"0.001","-0.088",,,,,"0.088",,-4,4,0.005,0.995,30,25,31,25,1,4,,1,,1,"1.18","0.32","0.32","39.4",,,,,
"FF","2026-05-30","94.1","-1.85","6.05","Grissom, Vaughn",687093,681806,,"ball",,,,,11,,"R","R","R","TB","LAA","B",,,1,0,2026,"-0.44","1.62",-1.031827876268306,4.386687576626217,665861,624428,545361,0,9,"Top",,,,,,,3.103709662057707,-136.91154281774294,-2.022554163339898,-6.307318097786088,34.40963716788621,-11.759003403969425,3.301624016,1.666240158,,,,"93.7",2497,"6.4",822975,663743,666018,810938,691406,670764,802415,656775,683748,"54.14",,,,,,,,75,2,"4-Seam Fastball",3,7,7,3,7,3,7,3,"Strategic","Standard",211,"-0.001","0.078",,,,,"-0.078",,-4,4,0.006,0.994,30,25,31,25,1,4,,1,,1,"0.99","0.44","0.44","40.3",,,,,
"FC","2026-05-30","88","-2.11","5.9","Grissom, Vaughn",687093,681806,,"ball",,,,,11,,"R","R","R","TB","LAA","B",,,0,0,2026,"0.61","0.4",-0.48011253888733874,4.292800246011037,665861,624428,545361,0,9,"Top",,,,,,,2.6115056265087864,-128.21760043015422,1.5011249281300114,6.232522300755531,26.827987949200804,-28.302704897392744,3.301624016,1.666240158,,,,"88",2525,"6.2",822975,663743,666018,810938,691406,670764,802415,656775,683748,"54.26",,,,,,,,75,1,"Cutter",3,7,7,3,7,3,7,3,"Strategic","Standard",167,"0","0.031",,,,,"-0.031",,-4,4,0.006,0.994,30,25,31,25,1,4,,1,,1,"2.54","-0.61","-0.61","39.6",,,,,
"FF","2026-05-30","96.3","-1.61","5.96","Grissom, Vaughn",687093,656876,"walk","ball",,,,,2,"Vaughn Grissom walks. Mike Trout to 2nd.","R","R","R","TB","LAA","B",,,3,1,2026,"-0.57","1.18",-0.18887478080029352,3.3872446067284194,,,545361,1,1,"Top",,,,,,,5.039131265160825,-140.1876775903138,-3.7724903124070046,-8.667346076205579,33.453953964827704,-15.985465989685267,3.301624016,1.666240158,,,,"96.4",2411,"6.4",822975,663743,666018,810938,691406,670764,802415,656775,668723,"54.06",,0.698079,"0.7",1,0,0,,3,5,"4-Seam Fastball",0,0,0,0,0,0,0,0,"Infield shade","Standard",200,"-0.023","0.174",,,,,"-0.174",,0,0,0.483,0.517,30,25,31,25,1,0,6,1,6,1,"1.29","0.57","0.57","56.1",,,,,
"CH","2026-05-30","77.9","1.39","5.59","Grissom, Vaughn",687093,693855,"field_out","hit_into_play",,,,,3,"Vaughn Grissom lines out to center fielder Cedric Mullins.","R","R","L","TB","LAA","X",8,"line_drive",0,2,2026,"1.28","0.56",0.5749278270345197,2.903817733665238,,687263,545361,1,7,"Top",106.46,68.52,,,,,-4.100582207102197,-113.27518357958708,0.351801585407848,11.778837702243939,22.63283253050332,-27.706287875137825,3.301624016,1.666240158,328,"96.4",21,"77.3",1457,"6.1",822975,663743,666018,810938,691406,670764,802415,656775,668723,"54.42",0.231,0.292,"0",1,0,0,3,59,3,"Changeup",3,6,6,3,6,3,6,3,"Standard","Standard",116,"0.01","-0.14","70.1","7.1",,0.47,"0.14","96.4",-3,3,0.099,0.901,27,25,28,25,1,3,5,1,3,1,"3.23","1.28","-1.28","36.3",9.189861183615488,5.259701066862041,29.31782411945157,42.220656375222944,26.894222709077468
"SI","2026-05-30","96.3","-1.87","5.77","Grissom, Vaughn",687093,656876,,"ball",,,,,11,,"R","R","R","TB","LAA","B",,,2,1,2026,"-1.56","0.9",-0.9480439124502886,3.276404554646584,,,545361,1,1,"Top",,,,,,,6.005305326457192,-140.086123381403,-2.8936052921384023,-21.884332602384582,33.085466638917445,-19.907213888124065,3.301624016,1.666240158,,,,"96",2364,"6.3",822975,663743,666018,810938,691406,670764,802415,656775,668723,"54.24",,,,,,,,3,4,"Sinker",0,0,0,0,0,0,0,0,"Infield shade","Standard",217,"-0.011","0.095",,,,,"-0.095",,0,0,0.494,0.506,30,25,31,25,1,0,6,1,6,1,"1.57","1.56","1.56","50.4",,,,,
"ST","2026-05-30","81.5","1.78","5.56","Grissom, Vaughn",687093,693855,,"swinging_strike",,,,,12,,"R","R","L","TB","LAA","S",,,0,1,2026,"-1.07","0.66",0.3710392077935857,3.6470576483587993,,687263,545361,1,7,"Top",,,,,,,-1.0340048194585536,-118.64346564368995,1.2939000017977373,-9.6890702738754,27.052522441841916,-26.568170914619024,3.301624016,1.666240158,,,,"80.8",2129,"6.3",822975,663743,666018,810938,691406,670764,802415,656775,668723,"54.25",,,,,,,,59,2,"Sweeper",3,6,6,3,6,3,6,3,"Infield shade","Standard",246,"0.004","-0.062","73.0","6.5","1.384162776",,"0.062",,-3,3,0.095,0.905,27,25,28,25,1,3,5,1,3,1,"2.82","-1.07","1.07","38.1",6.197258071156932,13.558033429929141,20.569745291769102,39.986038650503474,22.13627869412866
"SI","2026-05-30","95.1","-1.84","5.7","Grissom, Vaughn",687093,656876,,"swinging_strike",,,,,2,,"R","R","R","TB","LAA","S",,,2,0,2026,"-1.43","1.02",0.001301497849916844,2.8490386295922017,,,545361,1,1,"Top",,,,,,,8.049057877140443,-138.19021728674457,-3.9400640653307573,-20.1864308434123,31.511584029372084,-18.427120160081458,3.301624016,1.666240158,,,,"95.1",2369,"6.4",822975,663743,666018,810938,691406,670764,802415,656775,668723,"54.09",,,,,,,,3,3,"Sinker",0,0,0,0,0,0,0,0,"Infield shade","Standard",214,"0.007","-0.051","73.7","6.3","0.348104316",,"0.051",,0,0,0.487,0.513,30,25,31,25,1,0,6,1,6,1,"1.51","1.43","1.43","52.1",-1.2511828910593186,13.04780668754808,25.594100405540342,36.61439161928874,22.066255517483516
"CH","2026-05-30","83","1.31","5.68","Grissom, Vaughn",687093,693855,,"called_strike",,,,,8,,"R","R","L","TB","LAA","S",,,0,0,2026,"1.41","0.43",-0.1798338755316926,1.9686036146668822,,687263,545361,1,7,"Top",,,,,,,-6.145689805771517,-120.74798134907954,-2.6031837421572925,15.003356736100427,25.298250031490173,-27.649407935712887,3.301624016,1.666240158,,,,"82.6",1505,"6.2",822975,663743,666018,810938,691406,670764,802415,656775,668723,"54.33",,,,,,,,59,1,"Changeup",3,6,6,3,6,3,6,3,"Infield shade","Standard",120,"0.003","-0.043",,,,,"0.043",,-3,3,0.092,0.908,27,25,28,25,1,3,5,1,3,1,"2.9","1.41","-1.41","42.4",,,,,
"FC","2026-05-30","89.6","-1.97","5.81","Grissom, Vaughn",687093,656876,,"ball",,,,,12,,"R","R","R","TB","LAA","B",,,1,0,2026,"0.29","0.4",1.8253860305652052,2.524290270939102,,,545361,1,1,"Top",,,,,,,8.61214263668226,-130.28224560400608,-2.7678294167549446,1.4646910494940328,27.13115379316693,-27.214287509034218,3.301624016,1.666240158,,,,"89.4",2519,"6.2",822975,663743,666018,810938,691406,670764,802415,656775,668723,"54.3",,,,,,,,3,2,"Cutter",0,0,0,0,0,0,0,0,"Infield shade","Standard",155,"-0.007","0.07",,,,,"-0.07",,0,0,0.494,0.506,30,25,31,25,1,0,6,1,6,1,"2.44","-0.29","-0.29","52.4",,,,,
"FF","2026-05-30","96","-1.66","5.87","Grissom, Vaughn",687093,656876,,"ball",,,,,12,,"R","R","R","TB","LAA","B",,,0,0,2026,"-0.16","1.21",1.1459047038204506,2.820344292977588,,,545361,1,1,"Top",,,,,,,7.720482832987655,-139.5813660583798,-5.058822106853509,-3.8310488835179948,32.57186051312162,-15.338174130476604,3.301624016,1.666240158,,,,"96.2",2497,"6.5",822975,663743,666018,810938,691406,670764,802415,656775,668723,"53.98",,,,,,,,3,1,"4-Seam Fastball",0,0,0,0,0,0,0,0,"Infield shade","Standard",203,"-0.004","0.033",,,,,"-0.033",,0,0,0.498,0.502,30,25,31,25,1,0,6,1,6,1,"1.27","0.16","0.16","52.7",,,,,
"ST","2026-05-30","81.1","-2.13","4.52","Grissom, Vaughn",687093,668984,"single","hit_into_play",,,,,14,"Vaughn Grissom singles on a ground ball to second baseman Ben Williamson, deflected by pitcher Casey Legumina.","R","R","R","TB","LAA","X",1,"ground_ball",0,2,2026,"0.79","1.02",1.2386781642644624,1.8345184529603684,,,,1,5,"Top",142.56,168.59,,,,,5.9601314432770724,-118.01613673110309,-1.1317732244972636,6.1611343931960985,23.986409114404562,-22.72785368913326,3.301624016,1.666240158,2,"56.4",-40,"81.9",2508,"7",822975,663743,666018,810938,691406,670764,802415,656775,668723,"53.54",0.113,0.102,"0.9",1,1,0,1,38,3,"Sweeper",1,6,6,1,6,1,6,1,"Standard","Standard",91,"-0.008","0.518","70.0","8.0",,0.115,"-0.518","88.0",-5,5,0.071,0.929,29,25,29,25,1,2,5,1,1,1,"2.47","-0.79","-0.79","16.1",14.98455586276112,-12.673323489794749,34.53811134593961,49.175356926523,42.38338746482968
"SI","2026-05-30","93.1","-1.86","4.81","Grissom, Vaughn",687093,668984,,"foul",,,,,13,,"R","R","R","TB","LAA","S",,,0,1,2026,"-1.67","0.64",-0.846844252456808,2.148245732068479,,,,1,5,"Top",,,,,,,6.39875954621349,-135.4254975862551,-2.2890307737297486,-21.98091273766857,31.127483919734374,-24.061811500714285,3.301624016,1.666240158,101,"44.2",31,"94.1",2307,"7",822975,663743,666018,810938,691406,670764,802415,656775,668723,"53.46",,,,,,,,38,2,"Sinker",1,6,6,1,6,1,6,1,"Infield shade","Standard",231,"0.001","-0.057","69.8","6.5",,,"0.057","88.0",-5,5,0.07,0.9299999999999999,29,25,29,25,1,2,5,1,1,1,"2.01","1.67","1.67","21.3",-7.569259105840595,7.663814284050284,42.853149696765136,26.302168944193472,18.721285017753598
"FF","2026-05-30","92.8","-1.99","4.75","Grissom, Vaughn",687093,668984,,"called_strike",,,,,4,,"R","R","R","TB","LAA","S",,,0,0,2026,"-1.11","1.21",-0.46960140057640487,2.499880529541163,,,,1,5,"Top",,,,,,,6.389954935705514,-134.94705537867588,-2.471327237722557,-14.98093092715795,30.713829709128664,-17.10079642648641,3.301624016,1.666240158,,,,"93.6",2511,"6.9",822975,663743,666018,810938,691406,670764,802415,656775,668723,"53.57",,,,,,,,38,1,"4-Seam Fastball",1,6,6,1,6,1,6,1,"Infield shade","Standard",226,"0.001","-0.042",,,,,"0.042",,-5,5,0.069,0.931,29,25,29,25,1,2,5,1,1,1,"1.45","1.11","1.11","22.1",,,,,
"CU","2026-05-29","81.2","-1.35","6.15","Grissom, Vaughn",687093,607259,"field_out","hit_into_play",,,,,9,"Vaughn Grissom lines out to center fielder Cedric Mullins.","R","R","R","TB","LAA","X",8,"line_drive",1,2,2026,"0.19","-1.5",0.4066987062996748,1.6946779851075027,,,,2,5,"Top",152.74,76.8,,,,,3.488682527573321,-118.1395288247262,-0.07491153729069167,1.0080885273561901,26.49292198994408,-46.23958779324237,3.301624016,1.666240158,311,"89.3",24,"80.1",2650,"5.9",822978,663743,666018,680700,691406,810938,802415,656775,668723,"54.57",0.131,0.138,"0",1,0,0,3,38,5,"Curveball",1,2,2,1,2,1,2,1,"Infield shade","Standard",10,"0.008","-0.177","76.6","7.3",,0.211,"0.177","89.3",-1,1,0.407,0.593,35,25,36,25,3,2,7,1,5,1,"5.01","-0.19","-0.19","60.8",8.090297675490673,1.8459963539036626,37.31525838759295,39.16743757928087,29.061422468922977
"FF","2026-05-29","91.6","-1.48","6.1","Grissom, Vaughn",687093,607259,,"foul",,,,,2,,"R","R","R","TB","LAA","S",,,1,2,2026,"-0.43","1.49",-0.0769554085732263,3.1101303767962007,,,,2,5,"Top",,,,,,,4.418685486571533,-133.23657573607966,-4.667018278949653,-6.163515306784957,31.40462169964064,-13.726181148890795,3.301624016,1.666240158,179,"77.5",62,"90.6",2355,"5.9",822978,663743,666018,680700,691406,810938,802415,656775,668723,"54.6",,,,,,,,38,4,"4-Seam Fastball",1,2,2,1,2,1,2,1,"Infield shade","Standard",201,"0","0","64.8","6.1",,,"0","88.0",-1,1,0.407,0.593,35,25,36,25,3,2,7,1,5,1,"1.25","0.43","0.43","56.7",0.13856212373382606,7.48315173132714,27.350509450426195,33.98915718978942,19.00644570903841
"CH","2026-05-29","78.3","-1.48","6.29","Grissom, Vaughn",687093,607259,,"foul",,,,,13,,"R","R","R","TB","LAA","S",,,1,1,2026,"-1.15","0.23",-1.0640694149371708,2.2376243419182638,,,,2,5,"Top",,,,,,,3.0241938617082846,-113.92460384390614,-2.036297334396554,-10.559154446952222,22.24966950462364,-29.996640226234256,3.301624016,1.666240158,16,"85.6",-9,"77.4",1963,"5.8",822978,663743,666018,680700,691406,810938,802415,656775,668723,"54.69",,,,,,,,38,3,"Changeup",1,2,2,1,2,1,2,1,"Infield shade","Standard",244,"0.002","-0.069","76.1","7.8",,,"0.069","88.0",-1,1,0.405,0.595,35,25,36,25,3,2,7,1,5,1,"3.51","1.15","1.15","57.8",27.042852488026185,-38.17146963714869,32.55736868364016,23.017365729803714,50.113605510531826
"SL","2026-05-29","86.9","-1.65","6.01","Grissom, Vaughn",687093,607259,,"ball",,,,,14,,"R","R","R","TB","LAA","B",,,0,1,2026,"0.36","0.56",1.0676664344596736,1.204172939817214,,,,2,5,"Top",,,,,,,5.625643670927129,-126.40264339322432,-6.164865918588321,2.6826842702521843,26.958020886449734,-25.035662656783984,3.301624016,1.666240158,,,,"86.1",2476,"5.9",822978,663743,666018,680700,691406,810938,802415,656775,668723,"54.62",,,,,,,,38,2,"Slider",1,2,2,1,2,1,2,1,"Infield shade","Standard",198,"-0.001","0.031",,,,,"-0.031",,-1,1,0.406,0.594,35,25,36,25,3,2,7,1,5,1,"2.47","-0.36","-0.36","53.7",,,,,
"SI","2026-05-29","92.5","-1.72","5.98","Grissom, Vaughn",687093,607259,,"called_strike",,,,,7,,"R","R","R","TB","LAA","S",,,0,0,2026,"-1.33","0.93",-0.4640717050170209,1.9649201821630764,,,,2,5,"Top",,,,,,,6.056821579763057,-134.3878617968735,-6.1492806890282115,-17.445703035010254,30.844461559940946,-19.771961275694434,3.301624016,1.666240158,,,,"91.5",2386,"5.9",822978,663743,666018,680700,691406,810938,802415,656775,668723,"54.57",,,,,,,,38,1,"Sinker",1,2,2,1,2,1,2,1,"Infield shade","Standard",208,"0.002","-0.044",,,,,"0.044",,-1,1,0.404,0.596,35,25,36,25,3,2,7,1,5,1,"1.76","1.33","1.33","49.5",,,,,
"SI","2026-05-29","92.3","-1.66","6","Grissom, Vaughn",687093,607259,"single","hit_into_play",,,,,4,"Vaughn Grissom singles on a line drive to left fielder Chandler Simpson. Zach Neto scores.","R","R","R","TB","LAA","X",7,"line_drive",3,0,2026,"-1.42","1.05",-0.3252357445473639,2.7618136074054807,687263,,,2,3,"Top",93.6,94.16,,,,,6.457457097273857,-134.17423327729486,-4.470563065028939,-18.609517368562788,30.752796665736916,-18.690342304517575,3.301624016,1.666240158,207,"98.6",10,"91.5",2224,"6",822978,663743,666018,680700,691406,810938,802415,656775,668723,"54.5",0.777,0.736,"0.9",1,1,0,4,20,4,"Sinker",1,0,0,1,1,1,1,1,"Infield shade","Standard",207,"-0.088","0.619","75.0","6.9",,0.907,"-0.619","98.6",1,-1,0.618,0.382,35,25,36,25,2,1,7,1,5,1,"1.64","1.42","1.42","50.3",6.398152773940007,5.804101770687318,22.92500430032182,31.72660658561872,32.22829547648553
"FC","2026-05-29","88.9","-1.72","6","Grissom, Vaughn",687093,607259,,"ball",,,,,14,,"R","R","R","TB","LAA","B",,,2,0,2026,"0.11","1.19",1.0850066470313438,2.471953946647801,687263,,,2,3,"Top",,,,,,,6.4900968116110604,-129.2515752601649,-4.889882412995287,-0.07363837305375363,26.785551654865653,-18.00088021144183,3.301624016,1.666240158,,,,"88.2",2310,"5.9",822978,663743,666018,680700,691406,810938,802415,656775,668723,"54.61",,,,,,,,20,3,"Cutter",1,0,0,1,0,1,0,1,"Infield shade","Standard",198,"-0.004","0.056",,,,,"-0.056",,1,-1,0.622,0.378,35,25,36,25,2,1,7,1,5,1,"1.7","-0.11","-0.11","53.6",,,,,
"FC","2026-05-29","89.7","-1.84","5.92","Grissom, Vaughn",687093,607259,,"blocked_ball",,,,,14,,"R","R","R","TB","LAA","B",,,1,0,2026,"0","0.94",0.7621405444557464,0.002407887234012307,687263,,,2,3,"Top",,,,,,,6.275716052670965,-130.17270794526948,-10.254935126277505,-1.2771376399027212,26.93131183125923,-19.515967230228622,3.301624016,1.666240158,,,,"88.9",2460,"5.9",822978,663743,666018,680700,691406,810938,802415,656775,668723,"54.61",,,,,,,,20,2,"Cutter",1,0,0,1,0,1,0,1,"Infield shade","Standard",206,"-0.003","0.005",,,,,"-0.005",,1,-1,0.625,0.375,35,25,36,25,2,1,7,1,5,1,"1.91","0","0","49.1",,,,,
"CU","2026-05-29","80.6","-1.41","6.17","Grissom, Vaughn",687093,607259,,"ball",,,,,14,,"R","R","R","TB","LAA","B",,,0,0,2026,"0.35","-1.19",0.6840234069731407,1.3650355328504427,687263,,,2,3,"Top",,,,,,,3.886399462472138,-117.30156954072352,-1.3906159384369274,2.353874030407658,24.87307965375549,-42.965691694043855,3.301624016,1.666240158,,,,"79.6",2656,"5.8",822978,663743,666018,680700,691406,810938,802415,656775,668723,"54.67",,,,,,,,20,1,"Curveball",1,0,0,1,0,1,0,1,"Infield shade","Standard",11,"-0.001","0.035",,,,,"-0.035",,1,-1,0.626,0.374,35,25,36,25,2,1,7,1,5,1,"4.73","-0.35","-0.35","59.3",,,,,
"CH","2026-05-29","86.7","-0.78","6.57","Grissom, Vaughn",687093,641329,"field_out","hit_into_play",,,,,5,"Vaughn Grissom pops out to first baseman Jonathan Aranda.","R","R","R","TB","LAA","X",3,"popup",1,2,2026,"-1.24","0.7",-0.22124139393532727,2.2344096270017353,681351,642350,545361,2,9,"Top",164.98,159.28,,,,,3.9264477757487604,-126.19477436841302,-5.3925140082399725,-14.094090177461313,26.235790654762855,-23.794129268244543,3.301624016,1.666240158,129,"87.8",69,"87.1",1858,"6.6",822978,663743,666018,680700,686554,670764,802415,656775,668723,"53.94",0.006,0.007,"0",1,0,0,3,78,4,"Changeup",8,5,5,8,5,8,5,8,"Strategic","Strategic",215,"0.056","-0.164","74.8","7.7",,0.008,"0.164","88.0",3,-3,0.944,0.05600000000000005,31,25,32,25,1,4,4,1,2,1,"2.34","1.24","1.24","56.7",14.811455850640261,-16.140954405589028,37.21836973235206,32.327375808130064,35.220963855236924
"FF","2026-05-29","96.9","-0.56","6.67","Grissom, Vaughn",687093,641329,,"foul",,,,,6,,"R","R","R","TB","LAA","S",,,1,1,2026,"-0.24","1.76",0.4350960969268678,2.2493512631106167,681351,642350,545361,2,9,"Top",,,,,,,3.150897805073159,-140.7237358499725,-10.011303537050988,-3.904824508349865,33.096240577461884,-6.726164064458993,3.301624016,1.666240158,,,,"96.2",2310,"6.1",822978,663743,666018,680700,686554,670764,802415,656775,668723,"54.4",,,,,,,,78,3,"4-Seam Fastball",8,5,5,8,5,8,5,8,"Infield shade","Strategic",199,"0.02","-0.065","75.5","7.4",,,"0.065",,3,-3,0.924,0.07599999999999996,31,25,32,25,1,4,4,1,2,1,"0.69","0.24","0.24","58.4",8.317104911137324,6.140349313785603,38.17295722922732,40.15844302183171,20.573183703925515
"FF","2026-05-29","96.7","-0.38","6.67","Grissom, Vaughn",687093,641329,,"swinging_strike",,,,,3,,"R","R","R","TB","LAA","S",,,1,0,2026,"-0.07","1.71",0.7295226757201412,2.9839390757228124,681351,642350,545361,2,9,"Top",,,,,,,3.073086927690712,-140.60459960714624,-7.971136646477737,-1.6125347765283193,32.88802600251739,-7.863889274567631,3.301624016,1.666240158,,,,"96.5",2251,"6.3",822978,663743,666018,680700,686554,670764,802415,656775,668723,"54.23",,,,,,,,78,2,"4-Seam Fastball",8,5,5,8,5,8,5,8,"Infield shade","Strategic",195,"0.011","-0.037","73.6","7.1","0.267543468",,"0.037",,3,-3,0.913,0.08699999999999997,31,25,32,25,1,4,4,1,2,1,"0.74","0.07","0.07","57.2",11.885779117190852,9.547055037748777,25.298729347631145,44.95463615210436,23.973258485174203
"SL","2026-05-29","87.1","-0.58","6.73","Grissom, Vaughn",687093,641329,,"ball",,,,,11,,"R","R","R","TB","LAA","B",,,0,0,2026,"0.62","-0.1",-0.4902097222804003,4.053046099696794,681351,642350,545361,2,9,"Top",,,,,,,-1.0676991121053412,-126.98460899278571,0.09549423099017651,6.892382844829804,25.224775225945667,-33.47117410800019,3.301624016,1.666240158,,,,"86.8",2488,"5.9",822978,663743,666018,680700,686554,670764,802415,656775,668723,"54.59",,,,,,,,78,1,"Slider",8,5,5,8,5,8,5,8,"Infield shade","Strategic",111,"-0.007","0.021",,,,,"-0.021",,3,-3,0.92,0.07999999999999996,31,25,32,25,1,4,4,1,2,1,"3.08","-0.62","-0.62","59.7",,,,,
"CH","2026-05-29","78.1","-1.46","6.23","Grissom, Vaughn",687093,607259,"strikeout","swinging_strike_blocked",,,,,14,"Vaughn Grissom strikes out swinging.","R","R","R","TB","LAA","S",2,,2,2,2026,"-1.18","-0.01",0.19998064345529132,0.38376201687020695,,,,2,1,"Top",,,,,,,5.694963542284307,-113.61716836124867,-5.362007379226823,-11.27354536135679,20.978076031977803,-31.49979181456536,3.301624016,1.666240158,,,,"77.6",1832,"5.9",822978,663743,666018,680700,691406,810938,802415,656775,668723,"54.56",,0,"0",1,0,0,,3,5,"Changeup",0,0,0,0,0,0,0,0,"Infield shade","Standard",262,"0.008","-0.221","31.9","7.4","3.422520204",,"0.221",,0,0,0.54,0.45999999999999996,35,25,36,25,1,0,7,1,5,1,"3.76","1.18","1.18","56.6",8.663531317788737,-24.13665741086875,38.05834087789443,37.89843882829105,40.12648128830888
"SI","2026-05-29","92.6","-1.7","5.97","Grissom, Vaughn",687093,607259,,"ball",,,,,12,,"R","R","R","TB","LAA","B",,,1,2,2026,"-1.26","1.24",0.8341338356877772,3.0455746840047926,,,,2,1,"Top",,,,,,,9.120642321044517,-134.51305635941426,-4.188529242142675,-17.291782520205278,28.581537231751312,-16.323958312572888,3.301624016,1.666240158,,,,"92.1",2362,"6",822978,663743,666018,680700,691406,810938,802415,656775,668723,"54.47",,,,,,,,3,4,"Sinker",0,0,0,0,0,0,0,0,"Infield shade","Standard",205,"-0.001","0.044",,,,,"-0.044",,0,0,0.541,0.45899999999999996,35,25,36,25,1,0,7,1,5,1,"1.42","1.26","1.26","53.2",,,,,
"CU","2026-05-29","81.8","-0.1","5.65","Grissom, Vaughn",687093,685801,"double","hit_into_play",,,,,8,"Vaughn Grissom doubles (8) on a fly ball to right fielder Ryan Vilade. Zach Neto scores. Mike Trout to 3rd.","R","R","R","TB","LAA","X",9,"fly_ball",0,2,2026,"0.86","-1.42",0.13552529965047644,1.8478240083335695,,687263,545361,0,8,"Top",187.41,67.33,,,,,-1.1743067609782258,-119.05784041406099,1.0950886809593534,8.38237175587788,25.41717543404606,-46.012677369016046,3.301624016,1.666240158,359,"99.7",25,"82",2481,"6.7",822978,663743,666018,680700,691406,686554,802415,656775,668723,"53.82",0.474,0.733,"1.25",1,1,1,6,66,3,"Curveball",8,2,2,8,3,8,3,8,"Standard","Standard",27,"-0.047","0.868","73.0","7.2",,1.316,"-0.868","99.7",6,-6,0.975,0.025000000000000022,28,25,28,25,1,3,2,1,,1,"4.85","-0.86","-0.86","60.6",6.191171723770567,5.3830607510472905,37.33772996714597,37.34112102286082,26.37911043039491
"FF","2026-05-29","97","-0.27","5.82","Grissom, Vaughn",687093,685801,,"called_strike",,,,,4,,"R","R","R","TB","LAA","S",,,0,1,2026,"-0.22","1.56",-0.607489422117309,2.755019213553183,,687263,545361,0,8,"Top",,,,,,,-0.3707392287191574,-141.19954108644865,-6.126881974146014,-2.8913002552177254,32.50749397351991,-10.15148938878944,3.301624016,1.666240158,,,,"97.8",2403,"6.7",822978,663743,666018,680700,691406,686554,802415,656775,668723,"53.75",,,,,,,,66,2,"4-Seam Fastball",8,2,2,8,2,8,2,8,"Infield shade","Standard",194,"0.004","-0.053",,,,,"0.053",,6,-6,0.971,0.029000000000000026,28,25,28,25,1,3,2,1,,1,"0.86","0.22","0.22","58.3",,,,,
"SI","2026-05-29","91.8","-1.55","6.11","Grissom, Vaughn",687093,607259,,"foul",,,,,8,,"R","R","R","TB","LAA","S",,,1,1,2026,"-1.13","1.29",0.17853882895818352,2.0101713756991995,,,,2,1,"Top",,,,,,,6.74527422883642,-133.39809612885918,-7.071749099122207,-14.897566407246273,28.05164856815625,-15.414889938124796,3.301624016,1.666240158,198,"71.6",25,"91.2",2392,"6",822978,663743,666018,680700,691406,810938,802415,656775,668723,"54.54",,,,,,,,3,3,"Sinker",0,0,0,0,0,0,0,0,"Infield shade","Standard",203,"0.003","-0.069","76.8","7.4",,,"0.069","88.0",0,0,0.538,0.46199999999999997,35,25,36,25,1,0,7,1,5,1,"1.42","1.13","1.13","53.2",5.3080679280236085,2.3854818132842923,37.78688064202718,36.38548458577756,25.36930203972647
"FF","2026-05-29","97.2","-0.3","5.73","Grissom, Vaughn",687093,685801,,"called_strike",,,,,8,,"R","R","R","TB","LAA","S",,,0,0,2026,"-0.35","1.67",-0.10848559559233772,1.9701273847909637,,687263,545361,0,8,"Top",,,,,,,1.337347046097329,-141.40203384886138,-8.31442082762196,-5.059585672314948,32.26185191019785,-8.069997838957864,3.301624016,1.666240158,,,,"98.3",2305,"6.9",822978,663743,666018,680700,691406,686554,802415,656775,668723,"53.56",,,,,,,,66,1,"4-Seam Fastball",8,2,2,8,2,8,2,8,"Infield shade","Standard",199,"0.002","-0.059",,,,,"0.059",,6,-6,0.969,0.031000000000000028,28,25,28,25,1,3,2,1,,1,"0.74","0.35","0.35","56.7",,,,,
"SL","2026-05-29","86.3","-1.55","6.04","Grissom, Vaughn",687093,607259,,"ball",,,,,14,,"R","R","R","TB","LAA","B",,,0,1,2026,"0.09","0.45",1.0577641282662258,0.41645302120500105,,,,2,1,"Top",,,,,,,5.906125652344671,-125.40568182949913,-7.745687151659395,-0.2116436985364247,24.46074142349676,-26.104233487990417,3.301624016,1.666240158,,,,"85.9",2498,"6",822978,663743,666018,680700,691406,810938,802415,656775,668723,"54.49",,,,,,,,3,2,"Slider",0,0,0,0,0,0,0,0,"Infield shade","Standard",193,"-0.002","0.031",,,,,"-0.031",,0,0,0.54,0.45999999999999996,35,25,36,25,1,0,7,1,5,1,"2.61","-0.09","-0.09","56.3",,,,,
"FC","2026-05-29","90","-1.79","6","Grissom, Vaughn",687093,607259,,"called_strike",,,,,8,,"R","R","R","TB","LAA","S",,,0,0,2026,"-0.03","1.08",-0.030566796002391886,1.5920450372200066,,,,2,1,"Top",,,,,,,4.365725833238547,-130.88645849196456,-7.041580947721542,-1.2891415416039314,26.597205019524278,-18.454803930166257,3.301624016,1.666240158,,,,"89.7",2395,"6",822978,663743,666018,680700,691406,810938,802415,656775,668723,"54.46",,,,,,,,3,1,"Cutter",0,0,0,0,0,0,0,0,"Infield shade","Standard",198,"0.002","-0.044",,,,,"0.044",,0,0,0.538,0.46199999999999997,35,25,36,25,1,0,7,1,5,1,"1.73","0.03","0.03","50.0",,,,,
"FF","2026-05-28","93.3","-2.33","5.3","Grissom, Vaughn",687093,656427,"sac_fly","hit_into_play",,,,,12,"Vaughn Grissom out on a sacrifice fly to center fielder Matt Vierling. Donovan Walton scores. Zach Neto to 3rd.","R","R","R","DET","LAA","X",8,"fly_ball",3,2,2026,"-0.51","1.45",0.2226065458002361,3.5379368474785533,622268,687263,545361,1,5,"Top",135.56,53.76,,,,,7.653372628856416,-135.67134632124245,-1.8596059257739488,-7.961259680780437,29.241804426819833,-14.060729119288785,3.301624016,1.666240158,360,"98.9",37,"93.6",2229,"6.5",824272,668670,679529,656716,690993,805808,682985,663837,672761,"54.01",,0.33,"0",1,0,0,5,36,6,"4-Seam Fastball",1,2,2,1,3,1,3,1,"Standard","Standard",203,"0.001","-0.244","69.1","6.4",,,"0.244","98.9",-1,1,0.248,0.752,30,25,31,25,3,2,6,1,5,1,"1.17","0.51","0.51","29.3",9.354162955463572,2.953457690485808,18.96000613459183,38.5690190530394,27.665063520882846
"FF","2026-05-28","94","-2.3","5.37","Grissom, Vaughn",687093,656427,,"ball",,,,,14,,"R","R","R","DET","LAA","B",,,2,2,2026,"-0.51","1.47",0.4336174944069484,1.170083322716271,622268,687263,545361,1,5,"Top",,,,,,,8.167545614317898,-136.46249006190607,-8.277358707096887,-8.066383047967996,28.741653550666157,-12.172570543378566,3.301624016,1.666240158,,,,"94.5",2283,"6.6",824272,668670,679529,656716,690993,805808,682985,663837,672761,"53.88",,,,,,,,36,5,"4-Seam Fastball",1,2,2,1,2,1,2,1,"Standard","Standard",209,"-0.025","0.12",,,,,"-0.12",,-1,1,0.273,0.727,30,25,31,25,3,2,6,1,5,1,"1.12","0.51","0.51","31.2",,,,,
"FF","2026-05-28","94.3","-2.37","5.31","Grissom, Vaughn",687093,656427,,"called_strike",,,,,8,,"R","R","R","DET","LAA","S",,,2,1,2026,"-0.58","1.32",0.15352976767962445,1.9624995559757707,622268,687263,545361,1,5,"Top",,,,,,,7.823707702423652,-137.18060286047643,-5.835223343407285,-9.00161930470869,28.231672090577806,-14.340698347316772,3.301624016,1.666240158,,,,"95",2216,"6.6",824272,668670,679529,656716,690993,805808,682985,663837,672761,"53.95",,,,,,,,36,4,"4-Seam Fastball",1,2,2,1,2,1,2,1,"Standard","Standard",202,"0.021","-0.093",,,,,"0.093",,-1,1,0.252,0.748,30,25,31,25,3,2,6,1,5,1,"1.23","0.58","0.58","28.1",,,,,
"SL","2026-05-28","87.3","-2.31","5.33","Grissom, Vaughn",687093,656427,,"ball",,,,,14,,"R","R","R","DET","LAA","B",,,1,1,2026,"0.48","0.32",1.099233241027251,1.132663805868345,622268,687263,545361,1,5,"Top",,,,,,,7.116936450367457,-127.09339868524778,-4.472388711272726,3.9869233500783867,23.172450795203545,-28.050554155574346,3.301624016,1.666240158,,,,"88.1",2501,"6.5",824272,668670,679529,656716,690993,805808,682985,663837,672761,"53.97",,,,,,,,36,3,"Slider",1,2,2,1,2,1,2,1,"Standard","Standard",127,"-0.013","0.056",,,,,"-0.056",,-1,1,0.265,0.735,30,25,31,25,3,2,6,1,5,1,"2.64","-0.48","-0.48","27.8",,,,,
"SI","2026-05-28","91.5","-2.12","5.41","Grissom, Vaughn",687093,656427,,"ball",,,,,14,,"R","R","R","DET","LAA","B",,,0,1,2026,"-1.02","0.83",0.9848822688327308,1.2549032787667607,622268,687263,545361,1,5,"Top",,,,,,,10.010023169616261,-133.0221676658668,-6.324318048757741,-14.035151483775518,22.68454824754218,-21.22343482879307,3.301624016,1.666240158,,,,"92.6",2159,"6.6",824272,668670,679529,656716,690993,805808,682985,663837,672761,"53.94",,,,,,,,36,2,"Sinker",1,2,2,1,2,1,2,1,"Standard","Standard",205,"-0.008","0.024",,,,,"-0.024",,-1,1,0.273,0.727,30,25,31,25,3,2,6,1,5,1,"1.86","1.02","1.02","31.1",,,,,
"FF","2026-05-28","93.4","-2.37","5.32","Grissom, Vaughn",687093,656427,,"called_strike",,,,,6,,"R","R","R","DET","LAA","S",,,0,0,2026,"-0.52","1.29",0.6259512653378305,2.5213216610187885,622268,687263,545361,1,5,"Top",,,,,,,8.804132999993255,-135.8434909864683,-4.216305696947646,-8.13069982741585,25.820990529284526,-15.429522562709584,3.301624016,1.666240158,,,,"94.2",2271,"6.5",824272,668670,679529,656716,690993,805808,682985,663837,672761,"53.99",,,,,,,,36,1,"4-Seam Fastball",1,2,2,1,2,1,2,1,"Standard","Standard",209,"0.012","-0.044",,,,,"0.044",,-1,1,0.261,0.739,30,25,31,25,3,2,6,1,5,1,"1.3","0.52","0.52","29.6",,,,,
"CH","2026-05-28","85.8","-2.08","5.58","Grissom, Vaughn",687093,676568,"strikeout","swinging_strike",,,,,8,"Vaughn Grissom strikes out swinging.","R","R","R","DET","LAA","S",2,,1,2,2026,"-1.19","0.02",0.13112796407506377,1.634910388636332,,545361,,2,9,"Top",,,,,,,7.668368564391864,-124.84953217111132,-2.9691397809516555,-13.929390338545977,22.48272835684595,-31.587649356269267,3.301624016,1.666240158,,,,"86.7",1343,"6.6",824272,693307,679529,656716,690993,805808,682985,663837,672761,"53.86",,0,"0",1,0,0,,71,4,"Changeup",1,7,7,1,7,1,7,1,"Standard","Standard",250,"0","-0.184","73.6","8.1","1.4129064",,"0.184",,-6,6,0.003,0.997,27,25,28,25,2,4,14,1,,1,"3.05","1.19","1.19","41.0",18.310378654396942,-20.96388529072924,32.96733767528925,37.22045784483505,40.47474511889893
"FF","2026-05-28","93.3","-1.86","5.68","Grissom, Vaughn",687093,676568,,"called_strike",,,,,6,,"R","R","R","DET","LAA","S",,,1,1,2026,"-1.18","1.27",0.5906891330689781,2.2581553515562156,,545361,,2,9,"Top",,,,,,,8.876575320738999,-135.50279596334536,-5.683278763641962,-16.4845859103487,27.900518288608602,-15.479211449560339,3.301624016,1.666240158,,,,"93.6",2270,"6.5",824272,693307,679529,656716,690993,805808,682985,663837,672761,"54.04",,,,,,,,71,3,"4-Seam Fastball",1,7,7,1,7,1,7,1,"Standard","Standard",221,"0","-0.07",,,,,"0.07",,-6,6,0.003,0.997,27,25,28,25,2,4,14,1,,1,"1.35","1.18","1.18","40.6",,,,,
"KC","2026-05-28","78.5","-2.3","5.59","Grissom, Vaughn",687093,656427,"field_out","hit_into_play",,,,,5,"Vaughn Grissom pops out to first baseman Spencer Torkelson in foul territory.","R","R","R","DET","LAA","X",3,"popup",1,1,2026,"0.79","-0.87",-0.12810676318776104,2.6275046373059556,,,,0,4,"Top",153.86,182.66,,,,,3.149773376282861,-114.3655916879169,2.258880386618163,6.417398991360452,20.607041415063414,-40.46444794795429,3.301624016,1.666240158,84,"63.7",73,"78.7",2311,"6.3",824272,668670,679529,656716,690993,805808,682985,663837,672761,"54.17",0.003,0.003,"0",1,0,0,3,24,3,"Knuckle Curve",1,0,0,1,0,1,0,1,"Standard","Standard",44,"0.028","-0.25","70.1","7.1",,0.003,"0.25","88.0",1,-1,0.624,0.376,30,25,31,25,2,1,6,1,5,1,"4.56","-0.79","-0.79","33.5",14.132518225715827,2.7338833214696945,30.24080318593295,34.821566207262435,32.805260011118705
"SL","2026-05-28","86.3","-2.18","5.51","Grissom, Vaughn",687093,656427,,"ball",,,,,14,,"R","R","R","DET","LAA","B",,,0,1,2026,"0.13","0.75",0.9774591739380253,1.3024374481788192,,,,0,4,"Top",,,,,,,7.168568581933415,-125.44991087086402,-5.076457817341125,-0.12269840182465261,25.49089531375371,-23.459699639791822,3.301624016,1.666240158,,,,"86.4",2486,"6.4",824272,668670,679529,656716,690993,805808,682985,663837,672761,"54.05",,,,,,,,24,2,"Slider",1,0,0,1,0,1,0,1,"Standard","Standard",134,"-0.003","0.029",,,,,"-0.029",,1,-1,0.627,0.373,30,25,31,25,2,1,6,1,5,1,"2.32","-0.13","-0.13","31.9",,,,,
"FF","2026-05-28","92.4","-1.85","5.66","Grissom, Vaughn",687093,676568,,"called_strike",,,,,4,,"R","R","R","DET","LAA","S",,,1,0,2026,"-0.99","1.27",-0.6129035602479992,2.6017919076785354,,545361,,2,9,"Top",,,,,,,5.342065532016959,-134.46477623654994,-4.661420566529925,-13.119666574339508,27.150353996252665,-15.865148933203363,3.301624016,1.666240158,,,,"93.2",2154,"6.6",824272,693307,679529,656716,690993,805808,682985,663837,672761,"53.88",,,,,,,,71,2,"4-Seam Fastball",1,7,7,1,7,1,7,1,"Standard","Standard",215,"0","-0.049",,,,,"0.049",,-6,6,0.003,0.997,27,25,28,25,2,4,14,1,,1,"1.38","0.99","0.99","39.5",,,,,
"SL","2026-05-28","85.8","-2.26","5.51","Grissom, Vaughn",687093,656427,,"called_strike",,,,,9,,"R","R","R","DET","LAA","S",,,0,0,2026,"0.24","0.6",0.7654268973408392,1.8052251964296846,,,,0,4,"Top",,,,,,,6.596935462968906,-124.84874799334104,-3.544411110371984,1.1771015059249017,24.510856587615862,-25.367539554304358,3.301624016,1.666240158,,,,"86.2",2478,"6.5",824272,668670,679529,656716,690993,805808,682985,663837,672761,"54.03",,,,,,,,24,1,"Slider",1,0,0,1,0,1,0,1,"Standard","Standard",120,"0.004","-0.043",,,,,"0.043",,1,-1,0.623,0.377,30,25,31,25,2,1,6,1,5,1,"2.49","-0.24","-0.24","32.6",,,,,
"CU","2026-05-28","84.6","-2.06","5.63","Grissom, Vaughn",687093,676568,,"blocked_ball",,,,,14,,"R","R","R","DET","LAA","B",,,0,0,2026,"0.32","-1.02",1.9579718682209921,0.6004988166764598,,545361,,2,9,"Top",,,,,,,8.637579542344891,-122.96142876642796,-3.0743120499339094,1.6561302719911044,23.163170342490517,-42.13522845889313,3.301624016,1.666240158,,,,"85.3",2390,"6.7",824272,693307,679529,656716,690993,805808,682985,663837,672761,"53.79",,,,,,,,71,1,"Curveball",1,7,7,1,7,1,7,1,"Standard","Standard",31,"0","0.027",,,,,"-0.027",,-6,6,0.003,0.997,27,25,28,25,2,4,14,1,,1,"4.2","-0.32","-0.32","39.1",,,,,
"CU","2026-05-28","83","-2.03","5.58","Grissom, Vaughn",687093,676568,"double","hit_into_play",,,,,7,"Vaughn Grissom doubles (7) on a sharp line drive to center fielder Matt Vierling. Mike Trout scores. Vaughn Grissom to 3rd.","R","R","R","DET","LAA","X",8,"line_drive",1,1,2026,"0.4","-0.58",-0.30687047082475555,2.078779180331437,,,545361,0,8,"Top",112.58,72.96,,,,,3.125393366447191,-120.96220933997743,-0.23158485803474482,3.362430071894212,21.802673710491252,-38.043379284122814,3.301624016,1.666240158,315,"100.7",17,"83.7",2377,"6.5",824272,668670,679529,656716,690993,805808,682985,663837,672761,"53.97",0.486,0.557,"1.25",1,1,1,4,56,3,"Curveball",1,3,3,1,4,1,4,1,"Standard","Strategic",32,"-0.077","0.796","76.9","6.8",,0.837,"-0.796","100.7",-2,2,0.12,0.88,27,25,28,25,1,3,14,1,,1,"3.86","-0.4","-0.4","42.2",2.532703278087013,3.649748121703014,34.31113110209479,32.702706986861365,29.123930037526577
"SL","2026-05-28","84.6","-2.51","5.61","Grissom, Vaughn",687093,656427,"field_out","hit_into_play",,,,,9,"Vaughn Grissom flies out to center fielder Matt Vierling.","R","R","R","DET","LAA","X",8,"fly_ball",1,1,2026,"0.28","0.39",0.4918533623392436,2.0428859735333953,,545361,,1,1,"Top",163.98,79.49,,,,,6.350806726250139,-123.20840365514373,-2.6373765668207034,1.7152968908794604,21.73739321049424,-27.867209986238997,3.301624016,1.666240158,311,"87.1",29,"85.1",2622,"6.3",824272,668670,679529,656716,690993,805808,682985,663837,672761,"54.15",0.034,0.031,"0",1,0,0,3,3,3,"Slider",0,0,0,0,0,0,0,0,"Standard","Standard",127,"0.033","-0.27","65.4","7.5",,0.053,"0.27","88.0",0,0,0.483,0.517,30,25,31,25,1,0,6,1,5,1,"2.76","-0.28","-0.28","33.5",5.695599176472963,-6.028590088554683,37.12738437362145,43.65593004972522,31.75584261351259
"CU","2026-05-28","85","-2.02","5.59","Grissom, Vaughn",687093,676568,,"ball",,,,,14,,"R","R","R","DET","LAA","B",,,0,1,2026,"0.05","-0.95",0.4896537586975086,1.2377368735237795,,,545361,0,8,"Top",,,,,,,5.7120606201999875,-123.64359997773659,-1.7134214290224994,-0.6434383211433511,24.54581726882246,-41.760960712925964,3.301624016,1.666240158,,,,"85.2",2352,"6.4",824272,668670,679529,656716,690993,805808,682985,663837,672761,"54.05",,,,,,,,56,2,"Curveball",1,3,3,1,3,1,3,1,"Standard","Strategic",26,"-0.002","0.025",,,,,"-0.025",,-2,2,0.122,0.878,27,25,28,25,1,3,14,1,,1,"4.1","-0.05","-0.05","42.0",,,,,
"FF","2026-05-28","93.8","-2.03","5.53","Grissom, Vaughn",687093,676568,,"called_strike",,,,,8,,"R","R","R","DET","LAA","S",,,0,0,2026,"-1","1.14",-0.04125210443409233,1.945574717118263,,,545361,0,8,"Top",,,,,,,7.393027134368307,-136.3987020840837,-5.978040619633974,-14.05347819201324,27.049737351273688,-16.770490777357534,3.301624016,1.666240158,,,,"95",2210,"6.8",824272,668670,679529,656716,690993,805808,682985,663837,672761,"53.72",,,,,,,,56,1,"4-Seam Fastball",1,3,3,1,3,1,3,1,"Standard","Standard",222,"0.003","-0.043",,,,,"0.043",,-2,2,0.119,0.881,27,25,28,25,1,3,14,1,,1,"1.43","1","1","39.6",,,,,
"FF","2026-05-28","93.2","-2.41","5.41","Grissom, Vaughn",687093,656427,,"swinging_strike",,,,,5,,"R","R","R","DET","LAA","S",,,1,0,2026,"-0.55","1.31",-0.022855818157236696,2.7533469360504093,,545361,,1,1,"Top",,,,,,,7.310677231074932,-135.626066825823,-3.873449809940835,-8.275851941820559,25.806761397605083,-15.288765389197636,3.301624016,1.666240158,,,,"94.1",2286,"6.5",824272,668670,679529,656716,690993,805808,682985,663837,672761,"53.99",,,,,,,,3,2,"4-Seam Fastball",0,0,0,0,0,0,0,0,"Standard","Standard",206,"0.004","-0.048","72.8","7.0","1.285769364",,"0.048",,0,0,0.479,0.521,30,25,31,25,1,0,6,1,5,1,"1.29","0.55","0.55","29.2",7.488857443417085,3.1871093810031645,37.89258965277393,37.96042563393948,27.163807156260013
"SL","2026-05-28","86","-2.5","5.47","Grissom, Vaughn",687093,656427,,"ball",,,,,14,,"R","R","R","DET","LAA","B",,,0,0,2026,"0.15","0.61",0.03906473309887195,1.3903366078519914,,545361,,1,1,"Top",,,,,,,5.654568364571543,-125.25121842803499,-4.545474715864687,0.5226866139110882,22.66079009169098,-25.042495325978475,3.301624016,1.666240158,,,,"86.6",2499,"6.4",824272,668670,679529,656716,690993,805808,682985,663837,672761,"54.11",,,,,,,,3,1,"Slider",0,0,0,0,0,0,0,0,"Standard","Standard",129,"-0.002","0.038",,,,,"-0.038",,0,0,0.481,0.519,30,25,31,25,1,0,6,1,5,1,"2.44","-0.15","-0.15","31.5",,,,,
"SL","2026-05-27","89.1","-1.99","5.6","Grissom, Vaughn",687093,663554,"strikeout","swinging_strike",,,,,14,"Vaughn Grissom strikes out swinging.","R","R","R","DET","LAA","S",2,,0,2,2026,"0.19","0.66",1.6676601173809578,0.9257650787609133,,,,0,4,"Top",,,,,,,8.554218174460852,-129.50754392548174,-6.748212888361146,0.6087357211588202,23.352153945954292,-23.622157385454518,3.301624016,1.666240158,,,,"90.6",2294,"7",824270,693307,679529,701678,690993,805808,682985,672761,656716,"53.55",,0,"0",1,0,0,,24,3,"Slider",2,0,0,2,0,2,0,2,"Standard","Standard",193,"0.016","-0.165","42.7","8.0","7.812233796",,"0.165",,2,-2,0.74,0.26,29,25,29,25,2,1,6,1,21,1,"2.19","-0.19","-0.19","41.7",17.21708670026757,3.3728952696797236,39.009562210260405,55.13606150524741,24.577527616036633
"SV","2026-05-27","80.3","-2.4","5.58","Grissom, Vaughn",687093,663554,,"swinging_strike",,,,,9,,"R","R","R","DET","LAA","S",,,0,1,2026,"1.11","-0.42",0.6705283741862774,1.725965737820197,,,,0,4,"Top",,,,,,,4.605423446950946,-116.89436645647156,-0.8177027529243416,9.299667225790762,21.78880730400313,-36.08175980915956,3.301624016,1.666240158,,,,"81",2592,"6.7",824270,693307,679529,701678,690993,805808,682985,672761,656716,"53.78",,,,,,,,24,2,"Slurve",2,0,0,2,0,2,0,2,"Standard","Standard",38,"0.007","-0.056","64.9","8.2","2.746420152",,"0.056",,2,-2,0.733,0.267,29,25,29,25,2,1,6,1,21,1,"3.95","-1.11","-1.11","38.4",26.748908715779862,-26.174387545728717,31.984477049282066,43.1162794913524,49.835213901827586
"SI","2026-05-27","92.2","-1.96","5.7","Grissom, Vaughn",687093,663554,,"called_strike",,,,,9,,"R","R","R","DET","LAA","S",,,0,0,2026,"-1.17","1.28",0.3085838877679379,1.8552634614974746,,,,0,4,"Top",,,,,,,8.33812292154048,-133.9355687568734,-6.622246479742805,-15.78046624618648,26.787956628142425,-15.541370756017326,3.301624016,1.666240158,,,,"93.2",2249,"6.8",824270,693307,679529,701678,690993,805808,682985,672761,656716,"53.66",,,,,,,,24,1,"Sinker",2,0,0,2,0,2,0,2,"Standard","Standard",219,"0.004","-0.043",,,,,"0.043",,2,-2,0.729,0.271,29,25,29,25,2,1,6,1,21,1,"1.4","1.17","1.17","41.9",,,,,
"CH","2026-05-27","89.3","-2.32","5.66","Grissom, Vaughn",687093,623454,"field_out","hit_into_play",,,,,7,"Vaughn Grissom grounds out, third baseman Colt Keith to first baseman Spencer Torkelson.","R","R","R","DET","LAA","X",5,"ground_ball",1,2,2026,"-0.69","-0.03",-0.4558869557204691,2.1009098911002875,,,,0,7,"Top",102.94,162.83,,,,,6.051264098964819,-130.07293069828242,-2.5439261739691563,-9.05248379197846,25.215789489891566,-32.15972572811974,3.301624016,1.666240158,20,"97.5",-5,"90.1",1330,"6.6",824270,693307,679529,701678,690993,805808,682985,672761,656716,"53.95",0.257,0.251,"0",1,0,0,2,48,4,"Changeup",3,0,0,3,0,3,0,3,"Standard","Standard",255,"0.017","-0.188","70.2","7.3",,0.299,"0.188","97.5",3,-3,0.9,0.09999999999999998,32,25,32,25,1,2,3,1,2,1,"2.86","0.69","0.69","39.0",6.402248961359146,-3.3618104783388016,35.853467827938665,29.747779041419427,28.639823828080317
"CU","2026-05-27","79.1","-2.12","5.68","Grissom, Vaughn",687093,623454,,"ball",,,,,14,,"R","R","R","DET","LAA","B",,,0,2,2026,"0.82","-1.26",0.4705325102891521,0.9866909707771958,,,,0,7,"Top",,,,,,,4.030445115489672,-115.17887402420673,-0.7791254859951308,6.507949872854512,21.965919210911412,-43.444884052134896,3.301624016,1.666240158,,,,"79.4",2649,"6.5",824270,693307,679529,701678,690993,805808,682985,672761,656716,"53.97",,,,,,,,48,3,"Curveball",3,0,0,3,0,3,0,3,"Standard","Standard",25,"-0.003","0.023",,,,,"-0.023",,3,-3,0.903,0.09699999999999998,32,25,32,25,1,2,3,1,2,1,"4.91","-0.82","-0.82","43.3",,,,,
"FF","2026-05-27","95.5","-2.27","5.53","Grissom, Vaughn",687093,623454,,"foul",,,,,11,,"R","R","R","DET","LAA","S",,,0,1,2026,"-0.72","1.19",-0.08637499829495576,3.545847073758685,,,,0,7,"Top",,,,,,,7.342597568428329,-138.99616998843945,-2.1880399119718863,-10.930352372741627,29.988143279371048,-16.44036902269749,3.301624016,1.666240158,189,"77.8",62,"96.1",2339,"6.5",824270,693307,679529,701678,690993,805808,682985,672761,656716,"53.95",,,,,,,,48,2,"4-Seam Fastball",3,0,0,3,0,3,0,3,"Standard","Standard",212,"0.006","-0.056","64.4","6.3",,,"0.056","88.0",3,-3,0.897,0.10299999999999998,32,25,32,25,1,2,3,1,2,1,"1.3","0.72","0.72","36.6",5.299933550542323,6.1802315401284345,22.710067489909687,34.613544068917335,19.66241073050122
"CU","2026-05-27","78.8","-2.16","5.71","Grissom, Vaughn",687093,623454,,"swinging_strike",,,,,14,,"R","R","R","DET","LAA","S",,,0,0,2026,"0.86","-1.36",0.40103996344832304,1.0712344952208328,,,,0,7,"Top",,,,,,,3.8630248558745013,-114.67096764468424,-0.3621105522989514,6.761837636688596,23.46257258949389,-44.250993628547405,3.301624016,1.666240158,,,,"78.5",2689,"6.3",824270,693307,679529,701678,690993,805808,682985,672761,656716,"54.2",,,,,,,,48,1,"Curveball",3,0,0,3,0,3,0,3,"Standard","Standard",27,"0.004","-0.043","63.5","8.1","2.128461",,"0.043",,3,-3,0.893,0.10699999999999998,32,25,32,25,1,2,3,1,2,1,"5.06","-0.86","-0.86","40.0",18.13970641494675,-18.308945151029846,39.48718434936181,40.0572062403566,38.697568830415335
"SV","2026-05-27","82.7","-2.53","5.58","Grissom, Vaughn",687093,663554,"grounded_into_double_play","hit_into_play",,,,,6,"Vaughn Grissom grounds into a double play, shortstop Kevin McGonigle to second baseman Hao-Yu Lee to first baseman Spencer Torkelson. Mike Trout out at 2nd. Vaughn Grissom out at 1st.","R","R","R","DET","LAA","X",6,"ground_ball",0,1,2026,"0.94","-0.63",0.6255952823065403,2.3745405667516475,,,545361,1,1,"Top",108,146.11,,,,,5.2776165282991565,-120.27755949823964,0.710753280105382,7.9916160756067285,24.839096202355435,-38.66693289017497,3.301624016,1.666240158,33,"90.6",-2,"83.1",2558,"6.7",824270,693307,679529,701678,690993,805808,682985,672761,656716,"53.77",0.26,0.239,"0",1,0,0,2,3,2,"Slurve",0,0,0,0,0,0,0,0,"Standard","Standard",38,"0.046","-0.28","70.9","7.3",,0.287,"0.28","90.6",0,0,0.502,0.498,29,25,29,25,1,0,6,1,21,1,"3.99","-0.94","-0.94","42.1",12.908488527759932,0.8244685405467389,27.653210108125823,42.6215845953394,36.28861495364474
"FF","2026-05-27","95.1","-1.88","5.88","Grissom, Vaughn",687093,663554,,"called_strike",,,,,3,,"R","R","R","DET","LAA","S",,,0,0,2026,"-1.1","1.49",0.5604312419521593,3.3248403728283,,,545361,1,1,"Top",,,,,,,8.906906692852116,-138.26626953871826,-4.327126114141451,-16.08225197009239,29.481502111171498,-12.212631700905675,3.301624016,1.666240158,,,,"96.1",2357,"6.8",824270,693307,679529,701678,690993,805808,682985,672761,656716,"53.67",,,,,,,,3,1,"4-Seam Fastball",0,0,0,0,0,0,0,0,"Standard","Standard",212,"0.004","-0.041",,,,,"0.041",,0,0,0.498,0.502,29,25,29,25,1,0,6,1,21,1,"1.02","1.1","1.1","46.6",,,,,
"SI","2026-05-27","93.6","-2.84","5.43","Grissom, Vaughn",687093,669724,"walk","ball",,,,,11,"Vaughn Grissom walks. Mike Trout to 2nd.","R","R","R","DET","LAA","B",,,3,1,2026,"-1.4","0.53",-1.03927638318553,3.4637512420881293,,,545361,2,9,"Top",,,,,,,7.685095072852932,-136.13649653933322,-0.37346780602214286,-19.121071889281648,28.2524856533606,-25.716621880148267,3.301624016,1.666240158,,,,"93.3",2058,"6",824270,693307,679529,701678,805808,656716,682985,663837,672761,"54.51",,0.698079,"0.7",1,0,0,,66,5,"Sinker",4,0,0,4,0,4,0,4,"Standard","Standard",243,"-0.004","0.123",,,,,"-0.123",,4,-4,0.993,0.007000000000000006,28,25,28,25,1,3,1,1,1,1,"2.07","1.4","1.4","28.5",,,,,
"SL","2026-05-27","85.8","-2.81","5.45","Grissom, Vaughn",687093,669724,,"ball",,,,,14,,"R","R","R","DET","LAA","B",,,2,1,2026,"0.21","0.06",1.3486925057285906,1.2752736614981175,,,545361,2,9,"Top",,,,,,,9.22359988664744,-124.85980258684496,-3.6086718730260285,0.7492508410409365,20.320281362537905,-31.102290630806785,3.301624016,1.666240158,,,,"86.1",2393,"6",824270,693307,679529,701678,805808,656716,682985,663837,672761,"54.47",,,,,,,,66,4,"Slider",4,0,0,4,0,4,0,4,"Standard","Standard",74,"-0.002","0.107",,,,,"-0.107",,4,-4,0.995,0.0050000000000000044,28,25,28,25,1,3,1,1,1,1,"2.99","-0.21","-0.21","30.5",,,,,
"SL","2026-05-27","88","-2.77","5.44","Grissom, Vaughn",687093,669724,,"ball",,,,,14,,"R","R","R","DET","LAA","B",,,1,1,2026,"0.06","0.13",0.7169007305083387,1.2498860577146367,,,545361,2,9,"Top",,,,,,,8.172796335039237,-128.01916813331698,-4.160554642767373,-0.7867904625648231,22.424775157001097,-30.110399866604357,3.301624016,1.666240158,,,,"88",2354,"6",824270,693307,679529,701678,805808,656716,682985,663837,672761,"54.53",,,,,,,,66,3,"Slider",4,0,0,4,0,4,0,4,"Standard","Standard",146,"-0.001","0.052",,,,,"-0.052",,4,-4,0.996,0.0040000000000000036,28,25,28,25,1,3,1,1,1,1,"2.78","-0.06","-0.06","29.7",,,,,
"SI","2026-05-27","93.2","-2.73","5.46","Grissom, Vaughn",687093,669724,,"called_strike",,,,,9,,"R","R","R","DET","LAA","S",,,1,0,2026,"-1.5","0.54",0.37238179438457686,1.8392909298094113,,,545361,2,9,"Top",,,,,,,11.180376610612841,-135.3104647206514,-4.507908742649477,-20.777066231679385,27.613377015152217,-24.774426612993917,3.301624016,1.666240158,,,,"93.2",2011,"6.2",824270,693307,679529,701678,805808,656716,682985,663837,672761,"54.25",,,,,,,,66,2,"Sinker",4,0,0,4,0,4,0,4,"Standard","Standard",241,"0.001","-0.053",,,,,"0.053",,4,-4,0.995,0.0050000000000000044,28,25,28,25,1,3,1,1,1,1,"2.09","1.5","1.5","29.6",,,,,
"SI","2026-05-27","93.7","-2.93","5.46","Grissom, Vaughn",687093,669724,,"ball",,,,,11,,"R","R","R","DET","LAA","B",,,0,0,2026,"-1.57","0.48",-1.6583773188630506,3.3182156908185267,,,545361,2,9,"Top",,,,,,,6.728894825029183,-136.28784213949956,-0.7183515640152489,-21.075540676010842,28.843367279875462,-26.255472085356594,3.301624016,1.666240158,,,,"93.2",1953,"5.9",824270,693307,679529,701678,805808,656716,682985,663837,672761,"54.57",,,,,,,,66,1,"Sinker",4,0,0,4,0,4,0,4,"Standard","Standard",241,"-0.001","0.041",,,,,"-0.041",,4,-4,0.996,0.0040000000000000036,28,25,28,25,1,3,1,1,1,1,"2.11","1.57","1.57","27.6",,,,,
"FF","2026-05-26","93.9","-2.34","5.78","Grissom, Vaughn",687093,672456,"field_out","hit_into_play",,,,,2,"Vaughn Grissom pops out to catcher Dillon Dingler in foul territory.","R","R","R","DET","LAA","X",2,"popup",0,1,2026,"-0.33","1.17",0.07764670118298816,3.0986742503407,,,,0,5,"Top",119.07,216.17,,,,,6.944490855721737,-136.7018148255999,-3.710531548244518,-5.568539162125968,28.5484417501448,-16.877194491746565,3.301624016,1.666240158,35,"89.4",84,"94.4",2049,"6.4",824275,693307,679529,669398,805808,656716,682985,663837,672761,"54.07",0.003,0.003,"0",1,0,0,3,37,2,"4-Seam Fastball",2,4,4,2,4,2,4,2,"Standard","Standard",212,"0.015","-0.221","76.4","7.9",,0.003,"0.221","89.4",-2,2,0.252,0.748,25,25,26,25,3,2,7,2,5,1,"1.4","0.33","0.33","42.1",18.001276726863356,-20.00195393088775,26.56616887895627,38.131310411757084,38.60545410199471
"KC","2026-05-26","80.8","-2.38","5.89","Grissom, Vaughn",687093,672456,,"called_strike",,,,,2,,"R","R","R","DET","LAA","S",,,0,0,2026,"0.59","-0.53",0.13726193886809207,2.9316803797700173,,,,0,5,"Top",,,,,,,4.390789986770245,-117.62970874474337,1.264279188431367,4.668821618319394,21.684264072257726,-37.57915719422092,3.301624016,1.666240158,,,,"80.7",2773,"6.2",824275,693307,679529,669398,805808,656716,682985,663837,672761,"54.34",,,,,,,,37,1,"Knuckle Curve",2,4,4,2,4,2,4,2,"Standard","Standard",44,"0.003","-0.043",,,,,"0.043",,-2,2,0.249,0.751,25,25,26,25,3,2,7,2,5,1,"4.01","-0.59","-0.59","45.6",,,,,
"SI","2026-05-26","95.9","-2.51","5.64","Grissom, Vaughn",687093,672456,"single","hit_into_play",,,,,8,"Vaughn Grissom singles on a ground ball to center fielder Matt Vierling. Logan O'Hoppe scores. Zach Neto scores. Vaughn Grissom to 2nd.","R","R","R","DET","LAA","X",8,"ground_ball",2,2,2026,"-1.24","0.84",-0.09037820520752327,1.9330276535688313,,681351,687263,1,3,"Top",130.24,83.27,,,,,9.190343229183512,-139.43719256818972,-5.959678347346748,-18.21152839981581,28.678955259110566,-20.061707607616334,3.301624016,1.666240158,22,"100.1",-4,"96.5",2179,"6.5",824275,693307,679529,669398,805808,656716,682985,663837,672761,"54.02",0.294,0.265,"0.9",1,1,0,2,20,6,"Sinker",1,0,0,1,2,1,2,1,"Standard","Standard",211,"-0.202","0.485","73.7","7.2",,0.317,"-0.485","100.1",1,-1,0.571,0.42900000000000005,25,25,26,25,2,1,7,2,5,1,"1.63","1.24","1.24","37.3",6.877685325083143,10.88824312869707,39.05681767307049,36.266828716011304,21.284989083305987
"SI","2026-05-26","96.1","-2.5","5.68","Grissom, Vaughn",687093,672456,,"foul",,,,,4,,"R","R","R","DET","LAA","S",,,2,2,2026,"-1.27","0.99",-0.5101276695317971,2.3351077907127458,,681351,687263,1,3,"Top",,,,,,,8.156603938562887,-139.66414241320632,-5.341326272099399,-18.499682580132095,30.774327780931824,-18.242093049867403,3.301624016,1.666240158,4,"74.3",-34,"96.4",2279,"6.5",824275,693307,679529,669398,805808,656716,682985,663837,672761,"53.99",,,,,,,,20,5,"Sinker",1,0,0,1,0,1,0,1,"Standard","Standard",211,"0","0","70.8","7.4",,,"0","88.0",1,-1,0.571,0.42900000000000005,25,25,26,25,2,1,7,2,5,1,"1.48","1.27","1.27","39.9",13.088372196168166,-4.159344718620448,34.65834264216475,29.793563188511765,24.306182142777576
"KC","2026-05-26","82","-2.25","5.84","Grissom, Vaughn",687093,672456,,"blocked_ball",,,,,14,,"R","R","R","DET","LAA","B",,,1,2,2026,"0.67","-0.39",1.530724268064052,0.5061603980315748,,681351,687263,1,3,"Top",,,,,,,7.114971532125402,-119.25919598087255,-4.484220803076504,5.065678505153035,22.415976459647663,-35.24628710568887,3.301624016,1.666240158,,,,"82.1",2823,"6.3",824275,693307,679529,669398,805808,656716,682985,663837,672761,"54.2",,,,,,,,20,4,"Knuckle Curve",1,0,0,1,0,1,0,1,"Standard","Standard",36,"-0.008","0.059",,,,,"-0.059",,1,-1,0.579,0.42100000000000004,25,25,26,25,2,1,7,2,5,1,"3.78","-0.67","-0.67","46.1",,,,,
"FF","2026-05-26","94.8","-2.29","5.77","Grissom, Vaughn",687093,672456,,"foul",,,,,3,,"R","R","R","DET","LAA","S",,,1,1,2026,"-0.59","1.46",0.4275206726019105,3.0737154118412424,,681351,687263,1,3,"Top",,,,,,,8.382654312451775,-137.84712905869276,-4.541003594724429,-9.333517699387523,29.73041494209292,-12.676356612937102,3.301624016,1.666240158,225,"86.4",57,"95.3",2263,"6.5",824275,693307,679529,669398,805808,656716,682985,663837,672761,"53.96",,,,,,,,20,3,"4-Seam Fastball",1,0,0,1,0,1,0,1,"Standard","Standard",207,"0.013","-0.06","70.2","6.6",,,"0.06","88.0",1,-1,0.566,0.43400000000000005,25,25,26,25,2,1,7,2,5,1,"1.07","0.59","0.59","45.3",4.471637979204035,11.499484017458489,27.3283368315416,42.50777180838222,20.467356996367975
"KC","2026-05-26","79.5","-2.53","5.86","Grissom, Vaughn",687093,672456,,"swinging_strike",,,,,7,,"R","R","R","DET","LAA","S",,,1,0,2026,"0.85","-0.51",-0.330554957093926,1.8807345442983476,,681351,687263,1,3,"Top",,,,,,,3.1325117455931957,-115.8137402703521,-0.8055786296387605,7.129819452346765,21.163588249678483,-36.801091951683965,3.301624016,1.666240158,,,,"79.6",2846,"6.3",824275,693307,679529,669398,805808,656716,682985,663837,672761,"54.23",,,,,,,,20,2,"Knuckle Curve",1,0,0,1,0,1,0,1,"Standard","Standard",44,"0.01","-0.055","73.1","8.7","2.07118056",,"0.055",,1,-1,0.556,0.44399999999999995,25,25,26,25,2,1,7,2,5,1,"4.1","-0.85","-0.85","45.1",30.878907719585488,-45.41495452260058,30.96203304298556,32.389385885054764,57.26530587026509
"SI","2026-05-26","94.6","-2.69","5.74","Grissom, Vaughn",687093,672456,,"ball",,,,,11,,"R","R","R","DET","LAA","B",,,0,0,2026,"-1.37","0.88",-1.1416537921807126,3.6528679989237243,,681351,687263,1,3,"Top",,,,,,,7.119737485290502,-137.71799168382472,-1.6577490811638027,-19.054151381041706,27.860347984933806,-20.71434160855206,3.301624016,1.666240158,,,,"95.1",2206,"6.3",824275,693307,679529,669398,805808,656716,682985,663837,672761,"54.15",,,,,,,,20,1,"Sinker",1,0,0,1,0,1,0,1,"Standard","Standard",208,"-0.007","0.039",,,,,"-0.039",,1,-1,0.563,0.43700000000000006,25,25,26,25,2,1,7,2,5,1,"1.64","1.37","1.37","38.7",,,,,
"FF","2026-05-26","95","-1.69","5.68","Grissom, Vaughn",687093,676684,"home_run","hit_into_play",,,,,2,"Vaughn Grissom hits a grand slam (3) to right center field. Logan O'Hoppe scores. Zach Neto scores. Mike Trout scores.","R","R","R","DET","LAA","X",,"fly_ball",2,0,2026,"-0.51","1.39",0.19375255325505847,2.8710582090259127,681351,687263,545361,2,8,"Top",186.27,56.01,,,,,6.05645414269215,-138.3479976022871,-4.743913043774541,-7.83208291641007,28.150226744132162,-13.470188372089098,3.301624016,1.666240158,384,"101.7",29,"95.8",2261,"6.5",824275,693307,679529,701678,805808,656716,682985,663837,672761,"54.01",0.663,1.265,"2",1,0,3,6,73,3,"4-Seam Fastball",6,5,5,6,9,6,9,6,"Standard","Standard",210,"-0.535","1.074","71.3","6.6",,2.439,"-1.074","101.7",1,-1,0.619,0.381,31,25,31,25,1,4,2,2,3,1,"1.12","0.51","0.51","55.4",5.815265577515498,10.956816791376008,27.37177209163929,37.865888128372504,24.54329610717903
"FF","2026-05-26","94.9","-1.77","5.69","Grissom, Vaughn",687093,676684,,"ball",,,,,12,,"R","R","R","DET","LAA","B",,,1,0,2026,"-0.39","1.4",0.7730712629852114,3.4273012021017255,681351,687263,545361,2,8,"Top",,,,,,,7.479632659592332,-138.1167954368617,-3.2995413341332767,-6.619291873450092,28.96032867551575,-13.711692369315857,3.301624016,1.666240158,,,,"95.5",2148,"6.5",824275,693307,679529,701678,805808,656716,682985,663837,672761,"53.98",,,,,,,,73,2,"4-Seam Fastball",6,5,5,6,5,6,5,6,"Standard","Standard",209,"-0.045","0.066",,,,,"-0.066",,1,-1,0.664,0.33599999999999997,31,25,31,25,1,4,2,2,3,1,"1.12","0.39","0.39","55.9",,,,,
"SL","2026-05-26","88.5","-1.88","5.51","Grissom, Vaughn",687093,676684,,"ball",,,,,14,,"R","R","R","DET","LAA","B",,,0,0,2026,"-0.04","0.42",0.7136595296888479,0.9886878040591625,681351,687263,545361,2,8,"Top",,,,,,,6.317221034902487,-128.6654929838018,-5.6136346193704885,-1.6969186660748334,25.98220188068585,-26.561154304886134,3.301624016,1.666240158,,,,"88.5",2588,"6.3",824275,693307,679529,701678,805808,656716,682985,663837,672761,"54.2",,,,,,,,73,1,"Slider",6,5,5,6,5,6,5,6,"Standard","Standard",244,"-0.022","0.021",,,,,"-0.021",,1,-1,0.686,0.31399999999999995,31,25,31,25,1,4,2,2,3,1,"2.49","0.04","0.04","47.5",,,,,
"SI","2026-05-26","95.6","-2.49","5.77","Grissom, Vaughn",687093,672456,"field_out","hit_into_play",,,,,4,"Vaughn Grissom grounds out, shortstop Zach McKinstry to first baseman Spencer Torkelson.","R","R","R","DET","LAA","X",6,"ground_ball",2,2,2026,"-1.35","0.84",-0.2897477083513955,2.308135192671881,,,,2,1,"Top",117.58,163.34,,,,,8.813659846185388,-138.90391922915393,-5.251009356958613,-19.41124279963379,28.715842262947568,-20.335680428993484,3.301624016,1.666240158,10,"96.3",-14,"96",2173,"6.4",824275,693307,679529,669398,805808,656716,682985,663837,672761,"54.09",0.184,0.166,"0",1,0,0,2,3,5,"Sinker",0,0,0,0,0,0,0,0,"Standard","Strategic",215,"0.008","-0.221","71.9","6.8",,0.197,"0.221","96.3",0,0,0.54,0.45999999999999996,25,25,26,25,1,0,7,2,5,1,"1.65","1.35","1.35","39.3",-1.1531452002139944,3.7426235035059396,37.02789490856505,33.83209162462718,24.608178800263182
"SI","2026-05-26","95.5","-2.7","5.45","Grissom, Vaughn",687093,669724,"single","hit_into_play",,,,,7,"Vaughn Grissom singles on a line drive to center fielder Matt Vierling. Zach Neto to 3rd.","R","R","R","DET","LAA","X",8,"line_drive",0,1,2026,"-1.59","0.54",-0.3459148771312024,1.8828719071747273,,,687263,1,7,"Top",114.37,66.96,,,,,9.730433870026545,-138.77482341198854,-4.769722740731423,-22.70702485339342,29.843872193119577,-24.325746393968732,3.301624016,1.666240158,268,"96.6",14,"95.3",2269,"6.2",824275,693307,679529,701678,805808,656716,682985,663837,672761,"54.33",0.891,0.863,"0.9",1,1,0,4,61,2,"Sinker",6,4,4,6,4,6,4,6,"Standard","Standard",234,"-0.1","0.449","72.4","7.3",,1.082,"-0.449","96.6",2,-2,0.816,0.18400000000000005,28,25,28,25,1,3,11,2,1,1,"1.96","1.59","1.59","32.8",7.841062987611945,2.7090911459712324,36.1144944569579,32.389247541380364,27.78188883823922
"SI","2026-05-26","95.9","-2.76","5.4","Grissom, Vaughn",687093,669724,,"foul",,,,,5,,"R","R","R","DET","LAA","S",,,0,0,2026,"-1.44","0.35",-0.0035426519175958404,2.5266524745255854,,,687263,1,7,"Top",,,,,,,10.44374944196209,-139.33834050722658,-2.586228168884386,-21.096004693193553,30.38474273884192,-27.237486731687426,3.301624016,1.666240158,,"77",16,,2223,"6.1",824275,693307,679529,701678,805808,656716,682985,663837,672761,"54.37",,,,,,,,61,1,"Sinker",6,4,4,6,4,6,4,6,"Standard","Standard",240,"0.007","-0.041","70.1","6.4",,,"0.041","88.0",2,-2,0.809,0.19099999999999995,28,25,28,25,1,3,11,2,1,1,"2.13","1.44","1.44","27.5",-6.031525780197856,25.389746858551725,36.069355889535565,39.076141104787155,12.039150777838747
"FF","2026-05-26","93.4","-2.33","5.79","Grissom, Vaughn",687093,672456,,"foul",,,,,5,,"R","R","R","DET","LAA","S",,,2,1,2026,"-0.4","1.45",-0.09933033766406252,2.2564890543106233,,,,2,1,"Top",,,,,,,6.586967123175,-135.8041749671811,-6.386839498687747,-6.420509777507588,29.224053488445044,-13.024681650778554,3.301624016,1.666240158,216,"74.1",44,"93.7",2208,"6.4",824275,693307,679529,669398,805808,656716,682985,663837,672761,"54.06",,,,,,,,3,4,"4-Seam Fastball",0,0,0,0,0,0,0,0,"Standard","Standard",209,"0.003","-0.082","72.2","7.5",,,"0.082","88.0",0,0,0.537,0.46299999999999997,25,25,26,25,1,0,7,2,5,1,"1.16","0.4","0.4","44.3",4.031492815454502,-2.2530948261987156,43.68296170882671,36.8096546559785,25.876614875584604
"SI","2026-05-26","93.9","-2.41","5.83","Grissom, Vaughn",687093,672456,,"ball",,,,,11,,"R","R","R","DET","LAA","B",,,1,1,2026,"-1.22","0.96",-0.40508222718307474,3.829016546607127,,,,2,1,"Top",,,,,,,7.8781202949075135,-136.65560532838282,-1.477256528786165,-16.99936970289975,29.037772831218394,-19.980866591671834,3.301624016,1.666240158,,,,"94.1",2194,"6.3",824275,693307,679529,669398,805808,656716,682985,663837,672761,"54.17",,,,,,,,3,3,"Sinker",0,0,0,0,0,0,0,0,"Standard","Strategic",214,"-0.001","0.057",,,,,"-0.057",,0,0,0.538,0.46199999999999997,25,25,26,25,1,0,7,2,5,1,"1.62","1.22","1.22","41.3",,,,,
"SI","2026-05-26","95.8","-2.56","5.78","Grissom, Vaughn",687093,672456,,"called_strike",,,,,5,,"R","R","R","DET","LAA","S",,,1,0,2026,"-1.26","0.92",-0.240660608728561,2.7904656376614514,,,,2,1,"Top",,,,,,,8.964553080685343,-139.34155700820435,-4.256241967759813,-18.39053279767428,28.70256865226491,-19.332273412549263,3.301624016,1.666240158,,,,"96.4",2191,"6.4",824275,693307,679529,669398,805808,656716,682985,663837,672761,"54.05",,,,,,,,3,2,"Sinker",0,0,0,0,0,0,0,0,"Standard","Strategic",216,"0.001","-0.054",,,,,"0.054",,0,0,0.537,0.46299999999999997,25,25,26,25,1,0,7,2,5,1,"1.54","1.26","1.26","41.8",,,,,
"SI","2026-05-26","95","-2.31","5.72","Grissom, Vaughn",687093,672456,,"ball",,,,,12,,"R","R","R","DET","LAA","B",,,0,0,2026,"-1.25","0.97",0.5970907406732051,3.56885072531097,,,,2,1,"Top",,,,,,,10.347910083771511,-138.0880958988667,-2.065982306393464,-18.133568697639227,27.50916925618248,-19.36142554767762,3.301624016,1.666240158,,,,"95.5",2173,"6.4",824275,693307,679529,669398,805808,656716,682985,663837,672761,"54.09",,,,,,,,3,1,"Sinker",0,0,0,0,0,0,0,0,"Standard","Strategic",211,"-0.001","0.041",,,,,"-0.041",,0,0,0.538,0.46199999999999997,25,25,26,25,1,0,7,2,5,1,"1.53","1.25","1.25","41.5",,,,,
"CU","2026-05-24","84.2","1.44","5.78","Grissom, Vaughn",687093,669022,"field_out","hit_into_play",,,,,14,"Vaughn Grissom grounds out sharply, second baseman Justin Foscue to first baseman Jake Burger.","R","R","L","LAA","TEX","X",4,"ground_ball",0,2,2026,"-0.14","-0.73",0.29456554339094976,1.4467357687603823,,,,2,6,"Bot",122.33,147.19,,,,,-2.3637177238613445,-122.610680300321,-1.9155003146091587,-0.8669652513577171,26.853445365177215,-39.25431525492397,3.301624016,1.666240158,26,"100.4",-2,"84.7",2326,"6.8",824028,643376,669394,679822,677649,680737,457705,664059,607043,"53.66",0.317,0.298,"0",1,0,0,2,40,3,"Curveball",1,1,1,1,1,1,1,1,"Infield shade","Standard",323,"-0.01","-0.152",,,,0.363,"0.152","100.4",0,0,0.51,0.51,27,25,27,25,3,2,6,1,5,2,"3.96","-0.14","0.14","56.3",,,,,
"FF","2026-05-24","95.9","1.69","5.65","Grissom, Vaughn",687093,669022,,"foul",,,,,1,,"R","R","L","LAA","TEX","S",,,0,1,2026,"0.29","1.34",-0.4673608138190702,3.371677800114253,,,,2,6,"Bot",,,,,,,-6.362809012632793,-139.5413530429527,-3.325699524817914,5.344009488012857,33.467035270465864,-14.177294710148255,3.301624016,1.666240158,189,"66",49,"96.6",2237,"6.8",824028,643376,669394,679822,677649,680737,457705,664059,607043,"53.67",,,,,,,,40,2,"4-Seam Fastball",1,1,1,1,1,1,1,1,"Infield shade","Standard",150,"-0.004","-0.063","65.6","6.1",,,"0.063","88.0",0,0,0.514,0.514,27,25,27,25,3,2,6,1,5,2,"1.15","0.29","-0.29","47.8",-3.3427618122536993,11.922003251771063,27.905453043336145,29.976850877160153,20.028714146724752
"FF","2026-05-24","96.3","1.78","5.6","Grissom, Vaughn",687093,669022,,"called_strike",,,,,7,,"R","R","L","LAA","TEX","S",,,0,0,2026,"0.33","1.36",-0.6203464141479829,1.933147880716731,,,,2,6,"Bot",,,,,,,-7.113915266832989,-139.96377673376838,-7.104690019859881,5.93337490891142,32.45405013998263,-12.885588721235942,3.301624016,1.666240158,,,,"97.1",2086,"6.9",824028,643376,669394,679822,677649,680737,457705,664059,607043,"53.6",,,,,,,,40,1,"4-Seam Fastball",1,1,1,1,1,1,1,1,"Infield shade","Standard",146,"-0.003","-0.044",,,,,"0.044",,0,0,0.517,0.517,27,25,27,25,3,2,6,1,5,2,"1.11","0.33","-0.33","45.3",,,,,
"CU","2026-05-24","80.7","1.44","5.74","Grissom, Vaughn",687093,669022,"field_out","hit_into_play",,,,,4,"Vaughn Grissom grounds out softly, third baseman Ezequiel Duran to first baseman Jake Burger.","R","R","L","LAA","TEX","X",5,"ground_ball",2,1,2026,"-0.56","-0.74",-0.6732843002834337,2.7637931003314318,624428,,545361,2,3,"Bot",104.07,170.4,,,,,-3.596122863422105,-117.49235767282964,1.7028480067488716,-4.528392298697284,21.846302134471376,-39.59339199137892,3.301624016,1.666240158,9,"50",-15,"81.7",2267,"6.9",824028,643376,669394,679822,677649,680737,457705,664059,607043,"53.59",0.092,0.083,"0",1,0,0,1,22,4,"Curveball",1,1,1,1,1,1,1,1,"Infield shade","Standard",332,"-0.058","-0.315","72.0","6.9",,0.092,"0.315","88.0",0,0,0.558,0.558,27,25,27,25,2,1,6,1,5,2,"4.23","-0.56","0.56","54.0",7.294171907253985,7.334098723572154,33.02286303301802,28.565811027404514,28.76389160138662
"FF","2026-05-24","94.6","1.52","5.78","Grissom, Vaughn",687093,669022,,"swinging_strike",,,,,12,,"R","R","L","LAA","TEX","S",,,2,0,2026,"0.52","1.72",0.3789398444663532,3.5375354594497845,624428,,545361,2,3,"Bot",,,,,,,-4.182484422672032,-137.67207027630445,-3.9129824532688944,7.579244372279869,32.420657419363074,-9.745566134918995,3.301624016,1.666240158,,,,"95.5",2258,"7",824028,643376,669394,679822,677649,680737,457705,664059,607043,"53.54",,,,,,,,22,3,"4-Seam Fastball",1,1,1,1,1,1,1,1,"Infield shade","Standard",155,"-0.005","-0.032","72.1","6.1","1.622319948",,"0.032",,0,0,0.563,0.563,27,25,27,25,2,1,6,1,5,2,"0.84","0.52","-0.52","49.6",1.1002893606646553,25.585711139957514,25.41790307805532,40.2709898847706,16.37397055354948
"CU","2026-05-24","81.9","1.41","5.74","Grissom, Vaughn",687093,669022,,"blocked_ball",,,,,13,,"R","R","L","LAA","TEX","B",,,1,0,2026,"-0.25","-0.81",-1.1343591784418166,-0.7342773833687111,624428,,545361,2,3,"Bot",,,,,,,-5.230323885539518,-119.07481168940961,-6.158724574378139,-1.3405784267466268,24.412428248324954,-38.822368094440286,3.301624016,1.666240158,,,,"82.8",2261,"7.1",824028,643376,669394,679822,677649,680737,457705,664059,607043,"53.4",,,,,,,,22,2,"Curveball",1,1,1,1,1,1,1,1,"Infield shade","Standard",342,"0.005","0.034",,,,,"-0.034",,0,0,0.558,0.558,27,25,27,25,2,1,6,1,5,2,"4.24","-0.25","0.25","54.9",,,,,
"FC","2026-05-24","91","1.63","5.78","Grissom, Vaughn",687093,669022,,"ball",,,,,2,,"R","R","L","LAA","TEX","B",,,0,0,2026,"-0.25","0.82",-0.21274986565636708,3.3760592653204533,624428,,545361,2,3,"Bot",,,,,,,-4.065185783812508,-132.64736713968935,-1.8148945975281636,-2.1579227003152077,26.146808985250683,-22.236861465183317,3.301624016,1.666240158,,,,"92.3",1948,"6.8",824028,643376,669394,679822,677649,680737,457705,664059,607043,"53.68",,,,,,,,22,1,"Cutter",1,1,1,1,1,1,1,1,"Infield shade","Standard",148,"0.003","0.018",,,,,"-0.018",,0,0,0.555,0.555,27,25,27,25,2,1,6,1,5,2,"1.9","-0.25","0.25","49.2",,,,,
"SI","2026-05-24","95.7","1.84","5.67","Grissom, Vaughn",687093,669022,"field_out","hit_into_play",,,,,9,"Vaughn Grissom grounds out sharply, pitcher MacKenzie Gore to first baseman Jake Burger.","R","R","L","LAA","TEX","X",1,"ground_ball",3,2,2026,"1.15","1.25",0.31588635246135244,2.029379441717875,,,,2,1,"Bot",133.24,178.68,,,,,-6.679564922806997,-139.00554035894274,-6.635545859850238,16.379700925088347,33.91993754966192,-14.643901885161585,3.301624016,1.666240158,9,"103.8",-12,"96.3",2239,"6.9",824028,643376,669394,679822,677649,680737,457705,664059,607043,"53.59",0.28,0.258,"0",1,0,0,2,6,10,"Sinker",0,0,0,0,0,0,0,0,"Infield shade","Standard",150,"-0.012","-0.307","71.6","6.6",,0.291,"0.307","103.8",0,0,0.512,0.512,27,25,27,25,1,0,6,1,5,2,"1.27","1.15","-1.15","44.3",-4.972555055474669,17.315758481280255,38.95122997255008,40.02448767630784,20.21946409672092
"FC","2026-05-24","89.2","1.8","5.63","Grissom, Vaughn",687093,669022,,"ball",,,,,11,,"R","R","L","LAA","TEX","B",,,2,2,2026,"-0.29","0.71",-1.303478795957337,2.7431444919636956,,,,2,1,"Bot",,,,,,,-7.001228597537793,-129.87892565930386,-2.4654155273203715,-1.9429571977848368,25.878224461886006,-23.804124031526577,3.301624016,1.666240158,,,,"90.6",1957,"7",824028,643376,669394,679822,677649,680737,457705,664059,607043,"53.52",,,,,,,,6,9,"Cutter",0,0,0,0,0,0,0,0,"Infield shade","Standard",165,"0.004","0.086",,,,,"-0.086",,0,0,0.508,0.508,27,25,27,25,1,0,6,1,5,2,"2.14","-0.29","0.29","48.5",,,,,
"CU","2026-05-24","82","1.6","5.66","Grissom, Vaughn",687093,669022,,"foul",,,,,6,,"R","R","L","LAA","TEX","S",,,2,2,2026,"-0.27","-1.09",0.5468150841141692,2.2586005448176163,,,,2,1,"Bot",,,,,,,-1.8339412826225634,-119.33341593795267,1.294830530113571,-2.2265421628823217,24.962352630368052,-42.98514355269243,3.301624016,1.666240158,2,"60.5",-50,"82.6",2301,"6.9",824028,643376,669394,679822,677649,680737,457705,664059,607043,"53.62",,,,,,,,6,8,"Curveball",0,0,0,0,0,0,0,0,"Infield shade","Standard",332,"0","0","71.8","7.9",,,"0","88.0",0,0,0.508,0.508,27,25,27,25,1,0,6,1,5,2,"4.5","-0.27","0.27","54.4",20.990833601146985,-11.08619792089655,29.0292376247737,44.66802094823844,39.87586715535477
"FF","2026-05-24","96.7","1.8","5.78","Grissom, Vaughn",687093,669022,,"foul",,,,,4,,"R","R","L","LAA","TEX","S",,,2,2,2026,"0.65","1.39",-0.5693475462621298,2.6432464397572577,,,,2,1,"Bot",,,,,,,-7.819641455153218,-140.43933780657892,-5.804788810656663,10.456064390391338,34.10561035114674,-12.666771945023509,3.301624016,1.666240158,198,"65.7",30,"97.2",2297,"6.9",824028,643376,669394,679822,677649,680737,457705,664059,607043,"53.64",,,,,,,,6,7,"4-Seam Fastball",0,0,0,0,0,0,0,0,"Infield shade","Standard",151,"0","0","68.1","6.1",,,"0","88.0",0,0,0.508,0.508,27,25,27,25,1,0,6,1,5,2,"1.07","0.65","-0.65","47.0",-10.3253687450238,18.663352702631286,37.53119675131528,30.268684631461962,18.93528084997366
"CH","2026-05-24","86.2","1.81","5.59","Grissom, Vaughn",687093,669022,,"foul",,,,,3,,"R","R","L","LAA","TEX","S",,,2,2,2026,"1.19","0.89",0.6543413067462689,2.972973604860986,,,,2,1,"Bot",,,,,,,-5.236534327103691,-125.39307113589919,-1.5949692939143707,13.58634261353723,27.722937084150274,-22.71367134680483,3.301624016,1.666240158,2,"70.4",-53,"86.9",1565,"6.9",824028,643376,669394,679822,677649,680737,457705,664059,607043,"53.55",,,,,,,,6,6,"Changeup",0,0,0,0,0,0,0,0,"Infield shade","Standard",118,"0","0","70.5","7.7",,,"0","88.0",0,0,0.508,0.508,27,25,27,25,1,0,6,1,5,2,"2.2","1.19","-1.19","44.5",21.86652137270819,-10.521397644053838,24.476671990852953,44.68488507590132,36.10016567203469
"CU","2026-05-24","82.8","1.62","5.8","Grissom, Vaughn",687093,669022,,"foul",,,,,3,,"R","R","L","LAA","TEX","S",,,2,2,2026,"-0.39","-0.99",0.29833735755894586,3.02532949556446,,,,2,1,"Bot",,,,,,,-2.2406996787078377,-120.51402515235968,2.3905679839919083,-3.277015576021282,25.084305911059744,-42.49778112935635,3.301624016,1.666240158,201,"74.4",44,"83.3",2345,"6.8",824028,643376,669394,679822,677649,680737,457705,664059,607043,"53.7",,,,,,,,6,5,"Curveball",0,0,0,0,0,0,0,0,"Infield shade","Standard",326,"0","0","67.8","6.2",,,"0","88.0",0,0,0.508,0.508,27,25,27,25,1,0,6,1,5,2,"4.33","-0.39","0.39","52.7",-4.472656210603681,20.428532764787484,32.410261602375876,39.7375747191345,14.700188691514164
"FF","2026-05-24","95.3","1.79","5.82","Grissom, Vaughn",687093,669022,,"ball",,,,,11,,"R","R","L","LAA","TEX","B",,,1,2,2026,"0.54","1.32",-1.0397836947196923,4.098097088023976,,,,2,1,"Bot",,,,,,,-8.631018282039777,-138.45497976768874,-1.6987153290347288,8.985424925402487,32.84020692331643,-15.081013918477995,3.301624016,1.666240158,,,,"95.7",2334,"6.8",824028,643376,669394,679822,677649,680737,457705,664059,607043,"53.73",,,,,,,,6,4,"4-Seam Fastball",0,0,0,0,0,0,0,0,"Infield shade","Standard",151,"0.001","0.044",,,,,"-0.044",,0,0,0.507,0.507,27,25,27,25,1,0,6,1,5,2,"1.21","0.54","-0.54","48.3",,,,,
"SI","2026-05-24","95.3","1.78","5.72","Grissom, Vaughn",687093,669022,,"foul",,,,,6,,"R","R","L","LAA","TEX","S",,,1,1,2026,"0.97","1.29",0.8214723821981214,2.72956007043455,,,,2,1,"Bot",,,,,,,-4.758742225394563,-138.71852918214552,-5.005508037656669,13.611309801342996,32.252143169478515,-14.548590572533906,3.301624016,1.666240158,256,"76.7",37,"96.1",2142,"6.8",824028,643376,669394,679822,677649,680737,457705,664059,607043,"53.68",,,,,,,,6,3,"Sinker",0,0,0,0,0,0,0,0,"Infield shade","Standard",143,"-0.002","-0.069","70.1","6.8",,,"0.069","88.0",0,0,0.509,0.509,27,25,27,25,1,0,6,1,5,2,"1.22","0.97","-0.97","45.4",-6.8494693956271515,17.08353467572514,33.02025280161198,47.81817882226476,14.796345987023209
"CU","2026-05-24","82.8","1.52","5.68","Grissom, Vaughn",687093,669022,,"ball",,,,,13,,"R","R","L","LAA","TEX","B",,,0,1,2026,"-0.45","-1.21",-1.1240875001171204,-0.7845908784543005,,,,2,1,"Bot",,,,,,,-5.1137201981318325,-120.33971754446212,-5.5163250781338915,-3.2036842443799802,26.105660941629846,-42.81453936196361,3.301624016,1.666240158,,,,"83.2",2335,"6.9",824028,643376,669394,679822,677649,680737,457705,664059,607043,"53.64",,,,,,,,6,2,"Curveball",0,0,0,0,0,0,0,0,"Infield shade","Standard",332,"0.001","0.031",,,,,"-0.031",,0,0,0.508,0.508,27,25,27,25,1,0,6,1,5,2,"4.57","-0.45","0.45","51.8",,,,,
"CU","2026-05-24","81.7","1.64","5.67","Grissom, Vaughn",687093,669022,,"swinging_strike",,,,,13,,"R","R","L","LAA","TEX","S",,,0,0,2026,"-0.41","-1.24",-0.25146492355212036,1.2289968296752427,,,,2,1,"Bot",,,,,,,-3.426842758837641,-118.96416717297485,-0.6882173550128481,-3.1524206484053745,24.706620657188306,-43.95305716817106,3.301624016,1.666240158,,,,"82.1",2294,"6.7",824028,643376,669394,679822,677649,680737,457705,664059,607043,"53.79",,,,,,,,6,1,"Curveball",0,0,0,0,0,0,0,0,"Infield shade","Standard",334,"-0.002","-0.044","78.1","8.5","2.970150156",,"0.044",,0,0,0.51,0.51,27,25,27,25,1,0,6,1,5,2,"4.67","-0.41","0.41","52.2",26.6212009840437,-29.310968882460333,34.95400546253829,36.87277310228588,52.13422242966485
"FF","2026-05-24","96.4","-3.73","5.3","Grissom, Vaughn",687093,686560,"strikeout","swinging_strike",,,,,11,"Vaughn Grissom strikes out swinging.","R","R","R","LAA","TEX","S",2,,1,2,2026,"-0.92","0.98",-1.1532166261843124,3.7944828069585537,,,,0,9,"Bot",,,,,,,8.906684174042152,-140.16071784631262,-0.5297737121562816,-14.226249307801647,32.49460146860897,-19.311992414097112,3.301624016,1.666240158,,,,"96.4",2433,"6.4",824028,643376,669394,679822,677649,680737,664059,696030,607043,"54.13",,0,"0",1,0,0,,61,5,"4-Seam Fastball",1,1,1,1,1,1,1,1,"Standard","Standard",240,"-0.04","-0.188","55.6","5.1","1.089098592",,"0.188",,0,0,0.622,0.622,25,25,25,25,1,3,6,1,3,2,"1.48","0.92","0.92","22.8",-7.646183203266436,23.509991882297065,26.149686694205545,22.787428171784377,16.97958011719026
"FF","2026-05-24","96.9","-3.69","5.34","Grissom, Vaughn",687093,686560,,"foul",,,,,5,,"R","R","R","LAA","TEX","S",,,1,2,2026,"-0.99","1.09",0.08130561677815762,2.4857661400779762,,,,0,9,"Bot",,,,,,,12.207092926378039,-140.47497486050796,-4.352752952484932,-16.032520552306714,33.505256964420084,-16.870360475859542,3.301624016,1.666240158,152,"81.4",11,"96.4",2389,"6.3",824028,643376,669394,679822,677649,680737,664059,696030,607043,"54.15",,,,,,,,61,4,"4-Seam Fastball",1,1,1,1,1,1,1,1,"Infield shade","Standard",239,"0","0","60.3","5.6",,,"0","88.0",0,0,0.622,0.622,25,25,25,25,1,3,6,1,3,2,"1.36","0.99","0.99","22.9",-32.4124565637327,37.639504698012814,40.535058227508415,38.40828039709408,-8.023158663156345
"ST","2026-05-24","85.1","-4.06","4.98","Grissom, Vaughn",687093,686560,,"called_strike",,,,,5,,"R","R","R","LAA","TEX","S",,,1,1,2026,"0.57","0.74",0.10761286795666558,2.2099830838853247,,,,0,9,"Bot",,,,,,,8.428031941371058,-123.74521603851485,-1.4681857713709237,4.112356189259285,25.65738182908894,-24.531561470445133,3.301624016,1.666240158,,,,"84.6",2970,"6.1",824028,643376,669394,679822,677649,680737,664059,696030,607043,"54.43",,,,,,,,61,3,"Sweeper",1,1,1,1,1,1,1,1,"Infield shade","Standard",67,"-0.014","-0.062",,,,,"0.062",,0,0,0.636,0.636,25,25,25,25,1,3,6,1,3,2,"2.42","-0.57","-0.57","13.0",,,,,
"FC","2026-05-24","90.3","-3.9","5.22","Grissom, Vaughn",687093,686560,,"called_strike",,,,,1,,"R","R","R","LAA","TEX","S",,,1,0,2026,"0.14","0.18",-0.5809208142207025,2.8621396676542816,,,,0,9,"Bot",,,,,,,7.815977321289118,-131.19874918280212,-0.06174592372904664,-0.15167636850979088,30.26934920301054,-30.359350149253128,3.301624016,1.666240158,,,,"89.7",2640,"6.2",824028,643376,669394,679822,677649,680737,664059,696030,607043,"54.29",,,,,,,,61,2,"Cutter",1,1,1,1,1,1,1,1,"Infield shade","Standard",141,"-0.01","-0.058",,,,,"0.058",,0,0,0.646,0.646,25,25,25,25,1,3,6,1,3,2,"2.65","-0.14","-0.14","19.3",,,,,
"SI","2026-05-24","96.3","-3.66","5.38","Grissom, Vaughn",687093,686560,,"ball",,,,,11,,"R","R","R","LAA","TEX","B",,,0,0,2026,"-1.46","0.41",-0.7615072769253985,4.226179312512593,,,,0,9,"Bot",,,,,,,10.897093361799449,-139.85900301856987,1.7318605466738788,-21.591668115532073,31.92400682041311,-27.4905560483725,3.301624016,1.666240158,,,,"95.8",2316,"6.2",824028,643376,669394,679822,677649,680737,664059,696030,607043,"54.34",,,,,,,,61,1,"Sinker",1,1,1,1,1,1,1,1,"Infield shade","Standard",235,"0.007","0.044",,,,,"-0.044",,0,0,0.639,0.639,25,25,25,25,1,3,6,1,3,2,"2.06","1.46","1.46","23.5",,,,,
"SL","2026-05-23","87","-2.48","5.7","Grissom, Vaughn",687093,668390,"field_out","hit_into_play",,,,,8,"Vaughn Grissom lines out to third baseman Ezequiel Duran.","R","R","R","LAA","TEX","X",5,"line_drive",0,2,2026,"0.24","-0.21",0.22342746546153253,1.594756600648532,,,,0,8,"Bot",90.79,156.12,,,,,5.955788404143533,-126.68864788476192,-3.0436655837971127,1.4297234130057148,25.00416317102147,-34.03304707700557,3.301624016,1.666240158,142,"89.6",11,"87.9",2630,"6.8",824030,543309,669394,679822,677649,680737,457705,694497,607043,"53.74",0.651,0.606,"0",1,0,0,4,68,3,"Slider",3,2,3,2,2,3,3,2,"Infield shade","Standard",63,"-0.008","-0.165","68.5","8.0",,0.724,"0.165","89.6",1,1,0.861,0.861,26,25,27,25,1,0,5,2,17,1,"3.21","-0.24","-0.24","46.1",13.121496218503776,-8.50660950816005,41.63986935872354,36.433302512145296,35.192907086752
"FF","2026-05-23","96.4","-2.49","5.61","Grissom, Vaughn",687093,668390,,"foul",,,,,3,,"R","R","R","LAA","TEX","S",,,0,1,2026,"-0.37","1.31",0.7608646561860216,3.2615967399896966,,,,0,8,"Bot",,,,,,,9.476362273650928,-139.93096101232246,-3.441035983516316,-7.191413170596564,36.04274231076668,-14.520596889925724,3.301624016,1.666240158,256,"76.4",39,"96.8",2463,"7",824030,543309,669394,679822,677649,680737,457705,694497,607043,"53.5",,,,,,,,68,2,"4-Seam Fastball",3,2,3,2,2,3,3,2,"Infield shade","Standard",215,"-0.004","-0.056","73.4","6.5",,,"0.056","88.0",1,1,0.865,0.865,26,25,27,25,1,0,5,2,17,1,"1.19","0.37","0.37","47.6",-0.2924901073046154,8.989323269698389,23.620053174728092,44.27960237303444,22.4389394951151
"FC","2026-05-23","92","-2.82","5.63","Grissom, Vaughn",687093,668390,,"called_strike",,,,,4,,"R","R","R","LAA","TEX","S",,,0,0,2026,"-0.12","0.73",-0.537583612612355,2.759468685432096,,,,0,8,"Bot",,,,,,,6.018251982593643,-133.8216018566562,-2.8649374088993715,-2.7156347934854996,29.060156847229486,-23.00196028297516,3.301624016,1.666240158,,,,"92.7",2517,"6.7",824030,543309,669394,679822,677649,680737,457705,694497,607043,"53.78",,,,,,,,68,1,"Cutter",3,2,3,2,2,3,3,2,"Infield shade","Standard",207,"-0.002","-0.043",,,,,"0.043",,1,1,0.867,0.867,26,25,27,25,1,0,5,2,17,1,"1.97","0.12","0.12","40.9",,,,,
"ST","2026-05-21","84.1","-1.89","5.59","Grissom, Vaughn",687093,622663,"field_out","hit_into_play",,,,,6,"Vaughn Grissom flies out to left fielder Tyler Soderstrom.","R","R","R","LAA","ATH","X",7,"fly_ball",2,2,2026,"1.65","0.43",0.7469221412885128,2.232276132500136,,,,1,7,"Bot",64.17,74.25,,,,,2.7000635676167644,-122.37153609515572,-1.9562952060356058,15.757716839346196,28.101364752689864,-27.71395087756417,3.301624016,1.666240158,343,"98.9",24,"84",2659,"6.6",824031,669127,701762,643446,680869,687231,691016,671732,666126,"53.91",0.423,0.637,"0",1,0,0,5,49,6,"Sweeper",2,2,2,2,2,2,2,2,"Standard","Standard",77,"-0.025","-0.238","68.3","7.6",,1.103,"0.238","98.9",0,0,0.546,0.546,32,25,32,25,3,2,5,1,8,2,"2.84","-1.65","-1.65","33.4",15.611545882600538,-10.046923261297,34.03672242898025,42.02296503203098,38.217630010136006
"FF","2026-05-21","97.8","-1.76","5.78","Grissom, Vaughn",687093,622663,,"foul",,,,,2,,"R","R","R","LAA","ATH","S",,,2,2,2026,"-0.84","1.17",0.1835813751389258,2.905860425021178,,,,1,7,"Bot",,,,,,,7.182711538570656,-142.2008117480081,-4.787648175476426,-13.103510992029804,34.43451194496321,-15.384949175822033,3.301624016,1.666240158,235,"82.2",50,"97.9",2423,"6.5",824031,669127,701762,643446,680869,687231,691016,671732,666126,"53.97",,,,,,,,49,5,"4-Seam Fastball",2,2,2,2,2,2,2,2,"Standard","Standard",213,"0","0","66.8","6.1",,,"0","88.0",0,0,0.546,0.546,32,25,32,25,3,2,5,1,8,2,"1.23","0.84","0.84","37.9",-9.88053155218817,14.736575851137395,35.53050853139033,37.31582662539003,17.25953809275679
"ST","2026-05-21","85.2","-1.88","5.62","Grissom, Vaughn",687093,622663,,"ball",,,,,14,,"R","R","R","LAA","ATH","B",,,1,2,2026,"1.33","0.09",1.6671930222898563,1.3913323874510777,,,,1,7,"Bot",,,,,,,5.495020314169698,-123.85078519049087,-3.4539751691090705,12.239023641705376,28.624922677510632,-30.724722975431632,3.301624016,1.666240158,,,,"84.7",2787,"6.4",824031,669127,701762,643446,680869,687231,691016,671732,666126,"54.12",,,,,,,,49,4,"Sweeper",2,2,2,2,2,2,2,2,"Standard","Standard",72,"0.005","0.055",,,,,"-0.055",,0,0,0.541,0.541,32,25,32,25,3,2,5,1,8,2,"3.1","-1.33","-1.33","33.1",,,,,
"SI","2026-05-21","96.3","-1.74","5.92","Grissom, Vaughn",687093,622663,,"foul_tip",,,,,8,,"R","R","R","LAA","ATH","S",,,1,1,2026,"-0.96","1.19",0.21823885377234908,2.0595207371613173,,,,1,7,"Bot",,,,,,,7.38873531646791,-139.9012939707894,-7.187425153573926,-14.266287811826631,33.70393630231106,-15.107414274625777,3.301624016,1.666240158,,,,"96.6",2192,"6.7",824031,669127,701762,643446,680869,687231,691016,671732,666126,"53.78",,,,,,,,49,3,"Sinker",2,2,2,2,2,2,2,2,"Standard","Standard",206,"-0.008","-0.074","75.2","7.0",,,"0.074",,0,0,0.549,0.549,32,25,32,25,3,2,5,1,8,2,"1.29","0.96","0.96","44.0",-6.064898864664796,10.401318895751109,43.323785846646395,36.95455801220223,20.143525272266082
"ST","2026-05-21","84.6","-2.14","5.58","Grissom, Vaughn",687093,622663,,"swinging_strike",,,,,14,,"R","R","R","LAA","ATH","S",,,1,0,2026,"1.12","0.27",1.056368293755737,1.1416048571455675,,,,1,7,"Bot",,,,,,,5.0976240355390185,-123.02929501439687,-4.251670071775286,10.197254164691428,26.802238911504137,-28.748669714172223,3.301624016,1.666240158,,,,"84.7",2505,"6.6",824031,669127,701762,643446,680869,687231,691016,671732,666126,"53.88",,,,,,,,49,2,"Sweeper",2,2,2,2,2,2,2,2,"Standard","Standard",76,"-0.005","-0.05","68.7","8.6","13.124547984",,"0.05",,0,0,0.554,0.554,32,25,32,25,3,2,5,1,8,2,"2.94","-1.12","-1.12","32.9",43.76580012603775,-29.34159136080094,42.35122563794134,43.580441244358745,59.650800239777496
"ST","2026-05-21","83.2","-2.01","5.64","Grissom, Vaughn",687093,622663,,"ball",,,,,14,,"R","R","R","LAA","ATH","B",,,0,0,2026,"1.23","0.38",1.1980747254462063,1.7424561800532907,,,,1,7,"Bot",,,,,,,4.792587404349718,-120.96877766051728,-2.92269021694754,10.95757205793839,26.603932527781,-28.027232566638137,3.301624016,1.666240158,,,,"82.7",2487,"6.3",824031,669127,701762,643446,680869,687231,691016,671732,666126,"54.19",,,,,,,,49,1,"Sweeper",2,2,2,2,2,2,2,2,"Standard","Standard",79,"0.004","0.043",,,,,"-0.043",,0,0,0.55,0.55,32,25,32,25,3,2,5,1,8,2,"2.95","-1.23","-1.23","31.5",,,,,
"SL","2026-05-21","88.8","-1.82","5.74","Grissom, Vaughn",687093,622663,"field_out","hit_into_play",,,,,8,"Vaughn Grissom grounds out, third baseman Zack Gelof to first baseman Nick Kurtz.","R","R","R","LAA","ATH","X",5,"ground_ball",1,2,2026,"0.62","-0.13",-0.22498113108822593,2.057468083982161,,,,1,4,"Bot",95.74,166,,,,,2.545694675514937,-129.33559843183866,-2.4392098097186623,6.358784110385146,29.351558818468536,-33.33958440063912,3.301624016,1.666240158,5,"100.6",-24,"89.4",2566,"6.8",824031,669127,701762,643446,680869,687231,691016,671732,666126,"53.66",0.121,0.115,"0",1,0,0,2,27,5,"Slider",2,0,2,0,0,2,2,0,"Standard","Standard",120,"-0.008","-0.183","71.7","6.9",,0.132,"0.183","100.6",2,2,0.767,0.767,32,25,32,25,2,1,5,1,8,2,"3.04","-0.62","-0.62","39.5",0.23966421334560734,-4.278694759832875,38.442078278010456,32.30869561191539,27.83549209910963
"ST","2026-05-21","85.6","-1.86","5.56","Grissom, Vaughn",687093,622663,,"foul",,,,,14,,"R","R","R","LAA","ATH","S",,,1,2,2026,"1.29","0.51",1.5483250019182864,2.113571635027748,,,,1,4,"Bot",,,,,,,5.34843496132375,-124.44980572929474,-2.594354415918537,12.041428463113606,28.47650439848924,-26.595891607301084,3.301624016,1.666240158,1,"62.6",-59,"86.1",2554,"7",824031,669127,701762,643446,680869,687231,691016,671732,666126,"53.51",,,,,,,,27,4,"Sweeper",2,0,2,0,0,2,2,0,"Standard","Standard",76,"0","0","60.1","7.7",,,"0","88.0",2,2,0.767,0.767,32,25,32,25,2,1,5,1,8,2,"2.64","-1.29","-1.29","31.4",21.67472502989536,-1.0518617014696952,26.805578979696794,50.99131634835017,34.71346883759366
"SI","2026-05-21","96.6","-1.72","5.91","Grissom, Vaughn",687093,622663,,"foul",,,,,7,,"R","R","R","LAA","ATH","S",,,1,1,2026,"-1.26","0.92",-0.6135422875013381,2.108430293708416,,,,1,4,"Bot",,,,,,,5.887668614774373,-140.3702201929757,-6.468784427484558,-17.995809718786074,33.45104594778461,-18.666070741250635,3.301624016,1.666240158,,,,"97.2",2137,"6.8",824031,669127,701762,643446,680869,687231,691016,671732,666126,"53.68",,,,,,,,27,3,"Sinker",2,0,2,0,0,2,2,0,"Standard","Standard",208,"-0.002","-0.074","70.4","6.9",,,"0.074",,2,2,0.769,0.769,32,25,32,25,2,1,5,1,8,2,"1.54","1.26","1.26","41.9",2.54314385959311,9.027256754620597,38.66937517539928,28.90431994745645,23.447898316267178
"SI","2026-05-21","96.4","-1.81","5.96","Grissom, Vaughn",687093,622663,,"ball",,,,,12,,"R","R","R","LAA","ATH","B",,,0,1,2026,"-1.29","1.06",0.3915321998336607,3.666027474386559,,,,1,4,"Bot",,,,,,,8.829711284411964,-140.08503875560527,-2.775245884884779,-19.022641282855343,33.56419194474032,-17.83179179203632,3.301624016,1.666240158,,,,"96.8",2161,"6.7",824031,669127,701762,643446,680869,687231,691016,671732,666126,"53.79",,,,,,,,27,2,"Sinker",2,0,2,0,0,2,2,0,"Standard","Standard",205,"0.001","0.035",,,,,"-0.035",,2,2,0.768,0.768,32,25,32,25,2,1,5,1,8,2,"1.41","1.29","1.29","44.6",,,,,
"FC","2026-05-21","93.4","-1.88","5.78","Grissom, Vaughn",687093,622663,,"called_strike",,,,,2,,"R","R","R","LAA","ATH","S",,,0,0,2026,"0.08","0.73",0.10477132394157149,3.3556887803356696,,,,1,4,"Bot",,,,,,,4.909072209707499,-135.989450454984,-1.9317427031187564,-0.11704032711390108,30.756908972090248,-22.917515956655734,3.301624016,1.666240158,,,,"94",2253,"6.7",824031,669127,701762,643446,680869,687231,691016,671732,666126,"53.84",,,,,,,,27,1,"Cutter",2,0,2,0,0,2,2,0,"Standard","Standard",192,"-0.002","-0.042",,,,,"0.042",,2,2,0.77,0.77,32,25,32,25,2,1,5,1,8,2,"1.89","-0.08","-0.08","39.6",,,,,
"SI","2026-05-21","94.6","-1.08","6.39","Grissom, Vaughn",687093,669270,"field_out","hit_into_play",,,,,4,"Vaughn Grissom grounds out, shortstop Alika Williams to first baseman Nick Kurtz.","R","R","R","LAA","ATH","X",6,"ground_ball",2,2,2026,"-1.22","0.62",-0.3494581414605795,2.6787255755882913,624428,545361,,2,9,"Bot",112.79,155.74,,,,,4.720837154756204,-137.71116789623227,-5.229815314180242,-16.628149818821523,30.88289232029278,-23.34541904266682,3.301624016,1.666240158,6,"89.3",-24,"95.5",2256,"6.8",824031,669127,701762,687231,680869,675961,691016,703607,671732,"53.67",0.056,0.05,"0",1,0,0,2,69,5,"Sinker",2,2,2,2,2,2,2,2,"Standard","Standard",213,"-0.114","-0.208","68.0","6.4",,0.058,"0.208","89.3",0,0,0.614,0.614,31,25,31,25,1,3,2,1,2,2,"1.93","1.22","1.22","39.8",1.0961964394328325,8.977028226341977,32.06416490518461,30.42534085749004,22.501120393157333
"SI","2026-05-21","92.4","-1.12","6.43","Grissom, Vaughn",687093,669270,,"called_strike",,,,,1,,"R","R","R","LAA","ATH","S",,,2,1,2026,"-0.89","0.84",-0.6077511975021282,2.975749321001948,624428,545361,,2,9,"Bot",,,,,,,3.285916461493966,-134.575526119392,-4.680232849427071,-11.531377403464097,29.005169277615735,-21.17583573522806,3.301624016,1.666240158,,,,"93.1",2284,"6.7",824031,669127,701762,687231,680869,675961,691016,703607,671732,"53.84",,,,,,,,69,4,"Sinker",2,2,2,2,2,2,2,2,"Standard","Standard",213,"-0.023","-0.045",,,,,"0.045",,0,0,0.637,0.637,31,25,31,25,1,3,2,1,2,2,"1.82","0.89","0.89","40.8",,,,,
"FC","2026-05-21","87.8","-1.7","6.24","Grissom, Vaughn",687093,669270,,"ball",,,,,13,,"R","R","R","LAA","ATH","B",,,1,1,2026,"0.15","-0.16",-0.9345603740236024,1.5483676286664818,624428,545361,,2,9,"Bot",,,,,,,1.5181825317409166,-127.81265468790014,-4.667813996805281,1.2898862870003744,27.198333753077936,-33.11435047402736,3.301624016,1.666240158,,,,"88.3",2503,"6.6",824031,669127,701762,687231,680869,675961,691016,703607,671732,"53.88",,,,,,,,69,3,"Cutter",2,2,2,2,2,2,2,2,"Standard","Standard",149,"0.01","0.002",,,,,"-0.002",,0,0,0.627,0.627,31,25,31,25,1,3,2,1,2,2,"3.12","-0.15","-0.15","36.1",,,,,
"ST","2026-05-21","84.8","-2.09","5.57","Grissom, Vaughn",687093,622663,"field_out","hit_into_play",,,,,9,"Vaughn Grissom flies out to center fielder Lawrence Butler.","R","R","R","LAA","ATH","X",8,"fly_ball",1,1,2026,"1.51","0.35",0.4699736467659872,2.142270229715701,,,,1,1,"Bot",151.63,106.27,,,,,2.834169210184593,-123.2943045460846,-2.029385692108754,14.470822712003846,30.363231765904786,-28.42428579556698,3.301624016,1.666240158,241,"87.1",52,"84.7",2577,"6.8",824031,669127,701762,643446,680869,687231,691016,671732,666126,"53.69",0.003,0.003,"0",1,0,0,3,7,3,"Sweeper",2,0,2,0,0,2,2,0,"Standard","Standard",77,"-0.011","-0.257","64.6","7.7",,0.003,"0.257","88.0",2,2,0.716,0.716,32,25,32,25,1,0,5,1,8,2,"2.89","-1.51","-1.51","31.9",21.085466629589572,-13.142803722550827,34.65282602517985,40.71411823388884,34.83308383131296
"SI","2026-05-21","94.1","-1.17","6.35","Grissom, Vaughn",687093,669270,,"ball",,,,,13,,"R","R","R","LAA","ATH","B",,,0,1,2026,"-1.14","0.45",-0.8667045432616292,1.8945680098278406,624428,545361,,2,9,"Bot",,,,,,,3.3910003903703263,-136.86287676519743,-6.636141179994636,-15.126624485257103,30.97215345198033,-25.255944494526204,3.301624016,1.666240158,,,,"94.7",2215,"6.7",824031,669127,701762,687231,680869,675961,691016,703607,671732,"53.8",,,,,,,,69,2,"Sinker",2,2,2,2,2,2,2,2,"Standard","Standard",213,"0.013","0.023",,,,,"-0.023",,0,0,0.614,0.614,31,25,31,25,1,3,2,1,2,2,"2.13","1.14","1.14","39.2",,,,,
"FF","2026-05-21","95.8","-1.94","5.74","Grissom, Vaughn",687093,622663,,"foul",,,,,9,,"R","R","R","LAA","ATH","S",,,1,0,2026,"-0.93","1.14",0.7984338189004447,1.9323510428763304,,,,1,1,"Bot",,,,,,,9.33490404231553,-138.89625846255905,-6.743374981362167,-14.340442381899454,36.235044435626996,-16.040518024197798,3.301624016,1.666240158,142,"77.7",66,"95.7",2315,"6.8",824031,669127,701762,643446,680869,687231,691016,671732,666126,"53.71",,,,,,,,7,2,"4-Seam Fastball",2,0,2,0,0,2,2,0,"Standard","Standard",221,"-0.003","-0.05","76.8","7.7",,,"0.05","88.0",2,2,0.719,0.719,32,25,32,25,1,0,5,1,8,2,"1.4","0.93","0.93","36.8",8.683273866833414,-2.0166679440552064,35.00343951130376,44.655981211293366,33.62842879104234
"SI","2026-05-21","93.2","-1.23","6.41","Grissom, Vaughn",687093,669270,,"called_strike",,,,,4,,"R","R","R","LAA","ATH","S",,,0,0,2026,"-1.07","0.58",-0.5693126369541863,2.7240013821454108,624428,,545361,2,9,"Bot",,,,,,,4.101645670870197,-135.60185502354946,-4.807817940527723,-14.06244985778233,30.103462534057236,-24.14844717865075,3.301624016,1.666240158,,,,"93.9",2266,"6.7",824031,669127,701762,687231,680869,675961,691016,703607,671732,"53.76",,,,,,,,69,1,"Sinker",2,2,2,2,2,2,2,2,"Standard","Standard",215,"-0.023","-0.031",,,,,"0.031",,0,0,0.637,0.637,31,25,31,25,1,3,2,1,2,2,"2.05","1.07","1.07","38.9",,,,,
"FC","2026-05-21","91.7","-1.91","5.79","Grissom, Vaughn",687093,622663,,"ball",,,,,14,,"R","R","R","LAA","ATH","B",,,0,0,2026,"-0.05","0.51",1.0763918984898808,2.0688272574691817,,,,1,1,"Bot",,,,,,,7.6428028976596485,-133.24726150342386,-4.409231171211479,-2.4647659854241684,32.11052363596715,-25.26397726630498,3.301624016,1.666240158,,,,"92.2",2379,"6.9",824031,669127,701762,643446,680869,687231,691016,671732,666126,"53.58",,,,,,,,7,1,"Cutter",2,0,2,0,0,2,2,0,"Standard","Standard",189,"0.002","0.043",,,,,"-0.043",,2,2,0.717,0.717,32,25,32,25,1,0,5,1,8,2,"2.23","0.05","0.05","38.1",,,,,
"CU","2026-05-20","77.8","-0.18","6.53","Grissom, Vaughn",687093,650644,"field_out","hit_into_play",,,,,14,"Vaughn Grissom grounds out softly, third baseman Zack Gelof to first baseman Nick Kurtz.","R","R","R","LAA","ATH","X",5,"ground_ball",0,1,2026,"0.78","-1.1",0.6868221358403882,1.298071385719835,694384,,,1,3,"Bot",108.6,166.51,,,,,0.3715103184198254,-113.32066785117362,-1.9324149140255142,6.572225799744326,23.02875968907219,-41.42953905610408,3.301624016,1.666240158,75,"45.2",16,"76.7",2947,"5.7",824032,669127,701762,643446,680869,687231,691016,703607,666126,"54.77",0.142,0.128,"0",1,0,0,1,30,2,"Curveball",5,3,5,3,3,5,5,3,"Strategic","Standard",44,"-0.037","-0.221","39.7","7.6",,0.158,"0.221","88.0",2,2,0.795,0.795,31,25,31,25,2,1,5,1,5,1,"4.89","-0.78","-0.78","47.8",16.950293359029114,-9.130288347011012,35.523156226227165,42.72567379400421,39.75823178701935
"FC","2026-05-20","87.7","-0.35","6.38","Grissom, Vaughn",687093,650644,,"called_strike",,,,,9,,"R","R","R","LAA","ATH","S",,,0,0,2026,"0.44","0.66",0.3118128852473319,1.8641121809018564,694384,,,1,3,"Bot",,,,,,,0.6461443351266932,-127.59759999900974,-5.86296840765993,4.655382463350867,26.567966320132584,-24.009766251574025,3.301624016,1.666240158,,,,"86.8",2486,"5.8",824032,669127,701762,643446,680869,687231,691016,703607,666126,"54.73",,,,,,,,30,1,"Cutter",5,3,5,3,3,5,5,3,"Strategic","Standard",190,"-0.007","-0.051",,,,,"0.051",,2,2,0.802,0.802,31,25,31,25,2,1,5,1,5,1,"2.31","-0.44","-0.44","44.4",,,,,
"FC","2026-05-20","88.8","-0.38","6.4","Grissom, Vaughn",687093,650644,"field_out","hit_into_play",,,,,5,"Vaughn Grissom flies out sharply to left fielder Tyler Soderstrom.","R","R","R","LAA","ATH","X",7,"fly_ball",1,1,2026,"0.39","0.97",0.21669809549553387,2.607512023606815,,,,2,1,"Bot",126,204.5,,,,,0.5894645715383584,-129.2256565362144,-5.022516088747722,4.272737704665517,27.587382013712336,-20.467920736414946,3.301624016,1.666240158,249,"100.4",59,"88",2618,"5.9",824032,669127,701762,643446,680869,687231,691016,703607,666126,"54.64",0.02,0.023,"0",1,0,0,3,11,3,"Cutter",2,2,2,2,2,2,2,2,"Standard","Standard",185,"-0.009","-0.246","71.7","7.7",,0.032,"0.246","100.4",0,0,0.509,0.509,31,25,31,25,1,0,5,1,5,1,"1.93","-0.39","-0.39","43.4",28.175422789534355,-17.698225752329247,28.76657531491512,37.34308042134169,37.320433467797294
"FC","2026-05-20","88.4","-0.42","6.45","Grissom, Vaughn",687093,650644,,"called_strike",,,,,6,,"R","R","R","LAA","ATH","S",,,1,0,2026,"0.27","0.88",0.8195419340380421,2.2039556699299725,,,,2,1,"Bot",,,,,,,2.3909343657927855,-128.68132790180408,-5.854125522531641,2.4482857786869987,27.358994240983847,-21.33685216204827,3.301624016,1.666240158,,,,"87.7",2595,"5.9",824032,669127,701762,643446,680869,687231,691016,703607,666126,"54.64",,,,,,,,11,2,"Cutter",2,2,2,2,2,2,2,2,"Standard","Standard",183,"-0.002","-0.054",,,,,"0.054",,0,0,0.511,0.511,31,25,31,25,1,0,5,1,5,1,"2.04","-0.27","-0.27","44.5",,,,,
"SI","2026-05-20","91.3","-0.49","6.19","Grissom, Vaughn",687093,650644,,"ball",,,,,14,,"R","R","R","LAA","ATH","B",,,0,0,2026,"-1.12","1.09",1.0280815801228222,1.7148635830357932,,,,2,1,"Bot",,,,,,,6.1775559314352115,-132.58645086590943,-7.420100576743299,-14.545136008602917,29.5313121604553,-17.869366353366804,3.301624016,1.666240158,,,,"90.4",2130,"6",824032,669127,701762,643446,680869,687231,691016,703607,666126,"54.54",,,,,,,,11,1,"Sinker",2,2,2,2,2,2,2,2,"Standard","Standard",216,"0.001","0.041",,,,,"-0.041",,0,0,0.51,0.51,31,25,31,25,1,0,5,1,5,1,"1.66","1.12","1.12","39.3",,,,,
"SI","2026-05-20","95.5","-1.21","6.28","Grissom, Vaughn",687093,665622,"field_out","hit_into_play",,,,,2,"Vaughn Grissom flies out to center fielder Henry Bolte.","R","R","R","LAA","ATH","X",8,"fly_ball",2,1,2026,"-1.08","1.07",-0.2138578794001722,2.9963137575008227,,,,1,6,"Bot",162.38,66.96,,,,,5.037429275120049,-138.87755515584243,-5.2158598561999465,-15.14715463140572,32.422234247658885,-17.31394140563088,3.301624016,1.666240158,339,"93.7",28,"94.8",2327,"6",824032,669127,701762,643446,680869,687231,691016,703607,666126,"54.49",0.151,0.215,"0",1,0,0,3,48,4,"Sinker",5,3,5,3,3,5,5,3,"Standard","Standard",207,"-0.011","-0.314","69.6","6.4",,0.361,"0.314","93.7",2,2,0.833,0.833,27,25,27,25,1,2,3,1,4,1,"1.44","1.08","1.08","44.4",5.574926299756353,12.574320336278202,24.813558686412225,34.1765011711172,24.942128976985924
"FF","2026-05-20","96.4","-1.18","6.27","Grissom, Vaughn",687093,665622,,"foul",,,,,4,,"R","R","R","LAA","ATH","S",,,2,0,2026,"-0.76","1.19",-0.3974554878965928,2.543225436226212,,,,1,6,"Bot",,,,,,,3.8157537062758413,-140.1586566203514,-6.8115473511412095,-10.912970598972045,34.555554018331534,-15.101775145120008,3.301624016,1.666240158,56,"68.4",2,"96.1",2519,"6.4",824032,669127,701762,643446,680869,687231,691016,703607,666126,"54.11",,,,,,,,48,3,"4-Seam Fastball",5,3,5,3,3,5,5,3,"Standard","Standard",207,"-0.003","-0.07",,,,,"0.07","88.0",2,2,0.836,0.836,27,25,27,25,1,2,3,1,4,1,"1.28","0.76","0.76","42.7",,,,,
"CU","2026-05-20","80.6","-1.18","6.26","Grissom, Vaughn",687093,665622,,"ball",,,,,14,,"R","R","R","LAA","ATH","B",,,1,0,2026,"0.82","-1.25",1.9810277993561929,1.3933308618596154,,,,1,6,"Bot",,,,,,,5.315723128900497,-117.22524590254524,-1.3472956572748969,6.295389698852719,25.708796839429734,-43.51149088019734,3.301624016,1.666240158,,,,"79.8",2543,"6.1",824032,669127,701762,643446,680869,687231,691016,703607,666126,"54.39",,,,,,,,48,2,"Curveball",5,3,5,3,3,5,5,3,"Standard","Standard",31,"0.003","0.077",,,,,"-0.077",,2,2,0.833,0.833,27,25,27,25,1,2,3,1,4,1,"4.81","-0.82","-0.82","44.7",,,,,
"SI","2026-05-20","97.7","-1.12","6.22","Grissom, Vaughn",687093,665622,,"ball",,,,,14,,"R","R","R","LAA","ATH","B",,,0,0,2026,"-1.27","1.3",1.3254143329458723,0.9408146969212875,,,,1,6,"Bot",,,,,,,9.431058962702942,-141.5651443436518,-11.384578731525691,-19.209298690525724,33.73386124344442,-12.087044034284052,3.301624016,1.666240158,,,,"97.1",2505,"6.3",824032,669127,701762,643446,680869,687231,691016,703607,666126,"54.24",,,,,,,,48,1,"Sinker",5,3,5,3,3,5,5,3,"Standard","Standard",210,"0.001","0.043",,,,,"-0.043",,2,2,0.832,0.832,27,25,27,25,1,2,3,1,4,1,"1.11","1.27","1.27","43.4",,,,,
"ST","2026-05-20","76.7","-2.64","5.19","Grissom, Vaughn",687093,605130,"hit_by_pitch","hit_by_pitch",,,,,11,"Vaughn Grissom hit by pitch.","R","R","R","LAA","ATH","B",,,0,1,2026,"1.06","0.6",-2.8844402694306863,3.008878763930288,,,,0,9,"Bot",,,,,,,-2.483416268622797,-111.6181956271035,1.5398449680724078,9.281580147633287,21.336020065386325,-27.730110999451725,3.301624016,1.666240158,,,,"77.2",2407,"6.8",824032,669127,701762,643446,680869,675961,691016,703607,671732,"53.7",,0.728904,"0.7",1,0,0,,71,2,"Sweeper",5,5,5,5,5,5,5,5,"Standard","Standard",90,"0.08","0.502",,,,,"-0.502",,0,0,0.63,0.63,33,25,34,25,1,3,1,1,3,1,"3.3","-1.06","-1.06","20.5",,,,,
"ST","2026-05-20","78.5","-2.59","5.12","Grissom, Vaughn",687093,605130,,"called_strike",,,,,7,,"R","R","R","LAA","ATH","S",,,0,0,2026,"1.11","0.64",-0.29538103830867235,2.13930049106414,,,,0,9,"Bot",,,,,,,2.827364843368099,-114.2740743669226,-0.5353338228159774,9.092717891090114,23.12568006110135,-26.758247507788717,3.301624016,1.666240158,,,,"78.9",2385,"6.8",824032,669127,701762,643446,680869,675961,691016,703607,671732,"53.71",,,,,,,,71,1,"Sweeper",5,5,5,5,5,5,5,5,"Standard","Standard",92,"-0.009","-0.043",,,,,"0.043",,0,0,0.639,0.639,33,25,34,25,1,3,1,1,3,1,"3.09","-1.11","-1.11","20.0",,,,,
"FC","2026-05-19","88.2","3.62","5.2","Grissom, Vaughn",687093,682052,"single","hit_into_play",,,,,2,"Vaughn Grissom singles on a sharp line drive to left fielder Colby Thomas. Jose Siri scores. Zach Neto scores. Mike Trout to 3rd.","R","R","L","LAA","ATH","X",7,"line_drive",1,2,2026,"0.4","0.66",0.23823228880864533,3.263089083374481,642350,687263,545361,2,4,"Bot",72.17,118.41,,,,,-9.116103500963979,-128.09626846049352,0.2505378574926991,6.402442225258572,28.335175006908752,-25.255347769348177,3.301624016,1.666240158,146,"108.6",7,"89.4",2308,"7.3",824033,641680,701762,643446,680869,687231,687515,703607,667670,"53.18",0.683,0.643,"0.9",1,1,0,4,40,6,"Cutter",2,6,2,6,6,4,4,6,"Standard","Standard",136,"0.159","0.619","76.9","7.3",,0.788,"-0.619","108.6",-4,-4,0.152,0.152,28,25,28,25,3,2,5,3,5,1,"2.3","0.4","-0.4","21.8",15.74293990030557,-7.050838152173318,24.961175068351288,37.05382980545695,34.823863039969595
"SL","2026-05-19","76.7","3.57","4.89","Grissom, Vaughn",687093,682052,,"foul",,,,,14,,"R","R","L","LAA","ATH","S",,,1,2,2026,"-1.13","-0.4",0.4350088892613355,1.2687903386932495,642350,687263,545361,2,4,"Bot",,,,,,,-4.507794613721455,-111.52881990132123,0.3961928110229742,-8.45597131809546,21.955133312468092,-35.81423228320209,3.301624016,1.666240158,,,,"77",2368,"6.8",824033,641680,701762,643446,680869,687231,687515,703607,667670,"53.72",,,,,,,,40,5,"Slider",2,6,2,6,6,2,2,6,"Standard","Standard",275,"0","0","74.1","8.3",,,"0",,-4,-4,0.152,0.152,28,25,28,25,3,2,5,3,5,1,"4.31","-1.13","1.13","15.8",19.63995609950391,-16.362764053706247,39.13523642595412,41.64985294553002,42.71473241178973
"FF","2026-05-19","90.9","3.45","5.26","Grissom, Vaughn",687093,682052,,"foul",,,,,2,,"R","R","L","LAA","ATH","S",,,1,2,2026,"1.04","1.22",-0.12531378905002755,3.1354302764956827,642350,687263,545361,2,4,"Bot",,,,,,,-11.26084645270298,-131.77387440777397,-1.7920061515707872,14.689018073103583,31.479751883838944,-17.93611905373864,3.301624016,1.666240158,210,"68",31,"91.6",2380,"7.2",824033,641680,701762,643446,680869,687231,687515,703607,667670,"53.29",,,,,,,,40,4,"4-Seam Fastball",2,6,2,6,6,2,2,6,"Standard","Standard",127,"0","0","69.6","6.3",,,"0","88.0",-4,-4,0.152,0.152,28,25,28,25,3,2,5,3,5,1,"1.59","1.04","-1.04","24.6",-0.42365193972995674,6.5251552936341835,33.910275272588585,32.29483683429609,21.926315910036536
"SL","2026-05-19","76.8","3.71","4.89","Grissom, Vaughn",687093,682052,,"foul",,,,,6,,"R","R","L","LAA","ATH","S",,,1,1,2026,"-0.79","0.23",0.6870497054075325,2.3991697851133575,642350,687263,545361,2,4,"Bot",,,,,,,-4.901665929455405,-111.66399996076515,1.5632520391995517,-5.647893604138327,21.430290829515176,-30.80126948577349,3.301624016,1.666240158,,,,"77.2",2289,"6.8",824033,641680,701762,643446,680869,687231,687515,703607,667670,"53.73",,,,,,,,40,3,"Slider",2,6,2,6,6,2,2,6,"Standard","Standard",269,"-0.017","-0.065","73.0","7.8",,,"0.065",,-4,-4,0.169,0.169,28,25,28,25,3,2,5,3,5,1,"3.66","-0.79","0.79","16.4",14.574728196595261,-7.068243976764866,35.649425276073835,44.60927458432067,37.38638502903771
"SL","2026-05-19","77.6","3.69","4.9","Grissom, Vaughn",687093,682052,,"called_strike",,,,,14,,"R","R","L","LAA","ATH","S",,,1,0,2026,"-0.79","0.34",0.8825879928539581,1.9924975446183883,642350,687263,545361,2,4,"Bot",,,,,,,-4.4846094701521615,-112.88846369653747,0.31403834898239746,-5.861836645369009,21.449636195462034,-29.553010213912014,3.301624016,1.666240158,,,,"78.1",2348,"6.8",824033,641680,701762,643446,680869,687231,687515,703607,667670,"53.74",,,,,,,,40,2,"Slider",2,6,2,6,6,2,2,6,"Standard","Standard",258,"-0.011","-0.037",,,,,"0.037",,-4,-4,0.18,0.18,28,25,28,25,3,2,5,3,5,1,"3.46","-0.79","0.79","17.4",,,,,
"FF","2026-05-19","90","3.38","5.12","Grissom, Vaughn",687093,682052,,"ball",,,,,12,,"R","R","L","LAA","ATH","B",,,0,0,2026,"1.53","0.71",1.708878053416874,3.1879673424674815,642350,687263,545361,2,4,"Bot",,,,,,,-7.5391317420558295,-130.80114523633128,-0.06340378521758816,19.204450863819353,32.06715835946407,-24.339383289612844,3.301624016,1.666240158,,,,"90.9",2333,"7.3",824033,641680,701762,643446,680869,687231,687515,703607,667670,"53.21",,,,,,,,40,1,"4-Seam Fastball",2,6,2,6,6,2,2,6,"Standard","Standard",123,"0.008","0.021",,,,,"-0.021",,-4,-4,0.172,0.172,28,25,28,25,3,2,5,3,5,1,"2.15","1.53","-1.53","21.7",,,,,
"FC","2026-05-19","85.1","3.56","5.09","Grissom, Vaughn",687093,682052,"field_out","hit_into_play",,,,,5,"Vaughn Grissom flies out to left fielder Colby Thomas.","R","R","L","LAA","ATH","X",7,"fly_ball",1,0,2026,"-0.28","0.51",-0.16432057724582233,2.7790329935571148,,,,0,3,"Bot",107.91,91.76,,,,,-8.153178807792282,-123.65536316877814,0.1257580272773613,-1.069527048087343,26.55422475562014,-27.288278759940944,3.301624016,1.666240158,263,"83.4",45,"85.9",2209,"7",824033,641680,701762,643446,680869,687231,687515,703607,667670,"53.45",0.011,0.01,"0",1,0,0,3,28,2,"Cutter",1,6,1,6,6,1,1,6,"Standard","Standard",150,"-0.018","-0.308","77.5","7.5",,0.013,"0.308","88.0",-5,-5,0.113,0.113,28,25,28,25,2,1,5,3,5,1,"2.67","-0.28","0.28","19.2",11.694585332192428,-7.296803772921993,34.970838910542916,33.85258923138164,34.153482811453316
"SL","2026-05-19","79.4","3.54","5.08","Grissom, Vaughn",687093,682052,,"ball",,,,,11,,"R","R","L","LAA","ATH","B",,,0,0,2026,"-0.54","0.21",-0.8525217669449763,2.7308678775287087,,,,0,3,"Bot",,,,,,,-8.61559034296788,-115.29056091288633,1.5695280304890888,-2.9492825840228614,24.245522726416684,-30.901002348837956,3.301624016,1.666240158,,,,"80.4",2292,"7.4",824033,641680,701762,643446,680869,687231,687515,703607,667670,"53.14",,,,,,,,28,1,"Slider",1,6,1,6,6,1,1,6,"Standard","Standard",277,"0.003","0.044",,,,,"-0.044",,-5,-5,0.11,0.11,28,25,28,25,2,1,5,3,5,1,"3.46","-0.54","0.54","17.7",,,,,
"FF","2026-05-19","95.4","2.13","6.16","Grissom, Vaughn",687093,663687,"field_out","hit_into_play",,,,,5,"Vaughn Grissom lines out sharply to left fielder Tyler Soderstrom.","R","R","L","LAA","ATH","X",7,"line_drive",3,2,2026,"0.68","1.38",0.16716581115878104,2.692645900893296,,666139,,2,8,"Bot",80.37,78.59,,,,,-6.654581225589195,-138.61150282198807,-6.383253944871172,10.298838403792463,34.363423303869666,-13.117128096850898,3.301624016,1.666240158,319,"105.3",15,"95.1",2396,"6.5",824033,641680,701762,687231,680869,675961,691016,703607,671732,"54.04",0.66,0.712,"0",1,0,0,5,80,6,"4-Seam Fastball",6,13,6,13,13,6,6,13,"Standard","Standard",156,"-0.001","-0.274","76.9","7.0",,1.016,"0.274","105.3",-7,-7,0.002,0.002,29,25,30,25,1,4,4,3,1,1,"1.15","0.68","-0.68","60.1",1.654055171874272,0.8801902658668288,30.147753789443268,34.813341099520095,32.15056846144806
"CU","2026-05-19","76.5","2.08","6.19","Grissom, Vaughn",687093,663687,,"ball",,,,,13,,"R","R","L","LAA","ATH","B",,,2,2,2026,"-0.63","-1.56",-1.105102554597796,0.7759965420554975,,666139,,2,8,"Bot",,,,,,,-5.459367572110377,-111.18470957531969,-1.0264490189803417,-3.900810590572148,25.414606459524624,-44.905506567231505,3.301624016,1.666240158,,,,"75.7",2825,"6.4",824033,641680,701762,687231,680869,675961,691016,703607,671732,"54.09",,,,,,,,80,5,"Curveball",6,13,6,13,13,6,6,13,"Standard","Standard",340,"0","0.061",,,,,"-0.061",,-7,-7,0.002,0.002,29,25,30,25,1,4,4,3,1,1,"5.56","-0.63","0.63","59.9",,,,,
"FF","2026-05-19","96.3","1.94","6.19","Grissom, Vaughn",687093,663687,,"ball",,,,,11,,"R","R","L","LAA","ATH","B",,,1,2,2026,"0.47","1.36",-0.4801829874668283,3.5855239185967074,,666139,,2,8,"Bot",,,,,,,-7.438006204574681,-139.87892074645282,-4.205773876191295,7.9734887498318825,35.23611038854068,-13.65030089882912,3.301624016,1.666240158,,,,"96",2468,"6.5",824033,641680,701762,687231,680869,675961,691016,703607,671732,"54.04",,,,,,,,80,4,"4-Seam Fastball",6,13,6,13,13,6,6,13,"Standard","Standard",154,"0","0.026",,,,,"-0.026",,-7,-7,0.002,0.002,29,25,30,25,1,4,4,3,1,1,"1.13","0.47","-0.47","58.4",,,,,
"FF","2026-05-19","96.2","2.07","6.17","Grissom, Vaughn",687093,663687,,"swinging_strike",,,,,6,,"R","R","L","LAA","ATH","S",,,1,1,2026,"0.58","1.5",0.7337128306047286,2.703773962222446,,666139,,2,8,"Bot",,,,,,,-4.8607177092108245,-139.7716125830975,-6.79112083722915,8.81847546065713,36.24369117553468,-11.200171964985918,3.301624016,1.666240158,,,,"96",2431,"6.6",824033,641680,701762,687231,680869,675961,691016,703607,671732,"53.92",,,,,,,,80,3,"4-Seam Fastball",6,13,6,13,13,6,6,13,"Standard","Standard",150,"0","-0.07","78.0","7.1","0.1788225",,"0.07",,-7,-7,0.002,0.002,29,25,30,25,1,4,4,3,1,1,"1","0.58","-0.58","56.9",0.819691338873323,15.00567142307538,29.616101913736212,42.80089581850394,18.820641488876745
"FF","2026-05-19","96.9","-2.26","5.4","Grissom, Vaughn",687093,678022,"field_out","hit_into_play",,,,,5,"Vaughn Grissom grounds out, third baseman Zack Gelof to first baseman Nick Kurtz.","R","R","R","LAA","ATH","X",5,"ground_ball",0,1,2026,"-1.01","0.71",0.053007599546008644,2.794377748828418,687263,,,2,6,"Bot",101.46,162.99,,,,,8.438617199705497,-140.78174947453266,-2.8086328374467984,-15.455509378275318,34.337216593124126,-22.34656247168892,3.301624016,1.666240158,7,"93.9",-23,"96.5",2405,"6.3",824033,641680,701762,643446,680869,687231,691016,703607,667670,"54.18",0.107,0.096,"0",1,0,0,2,60,2,"4-Seam Fastball",4,8,4,8,8,4,4,8,"Standard","Standard",228,"-0.02","-0.261","76.8","7.4",,0.118,"0.261","93.9",-4,-4,0.079,0.079,26,25,27,25,1,3,5,3,3,1,"1.74","1.01","1.01","33.3",10.258805067984524,-6.429645699516703,29.84302541041357,36.60586492856119,29.272589360291448
"CH","2026-05-19","83.6","2.55","5.84","Grissom, Vaughn",687093,663687,,"ball",,,,,13,,"R","R","L","LAA","ATH","B",,,0,1,2026,"1.38","1.06",-0.10768588416671254,1.279231272333127,,666139,,2,8,"Bot",,,,,,,-8.848568202668247,-121.22112524329529,-5.864170014519586,15.420822740723578,26.063660255907358,-20.735745470398545,3.301624016,1.666240158,,,,"83.5",2259,"6.6",824033,641680,701762,687231,680869,675961,691016,703607,671732,"53.88",,,,,,,,80,2,"Changeup",6,13,6,13,13,6,6,13,"Standard","Standard",124,"0","0.018",,,,,"-0.018",,-7,-7,0.002,0.002,29,25,30,25,1,4,4,3,1,1,"2.25","1.38","-1.38","42.5",,,,,
"ST","2026-05-19","85.6","-2.34","5.29","Grissom, Vaughn",687093,678022,,"called_strike",,,,,5,,"R","R","R","LAA","ATH","S",,,0,0,2026,"1.21","-0.18",0.1988344432487379,2.185636574645009,687263,,,2,6,"Bot",,,,,,,3.4121445505890207,-124.52703198236915,-0.37584781303503667,11.669274682112178,28.77478384745972,-34.145219546457724,3.301624016,1.666240158,,,,"85",2841,"6.3",824033,641680,701762,643446,680869,687231,691016,703607,667670,"54.23",,,,,,,,60,1,"Sweeper",4,8,4,8,8,4,4,8,"Standard","Standard",60,"-0.004","-0.036",,,,,"0.036",,-4,-4,0.083,0.083,26,25,27,25,1,3,5,3,3,1,"3.33","-1.21","-1.21","35.0",,,,,
"FF","2026-05-19","95.1","2.12","6.15","Grissom, Vaughn",687093,663687,,"swinging_strike",,,,,9,,"R","R","L","LAA","ATH","S",,,0,0,2026,"0.61","1.38",0.6257233398136435,2.083590462018829,,666139,,2,8,"Bot",,,,,,,-5.282702301006416,-138.18790210517164,-7.864013772378659,9.055623215209033,34.14722676319267,-12.89247516795789,3.301624016,1.666240158,,,,"94.9",2207,"6.5",824033,641680,701762,687231,680869,675961,691016,703607,671732,"53.98",,,,,,,,80,1,"4-Seam Fastball",6,13,6,13,13,6,6,13,"Standard","Standard",155,"0","-0.04","78.7","7.2","0.1",,"0.04",,-7,-7,0.002,0.002,29,25,30,25,1,4,4,3,1,1,"1.17","0.61","-0.61","59.4",-0.5195076836218688,14.543903467087876,37.931449203770455,41.4848304311697,19.568611043513375
"SL","2026-05-19","77.9","3.67","4.95","Grissom, Vaughn",687093,682052,"field_out","hit_into_play",,,,,7,"Vaughn Grissom flies out to left fielder Colby Thomas.","R","R","L","LAA","ATH","X",7,"fly_ball",1,2,2026,"-0.84","0.28",-0.38372373627916045,1.9595813057970677,,,545361,1,1,"Bot",78.85,88.81,,,,,-7.071068957632792,-113.13751178457257,0.3094834291291755,-5.613219191673243,23.835435014293004,-30.133317230230652,3.301624016,1.666240158,296,"79.6",35,"77.9",2350,"6.7",824033,641680,701762,643446,680869,687231,687515,703607,667670,"53.77",0.029,0.026,"0",1,0,0,3,6,4,"Slider",0,0,0,0,0,0,0,0,"Standard","Standard",267,"-0.02","-0.18","74.7","7.8",,0.046,"0.18","88.0",0,0,0.542,0.542,28,25,28,25,1,0,5,3,5,1,"3.54","-0.84","0.84","14.8",23.198200444182824,-20.735071527187657,39.0122869224799,33.09128960969149,45.847446045527896
"FC","2026-05-19","87.9","3.51","5.18","Grissom, Vaughn",687093,682052,,"foul",,,,,4,,"R","R","L","LAA","ATH","S",,,1,1,2026,"0.13","0.47",-0.6274348785250513,2.525618960249683,,,545361,1,1,"Bot",,,,,,,-10.281002746793527,-127.49090491661418,-0.9485584921354011,3.943905217410368,31.23535305495239,-27.195071674944213,3.301624016,1.666240158,7,"78.9",-19,"88.1",2188,"7",824033,641680,701762,643446,680869,687231,687515,703607,667670,"53.49",,,,,,,,6,3,"Cutter",0,0,0,0,0,0,0,0,"Standard","Standard",130,"-0.008","-0.069","79.4","7.4",,,"0.069","88.0",0,0,0.55,0.55,28,25,28,25,1,0,5,3,5,1,"2.55","0.13","-0.13","21.4",19.08214850937065,-12.20916839151436,34.26923511778345,28.69315467273944,28.40275045715033
"FF","2026-05-19","91.4","3.33","5.38","Grissom, Vaughn",687093,682052,,"ball",,,,,4,,"R","R","L","LAA","ATH","B",,,0,1,2026,"0.91","1.2",-0.7915154066494934,2.394570678348364,,,545361,1,1,"Bot",,,,,,,-12.374496661483802,-132.36590685682467,-4.016578494632658,13.448105837845397,30.790121081466403,-17.375153023206465,3.301624016,1.666240158,,,,"92.1",2235,"7.2",824033,641680,701762,643446,680869,687231,687515,703607,667670,"53.33",,,,,,,,6,2,"4-Seam Fastball",0,0,0,0,0,0,0,0,"Standard","Standard",123,"0.003","0.029",,,,,"-0.029",,0,0,0.547,0.547,28,25,28,25,1,0,5,3,5,1,"1.57","0.91","-0.91","24.0",,,,,
"FC","2026-05-19","88.2","3.68","5.15","Grissom, Vaughn",687093,682052,,"called_strike",,,,,8,,"R","R","L","LAA","ATH","S",,,0,0,2026,"0.14","0.49",0.10789036386402745,1.6648888458506526,,,545361,1,1,"Bot",,,,,,,-9.031365412158245,-128.12603258747032,-3.2292892079844027,3.4556053888897686,27.11677305881702,-26.255833374802112,3.301624016,1.666240158,,,,"89.8",2294,"7.4",824033,641680,701762,643446,680869,687231,687515,703607,667670,"53.09",,,,,,,,6,1,"Cutter",0,0,0,0,0,0,0,0,"Standard","Standard",139,"-0.004","-0.041",,,,,"0.041",,0,0,0.551,0.551,28,25,28,25,1,0,5,3,5,1,"2.45","0.14","-0.14","21.0",,,,,
"SL","2026-05-16","84.4","2.36","5.6","Grissom, Vaughn",687093,680736,"field_out","hit_into_play",,,,,4,"Vaughn Grissom flies out to second baseman Hyeseong Kim.","R","R","L","LAA","LAD","X",4,"fly_ball",1,0,2026,"-0.37","-0.02",-0.5201841845966315,2.3996429548030203,,,642350,1,5,"Bot",122.26,113.7,,,,,-5.770281590120663,-122.76331325027824,-0.7652599155011011,-2.4371639433739634,26.82742754180979,-32.41136746061202,3.301624016,1.666240158,216,"73.1",48,"82.6",2309,"5.4",824038,669257,518692,808975,571970,605141,606192,681624,669743,"55.13",0.134,0.121,"0",1,0,0,3,37,2,"Slider",0,1,0,1,1,0,0,1,"Standard","Standard",222,"-0.051","-0.294","82.9","7.4",,0.161,"0.294","88.0",-1,-1,0.426,0.426,25,25,26,25,3,2,6,1,6,3,"3.25","-0.37","0.37","37.7",6.889714582305465,-6.311058876977208,38.7024006689675,30.180677857600408,28.186471357240663
"FF","2026-05-16","90.6","2.29","5.58","Grissom, Vaughn",687093,680736,,"ball",,,,,14,,"R","R","L","LAA","LAD","B",,,0,0,2026,"0.55","1.49",0.21197100040608552,0.9036940382327558,,,642350,1,5,"Bot",,,,,,,-6.212280350939025,-131.53478553701714,-8.532298143102016,7.817726215791109,30.824197614218154,-13.190326281032347,3.301624016,1.666240158,,,,"88.9",2333,"5.6",824038,669257,518692,808975,571970,605141,606192,681624,669743,"54.9",,,,,,,,37,1,"4-Seam Fastball",0,1,0,1,1,0,0,1,"Standard","Standard",136,"0.006","0.033",,,,,"-0.033",,-1,-1,0.42,0.42,25,25,26,25,3,2,6,1,6,3,"1.32","0.55","-0.55","32.1",,,,,
"SL","2026-05-16","86.1","2.17","5.74","Grissom, Vaughn",687093,680736,"field_out","hit_into_play",,,,,8,"Vaughn Grissom lines out to pitcher Justin Wrobleski.","R","R","L","LAA","LAD","X",1,"line_drive",0,2,2026,"-0.46","-0.24",-0.1833182573654335,2.075737502867608,,,,0,3,"Bot",125.41,181.14,,,,,-4.471902775285436,-125.34792624183868,-1.7481539879463472,-3.978263858332029,25.201132125016414,-34.53523032730977,3.301624016,1.666240158,79,"80.4",5,"84.5",2485,"5.2",824038,669257,518692,808975,571970,605141,606192,681624,669743,"55.28",0.26,0.238,"0",1,0,0,2,22,3,"Slider",0,1,0,1,1,0,0,1,"Standard","Standard",296,"-0.017","-0.165","70.7","6.7",,0.287,"0.165","88.0",-1,-1,0.426,0.426,25,25,26,25,2,1,6,1,6,3,"3.31","-0.46","0.46","36.2",-7.727263922954907,12.516739989905144,37.2535035691236,32.833376710494534,24.205561721196034
"FF","2026-05-16","94.8","2.04","5.75","Grissom, Vaughn",687093,680736,,"called_strike",,,,,8,,"R","R","L","LAA","LAD","S",,,0,1,2026,"0.3","1.54",-0.2108708113080811,2.0829982690351523,,,,0,3,"Bot",,,,,,,-6.366997838267306,-137.66684957779768,-7.012823136691327,5.326074250802944,33.01291038066335,-11.207230364291792,3.301624016,1.666240158,,,,"93",2384,"5.5",824038,669257,518692,808975,571970,605141,606192,681624,669743,"54.99",,,,,,,,22,2,"4-Seam Fastball",0,1,0,1,1,0,0,1,"Standard","Standard",142,"-0.007","-0.056",,,,,"0.056",,-1,-1,0.433,0.433,25,25,26,25,2,1,6,1,6,3,"1.02","0.3","-0.3","36.7",,,,,
"SL","2026-05-16","84.5","2.22","5.66","Grissom, Vaughn",687093,680736,,"swinging_strike",,,,,7,,"R","R","L","LAA","LAD","S",,,0,0,2026,"-0.23","0.06",-0.7735540995075264,2.0105715259218835,,,,0,3,"Bot",,,,,,,-6.297388928144232,-122.88791774155452,-1.945537727882848,-0.9812937787895144,26.913598234612593,-31.369123969922818,3.301624016,1.666240158,,,,"82.7",2308,"5.4",824038,669257,518692,808975,571970,605141,606192,681624,669743,"55.12",,,,,,,,22,1,"Slider",0,1,0,1,1,0,0,1,"Standard","Standard",266,"-0.004","-0.043","44.7","6.7","6.701721072",,"0.043",,-1,-1,0.437,0.437,25,25,26,25,2,1,6,1,6,3,"3.16","-0.23","0.23","37.5",6.4999028311464695,3.162032076146375,36.1367484039819,25.658846109563022,29.26639130597952
"SI","2026-05-16","94.6","-2.75","6.23","Grissom, Vaughn",687093,595014,"field_out","hit_into_play",,,,,8,"Vaughn Grissom grounds out, third baseman Max Muncy to first baseman Freddie Freeman.","R","R","R","LAA","LAD","X",5,"ground_ball",1,0,2026,"-1.63","0.23",-0.16361470617906004,1.7483800145107122,,,,1,7,"Bot",102.41,167.22,,,,,10.223003175063868,-137.26564275840323,-6.142332615003314,-22.974929997259725,33.693995694926,-27.937221053551834,3.301624016,1.666240158,50,"75.1",4,"93.1",2270,"5.8",824038,669257,518692,808975,571970,605141,606192,681624,669743,"54.69",0.201,0.19,"0",1,0,0,2,60,2,"Sinker",2,6,2,6,6,2,2,6,"Standard","Standard",233,"-0.013","-0.307","72.3","7.8",,0.224,"0.307","88.0",-4,-4,0.055,0.055,38,25,38,25,1,3,1,1,3,3,"2.35","1.63","1.63","32.6",14.539189099646757,-15.840291450644006,42.20683806209913,34.071196582586275,37.39315243480691
"SL","2026-05-16","82.3","2.38","5.68","Grissom, Vaughn",687093,680736,"single","hit_into_play",,,,,14,"Vaughn Grissom singles on a ground ball to second baseman Hyeseong Kim.","R","R","L","LAA","LAD","X",4,"ground_ball",2,2,2026,"-0.27","-0.11",1.2377952631506182,2.45062084690196,,,,0,1,"Bot",120.57,115.16,,,,,-1.988723963082701,-119.79562268625769,-0.34799099547255896,-2.2001862369909846,24.723420899296627,-33.382652697635905,3.301624016,1.666240158,3,"87.2",-39,"80.6",2305,"5.3",824038,669257,518692,808975,571970,605141,606192,681624,669743,"55.21",0.043,0.039,"0.9",1,1,0,2,6,5,"Slider",0,1,0,1,1,0,0,1,"Standard","Standard",285,"0.042","0.486","65.5","7.1",,0.043,"-0.486","88.0",-1,-1,0.444,0.444,25,25,26,25,1,0,6,1,6,3,"3.49","-0.27","0.27","34.2",1.7241659540733947,19.987430935198653,31.77156266748237,51.2382001698411,10.89651395440789
"SI","2026-05-16","93.8","-2.66","6.23","Grissom, Vaughn",687093,595014,,"ball",,,,,14,,"R","R","R","LAA","LAD","B",,,0,0,2026,"-1.68","0.24",0.21827282568157846,1.0243561835734567,,,,1,7,"Bot",,,,,,,11.003487966818948,-135.85416231133738,-7.828850173751193,-23.30888693537242,32.967022225427506,-27.413981428948222,3.301624016,1.666240158,,,,"92.4",2077,"6",824038,669257,518692,808975,571970,605141,606192,681624,669743,"54.52",,,,,,,,60,1,"Sinker",2,6,2,6,6,2,2,6,"Standard","Standard",228,"0.002","0.043",,,,,"-0.043",,-4,-4,0.053,0.053,38,25,38,25,1,3,1,1,3,3,"2.4","1.68","1.68","34.0",,,,,
"CH","2026-05-16","81.8","1.78","5.5","Grissom, Vaughn",687093,656212,"field_out","hit_into_play",,,,,6,"Vaughn Grissom lines out to center fielder Andy Pages.","R","R","L","LAA","LAD","X",8,"line_drive",1,1,2026,"1.52","0.36",0.7538256369526508,2.6289168093381705,,,666139,0,9,"Bot",116.27,60.94,,,,,-5.223553518998644,-119.04757232596472,-0.37417810659801876,15.465909769877351,24.313365436212973,-28.906112893576346,3.301624016,1.666240158,343,"93.7",24,"80.8",1812,"5.8",824038,669257,687221,669289,571970,808975,606192,681624,669743,"54.73",0.169,0.217,"0",1,0,0,3,85,3,"Changeup",2,15,2,15,15,2,2,15,"Infield shade","Standard",101,"0","-0.239","74.0","7.3",,0.346,"0.239","93.7",-13,-13,0.001,0.001,30,25,31,25,1,4,1,1,46,3,"3.06","1.52","-1.52","22.3",9.945814560020747,3.414963366397609,30.960312273263646,43.914114335378585,30.659276146447503
"FF","2026-05-16","93.3","2.08","5.67","Grissom, Vaughn",687093,680736,,"foul",,,,,3,,"R","R","L","LAA","LAD","S",,,2,1,2026,"0.53","1.53",0.4076099548443677,2.997624615861401,,,,0,1,"Bot",,,,,,,-5.366257821514888,-135.61928753706562,-4.221553665838934,7.794317837513807,32.70700781607058,-12.68290424195061,3.301624016,1.666240158,257,"83.9",41,"91.7",2398,"5.6",824038,669257,518692,808975,571970,605141,606192,681624,669743,"54.88",,,,,,,,6,4,"4-Seam Fastball",0,1,0,1,1,0,0,1,"Standard","Standard",145,"-0.008","-0.08","71.6","6.4",,,"0.08","88.0",-1,-1,0.452,0.452,25,25,26,25,1,0,6,1,6,3,"1.12","0.53","-0.53","37.2",-2.131631913287346,19.89109909226128,31.918230735682712,41.08586466498189,19.987724840285477
"FF","2026-05-16","94.4","2.04","5.63","Grissom, Vaughn",687093,680736,,"ball",,,,,13,,"R","R","L","LAA","LAD","B",,,1,1,2026,"0.57","1.26",-1.1488766214436472,1.382657103625485,,,,0,1,"Bot",,,,,,,-9.317750472148306,-136.89389481052982,-7.770916361768385,9.39243318612421,32.453333225399966,-14.773041125278287,3.301624016,1.666240158,,,,"92.5",2456,"5.5",824038,669257,518692,808975,571970,605141,606192,681624,669743,"54.98",,,,,,,,6,3,"4-Seam Fastball",0,1,0,1,1,0,0,1,"Standard","Standard",140,"0.005","0.064",,,,,"-0.064",,-1,-1,0.447,0.447,25,25,26,25,1,0,6,1,6,3,"1.34","0.57","-0.57","35.9",,,,,
"CH","2026-05-16","81.8","1.89","5.5","Grissom, Vaughn",687093,656212,,"swinging_strike",,,,,14,,"R","R","L","LAA","LAD","S",,,1,0,2026,"1.45","0.24",0.5830403344023465,1.3889220837914107,,,666139,0,9,"Bot",,,,,,,-5.70903844190909,-118.92986979491262,-2.803095283102887,14.897001014417379,26.916492348189145,-29.529702437650908,3.301624016,1.666240158,,,,"80.4",1760,"5.8",824038,669257,687221,669289,571970,808975,606192,681624,669743,"54.68",,,,,,,,85,2,"Changeup",2,15,2,15,15,2,2,15,"Infield shade","Standard",96,"0","-0.057","72.3","8.5","6.28719858",,"0.057",,-13,-13,0.001,0.001,30,25,31,25,1,4,1,1,46,3,"3.22","1.45","-1.45","23.0",31.194858810631963,-22.280137020968063,39.107294535861854,42.734886530313524,51.15803717304537
"CH","2026-05-16","85.9","2.18","5.53","Grissom, Vaughn",687093,680736,,"ball",,,,,12,,"R","R","L","LAA","LAD","B",,,0,1,2026,"1.33","0.41",1.6147815490203141,2.511927613018658,,,,0,1,"Bot",,,,,,,-4.002813267780143,-125.03168263624625,-1.4441720450503233,14.715481818062289,28.71667511883099,-27.78223621775791,3.301624016,1.666240158,,,,"84.3",1375,"5.6",824038,669257,518692,808975,571970,605141,606192,681624,669743,"54.94",,,,,,,,6,2,"Changeup",0,1,0,1,1,0,0,1,"Standard","Standard",131,"0.003","0.029",,,,,"-0.029",,-1,-1,0.444,0.444,25,25,26,25,1,0,6,1,6,3,"2.71","1.33","-1.33","32.8",,,,,
"FF","2026-05-16","88.6","1.61","5.67","Grissom, Vaughn",687093,656212,,"ball",,,,,13,,"R","R","L","LAA","LAD","B",,,0,0,2026,"1.01","1.13",-1.4243121448727945,1.9835417625374592,,,666139,0,9,"Bot",,,,,,,-9.344813050875109,-128.55031537519517,-4.982437129704555,13.22061835219384,29.798145329685283,-18.748579850345383,3.301624016,1.666240158,,,,"87.3",1978,"5.9",824038,669257,687221,669289,571970,808975,606192,681624,669743,"54.6",,,,,,,,85,1,"4-Seam Fastball",2,15,2,15,15,2,2,15,"Infield shade","Standard",126,"0","0.039",,,,,"-0.039",,-13,-13,0.001,0.001,30,25,31,25,1,4,1,1,46,3,"1.82","1.01","-1.01","25.9",,,,,
"FF","2026-05-16","92.1","2.02","5.67","Grissom, Vaughn",687093,680736,,"called_strike",,,,,4,,"R","R","L","LAA","LAD","S",,,0,0,2026,"0.56","1.25",-0.6883155531418788,2.6766707691796867,,,,0,1,"Bot",,,,,,,-7.9147782336647605,-133.924781495549,-4.260799765849695,8.535569423863542,29.594154363148892,-16.410503445438334,3.301624016,1.666240158,,,,"90.7",2360,"5.5",824038,669257,518692,808975,571970,605141,606192,681624,669743,"54.98",,,,,,,,6,1,"4-Seam Fastball",0,1,0,1,1,0,0,1,"Standard","Standard",144,"-0.004","-0.043",,,,,"0.043",,-1,-1,0.448,0.448,25,25,26,25,1,0,6,1,6,3,"1.45","0.56","-0.56","34.7",,,,,
"SL","2026-05-15","88","-1.98","6.11","Grissom, Vaughn",687093,683618,"strikeout","swinging_strike_blocked",,,,,14,"Vaughn Grissom strikes out swinging.","R","R","R","LAA","LAD","S",2,,2,2,2026,"0.37","0.48",1.977753647857991,0.2642858230282026,,,,1,3,"Bot",,,,,,,8.753307544027988,-127.70651973197995,-8.860086120026477,2.420254449209667,23.764008520385357,-25.379306961080257,3.301624016,1.666240158,,,,"88.8",2738,"6.7",824037,669257,687221,808975,571970,605141,606192,681624,663656,"53.77",,0,"0",1,0,0,,21,5,"Slider",0,0,0,0,0,0,0,0,"Standard","Standard",60,"-0.015","-0.238","24.9","7.0","15.505819512",,"0.238",,0,0,0.527,0.527,24,25,24,25,1,1,1,2,4,1,"2.46","-0.37","-0.37","41.2",-5.276571832152448,6.712098843532056,36.78702009188072,59.747746736991104,15.741087820487996
"SL","2026-05-15","92.1","-1.89","6.09","Grissom, Vaughn",687093,683618,,"ball",,,,,14,,"R","R","R","LAA","LAD","B",,,1,2,2026,"0.19","0.39",2.6476539946945032,1.5147967948359808,,,,1,3,"Bot",,,,,,,10.978965361660858,-133.76464471308185,-6.485323711529428,0.2820269664331972,24.768441228573977,-26.304790234575567,3.301624016,1.666240158,,,,"92.9",2824,"6.6",824037,669257,687221,808975,571970,605141,606192,681624,663656,"53.92",,,,,,,,21,4,"Slider",0,0,0,0,0,0,0,0,"Standard","Standard",111,"0.002","0.055",,,,,"-0.055",,0,0,0.525,0.525,24,25,24,25,1,1,1,2,4,1,"2.27","-0.19","-0.19","42.1",,,,,
"SL","2026-05-15","89","-2.05","6.14","Grissom, Vaughn",687093,683618,,"swinging_strike",,,,,14,,"R","R","R","LAA","LAD","S",,,1,1,2026,"0.22","0.33",1.3657392799128494,1.1887377343383583,,,,1,3,"Bot",,,,,,,7.78871712248028,-129.4289139800712,-6.635097847161183,1.0941629199964464,23.779404212445165,-27.328772444273667,3.301624016,1.666240158,,,,"89.5",2654,"6.4",824037,669257,687221,808975,571970,605141,606192,681624,663656,"54.13",,,,,,,,21,3,"Slider",0,0,0,0,0,0,0,0,"Standard","Standard",103,"-0.004","-0.074","64.9","8.8","11.524677108",,"0.074",,0,0,0.529,0.529,24,25,24,25,1,1,1,2,4,1,"2.52","-0.22","-0.22","40.4",29.875161480193306,-25.40956186196915,36.89839820800349,51.83779518751985,48.15588179746471
"FF","2026-05-15","93.5","0.93","5.9","Grissom, Vaughn",687093,676263,"strikeout","swinging_strike",,,,,6,"Vaughn Grissom strikes out swinging.","R","R","L","LAA","LAD","S",2,,3,2,2026,"0.89","1.53",0.43050710907997247,2.7038459194162545,,,,1,8,"Bot",,,,,,,-3.3077374197565943,-135.91377251665415,-5.615306775386252,11.752685312492792,35.590901267549405,-12.31177949760926,3.301624016,1.666240158,,,,"93.3",2515,"6.6",824037,669257,687221,808975,571970,605141,606192,681624,663656,"53.85",,0,"0",1,0,0,,63,8,"4-Seam Fastball",0,6,0,6,6,0,0,6,"Standard","Standard",160,"-0.003","-0.349","74.2","6.8","0.168419544",,"0.349",,-6,-6,0.007,0.007,27,25,27,25,1,3,3,2,17,1,"1.13","0.89","-0.89","59.5",6.994050550174946,11.290829089252135,37.50223092460653,39.370549900692005,19.606517396156136
"SI","2026-05-15","101.1","-2.05","5.99","Grissom, Vaughn",687093,683618,,"foul",,,,,5,,"R","R","R","LAA","LAD","S",,,1,0,2026,"-1.29","1.21",0.12723214582006492,2.6234032224754134,,,,1,3,"Bot",,,,,,,9.127590314012604,-146.71751102823077,-6.740840716773084,-20.793772236097496,37.32470020426458,-13.26309777401664,3.301624016,1.666240158,232,"78.3",23,"101",2487,"6.6",824037,669257,687221,808975,571970,605141,606192,681624,663656,"53.95",,,,,,,,21,2,"Sinker",0,0,0,0,0,0,0,0,"Standard","Standard",214,"-0.004","-0.05",,,,,"0.05","88.0",0,0,0.533,0.533,24,25,24,25,1,1,1,2,4,1,"1.05","1.29","1.29","34.9",,,,,
"SI","2026-05-15","99.4","-1.88","5.94","Grissom, Vaughn",687093,683618,,"ball",,,,,14,,"R","R","R","LAA","LAD","B",,,0,0,2026,"-1.26","1.11",0.8773099492921776,1.0496643949024038,,,,1,3,"Bot",,,,,,,10.501665267519646,-144.06979777393977,-10.340811007757347,-20.071999680654493,35.41514823231115,-14.257719099958088,3.301624016,1.666240158,,,,"99.4",2295,"6.6",824037,669257,687221,808975,571970,605141,606192,681624,663656,"53.89",,,,,,,,21,1,"Sinker",0,0,0,0,0,0,0,0,"Standard","Standard",221,"0.003","0.043",,,,,"-0.043",,0,0,0.53,0.53,24,25,24,25,1,1,1,2,4,1,"1.22","1.26","1.26","34.9",,,,,
"CU","2026-05-15","79.6","1.23","5.92","Grissom, Vaughn",687093,676263,,"ball",,,,,12,,"R","R","L","LAA","LAD","B",,,2,2,2026,"-0.49","-1.43",0.23052298855664377,4.619990685137185,,,,1,8,"Bot",,,,,,,-1.208594474990338,-115.48128863384002,6.976029306054003,-4.074295385611966,25.801066245810752,-46.62871135667707,3.301624016,1.666240158,,,,"78.9",2610,"6.4",824037,669257,687221,808975,571970,605141,606192,681624,663656,"54.11",,,,,,,,63,7,"Curveball",0,6,0,6,6,0,0,6,"Standard","Standard",332,"0.001","0.112",,,,,"-0.112",,-6,-6,0.006,0.006,27,25,27,25,1,3,3,2,17,1,"5.11","-0.49","0.49","61.5",,,,,
"FF","2026-05-15","94","0.98","5.94","Grissom, Vaughn",687093,676263,,"ball",,,,,12,,"R","R","L","LAA","LAD","B",,,1,2,2026,"0.71","1.48",0.8003290708520763,4.627265045232763,,,,1,8,"Bot",,,,,,,-2.0789836931707137,-136.74949386444948,-0.7933811143218661,9.315410432963128,36.01718111441697,-13.895270004746456,3.301624016,1.666240158,,,,"94.1",2409,"6.8",824037,669257,687221,808975,571970,605141,606192,681624,663656,"53.69",,,,,,,,63,6,"4-Seam Fastball",0,6,0,6,6,0,0,6,"Standard","Standard",153,"0.001","0.055",,,,,"-0.055",,-6,-6,0.005,0.005,27,25,27,25,1,3,3,2,17,1,"1.14","0.71","-0.71","57.0",,,,,
"FF","2026-05-15","98.7","-1.94","5.68","Grissom, Vaughn",687093,694361,"field_out","hit_into_play",,,,,5,"Vaughn Grissom grounds out sharply, shortstop Mookie Betts to first baseman Dalton Rushing.","R","R","R","LAA","LAD","X",6,"ground_ball",3,2,2026,"-0.73","1.25",0.17631062145534027,2.396683296955431,,,,0,1,"Bot",110.03,148.7,,,,,7.487432516198077,-143.33737579427947,-6.179005098326856,-12.033766874334914,39.167468714716975,-13.688588636588687,3.301624016,1.666240158,62,"100.2",2,"98.6",2161,"6.8",824037,669257,687221,808975,571970,605141,606192,681624,663656,"53.71",0.469,0.432,"0",1,0,0,4,4,6,"4-Seam Fastball",0,0,0,0,0,0,0,0,"Strategic","Standard",210,"-0.027","-0.35","75.9","7.2",,0.524,"0.35","100.2",0,0,0.553,0.553,26,25,27,25,1,0,4,2,4,1,"1.13","0.73","0.73","44.6",7.087830614614465,-3.8621096354671334,34.355776530136794,36.495178448595794,29.079205259511774
"FF","2026-05-15","95.6","0.81","5.95","Grissom, Vaughn",687093,676263,,"foul",,,,,3,,"R","R","L","LAA","LAD","S",,,1,2,2026,"0.79","1.5",0.4627616762195005,3.2671152806314145,,,,1,8,"Bot",,,,,,,-2.7237335269163494,-138.96521795421864,-4.610108754679685,10.832617854935274,36.8719689203677,-12.055455335621037,3.301624016,1.666240158,202,"78.7",20,"95.2",2491,"6.6",824037,669257,687221,808975,571970,605141,606192,681624,663656,"53.94",,,,,,,,63,5,"4-Seam Fastball",0,6,0,6,6,0,0,6,"Standard","Standard",160,"0","0","75.8","6.8",,,"0","88.0",-6,-6,0.005,0.005,27,25,27,25,1,3,3,2,17,1,"1.04","0.79","-0.79","59.6",7.088112086281234,4.242141181848478,26.162717202582638,40.27850943851099,26.952928265821793
"SL","2026-05-15","87.3","1.45","5.97","Grissom, Vaughn",687093,676263,,"foul",,,,,9,,"R","R","L","LAA","LAD","S",,,1,2,2026,"-0.27","-0.08",0.4344093364569175,2.130127247410675,,,,1,8,"Bot",,,,,,,-1.8578642166099422,-127.19495334970331,-2.6908166297555227,-2.4798113010332483,27.45549660448042,-32.68294672458604,3.301624016,1.666240158,2,"83.6",-46,"87.6",2538,"6.5",824037,669257,687221,808975,571970,605141,606192,681624,663656,"53.95",,,,,,,,63,4,"Slider",0,6,0,6,6,0,0,6,"Standard","Standard",207,"0","0","74.2","7.8",,,"0","88.0",-6,-6,0.005,0.005,27,25,27,25,1,3,3,2,17,1,"3.08","-0.27","0.27","53.3",18.52404380315217,-9.407676093883865,30.884447274891997,40.9203185085054,35.72050955399003
"FF","2026-05-15","97","-1.82","5.69","Grissom, Vaughn",687093,694361,,"foul",,,,,6,,"R","R","R","LAA","LAD","S",,,3,1,2026,"-0.82","1.45",0.8129799215576532,2.4534858453216986,,,,0,1,"Bot",,,,,,,8.945207843574966,-140.82407013189416,-6.284405607096726,-12.98266247227774,33.666716089030416,-11.590579346501938,3.301624016,1.666240158,268,"82.8",33,"97.7",2160,"6.9",824037,669257,687221,808975,571970,605141,606192,681624,663656,"53.59",,,,,,,,4,5,"4-Seam Fastball",0,0,0,0,0,0,0,0,"Standard","Standard",210,"-0.009","-0.108","70.3","6.5",,,"0.108","88.0",0,0,0.562,0.562,26,25,27,25,1,0,4,2,4,1,"0.99","0.82","0.82","46.1",-5.080847274641538,20.79309411380881,31.790676332038895,45.49764238775767,16.69837182173611
"CH","2026-05-15","87.4","-1.12","5.7","Grissom, Vaughn",687093,669165,"field_out","hit_into_play",,,,,4,"Vaughn Grissom lines out to third baseman Max Muncy.","R","R","R","LAA","LAD","X",5,"line_drive",0,2,2026,"-1.49","0.3",-0.6796349706684037,2.187530786258813,,,,0,6,"Bot",94.04,162.71,,,,,4.165495956986331,-127.19759889399401,-2.6990427323220705,-16.986602608736526,27.47339550398145,-28.58743536310358,3.301624016,1.666240158,124,"85.7",8,"87.4",1303,"6.4",824037,669257,687221,808975,571970,605141,606192,681624,663656,"54.1",0.451,0.422,"0",1,0,0,4,46,4,"Changeup",0,6,0,6,6,0,0,6,"Standard","Standard",250,"-0.005","-0.165","70.4","7.4",,0.511,"0.165","88.0",-6,-6,0.029,0.029,28,25,28,25,1,2,2,2,3,1,"2.7","1.49","1.49","46.3",1.9715677304998125,-20.516095495907457,39.34988000824295,26.973275543726725,30.551983744823726
"FF","2026-05-15","96.4","-1.84","5.66","Grissom, Vaughn",687093,694361,,"called_strike",,,,,3,,"R","R","R","LAA","LAD","S",,,3,0,2026,"-0.91","1.58",0.35718114541457036,3.415909659868605,,,,0,1,"Bot",,,,,,,7.942416401226557,-140.0320579362925,-3.8267598675650216,-13.884829195980986,35.060394745030415,-10.767508334763846,3.301624016,1.666240158,,,,"96.9",2187,"6.9",824037,669257,687221,808975,571970,605141,606192,681624,663656,"53.6",,,,,,,,4,4,"4-Seam Fastball",0,0,0,0,0,0,0,0,"Standard","Standard",213,"-0.007","-0.089",,,,,"0.089",,0,0,0.569,0.569,26,25,27,25,1,0,4,2,4,1,"0.9","0.91","0.91","44.9",,,,,
"CU","2026-05-15","82.9","1.11","5.93","Grissom, Vaughn",687093,676263,,"ball",,,,,13,,"R","R","L","LAA","LAD","B",,,0,2,2026,"-0.44","-1.57",-1.4787158306909416,-1.1364024747137158,,,,1,8,"Bot",,,,,,,-5.025692916238452,-120.35869190932372,-6.090912573757468,-2.9804620137926667,29.063829294676346,-45.914269316913966,3.301624016,1.666240158,,,,"83.1",2849,"7.1",824037,669257,687221,808975,571970,605141,606192,681624,663656,"53.38",,,,,,,,63,3,"Curveball",0,6,0,6,6,0,0,6,"Standard","Standard",338,"0","0.018",,,,,"-0.018",,-6,-6,0.005,0.005,27,25,27,25,1,3,3,2,17,1,"4.97","-0.44","0.44","63.2",,,,,
"FF","2026-05-15","94.2","-0.69","5.78","Grissom, Vaughn",687093,669165,,"foul",,,,,3,,"R","R","R","LAA","LAD","S",,,0,2,2026,"-1.05","1.62",0.6345302522668526,3.155565705422282,,,,0,6,"Bot",,,,,,,5.763355912109636,-137.00054110785817,-4.539297465816767,-14.580822504612993,32.52700028561638,-11.036090354659553,3.301624016,1.666240158,211,"76.9",52,"93.8",1922,"6.3",824037,669257,687221,808975,571970,605141,606192,681624,663656,"54.23",,,,,,,,46,3,"4-Seam Fastball",0,6,0,6,6,0,0,6,"Standard","Standard",203,"0","0","70.1","6.9",,,"0","88.0",-6,-6,0.029,0.029,28,25,28,25,1,2,2,2,3,1,"0.97","1.05","1.05","53.9",-0.020279191501241207,8.03751067077291,29.33008945670311,42.5826341783481,19.708443084556144
"CU","2026-05-15","82","1.2","5.97","Grissom, Vaughn",687093,676263,,"called_strike",,,,,7,,"R","R","L","LAA","LAD","S",,,0,1,2026,"-0.53","-1.23",-0.6052935420565606,2.1252087762404823,,,,1,8,"Bot",,,,,,,-2.985660217382948,-119.33498858479336,0.6376836749437578,-4.351959644868915,26.628956141789278,-44.22620548460838,3.301624016,1.666240158,,,,"81.8",2680,"6.5",824037,669257,687221,808975,571970,605141,606192,681624,663656,"53.98",,,,,,,,63,2,"Curveball",0,6,0,6,6,0,0,6,"Standard","Standard",333,"-0.001","-0.057",,,,,"0.057",,-6,-6,0.006,0.006,27,25,27,25,1,3,3,2,17,1,"4.67","-0.53","0.53","58.8",,,,,
"FF","2026-05-15","96.8","-1.9","5.64","Grissom, Vaughn",687093,694361,,"ball",,,,,11,,"R","R","R","LAA","LAD","B",,,2,0,2026,"-1.02","1.3",-0.10891511766537643,3.6533872573191886,,,,0,1,"Bot",,,,,,,7.153623573759624,-140.75488119678818,-2.5732028654830965,-15.248016467836264,33.37444779745353,-14.597015960856115,3.301624016,1.666240158,,,,"97.5",2224,"6.8",824037,669257,687221,808975,571970,605141,606192,681624,663656,"53.68",,,,,,,,4,3,"4-Seam Fastball",0,0,0,0,0,0,0,0,"Standard","Standard",216,"0.011","0.155",,,,,"-0.155",,0,0,0.558,0.558,26,25,27,25,1,0,4,2,4,1,"1.15","1.02","1.02","44.8",,,,,
"FF","2026-05-15","97","-1.77","5.56","Grissom, Vaughn",687093,694361,,"ball",,,,,14,,"R","R","R","LAA","LAD","B",,,1,0,2026,"-0.86","1.4",1.9571613427982766,1.533634476038582,,,,0,1,"Bot",,,,,,,12.010566867340215,-140.6033266965778,-8.33343471830539,-14.227992233845514,32.854739476800866,-11.736174517317316,3.301624016,1.666240158,,,,"98.2",2268,"7.2",824037,669257,687221,808975,571970,605141,606192,681624,663656,"53.27",,,,,,,,4,2,"4-Seam Fastball",0,0,0,0,0,0,0,0,"Standard","Standard",213,"0.007","0.084",,,,,"-0.084",,0,0,0.551,0.551,26,25,27,25,1,0,4,2,4,1,"1.05","0.86","0.86","42.6",,,,,
"FF","2026-05-15","93.7","-0.68","5.79","Grissom, Vaughn",687093,669165,,"called_strike",,,,,9,,"R","R","R","LAA","LAD","S",,,0,1,2026,"-0.75","1.65",0.5729077595874356,2.079055742676993,,,,0,6,"Bot",,,,,,,4.892457679192833,-136.1479498123746,-7.311652363653342,-10.470250774524857,31.225859481447625,-10.253919388078645,3.301624016,1.666240158,,,,"93.8",1897,"6.5",824037,669257,687221,808975,571970,605141,606192,681624,663656,"54",,,,,,,,46,2,"4-Seam Fastball",0,6,0,6,6,0,0,6,"Standard","Standard",204,"-0.002","-0.056",,,,,"0.056",,-6,-6,0.031,0.031,28,25,28,25,1,2,2,2,3,1,"0.96","0.75","0.75","48.9",,,,,
"FF","2026-05-15","93.4","0.92","5.98","Grissom, Vaughn",687093,676263,,"called_strike",,,,,9,,"R","R","L","LAA","LAD","S",,,0,0,2026,"0.66","1.49",0.3536733073234861,2.095845668007406,,,,1,8,"Bot",,,,,,,-2.9264576746172972,-135.727669420656,-7.282074507438247,8.792152821652504,33.47227497271768,-12.35041752693132,3.301624016,1.666240158,,,,"93.1",2430,"6.5",824037,669257,687221,808975,571970,605141,606192,681624,663656,"54.02",,,,,,,,63,1,"4-Seam Fastball",0,6,0,6,6,0,0,6,"Standard","Standard",155,"0","-0.042",,,,,"0.042",,-6,-6,0.006,0.006,27,25,27,25,1,3,3,2,17,1,"1.16","0.66","-0.66","59.3",,,,,
"SL","2026-05-15","84.5","-1.09","5.73","Grissom, Vaughn",687093,669165,,"called_strike",,,,,7,,"R","R","R","LAA","LAD","S",,,0,0,2026,"0.14","0.03",-0.49955409306487164,1.8883952565442947,,,,0,6,"Bot",,,,,,,1.0662412572079933,-123.02603508133501,-2.331670090161536,1.1902267332132601,28.10819184135167,-31.575304778837104,3.301624016,1.666240158,,,,"83.8",2052,"6.1",824037,669257,687221,808975,571970,605141,606192,681624,663656,"54.36",,,,,,,,46,1,"Slider",0,6,0,6,6,0,0,6,"Standard","Standard",61,"-0.001","-0.043",,,,,"0.043",,-6,-6,0.032,0.032,28,25,28,25,1,2,2,2,3,1,"3.2","-0.14","-0.14","47.4",,,,,
"FF","2026-05-15","97.9","-1.94","5.7","Grissom, Vaughn",687093,694361,,"ball",,,,,14,,"R","R","R","LAA","LAD","B",,,0,0,2026,"-0.8","1.22",1.272779055582612,1.6617855998778572,,,,0,1,"Bot",,,,,,,10.510868638602663,-141.98955983192087,-8.045326491013588,-13.329758826180079,33.948465599020935,-13.901492244824912,3.301624016,1.666240158,,,,"98.4",2172,"6.8",824037,669257,687221,808975,571970,605141,606192,681624,663656,"53.65",,,,,,,,4,1,"4-Seam Fastball",0,0,0,0,0,0,0,0,"Standard","Standard",206,"0.003","0.044",,,,,"-0.044",,0,0,0.548,0.548,26,25,27,25,1,0,4,2,4,1,"1.18","0.8","0.8","47.3",,,,,
"FF","2026-05-13","96.1","1.03","5.31","Grissom, Vaughn",687093,800048,"strikeout","swinging_strike",,,,,1,"Vaughn Grissom strikes out swinging.","R","R","L","CLE","LAA","S",2,,3,2,2026,"0.41","1.63",-0.7298884601627967,3.1895584546608937,660162,,,2,5,"Top",,,,,,,-5.563930230661725,-139.8251794647002,-3.608993261766012,6.649460287550136,32.21865677116714,-10.236356758277314,3.301624016,1.666240158,,,,"96.5",2279,"6.6",824438,595978,656555,683953,682177,677587,681807,682657,800050,"53.91",,0,"0",1,0,0,,36,6,"4-Seam Fastball",3,2,2,3,2,3,2,3,"Standard","Standard",156,"0.056","-0.329","69.0","6.0","0.45982416",,"0.329",,1,-1,0.652,0.348,25,25,26,25,3,2,5,1,6,2,"0.85","0.41","-0.41","42.4",-0.07979696619533405,11.250408973270044,32.52387745036204,25.325587817391288,18.54133435151022
"SI","2026-05-13","93.4","1.2","5.29","Grissom, Vaughn",687093,800048,,"foul",,,,,6,,"R","R","L","CLE","LAA","S",,,3,1,2026,"1.16","1.06",0.28502218979653837,2.345747401301258,660162,,,2,5,"Top",,,,,,,-4.93528936822744,-135.88294319416198,-4.005394639797012,15.457032641627354,30.325029117747583,-18.3083081262104,3.301624016,1.666240158,231,"84.1",54,"93.6",2100,"6.5",824438,595978,656555,683953,682177,677587,681807,682657,800050,"54.04",,,,,,,,36,5,"Sinker",3,2,2,3,2,3,2,3,"Standard","Standard",141,"0.004","-0.043","76.8","7.0",,,"0.043","88.0",1,-1,0.648,0.352,25,25,26,25,3,2,5,1,6,2,"1.55","1.16","-1.16","39.0",10.897596898832068,8.968972628120811,28.810984241720593,38.73438842009648,29.156693221619356
"FF","2026-05-13","96.1","1.02","5.31","Grissom, Vaughn",687093,800048,,"ball",,,,,14,,"R","R","L","CLE","LAA","B",,,2,1,2026,"0.63","1.55",0.12733274924731564,1.4132917415253627,660162,,,2,5,"Top",,,,,,,-3.8158577600235315,-139.703689703946,-8.066254183783176,9.093371154820936,33.65032764754222,-10.308351982300763,3.301624016,1.666240158,,,,"96.4",2226,"6.7",824438,595978,656555,683953,682177,677587,681807,682657,800050,"53.81",,,,,,,,36,4,"4-Seam Fastball",3,2,2,3,2,3,2,3,"Standard","Standard",147,"-0.005","0.042",,,,,"-0.042",,1,-1,0.653,0.347,25,25,26,25,3,2,5,1,6,2,"0.94","0.63","-0.63","42.5",,,,,
"SI","2026-05-13","92.5","1.13","5.28","Grissom, Vaughn",687093,800048,,"called_strike",,,,,9,,"R","R","L","CLE","LAA","S",,,2,0,2026,"1.26","0.6",0.27772055500365855,1.826650055284468,660162,,,2,5,"Top",,,,,,,-4.955144396746449,-134.63642068897522,-4.144904244855879,16.424790071689447,28.80498358450199,-24.18399698267407,3.301624016,1.666240158,,,,"92.9",2048,"6.5",824438,595978,656555,683953,682177,677587,681807,682657,800050,"54.01",,,,,,,,36,3,"Sinker",3,2,2,3,2,3,2,3,"Standard","Standard",142,"0.003","-0.006",,,,,"0.006",,1,-1,0.65,0.35,25,25,26,25,3,2,5,1,6,2,"2.06","1.26","-1.26","38.8",,,,,
"CH","2026-05-13","86.3","1.21","5.38","Grissom, Vaughn",687093,800048,,"ball",,,,,14,,"R","R","L","CLE","LAA","B",,,1,0,2026,"1.34","-0.05",1.4155640633178166,1.7875674875584333,660162,,,2,5,"Top",,,,,,,-2.2804963414307493,-125.77855739154313,-2.034902741232249,14.692742717604547,24.86767255211356,-32.53017460399087,3.301624016,1.666240158,,,,"86.5",2000,"6.3",824438,595978,656555,683953,682177,677587,681807,682657,800050,"54.22",,,,,,,,36,2,"Changeup",3,2,2,3,2,3,2,3,"Standard","Standard",122,"-0.003","0.005",,,,,"-0.005",,1,-1,0.653,0.347,25,25,26,25,3,2,5,1,6,2,"3.1","1.34","-1.34","37.9",,,,,
"CH","2026-05-13","85.9","1.3","5.3","Grissom, Vaughn",687093,800048,,"blocked_ball",,,,,14,,"R","R","L","CLE","LAA","B",,,0,0,2026,"1.34","0.12",0.2606739678185819,0.3937668605804241,660162,,,2,5,"Top",,,,,,,-5.176109434639871,-124.953596460077,-5.288446319141299,15.052688150574797,27.367810637224082,-29.981186819797415,3.301624016,1.666240158,,,,"85.6",1924,"6.3",824438,595978,656555,683953,682177,677587,681807,682657,800050,"54.2",,,,,,,,36,1,"Changeup",3,2,2,3,2,3,2,3,"Standard","Standard",123,"-0.002","0.035",,,,,"-0.035",,1,-1,0.655,0.345,25,25,26,25,3,2,5,1,6,2,"2.99","1.34","-1.34","36.9",,,,,
"SI","2026-05-13","92.9","1.15","5.34","Grissom, Vaughn",687093,800048,"grounded_into_double_play","hit_into_play",,,,,8,"Vaughn Grissom grounds into a double play, shortstop Brayan Rocchio to first baseman Rhys Hoskins. Sebastián Rivero out at 2nd. Vaughn Grissom out at 1st.","R","R","L","CLE","LAA","X",6,"ground_ball",2,1,2026,"1.26","0.79",0.14129625811633906,1.9188627957483848,,,665861,1,3,"Top",114.35,154.07,,,,,-5.343075035013883,-135.15228512127194,-4.564768537090465,16.589662789552698,27.800171904947284,-21.657363561329568,3.301624016,1.666240158,6,"95.3",-18,"93.2",2140,"6.4",824438,595978,656555,683953,682177,677587,681807,682657,800050,"54.14",0.15,0.135,"0",1,0,0,2,19,4,"Sinker",2,0,0,2,0,2,0,2,"Standard","Standard",143,"0.059","-0.372",,,,0.166,"0.372","95.3",2,-2,0.705,0.29500000000000004,25,25,26,25,2,1,5,1,6,2,"1.84","1.26","-1.26","37.9",,,,,
"FC","2026-05-13","90.2","1","5.37","Grissom, Vaughn",687093,800048,,"ball",,,,,11,,"R","R","L","CLE","LAA","B",,,1,1,2026,"-0.13","0.8",-1.0495545854908155,3.3463685875376896,,,665861,1,3,"Top",,,,,,,-4.768946692071622,-131.5901985431209,-0.7763471932754554,-0.7469489581495024,22.05650713919574,-22.791703178395416,3.301624016,1.666240158,,,,"91.3",2189,"6.4",824438,595978,656555,683953,682177,677587,681807,682657,800050,"54.13",,,,,,,,19,3,"Cutter",2,0,0,2,0,2,0,2,"Standard","Standard",184,"-0.006","0.063",,,,,"-0.063",,2,-2,0.711,0.28900000000000003,25,25,26,25,2,1,5,1,6,2,"1.94","-0.13","0.13","42.6",,,,,
"SI","2026-05-13","92.9","1.07","5.36","Grissom, Vaughn",687093,800048,,"ball",,,,,14,,"R","R","L","CLE","LAA","B",,,0,1,2026,"0.9","1.02",0.29606114784580695,1.4385213509160697,,,665861,1,3,"Top",,,,,,,-3.967696624156266,-135.389465813235,-6.465938280709314,11.968210373185787,23.593950655781757,-18.43808976931584,3.301624016,1.666240158,,,,"94.1",2128,"6.5",824438,595978,656555,683953,682177,677587,681807,682657,800050,"54.05",,,,,,,,19,2,"Sinker",2,0,0,2,0,2,0,2,"Standard","Standard",147,"-0.003","0.029",,,,,"-0.029",,2,-2,0.714,0.28600000000000003,25,25,26,25,2,1,5,1,6,2,"1.57","0.9","-0.9","43.6",,,,,
"CU","2026-05-13","79.1","1.11","5.44","Grissom, Vaughn",687093,800048,,"called_strike",,,,,6,,"R","R","L","CLE","LAA","S",,,0,0,2026,"-1.27","-0.49",0.38092772125747687,2.382964042419015,,,665861,1,3,"Top",,,,,,,0.8355507272947622,-115.32783576393943,1.1909201747013451,-11.557048082888853,20.1156929832307,-36.946191821955686,3.301624016,1.666240158,,,,"79.3",2208,"6.2",824438,595978,656555,683953,682177,677587,681807,682657,800050,"54.29",,,,,,,,19,1,"Curveball",2,0,0,2,0,2,0,2,"Standard","Standard",316,"0.005","-0.041",,,,,"0.041",,2,-2,0.709,0.29100000000000004,25,25,26,25,2,1,5,1,6,2,"4.1","-1.27","1.27","43.5",,,,,
"FF","2026-05-13","92.7","1.01","5.84","Grissom, Vaughn",687093,681870,"walk","ball",,,,,12,"Vaughn Grissom walks.","R","R","L","CLE","LAA","B",,,3,0,2026,"0.68","1.5",0.2747031504324069,4.301011924547818,,,,1,8,"Top",,,,,,,-3.3848954646470784,-135.01696964328,-1.3036451004058813,9.069583968262593,31.01832723457953,-13.866381366538977,3.301624016,1.666240158,,,,"93.2",2576,"6.7",824438,595978,656555,683953,682177,677587,682657,690984,800050,"53.85",,0.698079,"0.7",1,0,0,,57,4,"4-Seam Fastball",4,2,2,4,2,4,2,4,"Standard","Standard",147,"-0.019","0.164",,,,,"-0.164",,2,-2,0.872,0.128,28,25,29,25,1,3,1,1,3,2,"1.16","0.68","-0.68","41.8",,,,,
"CU","2026-05-13","80.7","1.08","5.44","Grissom, Vaughn",687093,800048,"walk","ball",,,,,13,"Vaughn Grissom walks.","R","R","L","CLE","LAA","B",,,3,2,2026,"-1.49","-0.47",-1.6305300965764165,1.4004316060784752,,,,0,1,"Top",,,,,,,-3.0558331193221986,-117.53592495958284,-1.1686545080355073,-13.219367377892551,22.942429063765157,-36.514191791184075,3.301624016,1.666240158,,,,"80.6",2316,"6.3",824438,595978,656555,683953,682177,677587,681807,682657,800050,"54.23",,0.698079,"0.7",1,0,0,,1,8,"Curveball",0,0,0,0,0,0,0,0,"Standard","Standard",313,"-0.031","0.373",,,,,"-0.373",,0,0,0.495,0.505,25,25,26,25,1,0,5,1,6,2,"3.97","-1.49","1.49","46.4",,,,,
"FF","2026-05-13","93.3","1.09","5.84","Grissom, Vaughn",687093,681870,,"ball",,,,,12,,"R","R","L","CLE","LAA","B",,,2,0,2026,"0.72","1.48",0.21325073509887948,3.779833382722006,,,,1,8,"Top",,,,,,,-3.851091714234081,-135.81305516804903,-2.7167437221952118,9.693866673461715,29.76132511198764,-13.423798589975819,3.301624016,1.666240158,,,,"93.8",2568,"6.6",824438,595978,656555,683953,682177,677587,682657,690984,800050,"53.92",,,,,,,,57,3,"4-Seam Fastball",4,2,2,4,2,4,2,4,"Standard","Standard",147,"-0.014","0.14",,,,,"-0.14",,2,-2,0.886,0.11399999999999999,28,25,29,25,1,3,1,1,3,2,"1.13","0.72","-0.72","40.9",,,,,
"FF","2026-05-13","95","0.97","5.47","Grissom, Vaughn",687093,800048,,"foul",,,,,8,,"R","R","L","CLE","LAA","S",,,3,2,2026,"0.36","1.42",0.16726070392451942,1.782365377781975,,,,0,1,"Top",,,,,,,-2.888908593295108,-138.2308287789671,-7.063673029039831,5.215879245550611,28.892265790830706,-12.57690120730884,3.301624016,1.666240158,201,"72",37,"95.5",2150,"6.4",824438,595978,656555,683953,682177,677587,681807,682657,800050,"54.05",,,,,,,,1,7,"4-Seam Fastball",0,0,0,0,0,0,0,0,"Standard","Standard",151,"0","0",,,,,"0","88.0",0,0,0.495,0.505,25,25,26,25,1,0,5,1,6,2,"1.09","0.36","-0.36","44.4",,,,,
"FF","2026-05-13","92.4","1.13","5.9","Grissom, Vaughn",687093,681870,,"ball",,,,,11,,"R","R","L","CLE","LAA","B",,,1,0,2026,"0.63","1.49",-0.32204417159831644,4.11320486357305,,,,1,8,"Top",,,,,,,-5.075155285215155,-134.53621373869123,-1.8724285354245476,8.798299721296239,29.400659174027773,-13.933194189494431,3.301624016,1.666240158,,,,"92.8",2526,"6.5",824438,595978,656555,683953,682177,677587,682657,690984,800050,"53.97",,,,,,,,57,2,"4-Seam Fastball",4,2,2,4,2,4,2,4,"Standard","Standard",153,"-0.009","0.077",,,,,"-0.077",,2,-2,0.895,0.10499999999999998,28,25,29,25,1,3,1,1,3,2,"1.18","0.63","-0.63","42.3",,,,,
"CH","2026-05-13","85.3","1.32","5.42","Grissom, Vaughn",687093,800048,,"foul",,,,,8,,"R","R","L","CLE","LAA","S",,,3,2,2026,"1.12","0.03",0.1666986950439977,1.7297422921986834,,,,0,1,"Top",,,,,,,-4.935812501604972,-124.11113808693534,-2.234158817189946,12.613803159531711,24.254432263283643,-31.60750251788237,3.301624016,1.666240158,72,"77.7",6,"84.9",1864,"6",824438,595978,656555,683953,682177,677587,681807,682657,800050,"54.49",,,,,,,,1,6,"Changeup",0,0,0,0,0,0,0,0,"Standard","Standard",123,"0","0","75.1","8.1",,,"0","88.0",0,0,0.495,0.505,25,25,26,25,1,0,5,1,6,2,"3.1","1.12","-1.12","36.0",20.288247708696996,-12.946417243753947,37.89216778010905,38.499686294200586,44.11696434838847
"CU","2026-05-13","79","0.98","6.12","Grissom, Vaughn",687093,681870,,"ball",,,,,13,,"R","R","L","CLE","LAA","B",,,0,0,2026,"-0.63","-1.08",-0.8571495452367998,2.0563510256321873,,,,1,8,"Top",,,,,,,-2.788743698609863,-115.12822217247732,0.18509750412795656,-5.1155292931503515,20.382148828841874,-42.04131714325339,3.301624016,1.666240158,,,,"79.9",2734,"6.7",824438,595978,656555,683953,682177,677587,682657,690984,800050,"53.76",,,,,,,,57,1,"Curveball",4,2,2,4,2,4,2,4,"Standard","Standard",328,"-0.005","0.043",,,,,"-0.043",,2,-2,0.9,0.09999999999999998,28,25,29,25,1,3,1,1,3,2,"4.71","-0.63","0.63","48.9",,,,,
"CH","2026-05-13","86","1.28","5.4","Grissom, Vaughn",687093,800048,,"ball",,,,,13,,"R","R","L","CLE","LAA","B",,,2,2,2026,"1.24","0.25",-0.16578017986328453,0.4922793380708219,,,,0,1,"Top",,,,,,,-5.930773660682648,-125.10902831164647,-5.732403358860786,14.21493996916973,21.17354130362184,-28.691600762803112,3.301624016,1.666240158,,,,"86.4",1985,"6.2",824438,595978,656555,683953,682177,677587,681807,682657,800050,"54.29",,,,,,,,1,5,"Changeup",0,0,0,0,0,0,0,0,"Standard","Standard",128,"-0.008","0.115",,,,,"-0.115",,0,0,0.503,0.497,25,25,26,25,1,0,5,1,6,2,"2.79","1.24","-1.24","40.1",,,,,
"SI","2026-05-13","91.2","1.29","5.36","Grissom, Vaughn",687093,800048,,"foul",,,,,9,,"R","R","L","CLE","LAA","S",,,2,1,2026,"1.1","0.87",0.4342232863317088,1.7519766150506266,,,,0,1,"Top",,,,,,,-4.526221110020431,-132.66710116536106,-4.851266026979093,13.908371267226993,28.962612712176472,-21.039386741010276,3.301624016,1.666240158,3,"103.8",-30,"91.3",2012,"6.4",824438,595978,656555,683953,682177,677587,681807,682657,800050,"54.08",,,,,,,,1,4,"Sinker",0,0,0,0,0,0,0,0,"Standard","Standard",140,"0.007","-0.08",,,,,"0.08","103.8",0,0,0.496,0.504,25,25,26,25,1,0,5,1,6,2,"1.87","1.1","-1.1","37.8",,,,,
"CU","2026-05-13","79","1.16","5.51","Grissom, Vaughn",687093,800048,,"ball",,,,,13,,"R","R","L","CLE","LAA","B",,,1,1,2026,"-1.08","-0.57",-0.9656244222682728,1.4191557555673988,,,,0,1,"Top",,,,,,,-2.517774168065416,-115.00647414604795,-0.7433214590043463,-9.00150713241538,23.016159858974017,-37.32010385800709,3.301624016,1.666240158,,,,"78.8",2253,"6.3",824438,595978,656555,683953,682177,677587,681807,682657,800050,"54.23",,,,,,,,1,3,"Curveball",0,0,0,0,0,0,0,0,"Standard","Standard",316,"-0.005","0.064",,,,,"-0.064",,0,0,0.501,0.499,25,25,26,25,1,0,5,1,6,2,"4.25","-1.08","1.08","47.8",,,,,
"SI","2026-05-13","92.2","1.16","5.44","Grissom, Vaughn",687093,800048,,"foul",,,,,14,,"R","R","L","CLE","LAA","S",,,1,0,2026,"0.94","0.76",0.012905076567428897,1.513264402435692,,,,0,1,"Top",,,,,,,-4.961634388705296,-134.17670919362237,-5.644086054011316,12.380511776056904,27.797430972767213,-21.978482348081045,3.301624016,1.666240158,249,"86.4",51,"92.5",2123,"6.4",824438,595978,656555,683953,682177,677587,681807,682657,800050,"54.13",,,,,,,,1,2,"Sinker",0,0,0,0,0,0,0,0,"Standard","Standard",143,"0.005","-0.058","78.2","7.8",,,"0.058","88.0",0,0,0.496,0.504,25,25,26,25,1,0,5,1,6,2,"1.91","0.94","-0.94","39.7",14.814827715355214,4.527516774961165,40.37466810428932,37.00609130477699,30.044796771181495
"SI","2026-05-13","91.6","1.14","5.5","Grissom, Vaughn",687093,800048,,"ball",,,,,14,,"R","R","L","CLE","LAA","B",,,0,0,2026,"1.01","0.9",0.15543829710720092,0.8909030266830265,,,,0,1,"Top",,,,,,,-4.68352118107632,-133.22048718701598,-7.4929030899775375,13.008502711789882,29.046272481279175,-20.070209717399184,3.301624016,1.666240158,,,,"91.7",2067,"6.4",824438,595978,656555,683953,682177,677587,681807,682657,800050,"54.11",,,,,,,,1,1,"Sinker",0,0,0,0,0,0,0,0,"Standard","Standard",142,"-0.004","0.044",,,,,"-0.044",,0,0,0.5,0.5,25,25,26,25,1,0,5,1,6,2,"1.83","1.01","-1.01","42.2",,,,,
"SI","2026-05-12","96.3","-2.16","5.67","Grissom, Vaughn",687093,677944,"strikeout","swinging_strike",,,,,12,"Vaughn Grissom strikes out swinging.","R","R","R","CLE","LAA","S",2,,1,2,2026,"-1.53","0.79",1.0199661620470073,2.586523924654345,694384,624585,,2,3,"Top",,,,,,,11.916759329466752,-139.6720005197464,-4.199444345277431,-22.76191489998702,33.072630228535196,-20.97230902443742,3.301624016,1.666240158,,,,"96.5",2350,"6.7",824442,672275,700932,683953,608070,677587,680757,682177,682657,"53.79",,0,"0",1,0,0,,20,4,"Sinker",0,0,0,0,0,0,0,0,"Strategic","Standard",225,"0.046","-0.184","66.0","6.5","9.835284984",,"0.184",,0,0,0.509,0.491,27,25,27,25,2,1,5,1,6,1,"1.69","1.53","1.53","36.7",-8.223918815573057,27.371938573089885,32.76518987500077,47.693758560108506,6.0684029380378455
"FF","2026-05-12","95.7","-2.02","5.91","Grissom, Vaughn",687093,677944,,"ball",,,,,12,,"R","R","R","CLE","LAA","B",,,0,2,2026,"-0.67","1.22",1.5823367320351425,4.236588636914628,694384,624585,,2,3,"Top",,,,,,,10.94088299103651,-138.96573200516283,-1.3774660204601734,-11.295772426937036,33.58070234012928,-16.348820219734982,3.301624016,1.666240158,,,,"95.6",2411,"6.5",824442,672275,700932,683953,608070,677587,680757,682177,682657,"53.97",,,,,,,,20,3,"4-Seam Fastball",0,0,0,0,0,0,0,0,"Strategic","Standard",224,"-0.007","0.026",,,,,"-0.026",,0,0,0.516,0.484,27,25,27,25,2,1,5,1,6,1,"1.3","0.67","0.67","40.1",,,,,
"SI","2026-05-12","95","-2.09","5.72","Grissom, Vaughn",687093,677944,,"swinging_strike",,,,,12,,"R","R","R","CLE","LAA","S",,,0,1,2026,"-1.39","0.81",0.9290143012840824,2.7494659869654314,694384,624585,,2,3,"Top",,,,,,,11.057054610645492,-137.92611037366297,-3.7398879551426267,-20.316040811357883,32.03423090801459,-21.15081789093984,3.301624016,1.666240158,,,,"95.4",2333,"6.7",824442,672275,700932,683953,608070,677587,680757,682177,682657,"53.76",,,,,,,,20,2,"Sinker",0,0,0,0,0,0,0,0,"Strategic","Standard",227,"0.016","-0.073","66.0","6.5","0.525233076",,"0.073",,0,0,0.5,0.5,27,25,27,25,2,1,5,1,6,1,"1.73","1.39","1.39","36.5",-4.512602002428024,23.830294758468842,30.40472423378986,47.69572271016584,12.290334706070425
"SI","2026-05-12","95.9","-2.19","5.68","Grissom, Vaughn",687093,677944,,"called_strike",,,,,6,,"R","R","R","CLE","LAA","S",,,0,0,2026,"-1.49","0.69",0.7805011302159566,2.6452295085912723,694384,624585,,2,3,"Top",,,,,,,11.249285217402704,-139.13495936774885,-3.770582929039504,-21.944249790378954,32.777370670629786,-22.480568453602693,3.301624016,1.666240158,,,,"96.3",2261,"6.8",824442,672275,700932,683953,608070,677587,680757,682177,682657,"53.72",,,,,,,,20,1,"Sinker",0,0,0,0,0,0,0,0,"Strategic","Standard",225,"0.01","-0.03",,,,,"0.03",,0,0,0.49,0.51,27,25,27,25,2,1,5,1,6,1,"1.81","1.49","1.49","38.1",,,,,
"SI","2026-05-12","95.6","-2.25","5.7","Grissom, Vaughn",687093,677944,"field_out","hit_into_play",,,,,4,"Vaughn Grissom grounds out, shortstop Brayan Rocchio to first baseman Kyle Manzardo.","R","R","R","CLE","LAA","X",6,"ground_ball",1,0,2026,"-1.52","0.72",-0.47618997938871255,2.192995579406741,,545361,694384,2,1,"Top",103.46,152.85,,,,,8.157483037200866,-138.96874155440963,-5.047982993953744,-21.564938703567552,32.200028675217645,-21.924166362519575,3.301624016,1.666240158,9,"81.5",-14,"95.9",2360,"6.6",824442,672275,700932,683953,608070,677587,680757,682177,682657,"53.88",0.077,0.072,"0",1,0,0,2,5,2,"Sinker",0,0,0,0,0,0,0,0,"Strategic","Standard",228,"0.046","-0.315","73.1","6.8",,0.082,"0.315","88.0",0,0,0.502,0.498,27,25,27,25,1,0,5,1,6,1,"1.79","1.52","1.52","38.3",-5.690355050799072,2.4189751570476505,42.626529087052674,29.654898191022863,21.207795722013444
"SI","2026-05-12","95","-2.22","5.69","Grissom, Vaughn",687093,677944,,"ball",,,,,11,,"R","R","R","CLE","LAA","B",,,0,0,2026,"-1.34","0.98",-0.18535666849725585,3.712895929640068,,545361,694384,2,1,"Top",,,,,,,8.376478334018811,-138.1084163904535,-1.554122304756734,-19.03210353810834,32.556646922828364,-19.51524098692576,3.301624016,1.666240158,,,,"95.4",2256,"6.7",824442,672275,700932,683953,608070,677587,680757,682177,682657,"53.79",,,,,,,,5,1,"Sinker",0,0,0,0,0,0,0,0,"Strategic","Standard",229,"-0.003","0.028",,,,,"-0.028",,0,0,0.505,0.495,27,25,27,25,1,0,5,1,6,1,"1.56","1.34","1.34","34.1",,,,,
"FF","2026-05-12","94.4","-2.2","6.17","Grissom, Vaughn",687093,683769,"field_out","hit_into_play",,,,,11,"Vaughn Grissom bunt grounds out softly, pitcher Hunter Gaddis to first baseman Kyle Manzardo.","R","R","R","CLE","LAA","X",1,"ground_ball",0,0,2026,"-0.63","1.42",-0.18725759349090132,4.1242952955987855,,,,0,6,"Top",128.08,188.17,,,,,6.6680137694987245,-137.25243312285264,-2.6428486391511092,-9.478039524410562,33.3706006737213,-13.941185093776149,3.301624016,1.666240158,1,"30.1",-72,"95.2",2240,"7",824442,672275,700932,683953,608070,677587,680757,682177,682657,"53.47",0.227,0.204,"0",1,0,0,1,41,1,"4-Seam Fastball",2,0,0,2,0,2,0,2,"Standard","Standard",209,"0.031","0.13","11.7","1.2",,0.229,"-0.13","88.0",2,-2,0.779,0.22099999999999997,28,25,28,25,1,2,3,1,4,1,"1.16","0.63","0.63","31.1",50.316494936345016,-167.19413600606728,76.49093672151427,35.862692707522385,22.875943361155095
"FF","2026-05-12","97.1","-1.92","5.57","Grissom, Vaughn",687093,680916,"home_run","hit_into_play",,,,,3,"Vaughn Grissom homers (2) on a fly ball to center field.","R","R","R","CLE","LAA","X",,"fly_ball",2,2,2026,"-1.23","1.21",0.7664594940275915,3.262902170236353,,,,0,8,"Top",162.34,38.77,,,,,10.076285558523754,-141.01828504419754,-3.275992523174218,-18.789472106203625,33.15775913503846,-15.522731217431005,3.301624016,1.666240158,406,"102.7",26,"97.9",2712,"6.9",824442,595978,700932,683953,608070,677587,680757,690984,682657,"53.59",0.797,1.48,"2",1,0,3,6,60,7,"4-Seam Fastball",3,1,1,3,2,3,2,3,"Strategic","Strategic",237,"-0.123","1.144","69.8","7.0",,2.816,"-1.144","102.7",2,-2,0.868,0.132,26,25,26,25,1,3,2,1,52,1,"1.23","1.23","1.23","15.8",14.76058256623266,-12.33481911571911,22.977185062058876,42.75583933918049,25.128293871616826
"FF","2026-05-12","97.4","-2","5.6","Grissom, Vaughn",687093,680916,,"foul",,,,,2,,"R","R","R","CLE","LAA","S",,,2,2,2026,"-1.29","1.11",0.15049996365939666,2.8726703007225116,,,,0,8,"Top",,,,,,,8.81769822671416,-141.44503458498232,-4.20377916723396,-19.366685266983847,33.93320690017023,-16.510906191885578,3.301624016,1.666240158,160,"63.5",52,"98.2",2705,"7",824442,595978,700932,683953,608070,677587,680757,690984,682657,"53.53",,,,,,,,60,6,"4-Seam Fastball",3,1,1,3,1,3,1,3,"Strategic","Standard",235,"0","0","71.6","6.9",,,"0","88.0",2,-2,0.868,0.132,26,25,26,25,1,3,2,1,52,1,"1.31","1.29","1.29","18.9",-0.9059873983224453,9.003077353776114,33.47520393310678,36.13852030624925,22.34748645019891
"SL","2026-05-12","86.3","-2.05","5.93","Grissom, Vaughn",687093,680916,,"foul",,,,,6,,"R","R","R","CLE","LAA","S",,,2,2,2026,"0.27","-0.02",0.34471025080220685,2.386756133700745,,,,0,8,"Top",,,,,,,5.073371047365703,-125.49611638629749,-1.8682090449404654,1.7228545187100606,28.49959288457913,-32.19677609588527,3.301624016,1.666240158,184,"70.9",59,"86.4",2677,"6.7",824442,595978,700932,683953,608070,677587,680757,690984,682657,"53.83",,,,,,,,60,5,"Slider",3,1,1,3,1,3,1,3,"Strategic","Standard",30,"0","0","57.5","8.3",,,"0","88.0",2,-2,0.868,0.132,26,25,26,25,1,3,2,1,52,1,"3.12","-0.27","-0.27","25.5",16.206692302550422,-27.415502536068008,33.68275719167462,37.10088878538197,41.70118545887584
"FF","2026-05-12","97.8","-2.12","5.56","Grissom, Vaughn",687093,680916,,"ball",,,,,11,,"R","R","R","CLE","LAA","B",,,1,2,2026,"-1.47","1.24",-0.6041033695658369,4.299238004666402,,,,0,8,"Top",,,,,,,7.531199789763868,-142.1994968586647,-0.6122547548670946,-21.6841215621258,35.32768992331309,-15.554023551783771,3.301624016,1.666240158,,,,"98.2",2766,"6.7",824442,595978,700932,683953,608070,677587,680757,690984,682657,"53.77",,,,,,,,60,4,"4-Seam Fastball",3,1,1,3,1,3,1,3,"Strategic","Standard",238,"-0.005","0.046",,,,,"-0.046",,2,-2,0.873,0.127,26,25,26,25,1,3,2,1,52,1,"1.16","1.47","1.47","16.4",,,,,
"FF","2026-05-12","95.6","-2.11","5.5","Grissom, Vaughn",687093,680916,,"foul",,,,,11,,"R","R","R","CLE","LAA","S",,,1,1,2026,"-1.4","1.08",-1.6732942366713466,2.6498011055465565,,,,0,8,"Top",,,,,,,4.410827678074817,-139.132138552933,-4.193504681183162,-19.14829339966504,32.5281973574961,-17.459910087337697,3.301624016,1.666240158,9,"72.5",-17,"96.7",2599,"7",824442,595978,700932,683953,608070,677587,680757,690984,682657,"53.52",,,,,,,,60,3,"4-Seam Fastball",3,1,1,3,1,3,1,3,"Strategic","Strategic",233,"0.009","-0.062","69.5","7.2",,,"0.062","88.0",2,-2,0.864,0.136,26,25,26,25,1,3,2,1,52,1,"1.42","1.4","1.4","18.7",8.169610621373376,-13.38721835301487,43.663101032729486,17.100709482882742,26.74015501743021
"FF","2026-05-12","97","-2.01","5.56","Grissom, Vaughn",687093,680916,,"ball",,,,,14,,"R","R","R","CLE","LAA","B",,,0,1,2026,"-1.32","1",1.971257044901009,0.6814744073626591,,,,0,8,"Top",,,,,,,13.716600382941362,-140.18101903777028,-9.517284625936448,-20.782944456802042,35.52732167848441,-16.72985164252018,3.301624016,1.666240158,,,,"97.2",2650,"7.1",824442,595978,700932,683953,608070,677587,680757,690984,682657,"53.43",,,,,,,,60,2,"4-Seam Fastball",3,1,1,3,1,3,1,3,"Standard","Strategic",235,"-0.004","0.029",,,,,"-0.029",,2,-2,0.868,0.132,26,25,26,25,1,3,2,1,52,1,"1.48","1.32","1.32","18.1",,,,,
"FF","2026-05-12","95.7","-1.99","5.63","Grissom, Vaughn",687093,680916,,"called_strike",,,,,6,,"R","R","R","CLE","LAA","S",,,0,0,2026,"-1.05","1.23",0.3621154003170135,2.56089293349572,,,,0,8,"Top",,,,,,,8.592108892881308,-138.85976056263695,-5.01521859485229,-15.65973654930612,35.8815555594397,-15.391017234850649,3.301624016,1.666240158,,,,"95.5",2597,"6.7",824442,595978,700932,683953,608070,677587,680757,690984,682657,"53.79",,,,,,,,60,1,"4-Seam Fastball",3,1,1,3,1,3,1,3,"Standard","Strategic",231,"0.006","-0.043",,,,,"0.043",,2,-2,0.862,0.138,26,25,26,25,1,3,2,1,52,1,"1.31","1.05","1.05","19.5",,,,,
"FF","2026-05-11","91.3","0.41","5.96","Grissom, Vaughn",687093,676282,"grounded_into_double_play","hit_into_play",,,,,5,"Vaughn Grissom grounds into a double play, second baseman Travis Bazzana to first baseman Kyle Manzardo. Mike Trout out at 2nd. Vaughn Grissom out at 1st.","R","R","L","CLE","LAA","X",4,"ground_ball",1,2,2026,"0.63","1.35",0.03866277643047766,2.4777017826145378,,,545361,0,6,"Top",131.14,136.77,,,,,-2.3493573517772535,-132.87522630195008,-5.756557748259315,7.960276937223544,27.518159420550734,-15.118145927394082,3.301624016,1.666240158,6,"99.1",-22,"93.4",1852,"7.4",824441,681807,700932,683953,608070,677587,680757,682177,800050,"53.07",0.13,0.117,"0",1,0,0,2,50,4,"4-Seam Fastball",7,0,0,7,0,7,0,7,"Standard","Standard",155,"0.013","-0.282","69.2","6.3",,0.13,"0.282","99.1",7,-7,0.979,0.02100000000000002,26,25,27,25,3,2,5,1,5,1,"1.37","0.63","-0.63","53.9",-6.087486745554869,17.109600678470873,36.77889255966204,35.83628550969331,14.190302950878326
"CU","2026-05-11","80.8","0.67","6.03","Grissom, Vaughn",687093,676282,,"blocked_ball",,,,,14,,"R","R","L","CLE","LAA","B",,,0,2,2026,"-0.71","-1.29",0.3848148722195691,0.7063224402521344,,,545361,0,6,"Top",,,,,,,0.7495891189992688,-117.58655632572624,-2.3196917287368493,-6.637618661904542,25.968824191976232,-43.775440412923956,3.301624016,1.666240158,,,,"81.3",2652,"7",824441,681807,700932,683953,608070,677587,680757,682177,800050,"53.47",,,,,,,,50,3,"Curveball",7,0,0,7,0,7,0,7,"Standard","Standard",332,"-0.001","0.017",,,,,"-0.017",,7,-7,0.98,0.020000000000000018,26,25,27,25,3,2,5,1,5,1,"4.83","-0.71","0.71","55.2",,,,,
"FF","2026-05-11","92.5","0.64","5.93","Grissom, Vaughn",687093,676282,,"called_strike",,,,,8,,"R","R","L","CLE","LAA","S",,,0,1,2026,"0.39","1.37",-0.1959601940969795,2.1149421508134854,,,545361,0,6,"Top",,,,,,,-3.0336476177937355,-134.5825892160266,-6.828438647687071,5.377685699645842,30.873192922083145,-14.235673754445127,3.301624016,1.666240158,,,,"94.3",1793,"7.5",824441,681807,700932,683953,608070,677587,680757,682177,800050,"53.03",,,,,,,,50,2,"4-Seam Fastball",7,0,0,7,0,7,0,7,"Standard","Standard",157,"0.002","-0.051",,,,,"0.051",,7,-7,0.978,0.02200000000000002,26,25,27,25,3,2,5,1,5,1,"1.31","0.39","-0.39","54.3",,,,,
"CU","2026-05-11","78.5","0.59","6.17","Grissom, Vaughn",687093,676282,,"called_strike",,,,,4,,"R","R","L","CLE","LAA","S",,,0,0,2026,"-0.68","-1.36",-0.4063594402065351,2.4136982132625198,,,545361,0,6,"Top",,,,,,,-0.8500832986497266,-114.23565417214385,1.6534474742860255,-5.713499853685014,24.466847945986093,-44.53090281329298,3.301624016,1.666240158,,,,"79",2482,"7",824441,681807,700932,683953,608070,677587,680757,682177,800050,"53.49",,,,,,,,50,1,"Curveball",7,0,0,7,0,7,0,7,"Standard","Standard",337,"0.001","-0.043",,,,,"0.043",,7,-7,0.977,0.02300000000000002,26,25,27,25,3,2,5,1,5,1,"5.11","-0.68","0.68","57.8",,,,,
"FF","2026-05-11","93.5","0.41","5.96","Grissom, Vaughn",687093,676282,"field_out","hit_into_play",,,,,4,"Vaughn Grissom lines out sharply to left fielder Steven Kwan.","R","R","L","CLE","LAA","X",7,"line_drive",1,2,2026,"0.39","1.37",-0.32818164475670725,2.2961126629462982,,,,2,3,"Top",78.08,89.89,,,,,-2.795652595235651,-135.9905337194852,-6.643254964537251,5.4370570867607,30.590075824129908,-13.90807011666451,3.301624016,1.666240158,296,"103.7",18,"95.2",1872,"7.3",824441,681807,700932,683953,608070,677587,680757,682177,800050,"53.16",0.506,0.608,"0",1,0,0,5,22,5,"4-Seam Fastball",2,0,0,2,0,2,0,2,"Strategic","Standard",155,"0.007","-0.177","79.9","7.4",,0.942,"0.177","103.7",2,-2,0.757,0.243,26,25,27,25,2,1,5,1,5,1,"1.24","0.39","-0.39","55.7",-2.1333742919042815,-6.083439898897046,41.00391891635436,31.18115846414139,31.845658427506965
"FF","2026-05-11","94.1","0.61","5.92","Grissom, Vaughn",687093,676282,,"foul",,,,,6,,"R","R","L","CLE","LAA","S",,,1,2,2026,"0.62","1.44",0.33302408561271224,2.549255344380993,,,,2,3,"Top",,,,,,,-2.1401412979847594,-136.86601825815097,-6.141405727370206,8.277327876906842,31.11433155689987,-12.984499154510644,3.301624016,1.666240158,233,"83.1",52,"95.6",1923,"7.3",824441,681807,700932,683953,608070,677587,680757,682177,800050,"53.23",,,,,,,,22,4,"4-Seam Fastball",2,0,0,2,0,2,0,2,"Strategic","Standard",155,"0","0","72.0","7.3",,,"0","88.0",2,-2,0.757,0.243,26,25,27,25,2,1,5,1,5,1,"1.15","0.62","-0.62","53.3",1.356953801267805,4.847970274446885,36.38191201008213,38.13054959898028,25.69951058165502
"CH","2026-05-11","79","0.45","5.97","Grissom, Vaughn",687093,676282,,"foul",,,,,3,,"R","R","L","CLE","LAA","S",,,1,1,2026,"0.52","0.9",0.5539163577015045,2.867128320897704,,,,2,3,"Top",,,,,,,-0.7619891707511324,-115.20366036375349,-1.5544418089639778,4.7492381360801295,19.431023376365015,-24.05186761408337,3.301624016,1.666240158,5,"73.6",-33,"81",1171,"7.3",824441,681807,700932,683953,608070,677587,680757,682177,800050,"53.15",,,,,,,,22,3,"Changeup",2,0,0,2,0,2,0,2,"Standard","Standard",131,"0.003","-0.069","65.1","8.4",,,"0.069","88.0",2,-2,0.754,0.246,26,25,27,25,2,1,5,1,5,1,"2.71","0.52","-0.52","54.3",29.613362426254596,-28.025613965452678,27.82484984911756,40.89774020119197,46.87468326700649
"CH","2026-05-11","80.3","0.42","5.9","Grissom, Vaughn",687093,676282,,"ball",,,,,13,,"R","R","L","CLE","LAA","B",,,0,1,2026,"0.84","1.27",-0.1958401560928924,-0.21324428290146935,,,,2,3,"Top",,,,,,,-3.0217518327563244,-116.68548190561214,-9.143981870735729,8.21340591709921,21.979757181346823,-19.073241108623446,3.301624016,1.666240158,,,,"81.9",1582,"7.4",824441,681807,700932,683953,608070,677587,680757,682177,800050,"53.06",,,,,,,,22,2,"Changeup",2,0,0,2,0,2,0,2,"Standard","Standard",135,"-0.002","0.031",,,,,"-0.031",,2,-2,0.756,0.244,26,25,27,25,2,1,5,1,5,1,"2.28","0.84","-0.84","53.3",,,,,
"CU","2026-05-11","79.5","0.61","6.1","Grissom, Vaughn",687093,676282,,"called_strike",,,,,3,,"R","R","L","CLE","LAA","S",,,0,0,2026,"-0.56","-1.2",0.6540003346133819,2.9531812983079826,,,,2,3,"Top",,,,,,,1.1819713512622663,-115.70309181597159,2.446181275176045,-5.2405976697941945,23.11021916526497,-43.60550303509219,3.301624016,1.666240158,,,,"80.2",2583,"6.9",824441,681807,700932,683953,608070,677587,680757,682177,800050,"53.61",,,,,,,,22,1,"Curveball",2,0,0,2,0,2,0,2,"Standard","Standard",330,"0.002","-0.044",,,,,"0.044",,2,-2,0.754,0.246,26,25,27,25,2,1,5,1,5,1,"4.82","-0.56","0.56","54.4",,,,,
"FF","2026-05-11","91.7","-2.03","4.9","Grissom, Vaughn",687093,670036,"field_out","hit_into_play",,,,,5,"Vaughn Grissom lines out sharply to center fielder Daniel Schneemann.","R","R","R","CLE","LAA","X",8,"line_drive",1,2,2026,"0.14","0.55",0.14279002923650427,2.4214810208218127,672724,687263,545361,2,7,"Top",140.54,67.58,,,,,5.152952148620416,-133.65328705674517,-1.5534602337479275,0.8165868631944779,23.83472560010578,-25.393308006039884,3.301624016,1.666240158,328,"104.4",18,"93",2466,"6.6",824441,681807,700932,683953,608070,677587,680757,682177,800050,"53.91",0.506,0.608,"0",1,0,0,5,64,6,"4-Seam Fastball",7,0,0,7,0,7,0,7,"Strategic","Standard",189,"0.007","-0.164","69.2","7.1",,0.942,"0.164","104.4",7,-7,0.99,0.010000000000000009,33,25,33,25,1,3,3,1,2,1,"2.11","-0.14","-0.14","32.1",6.262724004675629,1.1820484049630562,33.47541504503808,37.57262276456439,29.971023244568386
"FC","2026-05-11","90.8","-2.34","4.7","Grissom, Vaughn",687093,670036,,"foul",,,,,4,,"R","R","R","CLE","LAA","S",,,1,2,2026,"0.38","0.57",-0.407360216340314,2.5181847829648287,672724,687263,545361,2,7,"Top",,,,,,,3.971202545813374,-132.38598245780054,-0.7043505247770793,3.8301852759540456,24.67829805746988,-25.422407683179465,3.301624016,1.666240158,166,"58.5",45,"92.2",2631,"6.7",824441,681807,700932,683953,608070,677587,680757,682177,800050,"53.79",,,,,,,,64,5,"Cutter",7,0,0,7,0,7,0,7,"Strategic","Standard",186,"0","0","66.0","6.2",,,"0","88.0",7,-7,0.99,0.010000000000000009,33,25,33,25,1,3,3,1,2,1,"2.15","-0.38","-0.38","27.4",-10.750044993202927,14.347012583497607,37.163989156768345,29.42266681352786,20.480416008598162
"SI","2026-05-11","92.5","-2.15","4.85","Grissom, Vaughn",687093,670036,,"ball",,,,,14,,"R","R","R","CLE","LAA","B",,,0,2,2026,"-0.45","1.05",1.3405558336047836,2.129844925749744,672724,687263,545361,2,7,"Top",,,,,,,9.83372722628256,-134.41531677332563,-3.3041569910850352,-7.500593733399834,27.714720216036003,-18.91191286991333,3.301624016,1.666240158,,,,"93.3",2511,"6.7",824441,681807,700932,683953,608070,677587,680757,682177,800050,"53.79",,,,,,,,64,4,"Sinker",7,0,0,7,0,7,0,7,"Strategic","Standard",196,"-0.001","0.006",,,,,"-0.006",,7,-7,0.991,0.009000000000000008,33,25,33,25,1,3,3,1,2,1,"1.61","0.45","0.45","32.0",,,,,
"FF","2026-05-11","91.9","-1.95","4.91","Grissom, Vaughn",687093,670036,,"foul",,,,,3,,"R","R","R","CLE","LAA","S",,,0,2,2026,"0.36","0.86",0.8061467669332503,3.069959239946646,672724,687263,545361,2,7,"Top",,,,,,,6.128137895023167,-133.83401050348402,-0.55440093722031,3.0490770991064644,28.074624572512622,-21.947157007925522,3.301624016,1.666240158,334,"77.4",16,"92.5",2539,"6.5",824441,681807,700932,683953,608070,677587,680757,682177,800050,"53.98",,,,,,,,64,3,"4-Seam Fastball",7,0,0,7,0,7,0,7,"Strategic","Standard",177,"0","0","64.1","5.9",,,"0","88.0",7,-7,0.991,0.009000000000000008,33,25,33,25,1,3,3,1,2,1,"1.83","-0.36","-0.36","27.6",-6.979186646243754,29.388042800816525,24.779354067232532,44.83617854310569,8.805043080688229
"FF","2026-05-11","92.1","-1.88","4.94","Grissom, Vaughn",687093,670036,,"swinging_strike",,,,,3,,"R","R","R","CLE","LAA","S",,,0,1,2026,"0.27","0.95",0.34155040475029447,3.3539622761043333,672724,687263,545361,2,7,"Top",,,,,,,4.991941394406404,-134.08116512519294,-0.17859368400788017,2.1808671721700272,28.18445855704492,-20.80219566160568,3.301624016,1.666240158,,,,"92.6",2560,"6.5",824441,681807,700932,683953,608070,677587,680757,682177,800050,"54.02",,,,,,,,64,2,"4-Seam Fastball",7,0,0,7,0,7,0,7,"Strategic","Standard",192,"0.003","-0.052","69.0","6.1","0.1",,"0.052",,7,-7,0.988,0.01200000000000001,33,25,33,25,1,3,3,1,2,1,"1.72","-0.27","-0.27","32.2",2.0213471392440994,20.82112827557221,27.439161212503645,39.02119689879231,20.301911520308806
"ST","2026-05-11","84.2","-1.88","5.15","Grissom, Vaughn",687093,670036,,"foul",,,,,2,,"R","R","R","CLE","LAA","S",,,0,0,2026,"1.28","0.04",-0.14949964078132028,2.916651067305194,672724,687263,545361,2,7,"Top",,,,,,,1.3955137015451617,-122.71880756756461,1.2889280069826774,12.6407971445532,24.3177953998145,-32.28002044770228,3.301624016,1.666240158,,,,"84.5",2645,"6.4",824441,681807,700932,683953,608070,677587,680757,682177,800050,"54.12",,,,,,,,64,1,"Sweeper",7,0,0,7,0,7,0,7,"Standard","Standard",62,"0.001","-0.035","70.4","6.7",,,"0.035",,7,-7,0.987,0.013000000000000012,33,25,33,25,1,3,3,1,2,1,"3.17","-1.28","-1.28","37.2",4.722739577613794,4.175650759687772,30.614293924729903,33.67907933867288,27.56501096063686
"CU","2026-05-11","82.2","-2.35","6.09","Grissom, Vaughn",687093,688883,"single","hit_into_play",,,,,8,"Vaughn Grissom singles on a sharp line drive to left fielder Steven Kwan. Zach Neto scores.","R","R","R","CLE","LAA","X",7,"line_drive",2,2,2026,"0.98","-1.12",0.0027717111062547373,2.0439124512373192,,687263,,2,9,"Top",68.19,109.14,,,,,3.2790469341877344,-119.63339154024047,-0.12216017766180598,8.644042286489924,26.151710226448778,-43.035746956629474,3.301624016,1.666240158,187,"102",11,"81.1",2661,"5.8",824441,681807,700932,683953,608070,677587,680757,690984,682657,"54.69",0.94,0.912,"0.9",1,1,0,4,80,5,"Curveball",7,1,1,7,2,7,2,7,"Strategic","Standard",31,"0","0.749",,,,1.161,"-0.749","102.0",6,-6,0.999,0.0010000000000000009,25,25,25,25,1,4,2,1,4,1,"4.53","-0.98","-0.98","45.8",,,,,
"SL","2026-05-11","86","-2.63","5.99","Grissom, Vaughn",687093,688883,,"foul",,,,,8,,"R","R","R","CLE","LAA","S",,,2,1,2026,"0.12","-0.16",-0.09669036358412696,1.799578951550099,,687263,,2,9,"Top",,,,,,,5.600525985412477,-125.17544877998887,-3.1114122484582376,0.11295922383425286,24.59192395259412,-33.46345230971816,3.301624016,1.666240158,43,"74",2,"84.9",2480,"5.5",824441,681807,700932,683953,608070,677587,680757,690984,682657,"55.01",,,,,,,,80,4,"Slider",7,1,1,7,1,7,1,7,"Strategic","Standard",28,"0","-0.077","67.6","8.3",,,"0.077","88.0",6,-6,0.999,0.0010000000000000009,25,25,25,25,1,4,2,1,4,1,"3.24","-0.12","-0.12","39.8",18.59719618216833,-28.065985419122903,40.21113247998385,34.054668267391,46.634617693809346
"FF","2026-05-11","95.6","-2.64","6","Grissom, Vaughn",687093,688883,,"foul",,,,,1,,"R","R","R","CLE","LAA","S",,,2,0,2026,"-0.9","1.5",-0.5995599151507691,2.8032257856260747,,687263,,2,9,"Top",,,,,,,7.25528771139041,-138.74801950396022,-5.798869674055749,-13.373954356661478,38.492519987343016,-11.767102432012218,3.301624016,1.666240158,172,"64",42,"93.4",2399,"5.7",824441,681807,700932,683953,608070,677587,680757,690984,682657,"54.83",,,,,,,,80,3,"4-Seam Fastball",7,1,1,7,1,7,1,7,"Strategic","Standard",220,"0","-0.042","66.3","6.5",,,"0.042","88.0",6,-6,0.999,0.0010000000000000009,25,25,25,25,1,4,2,1,4,1,"1.06","0.9","0.9","38.0",-3.4709499035902573,0.550281449855011,39.43721904735991,28.422904887272942,21.393178215013464
"FF","2026-05-11","95.4","-2.54","5.98","Grissom, Vaughn",687093,688883,,"ball",,,,,3,,"R","R","R","CLE","LAA","B",,,1,0,2026,"-0.76","1.48",0.789275067789097,2.8214055598377796,,,687263,2,9,"Top",,,,,,,10.230108220003604,-138.35865585051275,-5.634295058797109,-12.38824773188357,36.99157047879249,-12.169767287823822,3.301624016,1.666240158,,,,"93.3",2382,"5.7",824441,681807,700932,683953,608070,677587,680757,690984,682657,"54.8",,,,,,,,80,2,"4-Seam Fastball",7,1,1,7,1,7,1,7,"Strategic","Standard",220,"0","0.05",,,,,"-0.05",,6,-6,0.999,0.0010000000000000009,25,25,25,25,1,4,2,1,4,1,"1.09","0.76","0.76","39.4",,,,,
"FF","2026-05-11","95.4","-2.42","6.15","Grissom, Vaughn",687093,688883,,"ball",,,,,12,,"R","R","R","CLE","LAA","B",,,0,0,2026,"-0.7","1.48",0.5025717171294468,3.9529341116006513,,,687263,2,9,"Top",,,,,,,9.034947557496034,-138.427414080864,-3.1398407197448943,-11.38482218900829,38.661482043632695,-12.882040935995951,3.301624016,1.666240158,,,,"92.9",2301,"5.5",824441,681807,700932,683953,608070,677587,680757,690984,682657,"54.96",,,,,,,,80,1,"4-Seam Fastball",7,1,1,7,1,7,1,7,"Strategic","Standard",218,"0","0.041",,,,,"-0.041",,6,-6,0.999,0.0010000000000000009,25,25,25,25,1,4,2,1,4,1,"1.09","0.7","0.7","38.0",,,,,
"CH","2026-05-11","81.7","0.53","5.97","Grissom, Vaughn",687093,676282,"field_out","hit_into_play",,,,,11,"Vaughn Grissom flies out to left fielder Steven Kwan.","R","R","L","CLE","LAA","X",7,"fly_ball",1,2,2026,"0.56","1.3",-0.07748954866173241,3.6881589678770927,,,,2,1,"Top",57.08,112.49,,,,,-2.4764979768350566,-118.82942189751756,-0.8497493407407284,5.812326002210145,25.925824241616674,-20.022413614856504,3.301624016,1.666240158,273,"98.7",48,"82.2",1381,"7",824441,681807,700932,683953,608070,677587,680757,682177,800050,"53.55",0.011,0.012,"0",1,0,0,3,3,4,"Changeup",0,0,0,0,0,0,0,0,"Standard","Strategic",132,"0.007","-0.177","71.1","7.1",,0.024,"0.177","98.7",0,0,0.541,0.45899999999999996,26,25,27,25,1,0,5,1,5,1,"2.16","0.56","-0.56","51.5",22.27423697948421,-11.051240690291142,24.782451682879262,34.019631872293864,33.90932435739336
"CU","2026-05-11","80.2","0.6","6.08","Grissom, Vaughn",687093,676282,,"swinging_strike",,,,,14,,"R","R","L","CLE","LAA","S",,,1,1,2026,"-0.74","-1.62",0.08131228719477368,1.179407610503536,,,,2,1,"Top",,,,,,,0.31478268240751683,-116.59649433097259,-0.4970319017291751,-6.688028074344812,28.603057793243725,-46.77784698355276,3.301624016,1.666240158,,,,"80.1",2611,"7",824441,681807,700932,683953,608070,677587,680757,682177,800050,"53.54",,,,,,,,3,3,"Curveball",0,0,0,0,0,0,0,0,"Strategic","Standard",338,"0.003","-0.069","71.2","8.2","1.400139624",,"0.069",,0,0,0.538,0.46199999999999997,26,25,27,25,1,0,5,1,5,1,"5.26","-0.74","0.74","55.0",18.019622182372515,-19.16235870174602,39.5945303414028,37.67495387903847,42.56560316063822
"FF","2026-05-11","93.7","0.57","5.99","Grissom, Vaughn",687093,676282,,"ball",,,,,12,,"R","R","L","CLE","LAA","B",,,0,1,2026,"0.2","1.2",0.6641330532986915,4.360419170938314,,,,2,1,"Top",,,,,,,-0.21756437909862153,-136.49074699016037,-1.0608955677014764,2.5452941348718237,29.76444511458796,-17.090567491518684,3.301624016,1.666240158,,,,"94.8",1851,"6.9",824441,681807,700932,683953,608070,677587,680757,682177,800050,"53.63",,,,,,,,3,2,"4-Seam Fastball",0,0,0,0,0,0,0,0,"Strategic","Standard",154,"-0.002","0.031",,,,,"-0.031",,0,0,0.54,0.45999999999999996,26,25,27,25,1,0,5,1,5,1,"1.38","0.2","-0.2","52.4",,,,,
"FF","2026-05-11","94.4","0.52","5.94","Grissom, Vaughn",687093,676282,,"called_strike",,,,,4,,"R","R","L","CLE","LAA","S",,,0,0,2026,"0.37","1.42",-0.36319268081297573,2.5170021425587565,,,,2,1,"Top",,,,,,,-3.1443141208519885,-137.4231697956109,-6.373620897225912,5.3369179379282,28.422722846791494,-12.93352156170037,3.301624016,1.666240158,,,,"96.3",1855,"7.2",824441,681807,700932,683953,608070,677587,680757,682177,800050,"53.32",,,,,,,,3,1,"4-Seam Fastball",0,0,0,0,0,0,0,0,"Standard","Standard",149,"0.002","-0.044",,,,,"0.044",,0,0,0.538,0.46199999999999997,26,25,27,25,1,0,5,1,5,1,"1.12","0.37","-0.37","51.8",,,,,
"FF","2026-05-10","91.9","1.64","6.05","Grissom, Vaughn",687093,641778,"strikeout","swinging_strike",,,,,6,"Vaughn Grissom strikes out swinging.","R","R","L","TOR","LAA","S",2,,2,2,2026,"0.78","1.31",0.3268154468086236,2.4020305572752876,,,,1,8,"Top",,,,,,,-4.966386408465982,-133.6751737455018,-6.0284499479314935,10.422601595136895,28.257139814741446,-15.324225397371281,3.301624016,1.666240158,,,,"91.2",2157,"5.9",822819,623168,672820,676391,672960,665926,664702,662139,660821,"54.63",,0,"0",1,0,0,,54,7,"4-Seam Fastball",1,5,5,1,5,1,5,1,"Standard","Standard",139,"0.002","-0.238","69.6","6.1","0.360409512",,"0.238",,-4,4,0.04,0.96,31,25,31,25,2,3,6,1,16,1,"1.38","0.78","-0.78","36.7",-21.31633748488495,34.048125280526214,42.84435446349362,38.93175619452215,6.570944738906725
"FF","2026-05-10","92.2","1.49","6.09","Grissom, Vaughn",687093,641778,,"ball",,,,,11,,"R","R","L","TOR","LAA","B",,,1,2,2026,"0.84","1.13",-0.8865597861111216,2.7451592570684955,,,,1,8,"Top",,,,,,,-7.727022502918188,-133.99698799900546,-4.898773350523577,11.737581719070205,28.85548068063828,-17.70465319811747,3.301624016,1.666240158,,,,"91.3",2221,"5.8",822819,623168,672820,676391,672960,665926,664702,662139,660821,"54.69",,,,,,,,54,6,"4-Seam Fastball",1,5,5,1,5,1,5,1,"Standard","Standard",141,"-0.001","0.055",,,,,"-0.055",,-4,4,0.041,0.959,31,25,31,25,2,3,6,1,16,1,"1.56","0.84","-0.84","37.8",,,,,
"SL","2026-05-10","81.7","1.61","6.13","Grissom, Vaughn",687093,641778,,"ball",,,,,13,,"R","R","L","TOR","LAA","B",,,0,2,2026,"-0.31","-0.03",-1.7894652830603017,1.2391814462434931,,,,1,8,"Top",,,,,,,-6.871287298324039,-118.82927250643857,-4.067729970066866,-1.6019339663384224,23.545164685119254,-31.819065734341578,3.301624016,1.666240158,,,,"80.8",2277,"5.8",822819,623168,672820,676391,672960,665926,664702,662139,660821,"54.7",,,,,,,,54,5,"Slider",1,5,5,1,5,1,5,1,"Standard","Standard",264,"0","0.018",,,,,"-0.018",,-4,4,0.041,0.959,31,25,31,25,2,3,6,1,16,1,"3.45","-0.31","0.31","38.7",,,,,
"FF","2026-05-10","92.1","1.64","6.03","Grissom, Vaughn",687093,641778,,"foul",,,,,12,,"R","R","L","TOR","LAA","S",,,0,2,2026,"0.7","1.24",0.5063779638250513,3.7463628088437844,,,,1,8,"Top",,,,,,,-4.363239315983205,-134.1715188085387,-2.5402413708989506,9.42885593752001,28.85945705534277,-16.840923522266216,3.301624016,1.666240158,229,"77",44,"91.5",2187,"5.8",822819,623168,672820,676391,672960,665926,664702,662139,660821,"54.67",,,,,,,,54,4,"4-Seam Fastball",1,5,5,1,5,1,5,1,"Standard","Standard",145,"0","0","64.4","5.7",,,"0","88.0",-4,4,0.041,0.959,31,25,31,25,2,3,6,1,16,1,"1.44","0.7","-0.7","39.8",-1.9488014543449204,27.799751818457196,21.01932293052975,40.65097299610874,12.977628708239507
"CU","2026-05-10","75.3","1.65","6.09","Grissom, Vaughn",687093,641778,,"foul",,,,,14,,"R","R","L","TOR","LAA","S",,,0,2,2026,"-1.06","-0.88",1.0776071544669996,1.4221270987891321,,,,1,8,"Top",,,,,,,0.7262571332352419,-109.64206586831146,-0.6901268083240928,-8.615503096142891,20.712363593368696,-39.36165900054728,3.301624016,1.666240158,196,"71.2",46,"74.2",2469,"5.6",822819,623168,672820,676391,672960,665926,664702,662139,660821,"54.93",,,,,,,,54,3,"Curveball",1,5,5,1,5,1,5,1,"Standard","Standard",317,"0","0","70.0","7.9",,,"0","88.0",-4,4,0.041,0.959,31,25,31,25,2,3,6,1,16,1,"4.92","-1.06","1.06","37.9",7.021671907341878,8.559216982977928,41.67469141621833,48.15524087150986,24.09910877537115
"FF","2026-05-10","91.6","1.64","6.05","Grissom, Vaughn",687093,641778,,"swinging_strike",,,,,12,,"R","R","L","TOR","LAA","S",,,0,1,2026,"0.9","1.36",0.5327013157393797,3.547703573644081,,,,1,8,"Top",,,,,,,-4.690698468098258,-133.2896688186761,-3.233055977636789,11.693769292422251,28.341376720898943,-15.454287632736781,3.301624016,1.666240158,,,,"90.9",2058,"5.9",822819,623168,672820,676391,672960,665926,664702,662139,660821,"54.64",,,,,,,,54,2,"4-Seam Fastball",1,5,5,1,5,1,5,1,"Standard","Standard",141,"0.001","-0.057","58.7","5.6","2.185861548",,"0.057",,-4,4,0.04,0.96,31,25,31,25,2,3,6,1,16,1,"1.35","0.9","-0.9","36.6",-2.889539584430082,32.22412223254556,25.208384049059433,42.31019336074203,7.7760427791338
"FC","2026-05-10","87.5","1.7","6.03","Grissom, Vaughn",687093,641778,,"called_strike",,,,,11,,"R","R","L","TOR","LAA","S",,,0,0,2026,"-0.17","0.7",-0.8445287033567398,2.6065296614697067,,,,1,8,"Top",,,,,,,-5.638083173611744,-127.39128636533587,-3.3651831638441947,-0.6917496568363265,25.423304427570326,-24.04258152114495,3.301624016,1.666240158,,,,"86.8",2259,"5.7",822819,623168,672820,676391,672960,665926,664702,662139,660821,"54.78",,,,,,,,54,1,"Cutter",1,5,5,1,5,1,5,1,"Standard","Standard",159,"0","-0.042",,,,,"0.042",,-4,4,0.04,0.96,31,25,31,25,2,3,6,1,16,1,"2.27","-0.17","0.17","34.8",,,,,
"CH","2026-05-10","84.1","1.89","6.01","Grissom, Vaughn",687093,641778,"double","hit_into_play",,,,,9,"Vaughn Grissom doubles (6) on a sharp line drive to center fielder Daulton Varsho. Zach Neto scores. Mike Trout scores. Vaughn Grissom out at 3rd on the throw, center fielder Daulton Varsho to shortstop Andrés Giménez to third baseman Kazuma Okamoto to shortstop Andrés Giménez.","R","R","L","TOR","LAA","X",8,"line_drive",0,0,2026,"0.69","-0.15",0.40098277728903975,2.0301735840557167,,687263,545361,2,5,"Top",166.65,80.1,,,,,-4.756306596374487,-122.48810201788034,-2.346737740419952,7.910658513233927,23.42123821704358,-33.39195631241326,3.301624016,1.666240158,187,"104.2",8,"83.5",888,"5.7",822819,623168,672820,676391,672960,665926,664702,662139,660821,"54.76",0.709,0.672,"1.25",1,1,1,4,36,1,"Changeup",1,2,2,1,4,1,4,1,"Infield shade","Standard",112,"-0.176","0.963","71.6","6.8",,0.837,"-0.963","104.2",-1,1,0.368,0.632,31,25,31,25,1,2,6,1,16,1,"3.35","0.69","-0.69","39.6",-0.05744298164263057,17.34059380794017,39.6114242342058,39.50987392203895,22.99016384681578
"CU","2026-05-10","81","-1.2","5.78","Grissom, Vaughn",687093,693686,"single","hit_into_play",,,,,5,"Vaughn Grissom singles on a sharp line drive to left fielder Myles Straw.","R","R","R","TOR","LAA","X",7,"line_drive",1,1,2026,"1.09","-0.77",0.0424151146383519,2.383893622220994,,,,2,1,"Top",59.62,103.51,,,,,0.6180089758336869,-117.97930639375453,0.8086916436400446,10.049192215274765,23.681099696702322,-39.754160726801146,3.301624016,1.666240158,196,"100.8",12,"81.9",2803,"6.9",822819,623168,672820,676391,672960,665926,664702,662139,660821,"53.56",0.957,0.927,"0.9",1,1,0,4,3,3,"Curveball",0,0,0,0,0,0,0,0,"Strategic","Standard",52,"-0.012","0.352","67.1","7.1",,1.178,"-0.352","100.8",0,0,0.538,0.46199999999999997,25,25,26,25,1,0,6,1,6,1,"4.26","-1.09","-1.09","36.4",21.534373376622085,-1.273227310901583,33.555529204002184,34.34017080976294,34.0179932661499
"SI","2026-05-10","96.7","-1.02","5.83","Grissom, Vaughn",687093,693686,,"foul",,,,,4,,"R","R","R","TOR","LAA","S",,,1,0,2026,"-1.53","0.45",-0.6564753307466433,2.3205556091381006,,,,2,1,"Top",,,,,,,4.563521246211932,-140.75360227165692,-4.638290446019096,-21.30279966401694,33.21022501066619,-25.364880381515533,3.301624016,1.666240158,,,,"97.7",2302,"6.9",822819,623168,672820,676391,672960,665926,664702,662139,660821,"53.55",,,,,,,,3,2,"Sinker",0,0,0,0,0,0,0,0,"Strategic","Standard",227,"0.001","-0.054",,,,,"0.054",,0,0,0.537,0.46299999999999997,25,25,26,25,1,0,6,1,6,1,"2","1.53","1.53","37.9",,,,,
"SI","2026-05-10","97.4","-1.04","5.81","Grissom, Vaughn",687093,693686,,"ball",,,,,13,,"R","R","R","TOR","LAA","B",,,0,0,2026,"-1.55","0.47",-1.104974673223108,2.2201787426662336,,,,2,1,"Top",,,,,,,3.4853040431970115,-141.72203499409778,-5.040910983730242,-21.625119198264052,33.74244574336351,-24.815975291509485,3.301624016,1.666240158,,,,"98.3",2264,"6.9",822819,623168,672820,676391,672960,665926,664702,662139,660821,"53.58",,,,,,,,3,1,"Sinker",0,0,0,0,0,0,0,0,"Strategic","Standard",227,"-0.001","0.041",,,,,"-0.041",,0,0,0.538,0.46199999999999997,25,25,26,25,1,0,6,1,6,1,"1.94","1.55","1.55","35.9",,,,,
"SI","2026-05-10","95.3","-0.96","6.5","Grissom, Vaughn",687093,667297,"field_out","hit_into_play",,,,,2,"Vaughn Grissom grounds out sharply, shortstop Andrés Giménez to first baseman Lenyn Sosa.","R","R","R","TOR","LAA","X",6,"ground_ball",0,1,2026,"-1.35","0.8",-0.11513177707203992,3.006023683976717,,,,0,4,"Top",102.37,141.72,,,,,5.263125846078752,-138.68305587661078,-5.128516153194781,-18.532662768394992,32.13039943491358,-20.827990465723683,3.301624016,1.666240158,80,"105.4",3,"95",2204,"6.2",822819,623168,672820,676391,672960,665926,664702,662139,660821,"54.31",0.554,0.505,"0",1,0,0,4,24,2,"Sinker",1,0,0,1,0,1,0,1,"Strategic","Standard",215,"0.025","-0.221","74.6","6.9",,0.61,"0.221","105.4",1,-1,0.627,0.373,35,25,35,25,1,1,1,1,2,1,"1.71","1.35","1.35","48.1",9.976666837470574,-0.20429449361380916,26.675555491588298,34.17216397868201,30.322759004482432
"SL","2026-05-10","87.9","-1.35","6.34","Grissom, Vaughn",687093,667297,,"called_strike",,,,,5,,"R","R","R","TOR","LAA","S",,,0,0,2026,"0.02","0.02",-0.08420054915352361,2.6917127122055056,,,,0,4,"Top",,,,,,,2.9656323966304208,-128.086051739616,-2.6299350527952634,-0.25268489621704027,22.79543003701825,-31.67957479549238,3.301624016,1.666240158,,,,"88",2582,"5.9",822819,623168,672820,676391,672960,665926,664702,662139,660821,"54.56",,,,,,,,24,1,"Slider",1,0,0,1,0,1,0,1,"Strategic","Standard",331,"0.004","-0.043",,,,,"0.043",,1,-1,0.623,0.377,35,25,35,25,1,1,1,1,2,1,"2.89","-0.02","-0.02","40.4",,,,,
"FF","2026-05-09","94.5","-0.24","7.07","Grissom, Vaughn",687093,702056,"walk","ball",,,,,13,"Vaughn Grissom challenged (pitch result), call on the field was overturned: Vaughn Grissom walks. Jo Adell to 3rd. Yoán Moncada to 2nd.","R","R","R","TOR","LAA","B",,,3,2,2026,"-0.46","1.68",-0.43588756432064435,1.4474661541260563,,666176,660162,1,4,"Top",,,,,,,0.5309013939370025,-137.15524429286717,-12.451570467427858,-5.92600976432804,28.083189292014822,-8.500923829683153,3.301624016,1.666240158,,,,"94.6",2247,"6.3",822820,678218,665489,676391,672960,665926,660821,662139,680718,"54.2",,0.698079,"0.7",1,0,0,,29,6,"4-Seam Fastball",0,0,0,0,0,0,0,0,"Standard","Standard",196,"-0.06","0.298",,,,,"-0.298",,0,0,0.441,0.5589999999999999,22,25,23,25,2,1,6,1,6,1,"0.87","0.46","0.46","66.7",,,,,
"FF","2026-05-09","94.4","-0.24","7.1","Grissom, Vaughn",687093,702056,,"ball",,,,,14,,"R","R","R","TOR","LAA","B",,,2,2,2026,"-0.44","1.63",0.5283312102838945,1.0173868635023704,,666176,660162,1,4,"Top",,,,,,,2.9712001876861174,-136.96436831903765,-13.448064429386449,-6.220467824979802,27.806088551486926,-9.023392827455984,3.301624016,1.666240158,,,,"94.2",2174,"6.1",822820,678218,665489,676391,672960,665926,660821,662139,680718,"54.35",,,,,,,,29,5,"4-Seam Fastball",0,0,0,0,0,0,0,0,"Standard","Standard",195,"-0.019","0.091",,,,,"-0.091",,0,0,0.46,0.54,22,25,23,25,2,1,6,1,6,1,"0.93","0.44","0.44","66.7",,,,,
"FS","2026-05-09","82.5","-0.21","7.22","Grissom, Vaughn",687093,702056,,"ball",,,,,14,,"R","R","R","TOR","LAA","B",,,1,2,2026,"-0.72","0.35",0.3529192146683887,1.3900450567483875,,666176,660162,1,4,"Top",,,,,,,2.6538300259940315,-120.0915902508749,-7.134320407818896,-7.483373374442219,21.76216210722694,-27.693052061114678,3.301624016,1.666240158,,,,"82.1",1343,"5.8",822820,678218,665489,676391,672960,665926,660821,662139,680718,"54.66",,,,,,,,29,4,"Split-Finger",0,0,0,0,0,0,0,0,"Standard","Standard",222,"-0.009","0.059",,,,,"-0.059",,0,0,0.469,0.531,22,25,23,25,2,1,6,1,6,1,"2.98","0.72","0.72","65.5",,,,,
"FF","2026-05-09","93.9","-0.36","7.07","Grissom, Vaughn",687093,702056,,"called_strike",,,,,9,,"R","R","R","TOR","LAA","S",,,1,1,2026,"-0.44","1.71",0.6743053930343874,1.5554515513527152,,666176,660162,1,4,"Top",,,,,,,3.599441371475853,-136.28432982222205,-12.057850597076289,-6.210206474357673,27.574558630035664,-8.474367032851676,3.301624016,1.666240158,,,,"93.7",2262,"6.1",822820,678218,665489,676391,672960,665926,660821,662139,680718,"54.35",,,,,,,,29,3,"4-Seam Fastball",0,0,0,0,0,0,0,0,"Standard","Standard",196,"0.014","-0.06",,,,,"0.06",,0,0,0.455,0.5449999999999999,22,25,23,25,2,1,6,1,6,1,"0.87","0.44","0.44","66.6",,,,,
"FF","2026-05-09","94.3","-0.18","7.1","Grissom, Vaughn",687093,702056,,"called_strike",,,,,7,,"R","R","R","TOR","LAA","S",,,1,0,2026,"-0.3","1.65",-0.32942019925258464,1.9007023771249332,,666176,660162,1,4,"Top",,,,,,,0.28282199590958546,-137.02709712387303,-11.225474319079673,-3.8224534547588838,28.786408707900442,-9.182897530018694,3.301624016,1.666240158,,,,"94",2313,"6.1",822820,678218,665489,676391,672960,665926,660821,662139,680718,"54.39",,,,,,,,29,2,"4-Seam Fastball",0,0,0,0,0,0,0,0,"Standard","Standard",197,"0.01","-0.055",,,,,"0.055",,0,0,0.445,0.5549999999999999,22,25,23,25,2,1,6,1,6,1,"0.91","0.3","0.3","66.7",,,,,
"FF","2026-05-09","94.2","-0.35","7.14","Grissom, Vaughn",687093,702056,,"ball",,,,,11,,"R","R","R","TOR","LAA","B",,,0,0,2026,"-0.59","1.56",-1.2653932039013482,2.830089168005796,,666176,660162,1,4,"Top",,,,,,,-1.014104105267439,-137.04799942681265,-8.763965529707189,-7.2263158983899425,28.95415298090436,-10.799950380607198,3.301624016,1.666240158,,,,"94",2211,"6.1",822820,678218,665489,676391,672960,665926,660821,662139,680718,"54.4",,,,,,,,29,1,"4-Seam Fastball",0,0,0,0,0,0,0,0,"Standard","Standard",199,"-0.007","0.039",,,,,"-0.039",,0,0,0.452,0.548,22,25,23,25,2,1,6,1,6,1,"1","0.59","0.59","65.9",,,,,
"FF","2026-05-09","95.1","-0.37","7.16","Grissom, Vaughn",687093,702056,"double_play","hit_into_play",,,,,5,"Vaughn Grissom lines into a double play, right fielder Addison Barger to catcher Brandon Valenzuela. Jorge Soler out at home.","R","R","R","TOR","LAA","X",9,"line_drive",2,2,2026,"-0.38","1.77",0.10194758596129067,2.7917012208047707,624585,,660162,1,2,"Top",193.4,103.32,,,,,2.078349002796138,-138.18772710993855,-9.512091364520941,-5.300708918287879,30.541233105296843,-7.545062774612403,3.301624016,1.666240158,290,"90.2",22,"94.5",2394,"6",822820,678218,665489,676391,672960,665926,660821,662139,680718,"54.49",0.194,0.187,"0",1,0,0,3,10,6,"4-Seam Fastball",0,0,0,0,0,0,0,0,"Standard","Standard",195,"0.11","-0.055","73.8","6.4",,0.281,"0.055","90.2",0,0,0.441,0.5589999999999999,22,25,23,25,1,0,6,1,6,1,"0.75","0.38","0.38","65.3",1.4548854101289463,22.75119614020807,35.01940587183493,35.1101111290391,19.516925858356583
"SL","2026-05-09","88.9","-0.41","7.22","Grissom, Vaughn",687093,702056,,"blocked_ball",,,,,14,,"R","R","R","TOR","LAA","B",,,1,2,2026,"-0.13","0.51",1.4614866228343935,0.4091377765832551,624585,,660162,1,2,"Top",,,,,,,4.760031590734837,-129.01511452984104,-11.30745677743431,-2.4032373212662863,25.431311435199778,-24.346613363055393,3.301624016,1.666240158,,,,"88.1",2311,"5.8",822820,678218,665489,676391,672960,665926,660821,662139,680718,"54.67",,,,,,,,10,5,"Slider",0,0,0,0,0,0,0,0,"Standard","Standard",215,"-0.01","0.038",,,,,"-0.038",,0,0,0.451,0.5489999999999999,22,25,23,25,1,0,6,1,6,1,"2.37","0.13","0.13","65.4",,,,,
"FF","2026-05-09","94.6","-0.52","7.17","Grissom, Vaughn",687093,702056,,"foul",,,,,2,,"R","R","R","TOR","LAA","S",,,1,2,2026,"-0.22","1.65",-0.06722518871160585,3.402029259183501,624585,,660162,1,2,"Top",,,,,,,1.6569927546538123,-137.6487099343829,-7.604368732318666,-3.2132187853793255,30.8284434742151,-9.730412907799515,3.301624016,1.666240158,168,"79.3",73,"94.1",2209,"6",822820,678218,665489,676391,672960,665926,660821,662139,680718,"54.51",,,,,,,,10,4,"4-Seam Fastball",0,0,0,0,0,0,0,0,"Standard","Standard",196,"0","0","74.7","6.9",,,"0","88.0",0,0,0.451,0.5489999999999999,22,25,23,25,1,0,6,1,6,1,"0.9","0.22","0.22","66.0",14.411253372423438,-5.865493597338495,27.36181211521734,33.65678566394593,26.676096550163788
"FS","2026-05-09","81.6","-0.38","7.29","Grissom, Vaughn",687093,702056,,"blocked_ball",,,,,13,,"R","R","R","TOR","LAA","B",,,0,2,2026,"-1","0.67",-0.7955833145596316,0.28573570178368257,624585,,660162,1,2,"Top",,,,,,,1.0336030826489502,-118.51825748789632,-10.065189549818122,-9.679659052285968,21.752795332505784,-24.164416027269866,3.301624016,1.666240158,,,,"80.9",1450,"5.8",822820,678218,665489,676391,672960,665926,660821,662139,680718,"54.69",,,,,,,,10,3,"Split-Finger",0,0,0,0,0,0,0,0,"Standard","Standard",215,"-0.007","-0.011",,,,,"0.011",,0,0,0.458,0.542,22,25,23,25,1,0,6,1,6,1,"2.75","1","1","68.8",,,,,
"FS","2026-05-09","82.1","-0.47","7.19","Grissom, Vaughn",687093,702056,,"foul",,,,,1,,"R","R","R","TOR","LAA","S",,,0,1,2026,"-0.91","0.56",-0.40351598841638286,3.308846610557928,624585,,660162,1,2,"Top",,,,,,,1.9247883589238879,-119.60001129764011,-3.1399971728133154,-9.100526702217138,22.441018860481368,-26.361934918771972,3.301624016,1.666240158,174,"69.2",62,"81.7",1489,"5.9",822820,678218,665489,676391,672960,665926,660821,662139,680718,"54.6",,,,,,,,10,2,"Split-Finger",0,0,0,0,0,0,0,0,"Standard","Standard",214,"0.017","-0.056","71.9","6.9",,,"0.056","88.0",0,0,0.441,0.5589999999999999,22,25,23,25,1,0,6,1,6,1,"2.8","0.91","0.91","65.2",13.03382188060215,-4.446091311588764,30.841845622960413,30.34244022318444,29.48746556938941
"SL","2026-05-09","88","-0.37","7.16","Grissom, Vaughn",687093,702056,,"swinging_strike",,,,,14,,"R","R","R","TOR","LAA","S",,,0,0,2026,"-0.3","0.35",0.8118346443143128,1.0601633476102617,624585,,660162,1,2,"Top",,,,,,,3.4371883124256217,-127.95025123424294,-9.06781049208143,-3.9744697160753817,25.753270361587923,-26.668643286037657,3.301624016,1.666240158,,,,"87.4",2252,"5.9",822820,678218,665489,676391,672960,665926,660821,662139,680718,"54.59",,,,,,,,10,1,"Slider",0,0,0,0,0,0,0,0,"Standard","Standard",207,"0.011","-0.048","70.4","8.5","4.583408268",,"0.048",,0,0,0.43,0.5700000000000001,22,25,23,25,1,0,6,1,6,1,"2.59","0.3","0.3","67.5",22.77397014160443,-11.234408692954682,37.58389016802084,45.64913371340524,37.35548248567722
"SI","2026-05-09","89.5","3.37","5.1","Grissom, Vaughn",687093,573009,"field_out","hit_into_play",,,,,7,"Vaughn Grissom grounds out, pitcher Joe Mantiply to first baseman Vladimir Guerrero Jr.","R","R","L","TOR","LAA","X",1,"ground_ball",2,2,2026,"1.59","-0.08",-0.567382613178137,2.0011687758592993,,,,1,7,"Top",119.96,175.57,,,,,-12.931997276466578,-129.7434059794315,-1.2510527940303207,20.608189924642982,26.10156993960088,-32.99903893536813,3.301624016,1.666240158,3,"61.2",-35,"89.2",2275,"6.2",822820,678218,665489,676391,672960,665926,660821,662139,680718,"54.28",0.107,0.098,"0",1,0,0,2,58,5,"Sinker",8,0,0,8,0,8,0,8,"Standard","Standard",107,"0.001","-0.238","55.4","6.1",,0.112,"0.238","88.0",8,-8,0.997,0.0030000000000000027,35,25,35,25,1,2,5,1,2,1,"2.94","1.59","-1.59","13.6",-24.710373727034227,15.166358188683098,51.542764913147536,26.62768201758222,9.66875755377548
"CH","2026-05-09","80.6","3.44","5.01","Grissom, Vaughn",687093,573009,,"ball",,,,,13,,"R","R","L","TOR","LAA","B",,,1,2,2026,"1.24","-0.57",-0.33444449249879127,-0.3181491782977415,,,,1,7,"Top",,,,,,,-10.653416025335368,-116.84551905177177,-3.7033645714879753,13.457220965339122,23.020775667733904,-36.83490662111191,3.301624016,1.666240158,,,,"80.2",1616,"6.3",822820,678218,665489,676391,672960,665926,660821,662139,680718,"54.16",,,,,,,,58,4,"Changeup",8,0,0,8,0,8,0,8,"Standard","Standard",71,"0","0.055",,,,,"-0.055",,8,-8,0.997,0.0030000000000000027,35,25,35,25,1,2,5,1,2,1,"4.12","1.24","-1.24","11.4",,,,,
"CH","2026-05-09","81.2","3.48","5.14","Grissom, Vaughn",687093,573009,,"foul",,,,,14,,"R","R","L","TOR","LAA","S",,,1,1,2026,"1.34","0.2",1.147398416671825,2.324884655432387,,,,1,7,"Top",,,,,,,-7.73096656522911,-117.88251406978435,0.21131065668097415,14.022900894695308,24.285415704131392,-30.61380751256664,3.301624016,1.666240158,1,"64.7",-61,"80.5",1637,"6.1",822820,678218,665489,676391,672960,665926,660821,662139,680718,"54.36",,,,,,,,58,3,"Changeup",8,0,0,8,0,8,0,8,"Standard","Standard",74,"0","-0.074","69.8","7.4",,,"0.074","88.0",8,-8,0.997,0.0030000000000000027,35,25,35,25,1,2,5,1,2,1,"3.3","1.34","-1.34","11.2",14.02068033184169,15.300716531074828,30.149572098362842,48.09347493306298,20.30237511854144
"CH","2026-05-09","79.6","3.43","5.15","Grissom, Vaughn",687093,573009,,"swinging_strike",,,,,6,,"R","R","L","TOR","LAA","S",,,1,0,2026,"1.38","0.28",0.6226142237415806,2.6315547571859916,,,,1,7,"Top",,,,,,,-8.664285509121783,-115.55671694301817,0.9748458828469269,14.03708869931617,23.334640405246432,-30.157903917782622,3.301624016,1.666240158,,,,"79",1535,"6.2",822820,678218,665489,676391,672960,665926,660821,662139,680718,"54.33",,,,,,,,58,2,"Changeup",8,0,0,8,0,8,0,8,"Standard","Standard",74,"0","-0.05","74.3","7.8","4.56520254",,"0.05",,8,-8,0.997,0.0030000000000000027,35,25,35,25,1,2,5,1,2,1,"3.36","1.38","-1.38","12.6",22.543045656199983,-27.179706351006754,26.289397903896994,42.19870500964643,52.16456466050289
"CU","2026-05-09","80.1","3.57","5.16","Grissom, Vaughn",687093,573009,,"ball",,,,,13,,"R","R","L","TOR","LAA","B",,,0,0,2026,"-0.57","-0.24",-0.40695687200583275,1.0708264208904033,,,,1,7,"Top",,,,,,,-7.544547878537959,-116.44233488829325,-1.6307159296738034,-3.823555702873923,21.50656518289377,-34.22334530744239,3.301624016,1.666240158,,,,"79.8",2442,"6.1",822820,678218,665489,676391,672960,665926,660821,662139,680718,"54.37",,,,,,,,58,1,"Curveball",8,0,0,8,0,8,0,8,"Standard","Standard",325,"0","0.043",,,,,"-0.043",,8,-8,0.997,0.0030000000000000027,35,25,35,25,1,2,5,1,2,1,"3.79","-0.57","0.57","14.6",,,,,
"SI","2026-05-09","92.3","-1.01","6.39","Grissom, Vaughn",687093,667297,"grounded_into_double_play","hit_into_play",,,,,1,"Vaughn Grissom grounds into a double play, shortstop Andrés Giménez to second baseman Davis Schneider to first baseman Lenyn Sosa. Oswald Peraza out at 2nd. Vaughn Grissom out at 1st.","R","R","R","TOR","LAA","X",6,"ground_ball",0,0,2026,"-1.31","0.85",-0.4121161511849113,3.015995321831543,,,672724,0,9,"Top",111.93,157.7,,,,,4.389253331224572,-134.29141062896946,-4.383376556731355,-16.796077278938295,30.839858989808583,-21.177997898501435,3.301624016,1.666240158,9,"91.6",-18,"91.9",2205,"6.2",822820,678218,672820,676914,676391,665926,660821,662139,664702,"54.31",0.113,0.102,"0",1,0,0,2,83,1,"Sinker",14,1,1,14,1,14,1,14,"Standard","Standard",221,"0","-0.358","67.2","6.1",,0.121,"0.358","91.6",13,-13,0.999,0.0010000000000000009,35,25,35,25,1,3,5,1,1,1,"1.84","1.31","1.31","46.4",5.289998618591305,17.78545766818345,28.690044248994962,31.501064865485304,21.642992837475692
"SL","2026-05-08","88.2","-2.49","5.64","Grissom, Vaughn",687093,656546,"double","hit_into_play",,,,,3,"Vaughn Grissom doubles (5) on a sharp line drive to left fielder Davis Schneider.","R","R","R","TOR","LAA","X",7,"line_drive",2,2,2026,"0.15","0.12",0.3757630756993118,2.8264117344448025,,,,0,8,"Top",45.27,85.79,,,,,6.545672431722624,-128.14851282098363,-0.7071793650652424,0.13880672230127666,30.283071877742305,-30.899421590864325,3.301624016,1.666240158,285,"105.6",17,"87.7",2747,"6.4",822822,678218,665489,676391,672960,665926,676914,662139,682818,"54.09",0.531,0.66,"1.25",1,1,1,5,57,5,"Slider",2,0,0,2,0,2,0,2,"Standard","Standard",354,"-0.101","0.752","72.8","7.7",,1.053,"-0.752","105.6",2,-2,0.868,0.132,33,25,33,25,1,0,3,2,4,1,"2.85","-0.15","-0.15","34.6",17.71725472823521,-11.172797031459814,29.14293803334218,38.64951910782812,35.2885291027231
"FF","2026-05-08","98.1","-2.35","5.68","Grissom, Vaughn",687093,656546,,"ball",,,,,14,,"R","R","R","TOR","LAA","B",,,1,2,2026,"-0.98","1.56",1.4903791614848487,1.0823750581975862,,,,0,8,"Top",,,,,,,12.540731384956691,-141.90200277585149,-10.275384735503732,-16.265005231402224,34.53513040261517,-8.738053220046803,3.301624016,1.666240158,,,,"97.7",2733,"6.6",822822,678218,665489,676391,672960,665926,676914,662139,682818,"53.94",,,,,,,,57,4,"4-Seam Fastball",2,0,0,2,0,2,0,2,"Standard","Standard",223,"-0.005","0.046",,,,,"-0.046",,2,-2,0.873,0.127,33,25,33,25,1,0,3,2,4,1,"0.85","0.98","0.98","32.5",,,,,
"FF","2026-05-08","96.4","-2.45","5.71","Grissom, Vaughn",687093,656546,,"swinging_strike",,,,,1,,"R","R","R","TOR","LAA","S",,,1,1,2026,"-1.34","1.4",-0.42857056596440635,3.0003853572862296,,,,0,8,"Top",,,,,,,8.410900609065479,-140.07361452764496,-4.609087909396123,-19.553414802731833,34.155696562831885,-12.976419100394697,3.301624016,1.666240158,,,,"96.2",2571,"6.4",822822,678218,665489,676391,672960,665926,676914,662139,682818,"54.06",,,,,,,,57,3,"4-Seam Fastball",2,0,0,2,0,2,0,2,"Infield shade","Standard",224,"0.009","-0.062","72.9","6.1","0.385611672",,"0.062",,2,-2,0.864,0.136,33,25,33,25,1,0,3,2,4,1,"1.08","1.34","1.34","40.5",-9.028294865265552,22.371643255908293,38.85911563219112,29.819445389685107,15.702856264418719
"FF","2026-05-08","98.1","-2.4","5.66","Grissom, Vaughn",687093,656546,,"ball",,,,,14,,"R","R","R","TOR","LAA","B",,,0,1,2026,"-1.2","1.48",1.3240486747091063,2.037952200786098,,,,0,8,"Top",,,,,,,12.724011858214826,-142.05530770157014,-7.488083801941571,-19.23088789329097,33.927230200977334,-10.511689901298203,3.301624016,1.666240158,,,,"97.7",2572,"6.4",822822,678218,665489,676391,672960,665926,676914,662139,682818,"54.07",,,,,,,,57,2,"4-Seam Fastball",2,0,0,2,0,2,0,2,"Infield shade","Standard",221,"-0.004","0.029",,,,,"-0.029",,2,-2,0.868,0.132,33,25,33,25,1,0,3,2,4,1,"0.92","1.2","1.2","32.5",,,,,
"FF","2026-05-08","97.1","-2.37","5.78","Grissom, Vaughn",687093,656546,,"called_strike",,,,,5,,"R","R","R","TOR","LAA","S",,,0,0,2026,"-1","1.49",-0.01845876663923174,2.6898478908038306,,,,0,8,"Top",,,,,,,8.547235584825993,-140.9941218819921,-5.9428499837625335,-15.368878103386916,35.23735280937026,-11.114213911005365,3.301624016,1.666240158,,,,"96.7",2611,"6.4",822822,678218,665489,676391,672960,665926,676914,662139,682818,"54.12",,,,,,,,57,1,"4-Seam Fastball",2,0,0,2,0,2,0,2,"Infield shade","Standard",223,"0.006","-0.043",,,,,"0.043",,2,-2,0.862,0.138,33,25,33,25,1,0,3,2,4,1,"0.96","1","1","40.0",,,,,
"FF","2026-05-06","95.8","1.5","5.97","Grissom, Vaughn",687093,702273,"walk","ball",,,,,11,"Vaughn Grissom walks. Zach Neto to 2nd.","R","R","L","LAA","CWS","B",,,3,2,2026,"0.59","1",-0.4257309375655053,4.335581867236209,669326,,687263,2,4,"Bot",,,,,,,-6.391435647706735,-139.31235598370813,-0.8068450892692768,9.181697768210908,33.64418165513321,-19.212940934887364,3.301624016,1.666240158,,,,"95.6",2391,"6.4",824036,691011,808959,805367,678246,695657,803011,671976,672284,"54.12",,0.698079,"0.7",1,0,0,,37,6,"4-Seam Fastball",5,1,5,1,1,5,5,1,"Standard","Standard",135,"0.005","0.176",,,,,"-0.176",,4,4,0.913,0.913,22,25,23,25,3,2,5,1,7,2,"1.5","0.59","-0.59","25.3",,,,,
"SI","2026-05-06","94.4","1.45","5.82","Grissom, Vaughn",687093,702273,,"foul",,,,,3,,"R","R","L","LAA","CWS","S",,,3,1,2026,"1.74","0.87",0.3942329780117617,2.9135666652906442,669326,,687263,2,4,"Bot",,,,,,,-6.63748779242921,-137.1818611959256,-3.530432895905398,23.413051144090787,34.943738841605686,-20.654883708767823,3.301624016,1.666240158,269,"89.7",51,"93.6",2357,"6.3",824036,691011,808959,805367,678246,695657,803011,671976,672284,"54.24",,,,,,,,37,5,"Sinker",5,1,5,1,1,5,5,1,"Standard","Standard",122,"-0.001","-0.119","75.8","6.9",,,"0.119","89.7",4,4,0.914,0.914,22,25,23,25,3,2,5,1,7,2,"1.73","1.74","-1.74","22.6",5.006992664039755,4.330414957339503,28.470749783833487,40.52538453235877,23.271854849881603
"FC","2026-05-06","90.4","1.92","5.93","Grissom, Vaughn",687093,702273,,"called_strike",,,,,5,,"R","R","L","LAA","CWS","S",,,3,0,2026,"-0.16","0.59",0.23679065609888317,2.2276548342196945,669326,,687263,2,4,"Bot",,,,,,,-3.7948653382310837,-131.50197843834994,-4.294249408179745,-0.937832496824589,29.80473942911266,-24.591053673442957,3.301624016,1.666240158,,,,"90.2",2745,"6.3",824036,691011,808959,805367,678246,695657,803011,671976,672284,"54.18",,,,,,,,37,4,"Cutter",5,1,5,1,1,5,5,1,"Standard","Standard",173,"-0.002","-0.019",,,,,"0.019",,4,4,0.916,0.916,22,25,23,25,3,2,5,1,7,2,"2.22","-0.16","0.16","26.5",,,,,
"CH","2026-05-06","90.9","1.57","5.63","Grissom, Vaughn",687093,702273,,"ball",,,,,13,,"R","R","L","LAA","CWS","B",,,2,0,2026,"1.44","0.37",-0.10443751536340007,1.4945770752211827,669326,,687263,2,4,"Bot",,,,,,,-7.323587050770525,-131.97249598093444,-4.905179068795656,18.48659992827213,33.02466471407243,-26.90550025918102,3.301624016,1.666240158,,,,"90.5",1899,"6.6",824036,691011,808959,805367,678246,695657,803011,671976,672284,"53.92",,,,,,,,37,3,"Changeup",5,1,5,1,1,5,5,1,"Standard","Standard",106,"0.002","0.066",,,,,"-0.066",,4,4,0.914,0.914,22,25,23,25,3,2,5,1,7,2,"2.44","1.44","-1.44","21.4",,,,,
"CH","2026-05-06","89.7","1.52","5.78","Grissom, Vaughn",687093,702273,,"ball",,,,,13,,"R","R","L","LAA","CWS","B",,,1,0,2026,"1.24","0.63",-0.7136007451907977,1.1577403178143988,669326,,687263,2,4,"Bot",,,,,,,-8.125801995545643,-130.04640607902687,-6.384115060043851,15.94397351173061,33.02601469862709,-23.6918599915935,3.301624016,1.666240158,,,,"88.8",1837,"6.4",824036,691011,808959,805367,678246,695657,803011,671976,672284,"54.08",,,,,,,,37,2,"Changeup",5,1,5,1,1,5,5,1,"Standard","Standard",112,"0.001","0.034",,,,,"-0.034",,4,4,0.913,0.913,22,25,23,25,3,2,5,1,7,2,"2.27","1.24","-1.24","23.9",,,,,
"FF","2026-05-06","95.1","1.5","5.89","Grissom, Vaughn",687093,702273,,"ball",,,,,11,,"R","R","L","LAA","CWS","B",,,0,0,2026,"0.91","1.31",-0.7701117044855543,3.554457463257253,669326,,687263,2,4,"Bot",,,,,,,-7.960790039156598,-138.14022589118304,-3.2246943728694926,13.537858825054412,33.86441747054882,-14.916024052102982,3.301624016,1.666240158,,,,"94.8",2440,"6.5",824036,691011,808959,805367,678246,695657,803011,671976,672284,"54.03",,,,,,,,37,1,"4-Seam Fastball",5,1,5,1,1,5,5,1,"Standard","Standard",132,"0.001","0.018",,,,,"-0.018",,4,4,0.912,0.912,22,25,23,25,3,2,5,1,7,2,"1.24","0.91","-0.91","23.0",,,,,
"FC","2026-05-06","91.2","1.75","6.03","Grissom, Vaughn",687093,702273,"field_out","hit_into_play",,,,,3,"Vaughn Grissom flies out to center fielder Tristan Peters.","R","R","L","LAA","CWS","X",8,"fly_ball",0,2,2026,"-0.23","0.77",0.478917659543848,3.1657844268471287,,,545361,2,2,"Bot",163.69,53.95,,,,,-2.6558313200754,-132.93784530131006,-2.8574833196444613,-2.248726174263149,25.94668499422451,-22.648742213983247,3.301624016,1.666240158,369,"100.9",33,"91.5",2814,"6.2",824036,691011,808959,805367,678246,695657,803011,671976,672284,"54.34",0.426,0.86,"0",1,0,0,6,22,4,"Cutter",5,1,5,1,1,5,5,1,"Strategic","Standard",174,"-0.005","-0.176","70.1","6.9",,1.662,"0.176","100.9",4,4,0.863,0.863,22,25,23,25,2,1,5,1,7,2,"1.94","-0.23","0.23","26.0",6.528257922854454,2.6464512493430625,29.471312978422002,41.052022201832365,25.200526824451877
"ST","2026-05-06","84.2","1.77","5.69","Grissom, Vaughn",687093,702273,,"foul",,,,,6,,"R","R","L","LAA","CWS","S",,,0,2,2026,"-1.02","0.04",0.6057237860381997,2.671875255090606,,,545361,2,2,"Bot",,,,,,,-0.6016338400313838,-122.67109311746742,-0.4916072481078354,-10.1863048804262,25.377418175977247,-31.905291262569158,3.301624016,1.666240158,206,"67",36,"83.7",2883,"6",824036,691011,808959,805367,678246,695657,803011,671976,672284,"54.49",,,,,,,,22,3,"Sweeper",5,1,5,1,1,5,5,1,"Standard","Standard",290,"0","0","65.6","6.9",,,"0","88.0",4,4,0.863,0.863,22,25,23,25,2,1,5,1,7,2,"3.18","-1.02","1.02","19.7",-1.150304226310185,14.455017138901113,34.42759313769665,43.393301544532925,18.230451400606917
"SI","2026-05-06","97.1","1.56","5.71","Grissom, Vaughn",687093,702273,,"foul",,,,,2,,"R","R","L","LAA","CWS","S",,,0,1,2026,"1.4","0.51",0.005439632405541239,3.2609447923382726,,,545361,2,2,"Bot",,,,,,,-7.354193145287331,-141.27032221404107,-2.0157587503585703,20.42879859778028,32.17666289696513,-25.08140517938365,3.301624016,1.666240158,158,"67",61,"96.8",2457,"6.1",824036,691011,808959,805367,678246,695657,803011,671976,672284,"54.35",,,,,,,,22,2,"Sinker",5,1,5,1,1,5,5,1,"Standard","Standard",129,"-0.003","-0.061","70.0","6.4",,,"0.061","88.0",4,4,0.866,0.866,22,25,23,25,2,1,5,1,7,2,"1.91","1.4","-1.4","16.6",3.394000820707759,11.10039745243423,27.838707686066556,35.78664308605704,21.75638112226299
"CH","2026-05-06","90.5","1.66","5.68","Grissom, Vaughn",687093,702273,,"foul_tip",,,,,3,,"R","R","L","LAA","CWS","S",,,0,0,2026,"1.41","0.07",0.5422016892000665,2.9611348828278317,,,545361,2,2,"Bot",,,,,,,-5.841028188338207,-131.62335703360847,-0.7926777135965352,17.66970227751584,28.82181543359897,-31.372517430728262,3.301624016,1.666240158,,,,"90.5",1898,"6.4",824036,691011,808959,805367,678246,695657,803011,671976,672284,"54.1",,,,,,,,22,1,"Changeup",5,1,5,1,1,5,5,1,"Standard","Standard",108,"-0.001","-0.042","66.3","5.9",,,"0.042",,4,4,0.867,0.867,22,25,23,25,2,1,5,1,7,2,"2.72","1.41","-1.41","22.1",-12.79004128324711,39.28276367225652,31.284112490537094,43.44167581308247,0.42525111346044664
"SL","2026-05-06","86.4","-2.07","6","Grissom, Vaughn",687093,674370,"field_out","hit_into_play",,,,,9,"Vaughn Grissom lines out to second baseman Chase Meidroth.","R","R","R","LAA","CWS","X",4,"line_drive",0,2,2026,"0.65","-0.01",0.7119175558910227,1.947891155942024,,,,2,6,"Bot",128.98,133.79,,,,,5.176285252185364,-125.59362794824331,-3.0642004350519683,5.603161111001677,29.611437841996636,-31.752696298207486,3.301624016,1.666240158,168,"95.3",11,"85.6",2495,"6.2",824036,691011,808959,805367,678246,695657,803011,671976,672284,"54.27",0.834,0.802,"0",1,0,0,4,52,3,"Slider",7,1,7,1,1,7,7,1,"Standard","Standard",61,"-0.001","-0.152","64.7","7.4",,0.967,"0.152","95.3",6,6,0.984,0.984,30,25,31,25,1,3,5,1,,2,"3.11","-0.65","-0.65","39.8",10.26607954706621,5.868276471218506,32.72504836563827,43.70701942808488,27.115552943962143
"SI","2026-05-06","95.4","-2.3","5.77","Grissom, Vaughn",687093,674370,,"foul",,,,,8,,"R","R","R","LAA","CWS","S",,,0,1,2026,"-1.38","0.68",-0.03216873671731246,1.7739371080496855,,,,2,6,"Bot",,,,,,,9.052660767675345,-138.55345223118584,-6.182997181574052,-19.762450967634074,31.110968283827642,-22.169883864559083,3.301624016,1.666240158,2,"84.7",-36,"95.5",2504,"6.4",824036,691011,808959,805367,678246,695657,803011,671976,672284,"54.05",,,,,,,,52,2,"Sinker",7,1,7,1,1,7,7,1,"Standard","Standard",218,"0","-0.063","85.0","7.4",,,"0.063","88.0",6,6,0.984,0.984,30,25,31,25,1,3,5,1,,2,"1.83","1.38","1.38","30.6",1.195223504160565,0.6075102333060988,41.22618515779214,35.090071828579184,31.75530955051042
"SI","2026-05-06","95.2","-2.17","5.74","Grissom, Vaughn",687093,674370,,"foul",,,,,7,,"R","R","R","LAA","CWS","S",,,0,0,2026,"-1.44","0.56",-0.2847908832067352,1.640745623897539,,,,2,6,"Bot",,,,,,,8.195944994840845,-138.3088527674464,-6.162525654201902,-20.302447792206195,30.211083300391977,-23.844864687132855,3.301624016,1.666240158,,,,"95.4",2285,"6.5",824036,691011,808959,805367,678246,695657,803011,671976,672284,"54.03",,,,,,,,52,1,"Sinker",7,1,7,1,1,7,7,1,"Standard","Standard",224,"0","-0.044","84.5","7.8",,,"0.044",,6,6,0.984,0.984,30,25,31,25,1,3,5,1,,2,"1.96","1.44","1.44","30.0",10.829299791472398,-6.8419911408422704,41.40920014657662,32.20017193186319,30.27822178702095
"SI","2026-05-06","95.9","1.65","5.63","Grissom, Vaughn",687093,702273,"strikeout","called_strike",,,,,2,"Vaughn Grissom called out on strikes.","R","R","L","LAA","CWS","S",2,,0,2,2026,"1.52","0.24",-0.09564442029372677,2.84344377234365,,,,2,1,"Bot",,,,,,,-8.02763494930971,-139.3328624794958,-2.049488968192162,21.61710462210037,34.56508399222458,-28.801764118899122,3.301624016,1.666240158,,,,"95.1",2570,"6.2",824036,691011,808959,805367,678246,695657,803011,671976,672284,"54.34",,0,"0",1,0,0,,6,3,"Sinker",0,0,0,0,0,0,0,0,"Strategic","Standard",127,"-0.006","-0.152",,,,,"0.152",,0,0,0.506,0.506,22,25,23,25,1,0,5,1,7,2,"2.27","1.52","-1.52","17.6",,,,,
"FF","2026-05-06","95.3","1.93","5.73","Grissom, Vaughn",687093,702273,,"swinging_strike",,,,,2,,"R","R","L","LAA","CWS","S",,,0,1,2026,"0.73","1.22",0.16864719118200977,3.1758669079804007,,,,2,1,"Bot",,,,,,,-6.215298718476927,-138.52573342487335,-3.6037350976396927,10.861676115390456,33.9508181958245,-15.902608767501718,3.301624016,1.666240158,,,,"94.4",2637,"6.1",824036,691011,808959,805367,678246,695657,803011,671976,672284,"54.43",,,,,,,,6,2,"4-Seam Fastball",0,0,0,0,0,0,0,0,"Strategic","Standard",124,"-0.002","-0.063","73.4","6.8","0.1",,"0.063",,0,0,0.508,0.508,22,25,23,25,1,0,5,1,7,2,"1.31","0.73","-0.73","17.9",6.791550765650705,3.2275184717331293,31.25295967769884,36.50982480126173,23.002262157730723
"FF","2026-05-06","96.2","1.86","5.7","Grissom, Vaughn",687093,702273,,"called_strike",,,,,6,,"R","R","L","LAA","CWS","S",,,0,0,2026,"1.04","1.17",0.3055962746455687,2.257307948099045,,,,2,1,"Bot",,,,,,,-6.422904987729316,-139.76310689420805,-5.927472272947073,15.056428673329163,34.0844587953365,-15.739958313225648,3.301624016,1.666240158,,,,"95.4",2554,"6.1",824036,691011,808959,805367,678246,695657,803011,671976,672284,"54.38",,,,,,,,6,1,"4-Seam Fastball",0,0,0,0,0,0,0,0,"Standard","Standard",127,"-0.002","-0.044",,,,,"0.044",,0,0,0.51,0.51,22,25,23,25,1,0,5,1,7,2,"1.32","1.04","-1.04","16.6",,,,,
"ST","2026-05-05","82.9","-1.66","5.73","Grissom, Vaughn",687093,607200,"force_out","hit_into_play",,,,,3,"Vaughn Grissom grounds into a force out, third baseman Colson Montgomery to second baseman Chase Meidroth. Yoán Moncada out at 2nd.","R","R","R","LAA","CWS","X",5,"ground_ball",0,0,2026,"1.01","-0.16",0.5274003072212705,2.939598314320801,,,660162,2,4,"Bot",98.09,169.04,,,,,2.944618019763878,-120.71222960395193,0.6588595784303872,9.196471345832638,24.650800287621404,-34.08093298655888,3.301624016,1.666240158,45,"74.1",1,"83.4",2455,"6.7",824040,700337,678246,805367,695657,682668,803011,656537,545341,"53.81",0.086,0.077,"0",1,0,0,2,34,1,"Sweeper",2,2,2,2,2,2,2,2,"Standard","Standard",68,"-0.028","-0.278","80.6","7.9",,0.094,"0.278","88.0",0,0,0.528,0.528,33,25,33,25,2,1,6,2,7,1,"3.48","-1.01","-1.01","31.0",24.02601818639172,-27.629811791136934,26.646899566087022,40.922524257799815,42.845701673192394
"FC","2026-05-05","90.6","-1.36","5.95","Grissom, Vaughn",687093,607200,"field_out","hit_into_play",,,,,2,"Vaughn Grissom flies out sharply to left fielder Sam Antonacci.","R","R","R","LAA","CWS","X",7,"fly_ball",2,0,2026,"0.1","0.47",0.05440750128196389,2.978180384245707,,,,1,2,"Bot",71.42,54.51,,,,,3.281816536183986,-131.88705190012405,-2.289065908152486,0.4318876532357509,29.623495378363632,-26.47030905135195,3.301624016,1.666240158,380,"101.1",35,"91.1",2148,"6.7",824040,700337,678246,805367,695657,682668,803011,656537,545341,"53.83",0.391,0.759,"0",1,0,0,5,18,3,"Cutter",2,2,2,2,2,2,2,2,"Standard","Standard",175,"-0.025","-0.384","71.3","7.5",,1.471,"0.384","101.1",0,0,0.536,0.536,33,25,33,25,1,0,6,2,7,1,"2.32","-0.1","-0.1","37.6",20.95070203009267,-11.90275087888823,29.31557466226759,35.341299730080905,34.759220102113105
"SI","2026-05-05","94.7","-1.32","5.81","Grissom, Vaughn",687093,607200,,"ball",,,,,14,,"R","R","R","LAA","CWS","B",,,1,0,2026,"-1.21","0.6",1.0936596295142065,1.850297983685217,,,,1,2,"Bot",,,,,,,9.01639431723638,-137.5422673742916,-5.762338483951316,-17.355502505756508,32.41102137084176,-23.436603631027786,3.301624016,1.666240158,,,,"95.1",2084,"6.7",824040,700337,678246,805367,695657,682668,803011,656537,545341,"53.76",,,,,,,,18,2,"Sinker",2,2,2,2,2,2,2,2,"Standard","Standard",210,"0.005","0.077",,,,,"-0.077",,0,0,0.531,0.531,33,25,33,25,1,0,6,2,7,1,"1.97","1.21","1.21","32.3",,,,,
"FC","2026-05-05","90.7","-1.24","5.97","Grissom, Vaughn",687093,607200,,"ball",,,,,14,,"R","R","R","LAA","CWS","B",,,0,0,2026,"0.13","0.27",1.4213608908536637,2.2227507908372934,,,,1,2,"Bot",,,,,,,6.327308947631327,-131.90954220797522,-3.794393913547323,0.11515556025705363,29.105607615908767,-28.427482692176373,3.301624016,1.666240158,,,,"91.2",2141,"6.7",824040,700337,678246,805367,695657,682668,803011,656537,545341,"53.8",,,,,,,,18,1,"Cutter",2,2,2,2,2,2,2,2,"Standard","Standard",177,"0.003","0.043",,,,,"-0.043",,0,0,0.528,0.528,33,25,33,25,1,0,6,2,7,1,"2.51","-0.13","-0.13","40.1",,,,,
"SL","2026-05-05","87","-1.07","5.82","Grissom, Vaughn",687093,699823,"field_out","hit_into_play",,,,,6,"Vaughn Grissom grounds out, shortstop Colson Montgomery to first baseman Munetaka Murakami.","R","R","R","LAA","CWS","X",6,"ground_ball",1,2,2026,"0.53","-0.25",0.6189329490830648,2.3219098244824052,,,,2,6,"Bot",110.8,156.93,,,,,2.8979797355176795,-126.58772123824728,-1.4069354538404042,5.054947895338787,28.324845576512597,-34.763222995151565,3.301624016,1.666240158,12,"97.5",-11,"87.5",2665,"6.8",824040,700337,808959,805367,678246,695657,803011,656537,672284,"53.67",0.216,0.199,"0",1,0,0,2,52,5,"Slider",4,2,4,2,2,4,4,2,"Strategic","Standard",54,"-0.005","-0.177","68.5","7.2",,0.232,"0.177","97.5",2,2,0.82,0.82,27,25,28,25,1,2,2,2,3,1,"3.29","-0.53","-0.53","44.4",12.882592064498153,10.543956783354743,29.807511808598875,41.582410909745136,29.868540956547697
"SL","2026-05-05","87.3","-0.94","5.83","Grissom, Vaughn",687093,699823,,"foul",,,,,9,,"R","R","R","LAA","CWS","S",,,1,2,2026,"0.39","-0.26",0.3143529695166034,1.6741199372223363,,,,2,6,"Bot",,,,,,,2.1748064091551185,-127.04485951140357,-2.968534686732089,3.6619936313499446,30.741766828887044,-34.48912416563916,3.301624016,1.666240158,2,"65.1",-48,"87.5",2662,"6.8",824040,700337,808959,805367,678246,695657,803011,656537,672284,"53.67",,,,,,,,52,4,"Slider",4,2,4,2,2,4,4,2,"Strategic","Standard",84,"0","0","75.4","8.2",,,"0","88.0",2,2,0.82,0.82,27,25,28,25,1,2,2,2,3,1,"3.3","-0.39","-0.39","45.4",22.955171401792313,-16.84948959266089,34.857785976955164,38.06173966146271,38.487015610224724
"FF","2026-05-05","98","-0.78","5.96","Grissom, Vaughn",687093,699823,,"ball",,,,,12,,"R","R","R","LAA","CWS","B",,,0,2,2026,"-0.53","1.61",0.5148607668598603,4.4704680087724995,,,,2,6,"Bot",,,,,,,4.714754859266335,-142.47577519005782,-2.100413146970952,-8.381542209697193,38.37292962823676,-10.189163062879231,3.301624016,1.666240158,,,,"97.8",2432,"6.6",824040,700337,808959,805367,678246,695657,803011,656537,672284,"53.86",,,,,,,,52,3,"4-Seam Fastball",4,2,4,2,2,4,4,2,"Standard","Standard",204,"0.001","0.025",,,,,"-0.025",,2,2,0.819,0.819,27,25,28,25,1,2,2,2,3,1,"0.8","0.53","0.53","48.6",,,,,
"FF","2026-05-05","97.3","-0.81","5.89","Grissom, Vaughn",687093,699823,,"foul",,,,,12,,"R","R","R","LAA","CWS","S",,,0,1,2026,"-0.46","1.65",0.8931630855092544,3.2697017809705553,,,,2,6,"Bot",,,,,,,5.640644405756588,-141.353195768049,-5.067097805674437,-7.669263776558471,39.87644298100367,-9.301710636535365,3.301624016,1.666240158,173,"77.7",64,"97.3",2494,"6.9",824040,700337,808959,805367,678246,695657,803011,656537,672284,"53.56",,,,,,,,52,2,"4-Seam Fastball",4,2,4,2,2,4,4,2,"Standard","Standard",197,"-0.002","-0.063","72.0","7.1",,,"0.063","88.0",2,2,0.821,0.821,27,25,28,25,1,2,2,2,3,1,"0.82","0.46","0.46","46.3",10.634823741072228,8.392607140689295,24.245989184381312,46.013876339482536,23.580058322980662
"SL","2026-05-05","87.9","-1.3","5.76","Grissom, Vaughn",687093,699823,,"called_strike",,,,,6,,"R","R","R","LAA","CWS","S",,,0,0,2026,"0.54","-0.09",0.586351428985554,2.4983986993444063,,,,2,6,"Bot",,,,,,,3.381666851490383,-127.95624952202338,-1.2970355661110393,5.12028695362502,30.22919264057288,-33.13411801796068,3.301624016,1.666240158,,,,"88.1",2621,"6.7",824040,700337,808959,805367,678246,695657,803011,656537,672284,"53.79",,,,,,,,52,1,"Slider",4,2,4,2,2,4,4,2,"Standard","Standard",97,"-0.001","-0.044",,,,,"0.044",,2,2,0.822,0.822,27,25,28,25,1,2,2,2,3,1,"3.08","-0.54","-0.54","40.7",,,,,
"CH","2026-05-03","88.8","-3.06","6.3","Grissom, Vaughn",687093,605280,"field_out","hit_into_play",,,,,1,"Vaughn Grissom grounds out, shortstop Bo Bichette to first baseman Mark Vientos.","R","R","R","LAA","NYM","X",6,"ground_ball",1,2,2026,"-0.69","-0.15",-0.539617082594254,3.103531820760306,,,,1,7,"Bot",100.69,157.69,,,,,7.485999839266567,-129.07641535501148,-1.1911136902996238,-9.26678050354811,27.764935532168234,-33.85785192160893,3.301624016,1.666240158,126,"84.8",9,"88.1",899,"6",824043,620443,668901,543760,683146,666182,596103,621438,701807,"54.52",0.446,0.405,"0",1,0,0,4,55,5,"Changeup",1,2,1,2,2,1,1,2,"Standard","Standard",282,"-0.026","-0.183","65.4","6.3",,0.486,"0.183","88.0",-1,-1,0.305,0.305,33,25,33,25,3,2,5,1,6,2,"3.06","0.69","0.69","39.1",7.939733717375773,0.27147811329516214,28.457747687901307,28.619386396635516,25.16294842101196
"CU","2026-05-03","81.6","-3.15","6.36","Grissom, Vaughn",687093,605280,,"foul",,,,,14,,"R","R","R","LAA","NYM","S",,,1,2,2026,"0.85","-1.02",0.17258918597045791,1.2365725838395263,,,,1,7,"Bot",,,,,,,5.659148645866995,-118.63305304684621,-2.5727012764857893,6.664256437523481,25.973004839612837,-41.34107943754207,3.301624016,1.666240158,8,"88.2",-10,"80.4",2923,"5.8",824043,620443,668901,543760,683146,666182,596103,621438,701807,"54.67",,,,,,,,55,4,"Curveball",1,2,1,2,2,1,1,2,"Standard","Standard",39,"0","0","72.2","7.9",,,"0","88.2",-1,-1,0.305,0.305,33,25,33,25,3,2,5,1,6,2,"4.49","-0.85","-0.85","41.2",14.164941744076588,-11.594024889931491,44.968426979796355,34.198295756187036,37.06134580058955
"ST","2026-05-03","82","-3.13","6.37","Grissom, Vaughn",687093,605280,,"ball",,,,,12,,"R","R","R","LAA","NYM","B",,,0,2,2026,"1.52","-0.37",1.9627882240112609,3.946535731969519,,,,1,7,"Bot",,,,,,,8.293625322008918,-119.10844526716309,2.0960722290346556,12.45558588172727,26.660920513755,-36.35809750337481,3.301624016,1.666240158,,,,"80.7",2862,"5.9",824043,620443,668901,543760,683146,666182,596103,621438,701807,"54.61",,,,,,,,55,3,"Sweeper",1,2,1,2,2,1,1,2,"Standard","Standard",37,"0.004","0.018",,,,,"-0.018",,-1,-1,0.301,0.301,33,25,33,25,3,2,5,1,6,2,"3.81","-1.52","-1.52","37.6",,,,,
"CU","2026-05-03","81.4","-1.04","6.33","Grissom, Vaughn",687093,605280,,"foul",,,,,8,,"R","R","R","LAA","NYM","S",,,0,1,2026,"0.83","-1.14",0.004694548550974398,1.9982109928336396,,,,1,7,"Bot",,,,,,,0.6755234752451413,-118.4240038761125,-0.5785614010214305,7.5939200173444315,25.51284706828592,-42.89338675687462,3.301624016,1.666240158,186,"104.3",12,"80.4",2895,"5.9",824043,620443,668901,543760,683146,666182,596103,621438,701807,"54.59",,,,,,,,55,2,"Curveball",1,2,1,2,2,1,1,2,"Standard","Standard",40,"-0.009","-0.057","71.4","7.7",,,"0.057","104.3",-1,-1,0.31,0.31,33,25,33,25,3,2,5,1,6,2,"4.62","-0.83","-0.83","42.6",18.50561398297757,-15.73583213736909,34.145725565003325,33.62182247283681,41.53362964101366
"SI","2026-05-03","91.3","-1.17","6.11","Grissom, Vaughn",687093,605280,,"swinging_strike",,,,,14,,"R","R","R","LAA","NYM","S",,,0,0,2026,"-1.13","0.24",0.9760167503607233,1.5614900635680704,,,,1,7,"Bot",,,,,,,7.745883212364383,-132.7197555856083,-5.7801729020137325,-15.007282679450222,28.917726779801747,-28.285540927501,3.301624016,1.666240158,,,,"90.5",2097,"5.9",824043,620443,668901,543760,683146,666182,596103,621438,701807,"54.59",,,,,,,,55,1,"Sinker",1,2,1,2,2,1,1,2,"Standard","Standard",240,"-0.006","-0.042","73.7","8.2","1.396999668",,"0.042",,-1,-1,0.316,0.316,33,25,33,25,3,2,5,1,6,2,"2.51","1.13","1.13","36.6",20.3160964349453,-10.736219155369152,37.82208659394784,45.8547962600277,38.73307966274952
"CU","2026-05-03","81","-1.07","6.4","Grissom, Vaughn",687093,605280,"field_out","hit_into_play",,,,,14,"Vaughn Grissom grounds out, third baseman Brett Baty to first baseman Mark Vientos.","R","R","R","LAA","NYM","X",5,"ground_ball",0,1,2026,"0.97","-1.34",0.4420249181482594,1.024219589696731,,,,0,5,"Bot",91.64,168.36,,,,,1.4348727951670581,-117.78038505439076,-2.323052863498729,8.508801074440134,27.30956531283128,-44.17447196439396,3.301624016,1.666240158,4,"78.7",-18,"79.5",2968,"5.8",824043,620443,668901,543760,683146,666182,669004,621438,701807,"54.73",0.052,0.047,"0",1,0,0,2,39,2,"Curveball",1,2,1,2,2,1,1,2,"Standard","Standard",39,"-0.028","-0.221","72.1","7.8",,0.068,"0.221","88.0",-1,-1,0.41,0.41,33,25,33,25,2,1,5,1,6,2,"4.88","-0.97","-0.97","42.2",10.199981021030112,-8.927266581242138,38.18978585346517,40.307557410447615,36.0344821822706
"SI","2026-05-03","92.5","-1.25","6.32","Grissom, Vaughn",687093,605280,,"called_strike",,,,,5,,"R","R","R","LAA","NYM","S",,,0,0,2026,"-1.45","-0.03",-0.12301587058718977,2.7145160107951094,,,,0,5,"Bot",,,,,,,5.983982958484965,-134.53329852951032,-2.9712496134756217,-18.88946001461305,33.64789298471277,-32.02729934429906,3.301624016,1.666240158,,,,"91",2120,"5.7",824043,620443,668901,543760,683146,666182,669004,621438,701807,"54.77",,,,,,,,39,1,"Sinker",1,2,1,2,2,1,1,2,"Standard","Standard",237,"-0.005","-0.043",,,,,"0.043",,-1,-1,0.415,0.415,33,25,33,25,2,1,5,1,6,2,"2.73","1.45","1.45","37.0",,,,,
"SI","2026-05-03","94.2","-1.15","6.31","Grissom, Vaughn",687093,605280,"walk","ball",,,,,4,"Vaughn Grissom walks.","R","R","R","LAA","NYM","B",,,3,2,2026,"-1.55","0.36",-0.6810562932892347,2.689480161336264,,,,1,2,"Bot",,,,,,,4.645568363470243,-137.0433987967261,-4.251315669281503,-20.514248860662022,30.34669215272724,-26.92387391095181,3.301624016,1.666240158,,,,"93.4",2146,"5.8",824043,620443,668901,543760,683146,666182,669004,621438,701807,"54.67",,0.698079,"0.7",1,0,0,,15,7,"Sinker",1,0,1,0,0,1,1,0,"Standard","Standard",236,"0.019","0.339",,,,,"-0.339",,1,1,0.639,0.639,33,25,33,25,1,0,5,1,6,2,"2.21","1.55","1.55","38.7",,,,,
"SI","2026-05-03","94.7","-3.23","6.35","Grissom, Vaughn",687093,605280,,"ball",,,,,13,,"R","R","R","LAA","NYM","B",,,2,2,2026,"-1.57","0.09",-0.49578017803513097,1.0708373090764045,,,,1,2,"Bot",,,,,,,10.511637601173293,-137.21307544249248,-7.874017207130756,-22.276200560103135,33.94544679576188,-29.189669235030866,3.301624016,1.666240158,,,,"93.5",2034,"6.1",824043,620443,668901,543760,683146,666182,669004,621438,701807,"54.44",,,,,,,,15,6,"Sinker",1,0,1,0,0,1,1,0,"Standard","Standard",236,"0.005","0.112",,,,,"-0.112",,1,1,0.634,0.634,33,25,33,25,1,0,5,1,6,2,"2.5","1.57","1.57","37.7",,,,,
"CU","2026-05-03","82.3","-2.86","6.46","Grissom, Vaughn",687093,605280,,"ball",,,,,14,,"R","R","R","LAA","NYM","B",,,1,2,2026,"0.79","-1.11",0.9763160553758331,0.5294635164663819,,,,1,2,"Bot",,,,,,,6.962797202297464,-119.56472279448128,-4.308731704232536,6.0442656019080685,25.61940069187383,-42.06157750522047,3.301624016,1.666240158,,,,"81.3",2900,"6",824043,620443,668901,543760,683146,666182,669004,621438,701807,"54.52",,,,,,,,15,5,"Curveball",1,0,1,0,0,1,1,0,"Standard","Standard",34,"0.003","0.055",,,,,"-0.055",,1,1,0.631,0.631,33,25,33,25,1,0,5,1,6,2,"4.52","-0.79","-0.79","44.0",,,,,
"ST","2026-05-03","82.9","-3.16","6.44","Grissom, Vaughn",687093,605280,,"foul",,,,,3,,"R","R","R","LAA","NYM","S",,,1,2,2026,"1.19","-0.06",0.320832007273111,3.2798402743848603,,,,1,2,"Bot",,,,,,,5.4307660999783485,-120.50033030062389,-0.25592376902319336,10.099417093705998,28.744827075029114,-32.93593479775678,3.301624016,1.666240158,151,"77.4",17,"81.4",2879,"5.9",824043,620443,668901,543760,683146,666182,669004,621438,701807,"54.61",,,,,,,,15,4,"Sweeper",1,0,1,0,0,1,1,0,"Standard","Standard",34,"0","0",,,,,"0","88.0",1,1,0.631,0.631,33,25,33,25,1,0,5,1,6,2,"3.45","-1.19","-1.19","40.5",,,,,
"CU","2026-05-03","81.6","-1.07","6.46","Grissom, Vaughn",687093,605280,,"called_strike",,,,,9,,"R","R","R","LAA","NYM","S",,,1,1,2026,"0.47","-1.19",0.3637268266366052,1.6874019212225084,,,,1,2,"Bot",,,,,,,2.221478747043007,-118.7051466125911,-1.4334222692384861,3.9157508569028696,26.964876631132807,-43.17617122479126,3.301624016,1.666240158,,,,"80",2838,"5.7",824043,620443,668901,543760,683146,666182,669004,621438,701807,"54.85",,,,,,,,15,3,"Curveball",1,0,1,0,0,1,1,0,"Standard","Standard",41,"-0.004","-0.074",,,,,"0.074",,1,1,0.635,0.635,33,25,33,25,1,0,5,1,6,2,"4.67","-0.47","-0.47","42.6",,,,,
"SI","2026-05-03","93.5","-1.32","6.27","Grissom, Vaughn",687093,605280,,"swinging_strike",,,,,13,,"R","R","R","LAA","NYM","S",,,1,0,2026,"-1.7","0.36",-1.272419781196993,1.6737629038583217,,,,1,2,"Bot",,,,,,,3.8718615108094343,-135.88633388334497,-6.442740114880214,-21.734443677916023,36.00492252735455,-26.28421439352278,3.301624016,1.666240158,,,,"91.6",2153,"5.7",824043,620443,668901,543760,683146,666182,669004,621438,701807,"54.82",,,,,,,,15,2,"Sinker",1,0,1,0,0,1,1,0,"Standard","Standard",233,"-0.003","-0.05","72.4","8.1","0.886201188",,"0.05",,1,1,0.638,0.638,33,25,33,25,1,0,5,1,6,2,"2.3","1.7","1.7","36.1",23.432129806874,-28.91960240699941,43.26591957832395,21.43059706710919,36.69346738819559
"SI","2026-05-03","93.3","-1.09","6.36","Grissom, Vaughn",687093,605280,,"ball",,,,,14,,"R","R","R","LAA","NYM","B",,,0,0,2026,"-1.54","0.49",1.2133350451282472,1.7573128315673787,,,,1,2,"Bot",,,,,,,9.173614926015702,-135.31948870317078,-6.779774029227758,-21.018932957405518,32.05506266618965,-24.736788056228068,3.301624016,1.666240158,,,,"91.9",2144,"5.8",824043,620443,668901,543760,683146,666182,669004,621438,701807,"54.69",,,,,,,,15,1,"Sinker",1,0,1,0,0,1,1,0,"Standard","Standard",232,"0.002","0.043",,,,,"-0.043",,1,1,0.636,0.636,33,25,33,25,1,0,5,1,6,2,"2.16","1.54","1.54","39.1",,,,,
"CH","2026-05-03","84","3.09","5.68","Grissom, Vaughn",687093,548384,"field_out","hit_into_play",,,,,14,"Vaughn Grissom lines out to right fielder Carson Benge.","R","R","L","LAA","NYM","X",9,"line_drive",0,2,2026,"1.56","0.13",1.243036797034248,1.9874778435804719,,,666176,1,9,"Bot",205.83,113.65,,,,,-7.2760331399277165,-122.08123051558118,-2.110212268439849,17.077132382620377,26.24329264173049,-30.66512617701407,3.301624016,1.666240158,288,"91.5",22,"82.8",2121,"5.7",824043,620443,668901,543760,683146,666182,596103,621438,701807,"54.76",0.18,0.185,"0",1,0,0,3,74,3,"Changeup",1,5,1,5,5,1,1,5,"Standard","Standard",108,"-0.008","-0.165","61.6","7.2",,0.282,"0.165","91.5",-4,-4,0.013,0.013,38,25,38,25,1,3,2,1,3,2,"3.13","1.56","-1.56","34.0",2.312265021340231,17.61119651664389,33.962859490986794,49.241151478656974,20.02382202987156
"SI","2026-05-03","89.8","3.05","5.61","Grissom, Vaughn",687093,548384,,"swinging_strike",,,,,9,,"R","R","L","LAA","NYM","S",,,0,1,2026,"1.57","0.31",0.5542421992265418,1.9584152670640322,,,666176,1,9,"Bot",,,,,,,-9.425182187996086,-130.20370949745154,-3.3403026612350306,20.00667587950129,32.592721191275714,-28.06148183702783,3.301624016,1.666240158,,,,"88.5",2312,"6.1",824043,620443,668901,543760,683146,666182,596103,621438,701807,"54.37",,,,,,,,74,2,"Sinker",1,5,1,5,5,1,1,5,"Standard","Standard",131,"-0.003","-0.054","72.1","7.4","0.704883888",,"0.054",,-4,-4,0.016,0.016,38,25,38,25,1,3,2,1,3,2,"2.58","1.57","-1.57","35.2",3.057345104314417,1.5885410988518485,41.99820716306658,40.93313463154547,28.039402400772865
"SI","2026-05-03","91.1","3.07","5.69","Grissom, Vaughn",687093,548384,,"called_strike",,,,,2,,"R","R","L","LAA","NYM","S",,,0,0,2026,"1.34","0.61",0.12533419420830882,3.2291167550129964,,,666176,1,9,"Bot",,,,,,,-10.142421874336897,-132.16738371998122,-1.3097932769483116,17.97820360111888,32.641157738581,-25.026524790136907,3.301624016,1.666240158,,,,"89.8",2545,"6",824043,620443,668901,543760,683146,666182,596103,621438,701807,"54.49",,,,,,,,74,1,"Sinker",1,5,1,5,5,1,1,5,"Standard","Standard",140,"-0.002","-0.041",,,,,"0.041",,-4,-4,0.018,0.018,38,25,38,25,1,3,2,1,3,2,"2.19","1.34","-1.34","33.7",,,,,
"ST","2026-05-02","86.4","-3.91","5.09","Grissom, Vaughn",687093,690997,"single","hit_into_play",,,,,8,"Vaughn Grissom singles on a line drive to center fielder Tyrone Taylor. Jorge Soler scores. Jo Adell scores.","R","R","R","LAA","NYM","X",8,"line_drive",0,2,2026,"1.49","-0.18",0.06647857680239366,1.6978733825803287,624585,666176,,2,4,"Bot",162.11,81.28,,,,,6.258992044188103,-125.46854457857702,-1.0640921105149195,13.802906021934715,31.993559462425374,-34.0753307713171,3.301624016,1.666240158,274,"91.1",20,"85.5",3074,"6.4",824042,682626,668901,543760,666182,677595,628451,621438,596103,"54.09",0.337,0.306,"0.9",1,1,0,4,31,3,"Sweeper",1,1,1,1,1,3,3,1,"Standard","Standard",55,"0.225","0.871","66.4","6.9",,0.421,"-0.871","91.1",0,0,0.542,0.542,24,25,25,25,2,1,6,1,6,1,"3.32","-1.49","-1.49","26.0",-2.724899029330189,2.390273521692243,42.70235178814835,36.52008851019889,20.585472073887345
"CU","2026-05-02","82","-4.09","5.2","Grissom, Vaughn",687093,690997,,"foul",,,,,8,,"R","R","R","LAA","NYM","S",,,0,1,2026,"1.3","-1.13",0.16008863094084558,1.9444191793425745,624585,666176,,2,4,"Bot",,,,,,,6.87111840148824,-119.04273955748839,1.8910289757123797,10.31271864488681,30.553642802094487,-43.435368457609144,3.301624016,1.666240158,7,"68.9",-19,"80.5",3244,"6.2",824042,682626,668901,543760,666182,677595,628451,621438,596103,"54.32",,,,,,,,31,2,"Curveball",1,1,1,1,1,1,1,1,"Standard","Standard",43,"-0.017","-0.073","75.3","7.7",,,"0.073","88.0",0,0,0.559,0.559,24,25,25,25,2,1,6,1,6,1,"4.63","-1.3","-1.3","30.3",17.13878143352566,-13.250590154684605,37.379118372295665,35.62690590349483,40.957800218542744
"FC","2026-05-02","91.8","-4.02","5.08","Grissom, Vaughn",687093,690997,,"called_strike",,,,,14,,"R","R","R","LAA","NYM","S",,,0,0,2026,"-0.05","0.46",0.8406244410133512,1.9533488551927967,624585,666176,,2,4,"Bot",,,,,,,12.15992766878157,-133.07271428015048,-2.7736635981222895,-3.356944725937381,30.610546480845876,-26.349208486061407,3.301624016,1.666240158,,,,"91",2464,"6.2",824042,682626,668901,543760,666182,677595,628451,621438,596103,"54.32",,,,,,,,31,1,"Cutter",1,1,1,1,1,1,1,1,"Standard","Standard",189,"-0.011","-0.03",,,,,"0.03",,0,0,0.57,0.57,24,25,25,25,2,1,6,1,6,1,"2.29","0.05","0.05","30.3",,,,,
"SI","2026-05-02","92.8","-3.9","5.33","Grissom, Vaughn",687093,690997,"field_out","hit_into_play",,,,,7,"Vaughn Grissom grounds out, third baseman Bo Bichette to first baseman Mark Vientos.","R","R","R","LAA","NYM","X",5,"ground_ball",3,1,2026,"-1.38","0.48",-0.4531679233095045,1.5851355755217098,,,,1,2,"Bot",87.57,160.05,,,,,11.770647479135295,-134.56155396814154,-4.57110453189104,-19.385043880299712,30.302279138809343,-25.489482713785424,3.301624016,1.666240158,7,"98.8",-13,"92.6",2091,"6.5",824042,682626,668901,543760,666182,677595,628451,621438,596103,"54.04",0.238,0.216,"0",1,0,0,2,13,5,"Sinker",1,0,1,0,0,1,1,0,"Standard","Standard",227,"-0.024","-0.441","85.1","7.6",,0.271,"0.441","98.8",1,1,0.645,0.645,24,25,25,25,1,0,6,1,6,1,"2.19","1.38","1.38","36.2",12.918331891341364,-0.20728880190485235,38.51416684011679,30.15140497201388,32.051116542367765
"FF","2026-05-02","96.8","-3.71","5.43","Grissom, Vaughn",687093,690997,,"ball",,,,,12,,"R","R","R","LAA","NYM","B",,,2,1,2026,"-0.94","1.42",1.2030269002584928,3.3843487418802214,,,,1,2,"Bot",,,,,,,15.067781114850977,-140.115471550302,-2.952703754085092,-16.0372267828165,34.5999310221569,-12.978208843363511,3.301624016,1.666240158,,,,"96.1",2440,"6.4",824042,682626,668901,543760,666182,677595,628451,621438,596103,"54.09",,,,,,,,13,4,"4-Seam Fastball",1,0,1,0,0,1,1,0,"Standard","Standard",221,"0.007","0.127",,,,,"-0.127",,1,1,0.638,0.638,24,25,25,25,1,0,6,1,6,1,"1.05","0.94","0.94","34.0",,,,,
"SI","2026-05-02","94.3","-3.79","5.28","Grissom, Vaughn",687093,690997,,"called_strike",,,,,3,,"R","R","R","LAA","NYM","S",,,2,0,2026,"-1.43","0.47",0.699341950419964,2.84803917242167,,,,1,2,"Bot",,,,,,,14.788973585458868,-136.5358480908791,-1.432404205973706,-21.26523145133554,31.253587088187974,-26.135383419852197,3.301624016,1.666240158,,,,"94.3",2155,"6.7",824042,682626,668901,543760,666182,677595,628451,621438,596103,"53.84",,,,,,,,13,3,"Sinker",1,0,1,0,0,1,1,0,"Standard","Standard",231,"-0.005","-0.07",,,,,"0.07",,1,1,0.643,0.643,24,25,25,25,1,0,6,1,6,1,"2.12","1.43","1.43","34.4",,,,,
"SI","2026-05-02","95.9","-4.01","5.31","Grissom, Vaughn",687093,690997,,"ball",,,,,11,,"R","R","R","LAA","NYM","B",,,1,0,2026,"-1.62","0.21",-0.3746788778800956,3.9632733366039403,,,,1,2,"Bot",,,,,,,13.174163971574643,-138.86787378398785,1.841807932543278,-24.0690113565261,34.77434411164694,-30.27560639929737,3.301624016,1.666240158,,,,"95.2",2238,"6.4",824042,682626,668901,543760,666182,677595,628451,621438,596103,"54.1",,,,,,,,13,2,"Sinker",1,0,1,0,0,1,1,0,"Standard","Standard",226,"0.005","0.077",,,,,"-0.077",,1,1,0.638,0.638,24,25,25,25,1,0,6,1,6,1,"2.32","1.62","1.62","33.8",,,,,
"SI","2026-05-02","93.7","-4.12","5.36","Grissom, Vaughn",687093,690997,,"ball",,,,,11,,"R","R","R","LAA","NYM","B",,,0,0,2026,"-1.71","0.7",-0.6682812241822091,3.9056285119850185,,,,1,2,"Bot",,,,,,,12.595496490669472,-135.8651799110503,0.6504565458351155,-24.055256635658978,31.685896291082717,-23.998993724148004,3.301624016,1.666240158,,,,"93",2107,"6.2",824042,682626,668901,543760,666182,677595,628451,621438,596103,"54.27",,,,,,,,13,1,"Sinker",1,0,1,0,0,1,1,0,"Standard","Standard",230,"0.002","0.043",,,,,"-0.043",,1,1,0.636,0.636,24,25,25,25,1,0,6,1,6,1,"1.93","1.71","1.71","30.6",,,,,
"FS","2026-05-02","81.2","-0.75","5.93","Grissom, Vaughn",687093,668964,"field_out","hit_into_play",,,,,9,"Vaughn Grissom flies out to center fielder Tyrone Taylor.","R","R","R","LAA","NYM","X",8,"fly_ball",1,2,2026,"-0.88","0.49",0.34156709363225213,1.9043541832750157,,,,1,6,"Bot",139.45,61.27,,,,,4.164843963281079,-118.15022910845951,-3.1383908709349653,-9.070857977282301,22.845477793497132,-27.180768911580216,3.301624016,1.666240158,342,"99.9",38,"81.9",1337,"6.8",824042,682626,668901,543760,666182,677595,628451,621438,596103,"53.71",0.194,0.381,"0",1,0,0,5,46,4,"Split-Finger",3,1,3,1,1,3,3,1,"Standard","Standard",206,"-0.007","-0.183",,,,0.741,"0.183","99.9",2,2,0.829,0.829,27,25,28,25,1,2,4,1,4,1,"2.97","0.88","0.88","64.2",,,,,
"FF","2026-05-02","94.7","-0.66","5.98","Grissom, Vaughn",687093,668964,,"foul",,,,,2,,"R","R","R","LAA","NYM","S",,,1,1,2026,"-0.34","1.64",-0.034908006632807353,3.135527873814099,,,,1,6,"Bot",,,,,,,2.418800338643494,-137.88800666393698,-5.32508047117861,-4.9248600400936615,30.317502690830956,-10.264151897943124,3.301624016,1.666240158,157,"77.1",70,"95.4",2239,"6.6",824042,682626,668901,543760,666182,677595,628451,621438,596103,"53.86",,,,,,,,46,3,"4-Seam Fastball",3,1,3,1,1,3,3,1,"Standard","Standard",193,"-0.002","-0.074",,,,,"0.074","88.0",2,2,0.831,0.831,27,25,28,25,1,2,4,1,4,1,"0.9","0.34","0.34","64.1",,,,,
"SL","2026-05-02","84.7","-0.72","5.9","Grissom, Vaughn",687093,668964,,"ball",,,,,14,,"R","R","R","LAA","NYM","B",,,0,1,2026,"0.52","0.19",1.9037561422630653,0.4810282158039225,,,,1,6,"Bot",,,,,,,5.00266422596119,-123.21664465772581,-6.488952114798488,4.41944565936797,23.206597103843645,-29.174720917580178,3.301624016,1.666240158,,,,"85.3",2050,"6.6",824042,682626,668901,543760,666182,677595,628451,621438,596103,"53.91",,,,,,,,46,2,"Slider",3,1,3,1,1,3,3,1,"Standard","Standard",131,"0.001","0.035",,,,,"-0.035",,2,2,0.83,0.83,27,25,28,25,1,2,4,1,4,1,"2.97","-0.52","-0.52","64.0",,,,,
"FC","2026-05-02","87.2","-0.84","5.98","Grissom, Vaughn",687093,668964,,"foul",,,,,3,,"R","R","R","LAA","NYM","S",,,0,0,2026,"0.38","1.27",0.4763184874398807,3.222657084790046,,,,1,6,"Bot",,,,,,,2.343033958862564,-126.99433873129479,-2.9497509827737804,3.630834028950125,26.35978757803721,-18.072690699730646,3.301624016,1.666240158,119,"76.8",9,"87.7",2142,"6.6",824042,682626,668901,543760,666182,677595,628451,621438,596103,"53.92",,,,,,,,46,1,"Cutter",3,1,3,1,1,3,3,1,"Standard","Standard",156,"-0.002","-0.042",,,,,"0.042","88.0",2,2,0.832,0.832,27,25,28,25,1,2,4,1,4,1,"1.73","-0.38","-0.38","63.9",,,,,
"SI","2026-05-02","98.2","-1.35","5.86","Grissom, Vaughn",687093,623211,"field_out","hit_into_play",,,,,5,"Vaughn Grissom grounds out sharply, third baseman Brett Baty to first baseman Mark Vientos.","R","R","R","LAA","NYM","X",5,"ground_ball",0,1,2026,"-1.28","0.76",-0.17489261429287395,2.5216310820510284,,,,2,8,"Bot",99.73,161.42,,,,,6.0821982739772045,-142.75668240745296,-5.048275604879145,-18.934196088110838,34.97204534813556,-20.771032033730517,3.301624016,1.666240158,38,"102.7",-2,"96.7",2291,"5.6",824042,682626,668901,543760,683146,666182,701807,621438,596103,"54.86",0.42,0.391,"0",1,0,0,4,66,2,"Sinker",3,3,3,3,3,3,3,3,"Standard","Standard",226,"-0.022","-0.215","71.1","7.4",,0.473,"0.215","102.7",0,0,0.522,0.522,36,25,37,25,1,3,1,1,2,1,"1.62","1.28","1.28","35.6",10.714295463551657,-5.12866513851408,33.5688020063416,33.26167617122776,31.239745637363907
"SI","2026-05-02","97.3","-1.26","5.92","Grissom, Vaughn",687093,623211,,"called_strike",,,,,2,,"R","R","R","LAA","NYM","S",,,0,0,2026,"-1.41","0.75",0.012199994354103572,2.966167505288554,,,,2,8,"Bot",,,,,,,6.583308569240204,-141.48045698867486,-3.8792676691862997,-20.436555059409915,33.671484899377695,-21.419567078321236,3.301624016,1.666240158,,,,"96",2254,"5.7",824042,682626,668901,543760,683146,666182,701807,621438,596103,"54.79",,,,,,,,66,1,"Sinker",3,3,3,3,3,3,3,3,"Standard","Standard",228,"-0.004","-0.044",,,,,"0.044",,0,0,0.526,0.526,36,25,37,25,1,3,1,1,2,1,"1.67","1.41","1.41","37.2",,,,,
"ST","2026-05-02","85.8","-2.42","4.93","Grissom, Vaughn",687093,681810,"field_out","hit_into_play",,,,,5,"Vaughn Grissom flies out to right fielder Carson Benge.","R","R","R","LAA","NYM","X",9,"fly_ball",0,1,2026,"1.52","-0.03",0.2298446336215958,2.3404981760891364,624428,624585,666176,1,10,"Bot",177.26,137.8,,,,,3.0583456906539825,-124.83434750972572,0.4471106716183708,15.081446112134586,27.385732240134605,-32.78752665712733,3.301624016,1.666240158,170,"88.4",63,"85.5",2714,"6.3",824042,682626,668901,543760,683146,666182,669004,621438,701807,"54.16",0.014,0.015,"0",1,0,0,3,82,2,"Sweeper",3,3,3,3,3,3,3,3,"Strategic","Strategic",44,"-0.146","-0.137","83.9","7.3",,0.019,"0.137","88.4",0,0,0.811,0.811,30,25,30,25,1,4,6,1,2,1,"3.15","-1.52","-1.52","29.5",15.642214419829674,0.05522773469425069,30.26783305014315,37.26635206779359,33.92978343091983
"ST","2026-05-02","86.6","-2.25","4.83","Grissom, Vaughn",687093,681810,,"called_strike",,,,,8,,"R","R","R","LAA","NYM","S",,,0,0,2026,"1.64","-0.02",0.23604708174605027,2.106771367962613,624428,624585,666176,1,10,"Bot",,,,,,,2.4544013375394798,-126.05996390926062,0.023106119233831768,16.73989147633711,29.181722664526042,-32.64934503031118,3.301624016,1.666240158,,,,"86.1",2682,"6.3",824042,682626,668901,543760,683146,666182,669004,621438,701807,"54.22",,,,,,,,82,1,"Sweeper",3,3,3,3,3,3,3,3,"Strategic","Strategic",50,"-0.026","-0.044",,,,,"0.044",,0,0,0.837,0.837,30,25,30,25,1,4,6,1,2,1,"3.09","-1.64","-1.64","28.4",,,,,
"FF","2026-05-01","96.3","-1.58","5.65","Grissom, Vaughn",687093,596133,"strikeout","called_strike",,,,,7,"Vaughn Grissom called out on strikes.","R","R","R","LAA","NYM","S",2,,1,2,2026,"-0.61","1.58",-0.477803420119676,2.092878537223208,,,,0,8,"Bot",,,,,,,4.277276159125038,-139.90597702361916,-7.171602476717067,-9.089704969039966,35.87321662998755,-10.08262491263577,3.301624016,1.666240158,,,,"95.3",,"6.1",824041,682626,683146,543760,666182,677595,665742,621438,701807,"54.37",,0,"0",1,0,0,,59,4,"4-Seam Fastball",3,4,3,4,4,3,3,4,"Standard","Standard",,"-0.044","-0.188",,,,,"0.188",,-1,-1,0.289,0.289,32,25,33,25,1,0,1,2,2,1,"0.92","0.61","0.61","45.5",,,,,
"CH","2026-05-01","87.2","-1.73","5.53","Grissom, Vaughn",687093,596133,,"foul",,,,,5,,"R","R","R","LAA","NYM","S",,,1,1,2026,"-1.28","0.28",-0.18953055652098438,2.2693192409851,,,,0,8,"Bot",,,,,,,6.330260066401706,-126.88511992552455,-2.066070110862184,-15.156787092986477,25.518135727949463,-28.95954645259233,3.301624016,1.666240158,3,"74.6",-36,"87.1",,"6.2",824041,682626,683146,543760,666182,677595,665742,621438,701807,"54.29",,,,,,,,59,3,"Changeup",3,4,3,4,4,3,3,4,"Standard","Standard",,"-0.016","-0.062","70.1","7.0",,,"0.062","88.0",-1,-1,0.305,0.305,32,25,33,25,1,0,1,2,2,1,"2.72","1.28","1.28","44.9",11.743648721913756,3.6544514568384074,31.680280976623063,33.16341089434391,26.444200519618157
"FC","2026-05-01","89.6","-1.54","5.58","Grissom, Vaughn",687093,596133,,"swinging_strike",,,,,6,,"R","R","R","LAA","NYM","S",,,1,0,2026,"0.11","0.8",0.7288506260847472,2.4537567243785334,,,,0,8,"Bot",,,,,,,5.263802221611102,-130.39689151687864,-3.242545309732714,0.13441053058218083,27.494234312399936,-22.51531246137062,3.301624016,1.666240158,,,,"89.3",,"6.1",824041,682626,683146,543760,666182,677595,665742,621438,701807,"54.42",,,,,,,,59,2,"Cutter",3,4,3,4,4,3,3,4,"Standard","Standard",,"-0.013","-0.058","76.0","7.8","5.77789074",,"0.058",,-1,-1,0.318,0.318,32,25,33,25,1,0,1,2,2,1,"2.03","-0.11","-0.11","49.7",19.15480766376473,-22.257443940429834,24.75287529887245,43.57165058052618,44.26763312827549
"FC","2026-05-01","89.9","-1.53","5.67","Grissom, Vaughn",687093,596133,,"ball",,,,,12,,"R","R","R","LAA","NYM","B",,,0,0,2026,"0.44","0.72",0.9063543654979626,4.261479627749296,,,,0,8,"Bot",,,,,,,4.989493805888096,-130.83181111240336,1.101087439220644,3.9303618672794447,29.012792777814052,-24.40885368704032,3.301624016,1.666240158,,,,"89.3",,"6.1",824041,682626,683146,543760,666182,677595,665742,621438,701807,"54.45",,,,,,,,59,1,"Cutter",3,4,3,4,4,3,3,4,"Standard","Standard",,"0.01","0.044",,,,,"-0.044",,-1,-1,0.308,0.308,32,25,33,25,1,0,1,2,2,1,"2.11","-0.44","-0.44","50.7",,,,,
"ST","2026-04-29","82.4","-1.41","5.83","Grissom, Vaughn",687093,607200,"home_run","hit_into_play",,,,,2,"Vaughn Grissom homers (1) on a fly ball to left center field.","R","R","R","CWS","LAA","X",,"fly_ball",1,2,2026,"1.21","0.05",-0.05700801282673318,2.9102325529840147,,,,2,7,"Top",53.76,60.97,,,,,0.6442252518437934,-120.01818721050572,-0.01762960569799099,11.502080808036387,23.75579710894964,-31.874239232054066,3.301624016,1.666240158,385,"103.8",37,"82.6",2511,"6.5",824608,700337,808959,805367,678246,695657,803011,682668,656537,"54.05",0.526,1.034,"2",1,0,3,6,49,4,"Sweeper",1,1,1,1,2,1,2,1,"Standard","Standard",67,"-0.223","2.677","70.9","7.3",,2.02,"-2.677","103.8",0,0,0.574,0.42600000000000005,33,25,33,25,3,2,5,1,6,2,"3.3","-1.21","-1.21","34.3",14.620092003621174,-16.252125590984853,30.054537819092534,32.69754126498917,32.36822559695832
"SI","2026-04-29","93.9","-0.86","6.2","Grissom, Vaughn",687093,607200,,"ball",,,,,12,,"R","R","R","CWS","LAA","B",,,0,2,2026,"-0.38","0.92",1.0088055671433207,3.6862158954906414,,,,2,7,"Top",,,,,,,5.676907970603664,-136.76857782038462,-2.7110464420743132,-5.966221006083901,28.849424547546487,-20.272705063252015,3.301624016,1.666240158,,,,"94.8",2122,"6.6",824608,700337,808959,805367,678246,695657,803011,682668,656537,"53.86",,,,,,,,49,3,"Sinker",1,1,1,1,1,1,1,1,"Standard","Standard",194,"-0.002","0.025",,,,,"-0.025",,0,0,0.576,0.42400000000000004,33,25,33,25,3,2,5,1,6,2,"1.66","0.38","0.38","44.0",,,,,
"ST","2026-04-29","81.4","-1.23","5.9","Grissom, Vaughn",687093,607200,,"foul",,,,,14,,"R","R","R","CWS","LAA","S",,,0,1,2026,"1.41","0.03",0.33602075663704656,1.1583891383940021,,,,2,7,"Top",,,,,,,0.7098337963039919,-118.49898636775237,-3.7858650422759577,13.02379451605036,25.111903578112216,-31.309476162148254,3.301624016,1.666240158,,,,"81.3",2518,"6.4",824608,700337,808959,805367,678246,695657,803011,682668,656537,"54.05",,,,,,,,49,2,"Sweeper",1,1,1,1,1,1,1,1,"Standard","Standard",60,"0.005","-0.063","73.2","8.2",,,"0.063",,0,0,0.571,0.42900000000000005,33,25,33,25,3,2,5,1,6,2,"3.44","-1.41","-1.41","33.2",22.38305000588964,-21.264176519710865,38.49730951960201,37.39481183292403,45.617575256123914
"SI","2026-04-29","93.9","-0.81","6.22","Grissom, Vaughn",687093,607200,,"called_strike",,,,,12,,"R","R","R","CWS","LAA","S",,,0,0,2026,"-0.73","0.91",0.8518842896883966,3.1180954463413233,,,,2,7,"Top",,,,,,,5.924972930856765,-136.70601899915516,-4.199645683189079,-10.399412190248189,29.041664809589474,-20.085433986283615,3.301624016,1.666240158,,,,"94.7",2092,"6.6",824608,700337,808959,805367,678246,695657,803011,682668,656537,"53.86",,,,,,,,49,1,"Sinker",1,1,1,1,1,1,1,1,"Standard","Standard",203,"0.003","-0.044",,,,,"0.044",,0,0,0.568,0.43200000000000005,33,25,33,25,3,2,5,1,6,2,"1.67","0.73","0.73","45.1",,,,,
"FC","2026-04-29","89.2","-1.3","6.05","Grissom, Vaughn",687093,607200,"force_out","hit_into_play",,,,,5,"Vaughn Grissom grounds into a force out, shortstop Colson Montgomery to second baseman Chase Meidroth. Jo Adell out at 2nd.","R","R","R","CWS","LAA","X",6,"ground_ball",0,0,2026,"0.39","0.37",-0.09511550570493044,2.4131692585666555,,624585,666176,2,4,"Top",107.65,159.18,,,,,2.090872165112694,-129.8901280272733,-3.5488575791455013,4.0345735315902145,26.001945153763607,-27.420216765766956,3.301624016,1.666240158,30,"103",-4,"89.9",1902,"6.6",824608,700337,808959,805367,678246,695657,803011,682668,656537,"53.92",0.359,0.323,"0",1,0,0,2,30,1,"Cutter",1,1,1,1,1,1,1,1,"Standard","Standard",174,"0.053","-0.287","76.5","7.0",,0.398,"0.287","103.0",0,0,0.507,0.493,33,25,33,25,2,1,5,1,6,2,"2.48","-0.39","-0.39","39.1",9.290737773486951,-0.5926088402335463,29.960737766747588,33.96513354333581,31.069840476643105
"ST","2026-04-29","80.6","-1.59","5.93","Grissom, Vaughn",687093,607200,"field_out","hit_into_play",,,,,5,"Vaughn Grissom pops out to second baseman Chase Meidroth.","R","R","R","CWS","LAA","X",4,"popup",0,0,2026,"0.92","-0.12",-0.15929705445033449,2.5342545902201565,,,,0,3,"Top",139.59,143.98,,,,,1.3717915455527903,-117.45546070743815,-0.5305143135325533,8.373859768770396,19.391756098141453,-33.38239787830958,3.301624016,1.666240158,152,"82.6",63,"81.5",2362,"6.6",824608,700337,808959,805367,678246,695657,803011,682668,656537,"53.94",0.014,0.019,"0",1,0,0,3,16,1,"Sweeper",0,0,0,0,0,0,0,0,"Standard","Standard",60,"0.025","-0.264","70.6","7.5",,0.024,"0.264","88.0",0,0,0.5,0.5,33,25,33,25,1,0,5,1,6,2,"3.58","-0.92","-0.92","31.8",16.234076091523548,-12.641660242657293,35.82491696979164,33.80891044619294,35.53496089793836
"SI","2026-04-29","96.6","-1.76","5.59","Grissom, Vaughn",687093,622554,"field_out","hit_into_play",,,,,4,"Vaughn Grissom grounds out, third baseman Miguel Vargas to first baseman Munetaka Murakami.","R","R","R","CWS","LAA","X",5,"ground_ball",2,1,2026,"-1.31","0.68",-0.7524940997779861,2.4384277354387565,,666176,,1,10,"Top",95.48,167.8,,,,,5.687034344978127,-140.53810021154507,-4.200541846725568,-18.649137023418344,32.72489155177082,-22.368686821506717,3.301624016,1.666240158,5,"97.5",-24,"96.5",2233,"6.3",824608,700337,808959,805367,678246,695657,803011,671976,672284,"54.18",0.101,0.096,"0",1,0,0,2,71,4,"Sinker",2,2,2,2,2,2,2,2,"Standard","Standard",224,"0.1","-0.272","75.7","6.9",,0.112,"0.272","97.5",0,0,0.605,0.395,31,25,32,25,1,3,1,1,3,2,"1.77","1.31","1.31","27.7",7.5868940915981025,-5.9281529332096365,35.7813792441118,28.20213543008483,27.737173079773846
"SI","2026-04-29","96.9","-1.72","5.54","Grissom, Vaughn",687093,622554,,"foul_tip",,,,,9,,"R","R","R","CWS","LAA","S",,,2,0,2026,"-1.33","0.82",0.5849366547637,1.863700825900038,,666176,,1,10,"Top",,,,,,,9.154588617783334,-140.72743094280128,-5.9303448065514965,-19.7018751078883,31.71845951784112,-20.146609263316723,3.301624016,1.666240158,,,,"96.9",2260,"6.4",824608,700337,808959,805367,678246,695657,803011,671976,672284,"54.12",,,,,,,,71,3,"Sinker",2,2,2,2,2,2,2,2,"Standard","Standard",223,"0.008","-0.041","71.5","7.0",,,"0.041",,0,0,0.597,0.403,31,25,32,25,1,3,1,1,3,2,"1.62","1.33","1.33","27.2",-2.723758323793426,17.237192177984003,38.51704113071131,44.74702420975691,18.813290078147133
"SI","2026-04-29","97","-1.85","5.46","Grissom, Vaughn",687093,622554,,"blocked_ball",,,,,14,,"R","R","R","CWS","LAA","B",,,1,0,2026,"-1.68","0.67",1.357118770828069,0.5335279002312887,,666176,,1,10,"Top",,,,,,,12.372672024954563,-140.2977918222428,-8.808368286636357,-25.181676062267744,35.88430155572056,-21.25132467698785,3.301624016,1.666240158,,,,"96.4",2337,"6.6",824608,700337,808959,805367,678246,695657,803011,671976,672284,"53.92",,,,,,,,71,2,"Sinker",2,2,2,2,2,2,2,2,"Standard","Standard",221,"-0.008","0.026",,,,,"-0.026",,0,0,0.605,0.395,31,25,32,25,1,3,1,1,3,2,"1.81","1.68","1.68","26.0",,,,,
"ST","2026-04-29","84.5","-1.9","5.65","Grissom, Vaughn",687093,622554,,"ball",,,,,11,,"R","R","R","CWS","LAA","B",,,0,0,2026,"0.83","0.69",-1.3120627658376036,4.136883094036712,,666176,,1,10,"Top",,,,,,,-0.34541400096504266,-123.00692556296947,1.6176390275287775,8.50553605809893,25.5954914716006,-25.75704180385372,3.301624016,1.666240158,,,,"84.4",2358,"6.3",824608,700337,808959,805367,678246,695657,803011,671976,672284,"54.17",,,,,,,,71,1,"Sweeper",2,2,2,2,2,2,2,2,"Standard","Standard",89,"-0.004","0.038",,,,,"-0.038",,0,0,0.609,0.391,31,25,32,25,1,3,1,1,3,2,"2.51","-0.83","-0.83","29.0",,,,,
"SV","2026-04-28","82.5","2.83","5.74","Grissom, Vaughn",687093,656794,"strikeout","swinging_strike",,,,,13,"Vaughn Grissom strikes out swinging.","R","R","L","CWS","LAA","S",2,,0,2,2026,"-1.8","-0.64",-0.8533758592130232,1.6820198432449458,,,545361,1,7,"Top",,,,,,,-4.635012726895315,-120.01195162270642,-1.1197189105739405,-16.16805033552537,27.147042191701697,-38.2333945035731,3.301624016,1.666240158,,,,"80.8",2988,"5.6",824610,691011,808959,803011,678246,805367,643217,682668,669720,"54.94",,0,"0",1,0,0,,58,4,"Slurve",4,1,1,4,1,4,1,4,"Standard","Standard",311,"0.019","-0.163","69.5","8.0","0.529745088",,"0.163",,3,-3,0.902,0.09799999999999998,33,25,33,25,1,0,2,1,6,1,"4.03","-1.8","1.8","24.1",14.6361394208705,-16.769879078823955,43.201530471235934,26.113169865806405,29.857308427312805
"SV","2026-04-28","81.4","2.89","5.66","Grissom, Vaughn",687093,656794,,"foul",,,,,8,,"R","R","L","CWS","LAA","S",,,0,2,2026,"-1.64","-0.38",-0.1748144874054669,1.8533950824926748,,,545361,1,7,"Top",,,,,,,-3.5367031161740856,-118.45583606750174,-0.9141009348450175,-14.601148626651185,25.00469048920494,-35.76206858360704,3.301624016,1.666240158,,,,"79.9",2807,"5.5",824610,691011,808959,803011,678246,805367,643217,682668,669720,"55",,,,,,,,58,3,"Slurve",4,1,1,4,1,4,1,4,"Standard","Standard",314,"0","0","68.3","6.8",,,"0",,3,-3,0.902,0.09799999999999998,33,25,33,25,1,0,2,1,6,1,"3.85","-1.64","1.64","21.4",-0.7164665440975521,12.52584521232746,39.8723364995915,34.322763387275074,17.634792094328144
"SI","2026-04-28","90.9","2.71","5.89","Grissom, Vaughn",687093,656794,,"called_strike",,,,,14,,"R","R","L","CWS","LAA","S",,,0,1,2026,"1.43","0.13",0.19569999815200934,1.4682224868090419,,,545361,1,7,"Top",,,,,,,-9.207540544423088,-131.9966614546946,-5.140776358728696,18.702455350114185,27.197944871067335,-29.777484274948343,3.301624016,1.666240158,,,,"89.9",2186,"5.7",824610,691011,808959,803011,678246,805367,643217,682668,669720,"54.8",,,,,,,,58,2,"Sinker",4,1,1,4,1,4,1,4,"Standard","Standard",128,"0.007","-0.054",,,,,"0.054",,3,-3,0.895,0.10499999999999998,33,25,33,25,1,0,2,1,6,1,"2.64","1.43","-1.43","24.1",,,,,
"FF","2026-04-28","94.1","2.46","6.23","Grissom, Vaughn",687093,656794,,"called_strike",,,,,5,,"R","R","L","CWS","LAA","S",,,0,0,2026,"0.78","1.2",-0.123279461699076,2.6022274888412644,,,545361,1,7,"Top",,,,,,,-8.257974644567218,-136.68014546092266,-6.044765258870843,11.676810820505926,32.62582043130959,-15.959372618039037,3.301624016,1.666240158,,,,"92.6",2176,"5.7",824610,691011,808959,803011,678246,805367,643217,682668,669720,"54.82",,,,,,,,58,1,"4-Seam Fastball",4,1,1,4,1,4,1,4,"Standard","Standard",130,"0.005","-0.041",,,,,"0.041",,3,-3,0.89,0.10999999999999999,33,25,33,25,1,0,2,1,6,1,"1.4","0.78","-0.78","38.2",,,,,
"ST","2026-04-28","83.3","-1.85","5.61","Grissom, Vaughn",687093,622554,"grounded_into_double_play","hit_into_play",,,,,5,"Vaughn Grissom grounds into a double play, shortstop Chase Meidroth to second baseman Sam Antonacci to first baseman Munetaka Murakami. Mike Trout out at 2nd. Vaughn Grissom out at 1st.","R","R","R","CWS","LAA","X",6,"ground_ball",0,1,2026,"1.04","0.54",-0.12385779392733909,2.3491383947045077,,,545361,1,9,"Top",107.22,157.26,,,,,1.8357325000393176,-121.45529176210546,-1.9665714314957181,9.989575487419762,22.586784702004444,-26.67381372847806,3.301624016,1.666240158,33,"94.8",-2,"84",2453,"6.5",824610,691011,808959,803011,678246,805367,669720,682668,656537,"53.99",0.309,0.278,"0",1,0,0,2,78,2,"Sweeper",5,2,2,5,2,5,2,5,"Standard","Standard",68,"0.033","-0.28","66.0","6.7",,0.342,"0.28","94.8",3,-3,0.967,0.03300000000000003,31,25,32,25,1,1,2,1,1,1,"2.72","-1.04","-1.04","28.4",5.329095073302003,1.7972477460650176,37.23271475303921,34.27358196801477,28.140817723007316
"ST","2026-04-28","86.1","-1.71","5.64","Grissom, Vaughn",687093,622554,,"swinging_strike",,,,,14,,"R","R","R","CWS","LAA","S",,,0,0,2026,"0.62","0.31",0.7464133008038658,1.3115271424272827,,,545361,1,9,"Top",,,,,,,4.501639250135463,-125.3352471498627,-4.495639763031493,5.693981317127357,23.140632846535343,-28.28819822071808,3.301624016,1.666240158,,,,"86.7",2344,"6.4",824610,691011,808959,803011,678246,805367,669720,682668,656537,"54.06",,,,,,,,78,1,"Sweeper",5,2,2,5,2,5,2,5,"Standard","Standard",83,"0.004","-0.041","71.4","8.5","14.3317677",,"0.041",,3,-3,0.963,0.03700000000000003,31,25,32,25,1,1,2,1,1,1,"2.75","-0.62","-0.62","32.4",30.587238442621402,-38.969830781453346,36.05445325061794,44.25879623048207,58.343745575229576
"FF","2026-04-27","94.2","1.88","6.04","Grissom, Vaughn",687093,641743,"sac_fly","hit_into_play",,,,,6,"Vaughn Grissom out on a sacrifice fly to center fielder Tristan Peters. Travis d'Arnaud scores.","R","R","L","CWS","LAA","X",8,"fly_ball",2,1,2026,"0.52","1.21",0.7891235270978925,2.4633084614260254,518595,669326,545361,1,4,"Top",173.89,60.45,,,,,-3.945469821507914,-137.0671714651609,-6.11618555869941,7.462797984160202,28.501360395442514,-15.714850823853462,3.301624016,1.666240158,362,"102",24,"93.9",2254,"6",824609,700337,808959,805367,678246,695657,803011,671976,677592,"54.49",,1.02,"0",1,0,0,6,32,4,"4-Seam Fastball",0,3,3,0,4,0,4,0,"Standard","Standard",144,"-0.001","-0.217","72.2","7.1",,,"0.217","102.0",-3,3,0.127,0.873,31,25,31,25,3,2,5,2,6,1,"1.34","0.52","-0.52","41.6",11.236475904665193,14.414199007661807,29.5081471861724,43.901370069688376,25.62818281720042
"SI","2026-04-27","94","2.13","5.81","Grissom, Vaughn",687093,641743,,"called_strike",,,,,9,,"R","R","L","CWS","LAA","S",,,2,0,2026,"1.7","0.16",0.5450846543651315,1.6399166972135935,518595,669326,545361,1,4,"Top",,,,,,,-7.810351191352847,-136.49976908041253,-5.090097328513693,23.040972538562475,32.150381081906716,-29.207514103695754,3.301624016,1.666240158,,,,"92.7",2278,"5.8",824609,700337,808959,805367,678246,695657,803011,671976,677592,"54.71",,,,,,,,32,3,"Sinker",0,3,3,0,3,0,3,0,"Standard","Standard",139,"0.009","-0.062",,,,,"0.062",,-3,3,0.118,0.882,31,25,31,25,3,2,5,2,6,1,"2.45","1.7","-1.7","37.4",,,,,
"FC","2026-04-27","90.7","2.05","5.91","Grissom, Vaughn",687093,641743,,"ball",,,,,13,,"R","R","L","CWS","LAA","B",,,1,0,2026,"-0.23","0.56",-0.5785840163069785,1.2189974581886571,518595,669326,545361,1,4,"Top",,,,,,,-5.964491523665422,-132.00297412621728,-6.773439554956219,-1.4869062271238676,25.78813766425584,-24.468339053408883,3.301624016,1.666240158,,,,"90.4",2357,"5.9",824609,700337,808959,805367,678246,695657,803011,671976,677592,"54.57",,,,,,,,32,2,"Cutter",0,3,3,0,3,0,3,0,"Standard","Standard",160,"-0.009","0.069",,,,,"-0.069",,-3,3,0.127,0.873,31,25,31,25,3,2,5,2,6,1,"2.19","-0.23","0.23","35.6",,,,,
"ST","2026-04-27","82.8","2.41","5.65","Grissom, Vaughn",687093,641743,,"ball",,,,,13,,"R","R","L","CWS","LAA","B",,,0,0,2026,"-0.81","0.5",-1.5086036213745357,2.375477861948296,518595,669326,545361,1,4,"Top",,,,,,,-7.145086906066455,-120.51917292768138,-1.7861077397721816,-6.579676294934763,23.036619773239593,-27.131234439995307,3.301624016,1.666240158,,,,"82",2582,"5.7",824609,700337,808959,805367,678246,695657,803011,671976,677592,"54.8",,,,,,,,32,1,"Sweeper",0,3,3,0,3,0,3,0,"Standard","Standard",300,"-0.005","0.029",,,,,"-0.029",,-3,3,0.132,0.868,31,25,31,25,3,2,5,2,6,1,"2.82","-0.81","0.81","32.4",,,,,
"CH","2026-04-27","86","2.29","5.63","Grissom, Vaughn",687093,641743,"force_out","hit_into_play",,,,,14,"Vaughn Grissom grounds into a force out, third baseman Miguel Vargas to second baseman Chase Meidroth. Mike Trout out at 2nd.","R","R","L","CWS","LAA","X",5,"ground_ball",2,1,2026,"1.26","0.24",0.26503500954845904,1.5255729390572337,,687263,545361,2,2,"Top",100.81,166.73,,,,,-7.298313793986531,-125.11641592923115,-3.7879244296934003,14.658118931196196,23.262473988812815,-29.117718826214784,3.301624016,1.666240158,29,"87.2",-2,"86",1607,"6.2",824609,700337,808959,805367,678246,695657,803011,671976,677592,"54.35",0.221,0.208,"0",1,0,0,2,17,4,"Changeup",0,3,3,0,3,0,3,0,"Standard","Standard",126,"0.029","-0.299","74.9","7.9",,0.248,"0.299","88.0",-3,3,0.224,0.776,31,25,31,25,2,1,5,2,6,1,"2.82","1.26","-1.26","31.0",11.948697906217655,-5.936892774286598,40.59846044702301,38.30939490262794,36.40439790299926
"CH","2026-04-27","85.5","2.34","5.68","Grissom, Vaughn",687093,641743,,"blocked_ball",,,,,14,,"R","R","L","CWS","LAA","B",,,1,1,2026,"1.6","0.18",0.5929533198197883,0.7138641935144374,,687263,545361,2,2,"Top",,,,,,,-7.279941179017377,-124.31271096508718,-5.51540047518863,18.07489828372524,24.477949604703994,-29.366550458688298,3.301624016,1.666240158,,,,"85",1577,"6",824609,700337,808959,805367,678246,695657,803011,671976,677592,"54.55",,,,,,,,17,3,"Changeup",0,3,3,0,3,0,3,0,"Standard","Standard",124,"-0.003","0.029",,,,,"-0.029",,-3,3,0.227,0.773,31,25,31,25,2,1,5,2,6,1,"2.94","1.6","-1.6","31.5",,,,,
"FC","2026-04-27","89.9","2.05","6.03","Grissom, Vaughn",687093,641743,,"called_strike",,,,,1,,"R","R","L","CWS","LAA","S",,,1,0,2026,"-0.05","0.41",-0.3575359314257963,3.285896314007031,,687263,545361,2,2,"Top",,,,,,,-5.738971869813957,-130.88560070318823,-1.551485424937091,0.5549623600040879,26.36242105874587,-27.32066731211679,3.301624016,1.666240158,,,,"89.5",2346,"5.9",824609,700337,808959,805367,678246,695657,803011,671976,677592,"54.57",,,,,,,,17,2,"Cutter",0,3,3,0,3,0,3,0,"Standard","Standard",166,"0.003","-0.045",,,,,"0.045",,-3,3,0.224,0.776,31,25,31,25,2,1,5,2,6,1,"2.4","-0.05","0.05","40.0",,,,,
"FC","2026-04-27","90.4","1.96","6.08","Grissom, Vaughn",687093,641743,,"ball",,,,,13,,"R","R","L","CWS","LAA","B",,,0,0,2026,"-0.07","0.34",-1.0621453707462156,2.0512824826275438,,687263,545361,2,2,"Top",,,,,,,-7.230838535256796,-131.53318001745453,-4.582528303772571,0.7047412793141941,27.369574690407163,-27.413046151182666,3.301624016,1.666240158,,,,"89.8",2344,"5.9",824609,700337,808959,805367,678246,695657,803011,671976,677592,"54.64",,,,,,,,17,1,"Cutter",0,3,3,0,3,0,3,0,"Standard","Standard",176,"-0.002","0.028",,,,,"-0.028",,-3,3,0.226,0.774,31,25,31,25,2,1,5,2,6,1,"2.44","-0.07","0.07","43.3",,,,,
"ST","2026-04-27","87.3","-2.13","6.04","Grissom, Vaughn",687093,674370,"field_out","hit_into_play",,,,,6,"Vaughn Grissom lines out sharply to center fielder Tristan Peters.","R","R","R","CWS","LAA","X",8,"line_drive",1,2,2026,"1.04","-0.06",0.5318755188824166,2.7700926127164602,,,,1,7,"Top",147.21,81.38,,,,,4.13156725923447,-126.9950462176408,-1.324105546756913,10.204972327405937,28.370520418542025,-32.733643330845915,3.301624016,1.666240158,298,"102",16,"86.8",2547,"6.2",824609,700337,808959,805367,678246,695657,803011,671976,677592,"54.33",0.54,0.581,"0",1,0,0,4,53,4,"Sweeper",1,4,4,1,4,1,4,1,"Standard","Standard",81,"0.005","-0.183",,,,0.831,"0.183","102.0",-3,3,0.118,0.882,30,25,31,25,1,3,2,2,4,1,"3.07","-1.04","-1.04","32.0",,,,,
"ST","2026-04-27","85.8","-1.97","6","Grissom, Vaughn",687093,674370,,"ball",,,,,14,,"R","R","R","CWS","LAA","B",,,0,2,2026,"0.7","0.23",1.810479787949583,1.3757893370531753,,,,1,7,"Top",,,,,,,7.372634153861348,-124.77627147401941,-4.907071614910523,5.903789869288074,24.138171445968123,-28.98016323469891,3.301624016,1.666240158,,,,"85.8",2716,"6.2",824609,700337,808959,805367,678246,695657,803011,671976,677592,"54.29",,,,,,,,53,3,"Sweeper",1,4,4,1,4,1,4,1,"Standard","Standard",69,"-0.001","0.018",,,,,"-0.018",,-3,3,0.119,0.881,30,25,31,25,1,3,2,2,4,1,"2.86","-0.7","-0.7","33.6",,,,,
"SI","2026-04-27","94.9","-2.18","5.74","Grissom, Vaughn",687093,674370,,"called_strike",,,,,14,,"R","R","R","CWS","LAA","S",,,0,1,2026,"-1.33","0.46",0.323620423855548,1.3830492949182385,,,,1,7,"Top",,,,,,,9.511639333014822,-137.8448002705614,-6.550502065773104,-19.039218866815844,30.24504376631151,-25.046602938451112,3.301624016,1.666240158,,,,"95.3",2376,"6.6",824609,700337,808959,805367,678246,695657,803011,671976,677592,"53.93",,,,,,,,53,2,"Sinker",1,4,4,1,4,1,4,1,"Standard","Standard",228,"0.002","-0.057",,,,,"0.057",,-3,3,0.117,0.883,30,25,31,25,1,3,2,2,4,1,"2.08","1.33","1.33","26.2",,,,,
"SI","2026-04-27","94.1","-2.02","5.75","Grissom, Vaughn",687093,674370,,"called_strike",,,,,9,,"R","R","R","CWS","LAA","S",,,0,0,2026,"-1.3","0.43",0.6584643335119231,1.7558010917783387,,,,1,7,"Top",,,,,,,9.861729933875642,-136.6376692128381,-5.397105449533563,-18.427299480007918,30.578634453940744,-25.79865285629121,3.301624016,1.666240158,,,,"94.7",2414,"6.8",824609,700337,808959,805367,678246,695657,803011,671976,677592,"53.7",,,,,,,,53,1,"Sinker",1,4,4,1,4,1,4,1,"Standard","Standard",219,"0.001","-0.042",,,,,"0.042",,-3,3,0.116,0.884,30,25,31,25,1,3,2,2,4,1,"2.16","1.3","1.3","27.8",,,,,
"SL","2026-04-27","89.5","-1.12","5.85","Grissom, Vaughn",687093,691799,"double","hit_into_play",,,,,6,"Vaughn Grissom doubles (4) on a fly ball to center fielder Tristan Peters. Mike Trout to 3rd.","R","R","R","CWS","LAA","X",8,"fly_ball",1,2,2026,"1.15","0.16",0.3256313140967747,2.6719369179380092,,,545361,0,9,"Top",90.9,56.23,,,,,1.0678623620969325,-130.40619369727963,-2.0425475596926628,12.94023290810854,25.910662653871704,-30.111728512529886,3.301624016,1.666240158,355,"97.6",34,"90.8",2680,"6.9",824609,700337,808959,805367,678246,695657,803011,671976,677592,"53.61",0.254,0.502,"1.25",1,1,1,5,75,4,"Slider",8,5,5,8,5,8,5,8,"Standard","Standard",40,"-0.117","0.854","74.2","7.5",,0.953,"-0.854","97.6",3,-3,0.936,0.06399999999999995,24,25,24,25,1,4,2,2,5,1,"2.66","-1.15","-1.15","51.5",19.83276444134996,-7.485893587411989,30.268737529045126,37.478161720594834,33.318893082799185
"SI","2026-04-27","97.4","-0.85","5.87","Grissom, Vaughn",687093,691799,,"called_strike",,,,,9,,"R","R","R","CWS","LAA","S",,,1,1,2026,"-0.9","0.92",0.3978944998403432,1.6928111691741856,,,545361,0,9,"Top",,,,,,,5.520449205570298,-141.66765981333796,-7.7677126657618185,-13.393487119848363,30.74001646397599,-18.221831278130363,3.301624016,1.666240158,,,,"99.5",2221,"7.4",824609,700337,808959,805367,678246,695657,803011,671976,677592,"53.14",,,,,,,,75,3,"Sinker",8,5,5,8,5,8,5,8,"Standard","Standard",205,"0.009","-0.058",,,,,"0.058",,3,-3,0.927,0.07299999999999995,24,25,24,25,1,4,2,2,5,1,"1.47","0.9","0.9","54.7",,,,,
"SL","2026-04-27","86.8","-1.04","5.82","Grissom, Vaughn",687093,691799,,"ball",,,,,12,,"R","R","R","CWS","LAA","B",,,0,1,2026,"1.02","0.26",1.2216775435243767,3.0972893254433798,,,545361,0,9,"Top",,,,,,,3.2706022056310675,-126.39439728025113,-0.694493802592696,10.25194600677601,25.522894396997824,-29.427661423792763,3.301624016,1.666240158,,,,"88",2618,"7",824609,700337,808959,805367,678246,695657,803011,671976,677592,"53.49",,,,,,,,75,2,"Slider",8,5,5,8,5,8,5,8,"Standard","Standard",58,"-0.004","0.025",,,,,"-0.025",,3,-3,0.931,0.06899999999999995,24,25,24,25,1,4,2,2,5,1,"2.76","-1.02","-1.02","51.0",,,,,
"SI","2026-04-27","98.4","-1","5.92","Grissom, Vaughn",687093,691799,,"foul",,,,,1,,"R","R","R","CWS","LAA","S",,,0,0,2026,"-0.88","0.87",-0.3226252378854939,3.3530251150786077,,,545361,0,9,"Top",,,,,,,3.946952975786505,-143.43031869229335,-3.5076177782432385,-13.062364970708193,29.36757742696986,-19.492146551425257,3.301624016,1.666240158,192,"80.1",61,"100.5",2103,"7.1",824609,700337,808959,805367,678246,695657,803011,671976,677592,"53.4",,,,,,,,75,1,"Sinker",8,5,5,8,5,8,5,8,"Standard","Standard",207,"0.006","-0.043","61.4","6.0",,,"0.043","88.0",3,-3,0.925,0.07499999999999996,24,25,24,25,1,4,2,2,5,1,"1.45","0.88","0.88","51.3",0.6215564367431217,12.199575156318774,26.721866599638005,32.79253855930959,21.81203092937325
"FC","2026-04-27","91.5","1.92","6.07","Grissom, Vaughn",687093,641743,"single","hit_into_play",,,,,1,"Vaughn Grissom singles on a fly ball to first baseman Munetaka Murakami. Mike Trout to 3rd.","R","R","L","CWS","LAA","X",3,"fly_ball",0,1,2026,"0.06","0.55",-0.43352746156208616,2.8507657563724864,,545361,,1,1,"Top",181.4,142.28,,,,,-5.934454790098565,-133.33458312790148,-3.3383788957766827,1.7572963206961894,23.83131635530448,-25.126917475460036,3.301624016,1.666240158,190,"69.8",53,"91.5",2459,"5.9",824609,700337,808959,805367,678246,695657,803011,671976,677592,"54.64",0.1,0.094,"0.9",1,1,0,3,3,2,"Cutter",0,0,0,0,0,0,0,0,"Standard","Standard",180,"-0.051","0.594","68.0","6.5",,0.13,"-0.594","88.0",0,0,0.486,0.514,31,25,31,25,1,0,5,2,6,1,"2.13","0.06","-0.06","38.8",2.5143887438388712,3.1803680909511534,34.39992705970382,30.34903240007722,24.122727409522238
"SI","2026-04-27","95.9","2.11","5.86","Grissom, Vaughn",687093,641743,,"called_strike",,,,,3,,"R","R","L","CWS","LAA","S",,,0,0,2026,"1.35","0.6",0.7004572942227334,2.9094745937559683,,545361,,1,1,"Top",,,,,,,-6.719418613620865,-139.6316211102446,-3.44432222846475,19.16208882058228,27.8557885632724,-23.67479722041863,3.301624016,1.666240158,,,,"95.6",2231,"5.8",824609,700337,808959,805367,678246,695657,803011,671976,677592,"54.66",,,,,,,,3,1,"Sinker",0,0,0,0,0,0,0,0,"Standard","Standard",140,"0.005","-0.046",,,,,"0.046",,0,0,0.481,0.519,31,25,31,25,1,0,5,2,6,1,"1.85","1.35","-1.35","33.9",,,,,
"FF","2026-04-25","95.7","1.04","6.38","Grissom, Vaughn",687093,666142,"double","hit_into_play",,,,,2,"Vaughn Grissom doubles (3) on a sharp line drive to left fielder Isaac Collins.","R","R","L","KC","LAA","X",7,"line_drive",1,0,2026,"1.25","1.57",-0.05502829182721758,2.9174045486035176,,,,2,4,"Top",65.53,71.14,,,,,-5.700041821721189,-138.9436933724431,-6.749867949367476,17.447680547387808,37.24121077766183,-10.567056487461818,3.301624016,1.666240158,349,"103.1",20,"94.4",2619,"6.1",824121,695600,686469,686681,679845,677951,686555,664728,695506,"54.37",0.543,0.713,"1.25",1,1,1,5,33,2,"4-Seam Fastball",4,1,1,4,1,4,1,4,"Standard","Standard",138,"-0.018","0.509","70.2","7.1",,1.169,"-0.509","103.1",3,-3,0.85,0.15000000000000002,28,25,29,25,2,1,6,1,6,2,"0.97","1.25","-1.25","44.1",11.666778476186252,-2.1589951155036298,31.32935096363137,35.09987412599716,29.60692435328233
"KC","2026-04-25","78.4","1.31","6.33","Grissom, Vaughn",687093,666142,,"ball",,,,,13,,"R","R","L","KC","LAA","B",,,0,0,2026,"-0.78","-1.3",-0.8270196001263012,0.8610133037775629,,,,2,4,"Top",,,,,,,-3.066922139141568,-113.93911571162151,-1.9583726625752438,-5.8414301824110915,28.22167435923061,-42.99039614828876,3.301624016,1.666240158,,,,"76.8",2688,"6",824121,695600,686469,686681,679845,677951,686555,664728,695506,"54.46",,,,,,,,33,1,"Knuckle Curve",4,1,1,4,1,4,1,4,"Standard","Standard",337,"-0.001","0.041",,,,,"-0.041",,3,-3,0.851,0.14900000000000002,28,25,29,25,2,1,6,1,6,2,"5.13","-0.78","0.78","45.0",,,,,
"CH","2026-04-25","83.2","1.18","6.21","Grissom, Vaughn",687093,666142,"single","hit_into_play",,,,,14,"Angels challenged (play at 1st), call on the field was overturned: Vaughn Grissom singles on a ground ball to second baseman Michael Massey. Oswald Peraza to 2nd.","R","R","L","KC","LAA","X",4,"ground_ball",0,2,2026,"1.54","0.96",1.1443295671855351,1.2705735824724564,,,672724,1,2,"Top",141.66,172.32,,,,,-3.139087766540262,-120.96463715720833,-6.461523312778035,15.720441481867544,24.438202101205377,-21.70107788913447,3.301624016,1.666240158,2,"59.7",-34,"82.8",2136,"6.1",824121,695600,686469,686681,679845,677951,686555,664728,695506,"54.36",0.098,0.091,"0.9",1,1,0,2,9,3,"Changeup",0,0,0,0,0,0,0,0,"Standard","Standard",125,"-0.051","0.503","56.8","8.0",,0.103,"-0.503","88.0",0,0,0.509,0.491,28,25,29,25,1,0,6,1,6,2,"2.35","1.54","-1.54","41.5",14.197759605570418,-2.7268861439661904,39.957198466428466,49.139035234515525,31.585464014029128
"CH","2026-04-25","84.5","1.36","6.31","Grissom, Vaughn",687093,666142,,"foul",,,,,14,,"R","R","L","KC","LAA","S",,,0,1,2026,"1.32","0.97",1.0448978803856008,1.6830310370783523,,,672724,1,2,"Top",,,,,,,-3.3978781595477465,-122.83664384842893,-6.048295460524623,14.000625726267502,26.002126067604106,-21.390268033411328,3.301624016,1.666240158,1,"43.9",-62,"84",2085,"6.2",824121,695600,686469,686681,679845,677951,686555,664728,695506,"54.31",,,,,,,,9,2,"Changeup",0,0,0,0,0,0,0,0,"Standard","Standard",123,"0.007","-0.054","60.9","7.7",,,"0.054","88.0",0,0,0.502,0.498,28,25,29,25,1,0,6,1,6,2,"2.25","1.32","-1.32","40.9",18.929203191592844,0.4172347444247933,36.62664144912615,48.38323528194472,34.47849509640305
"FF","2026-04-25","95.6","1.28","6.4","Grissom, Vaughn",687093,666142,,"called_strike",,,,,5,,"R","R","L","KC","LAA","S",,,0,0,2026,"1.23","1.51",0.03011757009862559,2.631737673506022,,,672724,1,2,"Top",,,,,,,-6.044080853208968,-138.94407256517042,-7.463704975180856,17.298317920633252,33.570796186378885,-11.059238260465627,3.301624016,1.666240158,,,,"94.8",2611,"6.1",824121,695600,686469,686681,679845,677951,686555,664728,695506,"54.41",,,,,,,,9,1,"4-Seam Fastball",0,0,0,0,0,0,0,0,"Standard","Standard",141,"0.005","-0.041",,,,,"0.041",,0,0,0.497,0.503,28,25,29,25,1,0,6,1,6,2,"1","1.23","-1.23","44.2",,,,,
"SI","2026-04-25","93.8","-2.89","5.17","Grissom, Vaughn",687093,696131,"single","hit_into_play",,,,,13,"Vaughn Grissom singles on a line drive to left fielder Isaac Collins. Yoán Moncada to 2nd.","R","R","R","KC","LAA","X",7,"line_drive",0,0,2026,"-1.19","0.69",-0.9564015461437136,2.4133043777590917,,,660162,1,9,"Top",86.49,95.19,,,,,7.668108231103292,-136.51905543054144,-2.812736476218877,-16.487051922712062,28.103540552141634,-23.110218244658963,3.301624016,1.666240158,221,"87.2",15,"94.7",2077,"6.7",824121,695600,686469,686681,679845,677951,686555,664728,695506,"53.84",0.986,0.927,"0.9",1,1,0,4,81,1,"Sinker",12,1,1,12,1,12,1,12,"Standard","Standard",232,"0","0.408","74.0","6.9",,1.112,"-0.408","88.0",11,-11,0.999,0.0010000000000000009,26,25,27,25,1,3,3,1,4,2,"1.89","1.19","1.19","31.4",18.876928577617495,1.012786326810367,27.587348123419172,26.188804369155154,31.477001192175827
"FF","2026-04-25","94.3","1.67","6.19","Grissom, Vaughn",687093,663738,"field_out","hit_into_play",,,,,5,"Vaughn Grissom flies out to center fielder Kyle Isbel.","R","R","L","KC","LAA","X",8,"fly_ball",2,1,2026,"0.38","1.47",-0.14451485078245124,2.7630130755392823,,,,0,7,"Top",143.82,61.6,,,,,-5.493309373940095,-137.09720964014969,-6.320434231847755,5.9407813823734195,30.036216702405238,-12.434349494867082,3.301624016,1.666240158,343,"94.7",39,"94.3",2381,"6.3",824121,695600,686469,686681,679845,677951,686555,664728,695506,"54.2",0.06,0.109,"0",1,0,0,3,55,4,"4-Seam Fastball",5,1,1,5,1,5,1,5,"Standard","Standard",152,"0.018","-0.314","73.0","7.0",,0.211,"0.314","94.7",4,-4,0.938,0.062000000000000055,29,25,30,25,1,2,1,1,3,2,"1.1","0.38","-0.38","46.8",10.485747257374202,2.284272644832047,34.08171713346948,32.87493973758185,26.245144781629087
"FF","2026-04-25","93.9","1.72","5.99","Grissom, Vaughn",687093,663738,,"called_strike",,,,,8,,"R","R","L","KC","LAA","S",,,2,0,2026,"0.68","1.39",-0.08599453793381706,1.8489648037127107,,,,0,7,"Top",,,,,,,-6.155794466897806,-136.46732337651557,-7.894862961524875,9.823603452695641,30.569140594253295,-13.24679296813397,3.301624016,1.666240158,,,,"94.1",2368,"6.5",824121,695600,686469,686681,679845,677951,686555,664728,695506,"53.98",,,,,,,,55,3,"4-Seam Fastball",5,1,1,5,1,5,1,5,"Standard","Standard",133,"0.006","-0.077",,,,,"0.077",,4,-4,0.932,0.06799999999999995,29,25,30,25,1,2,1,1,3,2,"1.21","0.68","-0.68","45.6",,,,,
"FF","2026-04-25","94","1.65","6.18","Grissom, Vaughn",687093,663738,,"ball",,,,,11,,"R","R","L","KC","LAA","B",,,1,0,2026,"0.45","1.5",-0.18962205023614692,3.931363221407925,,,,0,7,"Top",,,,,,,-5.739781576151986,-136.8166937724666,-3.313706463075358,6.931390476718951,31.08015030786105,-12.784691676263794,3.301624016,1.666240158,,,,"94.1",2341,"6.4",824121,695600,686469,686681,679845,677951,686555,664728,695506,"54.07",,,,,,,,55,2,"4-Seam Fastball",5,1,1,5,1,5,1,5,"Standard","Standard",147,"-0.006","0.084",,,,,"-0.084",,4,-4,0.938,0.062000000000000055,29,25,30,25,1,2,1,1,3,2,"1.08","0.45","-0.45","46.0",,,,,
"CH","2026-04-25","85.1","2.05","5.96","Grissom, Vaughn",687093,663738,,"ball",,,,,12,,"R","R","L","KC","LAA","B",,,0,0,2026,"1.26","0.31",0.8504639907791591,3.3489589873420704,,,,0,7,"Top",,,,,,,-5.337534829825316,-123.93631158984746,-0.2601888765790299,14.002780640448414,24.38026087182571,-29.16962398981797,3.301624016,1.666240158,,,,"85.1",1593,"6.2",824121,695600,686469,686681,679845,677951,686555,664728,695506,"54.28",,,,,,,,55,1,"Changeup",5,1,1,5,1,5,1,5,"Standard","Standard",124,"-0.003","0.044",,,,,"-0.044",,4,-4,0.941,0.05900000000000005,29,25,30,25,1,2,1,1,3,2,"2.83","1.26","-1.26","37.6",,,,,
"SL","2026-04-24","84.6","1.04","6.24","Grissom, Vaughn",687093,702070,"double","hit_into_play",,,,,8,"Vaughn Grissom doubles (2) on a ground ball to left fielder Isaac Collins.","R","R","L","KC","LAA","X",7,"ground_ball",1,1,2026,"-0.01","0.11",-0.1144053272949248,2.047856788265493,,,,1,7,"Top",37,103,,,,,-2.6273960327285724,-123.2247492556955,-3.4290588478965507,0.38478646654097237,23.940354807033938,-30.559626149561808,3.301624016,1.666240158,31,"100.1",-2,"84.4",2506,"6.1",824124,553869,521692,686681,679845,677951,686555,657041,516782,"54.42",0.317,0.298,"1.25",1,1,1,2,52,3,"Slider",5,0,0,5,0,5,0,5,"Standard","Standard",191,"-0.014","0.649","72.8","7.7",,0.363,"-0.649","100.1",5,-5,0.978,0.02200000000000002,26,25,27,25,3,2,6,2,6,1,"3.06","-0.01","0.01","57.1",10.621494152712776,-12.091911455484322,37.77847539278879,32.94144819822114,36.82607928664666
"CH","2026-04-24","82.1","1.62","5.98","Grissom, Vaughn",687093,702070,,"ball",,,,,13,,"R","R","L","KC","LAA","B",,,0,1,2026,"1.06","0.64",-0.5531237657565096,0.7710203442769474,,,,1,7,"Top",,,,,,,-6.8886907231797885,-119.32791120195246,-6.231997796617409,11.401680990771348,21.830219530012887,-25.023454813937597,3.301624016,1.666240158,,,,"81.8",1400,"6",824124,553869,521692,686681,679845,677951,686555,657041,516782,"54.45",,,,,,,,52,2,"Changeup",5,0,0,5,0,5,0,5,"Standard","Standard",95,"-0.001","0.035",,,,,"-0.035",,5,-5,0.979,0.02100000000000002,26,25,27,25,3,2,6,2,6,1,"2.73","1.06","-1.06","39.5",,,,,
"SL","2026-04-24","83.7","0.92","6.28","Grissom, Vaughn",687093,702070,,"called_strike",,,,,7,,"R","R","L","KC","LAA","S",,,0,0,2026,"-0.43","0.18",-0.4954125734838131,1.6640247318038646,,,,1,7,"Top",,,,,,,-2.3396341058519923,-121.90501542710852,-4.340959158191271,-3.8506434033037795,24.239946384171816,-29.755755877981024,3.301624016,1.666240158,,,,"83.5",2436,"6.2",824124,553869,521692,686681,679845,677951,686555,657041,516782,"54.34",,,,,,,,52,1,"Slider",5,0,0,5,0,5,0,5,"Standard","Standard",198,"0.001","-0.042",,,,,"0.042",,5,-5,0.978,0.02200000000000002,26,25,27,25,3,2,6,2,6,1,"3.07","-0.43","0.43","55.8",,,,,
"FF","2026-04-24","90.5","0.95","6.24","Grissom, Vaughn",687093,702070,"double","hit_into_play",,,,,3,"Vaughn Grissom doubles (1) on a sharp line drive to center fielder Lane Thomas.","R","R","L","KC","LAA","X",8,"line_drive",2,1,2026,"0.49","1.32",0.35096299187446445,3.3776300699328194,,,,0,5,"Top",91.05,39.79,,,,,-2.5295993286874743,-131.71154317568678,-3.8612081840703265,6.228793974313201,28.09869375165477,-16.184642641358636,3.301624016,1.666240158,376,"107.2",20,"90.1",2259,"6",824124,553869,521692,686681,679845,677951,686555,657041,516782,"54.46",0.737,1.074,"1.25",1,1,1,6,35,4,"4-Seam Fastball",5,0,0,5,0,5,0,5,"Standard","Standard",149,"-0.029","0.672","72.1","6.9",,1.831,"-0.672","107.2",5,-5,0.934,0.06599999999999995,26,25,27,25,2,1,6,2,6,1,"1.46","0.49","-0.49","49.0",14.181473778056311,5.603189501540706,24.834643476846253,37.480106605052626,31.61423497703405
"CU","2026-04-24","79.8","1.12","6.29","Grissom, Vaughn",687093,702070,,"ball",,,,,14,,"R","R","L","KC","LAA","B",,,1,1,2026,"-0.14","-0.85",0.017827644415344526,0.7393484007975393,,,,0,5,"Top",,,,,,,-2.1257266942149378,-116.20011008261969,-3.540575072724626,-0.887702484878204,22.944865629515206,-39.35668257601448,3.301624016,1.666240158,,,,"79.7",2313,"6.3",824124,553869,521692,686681,679845,677951,686555,657041,516782,"54.18",,,,,,,,35,3,"Curveball",5,0,0,5,0,5,0,5,"Standard","Standard",339,"-0.003","0.064",,,,,"-0.064",,5,-5,0.937,0.06299999999999994,26,25,27,25,2,1,6,2,6,1,"4.44","-0.14","0.14","59.5",,,,,
"FF","2026-04-24","90.2","0.95","6.1","Grissom, Vaughn",687093,702070,,"called_strike",,,,,8,,"R","R","L","KC","LAA","S",,,1,0,2026,"0.3","1.58",-0.26946633481627585,1.9467194393345222,,,,0,5,"Top",,,,,,,-3.635729604712316,-131.0721458433308,-7.432399626303874,4.318037226721277,31.424000348649884,-12.645982556171885,3.301624016,1.666240158,,,,"89.6",2354,"6.3",824124,553869,521692,686681,679845,677951,686555,657041,516782,"54.18",,,,,,,,35,2,"4-Seam Fastball",5,0,0,5,0,5,0,5,"Standard","Standard",150,"0.003","-0.058",,,,,"0.058",,5,-5,0.934,0.06599999999999995,26,25,27,25,2,1,6,2,6,1,"1.27","0.3","-0.3","54.2",,,,,
"FF","2026-04-24","89","1.24","6.23","Grissom, Vaughn",687093,702070,,"ball",,,,,12,,"R","R","L","KC","LAA","B",,,0,0,2026,"0.18","1.53",0.414342868435832,4.580995559580926,,,,0,5,"Top",,,,,,,-2.3851386058148667,-129.57178076160037,-1.0349470932033056,2.5968939418693986,31.47029973202691,-15.128778098051987,3.301624016,1.666240158,,,,"88.3",2297,"6.2",824124,553869,521692,686681,679845,677951,686555,657041,516782,"54.31",,,,,,,,35,1,"4-Seam Fastball",5,0,0,5,0,5,0,5,"Standard","Standard",154,"-0.002","0.044",,,,,"-0.044",,5,-5,0.936,0.06399999999999995,26,25,27,25,2,1,6,2,6,1,"1.38","0.18","-0.18","51.2",,,,,
"FF","2026-04-24","93.6","1.12","6.2","Grissom, Vaughn",687093,702070,"field_out","hit_into_play",,,,,2,"Vaughn Grissom grounds out, third baseman Nick Loftin to first baseman Salvador Perez.","R","R","L","KC","LAA","X",5,"ground_ball",3,2,2026,"0.67","1.48",0.16393860091561163,2.8687648251030367,,,,0,3,"Top",103.67,165.36,,,,,-3.952934097554457,-136.10336662825992,-5.868103716214371,9.26127855389122,34.81561431071666,-12.748400382273815,3.301624016,1.666240158,13,"84.2",-12,"92.9",2453,"6.3",824124,553869,521692,686681,679845,677951,686555,657041,516782,"54.22",0.089,0.08,"0",1,0,0,2,14,6,"4-Seam Fastball",0,0,0,0,0,0,0,0,"Standard","Standard",142,"0.031","-0.35","80.2","7.6",,0.1,"0.35","88.0",0,0,0.494,0.506,26,25,27,25,1,0,6,2,6,1,"1.16","0.67","-0.67","51.0",12.784819056456326,-19.352944463304215,33.79921689627152,37.11246103648196,34.40666364999554
"CU","2026-04-24","82.6","1.08","6.26","Grissom, Vaughn",687093,702070,,"ball",,,,,13,,"R","R","L","KC","LAA","B",,,2,2,2026,"-0.75","-0.92",-1.397399752378937,0.9156294594050074,,,,0,3,"Top",,,,,,,-4.071534793280535,-120.20503127098412,-3.459075291039553,-6.26975244297517,26.7987722358848,-40.50375187032074,3.301624016,1.666240158,,,,"82",2339,"6.2",824124,553869,521692,686681,679845,677951,686555,657041,516782,"54.26",,,,,,,,14,5,"Curveball",0,0,0,0,0,0,0,0,"Standard","Standard",345,"-0.01","0.115",,,,,"-0.115",,0,0,0.504,0.496,26,25,27,25,1,0,6,2,6,1,"4.31","-0.75","0.75","54.3",,,,,
"FF","2026-04-24","91.9","1.02","6.19","Grissom, Vaughn",687093,702070,,"foul",,,,,1,,"R","R","L","KC","LAA","S",,,2,1,2026,"0.32","1.46",-0.5190391010296231,3.347223320274564,,,,0,3,"Top",,,,,,,-4.51840499634993,-133.72328982170382,-4.336520924983412,4.821130633239366,31.02990628483283,-13.915957329690691,3.301624016,1.666240158,86,"100",4,"91.3",2341,"6.1",824124,553869,521692,686681,679845,677951,686555,657041,516782,"54.4",,,,,,,,14,4,"4-Seam Fastball",0,0,0,0,0,0,0,0,"Standard","Standard",151,"0.008","-0.08","70.4","7.2",,,"0.08","100.0",0,0,0.496,0.504,26,25,27,25,1,0,6,2,6,1,"1.25","0.32","-0.32","56.6",23.038838741085744,-21.767274605038207,23.87854658736335,30.435269509134624,35.18096738858916
"FF","2026-04-24","91.7","1.21","6.17","Grissom, Vaughn",687093,702070,,"ball",,,,,11,,"R","R","L","KC","LAA","B",,,1,1,2026,"0.49","1.45",-0.7213940650295052,4.31240756601151,,,,0,3,"Top",,,,,,,-5.891291633211975,-133.3507898376053,-1.8304709276436633,7.188362943228857,30.470884654070655,-14.720412716304157,3.301624016,1.666240158,,,,"91.2",2356,"6.2",824124,553869,521692,686681,679845,677951,686555,657041,516782,"54.32",,,,,,,,14,3,"4-Seam Fastball",0,0,0,0,0,0,0,0,"Standard","Standard",147,"-0.005","0.064",,,,,"-0.064",,0,0,0.501,0.499,26,25,27,25,1,0,6,2,6,1,"1.28","0.49","-0.49","50.0",,,,,
"SL","2026-04-24","82.2","1.13","6.36","Grissom, Vaughn",687093,702070,,"called_strike",,,,,9,,"R","R","L","KC","LAA","S",,,1,0,2026,"-0.07","0.04",0.31178348794347444,2.1666908443119945,,,,0,3,"Top",,,,,,,-1.6851373750224543,-119.73924300634232,-2.786322290105545,-0.3543758060050946,24.70624091787047,-31.41749861035055,3.301624016,1.666240158,,,,"81.8",2435,"6.1",824124,553869,521692,686681,679845,677951,686555,657041,516782,"54.4",,,,,,,,14,2,"Slider",0,0,0,0,0,0,0,0,"Standard","Standard",189,"0.005","-0.058",,,,,"0.058",,0,0,0.496,0.504,26,25,27,25,1,0,6,2,6,1,"3.34","-0.07","0.07","52.2",,,,,
"FF","2026-04-24","90.8","1.27","6.25","Grissom, Vaughn",687093,702070,,"ball",,,,,12,,"R","R","L","KC","LAA","B",,,0,0,2026,"0.64","1.51",1.329142197728718,2.987569395366985,,,,0,3,"Top",,,,,,,-1.2509574959260785,-132.15367476504395,-5.252368221657935,7.7675128438903815,30.81938116322579,-13.616305719124766,3.301624016,1.666240158,,,,"90.1",2347,"6",824124,553869,521692,686681,679845,677951,686555,657041,516782,"54.46",,,,,,,,14,1,"4-Seam Fastball",0,0,0,0,0,0,0,0,"Standard","Standard",145,"-0.004","0.044",,,,,"-0.044",,0,0,0.5,0.5,26,25,27,25,1,0,6,2,6,1,"1.28","0.64","-0.64","49.5",,,,,
"CH","2026-04-24","82.1","1.86","5.17","Grissom, Vaughn",687093,621381,"field_out","hit_into_play",,,,,2,"Vaughn Grissom grounds out, second baseman Michael Massey to first baseman Salvador Perez.","R","R","L","KC","LAA","X",4,"ground_ball",0,1,2026,"1.29","-0.22",0.07078168552340891,2.9601944612992965,,,,1,8,"Top",124.7,133.81,,,,,-6.50453634230571,-119.35222558553382,2.1506619662680273,13.598296888402718,22.6030900882172,-34.93355973726602,3.301624016,1.666240158,18,"103.4",-8,"81.8",1554,"6.1",824124,553869,521692,686681,679845,677951,686555,657041,516782,"54.39",0.326,0.312,"0",1,0,0,2,64,2,"Changeup",5,3,3,5,3,5,3,5,"Standard","Standard",98,"0.021","-0.222",,,,0.337,"0.222","103.4",2,-2,0.904,0.09599999999999997,34,25,35,25,1,3,3,2,4,1,"3.6","1.29","-1.29","27.8",,,,,
"FF","2026-04-24","91","1.71","5.3","Grissom, Vaughn",687093,621381,,"called_strike",,,,,6,,"R","R","L","KC","LAA","S",,,0,0,2026,"1.06","1.69",0.337609360275805,2.424630445760503,,,,1,8,"Top",,,,,,,-5.681733892864086,-132.32729001329608,-4.714903880770382,13.74209003646422,31.825074707889925,-11.585501960254348,3.301624016,1.666240158,,,,"90.1",2583,"6",824124,553869,521692,686681,679845,677951,686555,657041,516782,"54.46",,,,,,,,64,1,"4-Seam Fastball",5,3,3,5,3,5,3,5,"Standard","Standard",129,"0.004","-0.042",,,,,"0.042",,2,-2,0.9,0.09999999999999998,34,25,35,25,1,3,3,2,4,1,"1.09","1.06","-1.06","31.1",,,,,
"FC","2026-04-22","84.5","1.82","5.99","Grissom, Vaughn",687093,641778,"field_out","hit_into_play",,,,,8,"Vaughn Grissom flies out to right fielder Jesús Sánchez.","R","R","L","LAA","TOR","X",9,"fly_ball",2,2,2026,"-0.26","0.66",0.16323478401191838,1.819543244594747,,,,0,4,"Bot",198.54,129.4,,,,,-3.2385648951098234,-122.98785642504687,-4.434803890022977,-2.012069116704973,24.404243218343854,-24.774449306909272,3.301624016,1.666240158,249,"82.7",39,"83.7",2261,"5.7",824044,623168,672820,676391,672960,665926,664770,662139,660821,"54.77",0.017,0.026,"0",1,0,0,3,32,5,"Cutter",2,0,2,0,0,2,2,0,"Standard","Standard",183,"-0.014","-0.234","77.7","7.7",,0.04,"0.234","88.0",2,2,0.784,0.784,31,25,31,25,2,1,5,1,7,2,"2.53","-0.26","0.26","32.4",5.706790384355745,-1.7024927715254898,45.66399752369063,36.21597926745786,26.125058919097015
"FF","2026-04-22","89.3","1.58","6.15","Grissom, Vaughn",687093,641778,,"called_strike",,,,,14,,"R","R","L","LAA","TOR","S",,,2,1,2026,"0.62","1.29",0.8434746284502809,2.345316469682965,,,,0,4,"Bot",,,,,,,-3.089442733341925,-129.87698284137699,-5.7737700868078825,7.694480609819678,29.487841926598076,-16.598886998093064,3.301624016,1.666240158,,,,"88.1",2063,"5.7",824044,623168,672820,676391,672960,665926,664770,662139,660821,"54.75",,,,,,,,32,4,"4-Seam Fastball",2,0,2,0,0,2,2,0,"Standard","Standard",146,"-0.004","-0.08",,,,,"0.08",,2,2,0.788,0.788,31,25,31,25,2,1,5,1,7,2,"1.59","0.62","-0.62","33.8",,,,,
"FF","2026-04-22","88.8","1.55","6.16","Grissom, Vaughn",687093,641778,,"ball",,,,,11,,"R","R","L","LAA","TOR","B",,,1,1,2026,"0.49","1.43",-0.6329336371785691,3.627750264380655,,,,0,4,"Bot",,,,,,,-6.237848506273382,-129.04998369481046,-2.906877715194468,6.852790479432135,30.00507559029266,-15.865219841304038,3.301624016,1.666240158,,,,"87.3",2149,"5.7",824044,623168,672820,676391,672960,665926,664770,662139,660821,"54.84",,,,,,,,32,3,"4-Seam Fastball",2,0,2,0,0,2,2,0,"Standard","Standard",142,"0.003","0.064",,,,,"-0.064",,2,2,0.785,0.785,31,25,31,25,2,1,5,1,7,2,"1.49","0.49","-0.49","33.6",,,,,
"FF","2026-04-22","88.7","1.6","6.17","Grissom, Vaughn",687093,641778,,"called_strike",,,,,8,,"R","R","L","LAA","TOR","S",,,1,0,2026,"0.74","1.17",0.026020400282848466,1.7648398561166303,,,,0,4,"Bot",,,,,,,-5.308876546587563,-128.8968009069672,-6.852966233425727,9.380066424829261,28.377465237267362,-17.87712518831169,3.301624016,1.666240158,,,,"87.6",2093,"5.8",824044,623168,672820,676391,672960,665926,664770,662139,660821,"54.71",,,,,,,,32,2,"4-Seam Fastball",2,0,2,0,0,2,2,0,"Standard","Standard",146,"-0.003","-0.058",,,,,"0.058",,2,2,0.788,0.788,31,25,31,25,2,1,5,1,7,2,"1.75","0.74","-0.74","37.3",,,,,
"CU","2026-04-22","74.9","1.62","6.32","Grissom, Vaughn",687093,641778,,"ball",,,,,7,,"R","R","L","LAA","TOR","B",,,0,0,2026,"-0.37","-0.85",-0.5875957291666672,1.5818832966838796,,,,0,4,"Bot",,,,,,,-3.806170258018453,-108.99870891790222,-0.8304969099660128,-2.2394316095562417,19.391361156914595,-39.01301603783815,3.301624016,1.666240158,,,,"74.1",2371,"5.7",824044,623168,672820,676391,672960,665926,664770,662139,660821,"54.77",,,,,,,,32,1,"Curveball",2,0,2,0,0,2,2,0,"Standard","Standard",320,"0.002","0.044",,,,,"-0.044",,2,2,0.786,0.786,31,25,31,25,2,1,5,1,7,2,"4.92","-0.37","0.37","39.6",,,,,
"SL","2026-04-22","88.3","0.36","6.65","Grissom, Vaughn",687093,680755,"single","hit_into_play",,,,,14,"Vaughn Grissom singles on a pop up to right fielder Jesús Sánchez, deflected by second baseman Ernie Clement. Nolan Schanuel scores.","R","R","R","LAA","TOR","X",4,"popup",1,1,2026,"0.27","0.41",1.4251460513038399,2.4663629966465805,694384,,,2,7,"Bot",163.33,126.59,,,,,1.9477447121339635,-128.60152935470236,-4.698105277082081,2.632700855748796,26.1651390302414,-26.90487546376976,3.301624016,1.666240158,192,"66.2",43,"87.2",2285,"5.5",824044,623168,672820,676391,672960,665926,664770,662139,660821,"55",0.369,0.332,"0.9",1,1,0,3,64,3,"Slider",6,3,6,3,3,7,7,3,"Standard","Standard",172,"0.029","0.711","68.7","7.7",,0.395,"-0.711","88.0",3,3,0.938,0.938,25,25,26,25,1,3,2,1,2,2,"2.51","-0.27","-0.27","49.3",10.784428977013595,2.821992510658104,28.111456229035205,51.50932221186806,31.110616517345893
"SL","2026-04-22","88.8","0.29","6.75","Grissom, Vaughn",687093,680755,,"ball",,,,,12,,"R","R","R","LAA","TOR","B",,,0,1,2026,"0.2","0.33",1.3185640585481035,3.3971888350232797,694384,,,2,7,"Bot",,,,,,,2.040237510019731,-129.34449963782586,-2.640627287034239,1.8100938332866554,26.67822774616869,-28.09909620219556,3.301624016,1.666240158,,,,"87.6",2254,"5.4",824044,623168,672820,676391,672960,665926,664770,662139,660821,"55.08",,,,,,,,64,2,"Slider",6,3,6,3,3,6,6,3,"Standard","Standard",161,"0.001","0.039",,,,,"-0.039",,3,3,0.937,0.937,25,25,26,25,1,3,2,1,2,2,"2.55","-0.2","-0.2","49.8",,,,,
"SL","2026-04-22","89.4","0.29","6.66","Grissom, Vaughn",687093,680755,,"swinging_strike",,,,,14,,"R","R","R","LAA","TOR","S",,,0,0,2026,"0.12","0.3",0.9571095321443073,1.6695468824385848,,694384,,2,7,"Bot",,,,,,,1.338451334550831,-130.29267451348764,-6.687135766667211,1.1369213929720712,23.692087376312422,-27.65035816128297,3.301624016,1.666240158,,,,"88.6",2247,"5.4",824044,623168,672820,676391,672960,665926,664770,662139,660821,"55.1",,,,,,,,64,1,"Slider",6,3,6,3,3,6,6,3,"Standard","Standard",198,"-0.002","-0.04","72.5","7.8","1.060767636",,"0.04",,3,3,0.938,0.938,25,25,26,25,1,3,2,1,2,2,"2.51","-0.12","-0.12","47.2",14.400494513824146,-5.734122282402164,36.37256832300672,45.698121624885914,34.30875860633887
"FF","2026-04-22","88.8","1.67","6.22","Grissom, Vaughn",687093,641778,"field_out","hit_into_play",,,,,3,"Vaughn Grissom flies out to right fielder Jesús Sánchez.","R","R","L","LAA","TOR","X",9,"fly_ball",1,0,2026,"0.81","1.24",0.446814353626128,3.332432129285504,,,,2,2,"Bot",161.6,99.08,,,,,-4.612762574683008,-129.28190783315785,-3.446469892515528,10.004305382943006,26.91787421581757,-17.709351323528807,3.301624016,1.666240158,265,"97.8",53,"87.9",2143,"5.7",824044,623168,672820,676391,672960,665926,664770,662139,660821,"54.83",0.006,0.005,"0",1,0,0,3,15,2,"4-Seam Fastball",0,0,0,0,0,0,0,0,"Standard","Standard",142,"-0.012","-0.3","75.0","7.1",,0.01,"0.3","97.8",0,0,0.512,0.512,31,25,31,25,1,0,5,1,7,2,"1.64","0.81","-0.81","36.9",16.244637584527787,0.3055943826542317,24.639256497144785,39.86051724401791,31.73397202622462
"FF","2026-04-22","87.7","1.68","6.31","Grissom, Vaughn",687093,641778,,"ball",,,,,14,,"R","R","L","LAA","TOR","B",,,0,0,2026,"0.86","1.39",1.2232605155701952,1.954291047178293,,,,2,2,"Bot",,,,,,,-2.8444480728201103,-127.55686595925651,-7.012476381126776,9.941066704297333,25.138679070331875,-15.764893932993557,3.301624016,1.666240158,,,,"86.8",2122,"5.7",824044,623168,672820,676391,672960,665926,664770,662139,660821,"54.83",,,,,,,,15,1,"4-Seam Fastball",0,0,0,0,0,0,0,0,"Standard","Standard",148,"0.001","0.041",,,,,"-0.041",,0,0,0.511,0.511,31,25,31,25,1,0,5,1,7,2,"1.57","0.86","-0.86","35.6",,,,,
"CU","2026-04-22","85.5","-1.2","6.72","Grissom, Vaughn",687093,667297,"field_out","hit_into_play",,,,,6,"Vaughn Grissom flies out to right fielder Jesús Sánchez.","R","R","R","LAA","TOR","X",9,"fly_ball",0,2,2026,"1.1","-1.25",0.39666204917733905,2.7876254312579394,,,,0,6,"Bot",193.18,130.05,,,,,1.4373318327766618,-124.44987958021784,-0.07723791399350155,10.955630883945929,29.545481701194472,-45.21930284764677,3.301624016,1.666240158,239,"89.1",47,"84.1",2825,"5.8",824044,623168,672820,676391,672960,665926,664770,662139,660821,"54.74",0.003,0.005,"0",1,0,0,3,48,3,"Curveball",3,0,3,0,0,3,3,0,"Standard","Standard",21,"-0.004","-0.165","67.4","7.1",,0.007,"0.165","89.1",3,3,0.908,0.908,35,25,35,25,1,2,3,1,2,2,"4.41","-1.1","-1.1","52.1",10.525192668667291,8.85342792835634,32.64721185480384,39.12454262176965,25.861338066350392
"SL","2026-04-22","88.5","-1.68","6.42","Grissom, Vaughn",687093,667297,,"called_strike",,,,,5,,"R","R","R","LAA","TOR","S",,,0,1,2026,"-0.06","-0.02",0.25676611264209925,2.4951479111555543,,,,0,6,"Bot",,,,,,,4.754926063300192,-128.75139577991712,-3.1745434251057976,-1.734368926182047,28.305556160030072,-31.90758701327151,3.301624016,1.666240158,,,,"87.6",2666,"5.9",824044,623168,672820,676391,672960,665926,664770,662139,660821,"54.6",,,,,,,,48,2,"Slider",3,0,3,0,0,3,3,0,"Standard","Standard",35,"-0.002","-0.056",,,,,"0.056",,3,3,0.91,0.91,35,25,35,25,1,2,3,1,2,2,"2.94","0.06","0.06","42.3",,,,,
"SL","2026-04-22","88.2","-1.53","6.35","Grissom, Vaughn",687093,667297,,"swinging_strike",,,,,14,,"R","R","R","LAA","TOR","S",,,0,0,2026,"-0.02","0.08",1.9019683835645163,1.8658999252825716,,,,0,6,"Bot",,,,,,,8.188142130373064,-128.06147321891277,-4.607828146017635,-2.020895379776598,28.8465725282057,-30.482571088742603,3.301624016,1.666240158,,,,"87.1",2651,"5.9",824044,623168,672820,676391,672960,665926,664770,662139,660821,"54.57",,,,,,,,48,1,"Slider",3,0,3,0,0,3,3,0,"Standard","Standard",26,"-0.001","-0.043","59.9","7.9","8.451958908",,"0.043",,3,3,0.911,0.911,35,25,35,25,1,2,3,1,2,2,"2.89","0.02","0.02","42.8",15.909506300956352,-3.5573676409147996,28.027114634629783,57.34385266553748,34.93735907904128
"FC","2026-04-21","85.8","2.74","6.22","Grissom, Vaughn",687093,571578,"sac_fly","hit_into_play",,,,,2,"Vaughn Grissom out on a sacrifice fly to center fielder Daulton Varsho. Oswald Peraza scores.","R","R","L","LAA","TOR","X",8,"fly_ball",0,0,2026,"-0.17","0.54",-0.19524363633103897,3.1517417656101574,672724,,694384,1,5,"Bot",119.18,64.2,,,,,-6.5722396218304135,-124.88883126384994,-1.972743466220226,-0.540340737478624,23.141802265409176,-26.300425671490405,3.301624016,1.666240158,335,"92",25,"87.1",2307,"6.9",824045,678218,665489,676391,672960,665926,664770,662139,660821,"53.6",,0.098,"0",1,0,0,3,35,1,"Cutter",0,0,0,0,0,1,1,0,"Standard","Standard",163,"0.026","-0.133","72.2","6.8",,,"0.133","92.0",0,0,0.656,0.656,36,25,37,25,2,1,5,2,5,1,"2.53","-0.17","0.17","35.3",10.007700598937337,2.9346414237026583,28.584947213494225,32.09351909614608,26.77077679258546
"SI","2026-04-21","92.2","2.3","6.23","Grissom, Vaughn",687093,571578,"walk","ball",,,,,13,"Vaughn Grissom walks.","R","R","L","LAA","TOR","B",,,3,2,2026,"1.27","1.12",-1.20924290983045,2.059706928556513,,,,0,3,"Bot",,,,,,,-11.710655669898014,-133.59512683201822,-6.955772262181972,17.93716062494793,32.1836875408231,-17.27142273775596,3.301624016,1.666240158,,,,"92.3",2068,"6.9",824045,678218,665489,676391,672960,665926,664770,662139,660821,"53.63",,0.698079,"0.7",1,0,0,,18,8,"Sinker",0,0,0,0,0,0,0,0,"Standard","Standard",143,"0.034","0.373",,,,,"-0.373",,0,0,0.561,0.561,36,25,37,25,1,0,5,2,5,1,"1.61","1.27","-1.27","39.1",,,,,
"SI","2026-04-21","91.4","2.27","6.23","Grissom, Vaughn",687093,571578,,"foul",,,,,14,,"R","R","L","LAA","TOR","S",,,3,2,2026,"1.45","0.88",1.1453298878983187,1.9568072002518755,,,,0,3,"Bot",,,,,,,-5.991929873519588,-132.69691327520434,-6.483582285377833,18.36740433551603,32.59345171300862,-20.514091509294627,3.301624016,1.666240158,191,"72.6",54,"91.2",2009,"6.6",824045,678218,665489,676391,672960,665926,664770,662139,660821,"53.85",,,,,,,,18,7,"Sinker",0,0,0,0,0,0,0,0,"Standard","Standard",145,"0","0","67.6","7.4",,,"0","88.0",0,0,0.561,0.561,36,25,37,25,1,0,5,2,5,1,"1.89","1.45","-1.45","37.9",4.5070761585691175,8.627460546487463,38.49289707454789,47.26958807728869,25.304560034454937
"SL","2026-04-21","76.9","2.48","6.34","Grissom, Vaughn",687093,571578,,"foul",,,,,9,,"R","R","L","LAA","TOR","S",,,3,2,2026,"-0.2","-0.15",0.6514843927269087,1.7305917222003249,,,,0,3,"Bot",,,,,,,-3.480039957477616,-111.97739476441147,-2.290375381648574,-1.0971277572187492,19.63629774247579,-33.26323077484201,3.301624016,1.666240158,,,,"77.6",2163,"6.7",824045,678218,665489,676391,672960,665926,664770,662139,660821,"53.81",,,,,,,,18,6,"Slider",0,0,0,0,0,0,0,0,"Standard","Standard",287,"0","0","66.0","8.3",,,"0",,0,0,0.561,0.561,36,25,37,25,1,0,5,2,5,1,"3.99","-0.2","0.2","40.6",21.96801123703754,-26.634404687077645,33.15112751288082,42.47765060215459,47.51971719019335
"CH","2026-04-21","81.1","2.52","6.23","Grissom, Vaughn",687093,571578,,"ball",,,,,14,,"R","R","L","LAA","TOR","B",,,2,2,2026,"0.75","0.81",1.4221028552083648,1.1596740093065834,,,,0,3,"Bot",,,,,,,-3.919514611061405,-118.06079276031552,-6.113784883298864,7.791211421535359,21.054585470545312,-23.691585256729333,3.301624016,1.666240158,,,,"82",1160,"6.7",824045,678218,665489,676391,672960,665926,664770,662139,660821,"53.79",,,,,,,,18,5,"Changeup",0,0,0,0,0,0,0,0,"Standard","Standard",121,"0.01","0.115",,,,,"-0.115",,0,0,0.551,0.551,36,25,37,25,1,0,5,2,5,1,"2.64","0.75","-0.75","37.2",,,,,
"FC","2026-04-21","86.8","2.64","6.06","Grissom, Vaughn",687093,571578,,"ball",,,,,13,,"R","R","L","LAA","TOR","B",,,1,2,2026,"-0.21","0.56",-0.9081987294958161,1.8453207861987724,,,,0,3,"Bot",,,,,,,-7.993167089276787,-126.24125058342524,-4.898733611711665,-0.7348309555729662,23.969933058452103,-25.342757865007506,3.301624016,1.666240158,,,,"87.7",2256,"6.7",824045,678218,665489,676391,672960,665926,664770,662139,660821,"53.78",,,,,,,,18,4,"Cutter",0,0,0,0,0,0,0,0,"Standard","Standard",148,"0.004","0.046",,,,,"-0.046",,0,0,0.547,0.547,36,25,37,25,1,0,5,2,5,1,"2.45","-0.21","0.21","33.1",,,,,
"SL","2026-04-21","81.1","2.76","6.17","Grissom, Vaughn",687093,571578,,"ball",,,,,14,,"R","R","L","LAA","TOR","B",,,0,2,2026,"-0.28","0.12",0.36519518989695066,1.158036558707324,,,,0,3,"Bot",,,,,,,-4.778335197596876,-118.05610738299627,-4.650664255178137,-1.829723519866677,20.204582689412494,-30.440336205118097,3.301624016,1.666240158,,,,"82.1",2242,"6.7",824045,678218,665489,676391,672960,665926,664770,662139,660821,"53.78",,,,,,,,18,3,"Slider",0,0,0,0,0,0,0,0,"Standard","Standard",283,"0.002","0.023",,,,,"-0.023",,0,0,0.545,0.545,36,25,37,25,1,0,5,2,5,1,"3.32","-0.28","0.28","36.3",,,,,
"SI","2026-04-21","91.4","2.42","6.42","Grissom, Vaughn",687093,571578,,"foul",,,,,14,,"R","R","L","LAA","TOR","S",,,0,1,2026,"1.19","0.89",1.2310223011866586,1.8247413429687536,,,,0,3,"Bot",,,,,,,-5.57481699904,-132.82202424483893,-7.400123261525883,15.244048341990574,28.04478685889344,-20.250144316475804,3.301624016,1.666240158,197,"70.4",35,"91.7",1982,"6.5",824045,678218,665489,676391,672960,665926,664770,662139,660821,"54",,,,,,,,18,2,"Sinker",0,0,0,0,0,0,0,0,"Standard","Standard",145,"-0.006","-0.056","65.8","7.5",,,"0.056","88.0",0,0,0.551,0.551,36,25,37,25,1,0,5,2,5,1,"1.84","1.19","-1.19","42.2",3.3169833585740633,11.59785259116911,41.9318399836044,49.05058308979808,17.674197472966906
"SI","2026-04-21","91.1","2.32","6.36","Grissom, Vaughn",687093,571578,,"called_strike",,,,,8,,"R","R","L","LAA","TOR","S",,,0,0,2026,"1.23","0.89",0.22864854024640135,2.154684324120682,,,,0,3,"Bot",,,,,,,-7.92087248497672,-132.31943831794405,-6.357116163235768,16.16585480079792,29.438858026454326,-20.46217712578297,3.301624016,1.666240158,,,,"91.3",1925,"6.6",824045,678218,665489,676391,672960,665926,664770,662139,660821,"53.86",,,,,,,,18,1,"Sinker",0,0,0,0,0,0,0,0,"Standard","Standard",147,"-0.004","-0.043",,,,,"0.043",,0,0,0.555,0.555,36,25,37,25,1,0,5,2,5,1,"1.87","1.23","-1.23","41.1",,,,,
"SL","2026-04-19","87.9","-1.64","6.21","Grissom, Vaughn",687093,695243,"strikeout","swinging_strike",,,,,14,"Vaughn Grissom strikes out swinging.","R","R","R","LAA","SD","S",2,,2,2,2026,"0.41","-0.52",0.3132735415416106,0.7360007611553003,,,,1,9,"Bot",,,,,,,3.829772664085951,-127.71825416887312,-5.680407286558876,3.4769192461202447,30.999719651243097,-36.61805881378348,3.301624016,1.666240158,,,,"87.7",2181,"6.6",824047,666023,664034,630105,592518,593428,657656,701538,665487,"53.85",,0,"0",1,0,0,,70,5,"Slider",1,2,1,2,2,1,1,2,"Standard","Strategic",28,"-0.058","-0.238","61.1","8.6","9.432258",,"0.238",,-1,-1,0.105,0.105,27,25,28,25,1,0,1,1,4,2,"3.52","-0.41","-0.41","43.5",26.934632386920395,-35.42275732562192,40.84934271783321,39.50615991745994,48.052101083534495
"FF","2026-04-19","101.7","-1.59","6.51","Grissom, Vaughn",687093,695243,,"ball",,,,,11,,"R","R","R","LAA","SD","B",,,1,2,2026,"-0.25","1.5",-0.866904742148285,5.261958921794365,,,,1,9,"Bot",,,,,,,2.624187470443127,-148.1046695398999,-1.706793346041707,-4.383357808270443,38.649238740199905,-10.055775802296582,3.301624016,1.666240158,,,,"101.8",2462,"6.5",824047,666023,664034,630105,592518,593428,657656,701538,665487,"54.01",,,,,,,,70,4,"4-Seam Fastball",1,2,1,2,2,1,1,2,"Standard","Strategic",202,"0.01","0.055",,,,,"-0.055",,-1,-1,0.095,0.095,27,25,28,25,1,0,1,1,4,2,"0.72","0.25","0.25","45.1",,,,,
"FF","2026-04-19","102","-1.57","6.47","Grissom, Vaughn",687093,695243,,"ball",,,,,14,,"R","R","R","LAA","SD","B",,,0,2,2026,"-0.33","1.31",1.7978948961247956,2.331162248098411,,,,1,9,"Bot",,,,,,,10.194630540640135,-147.9657951991277,-9.36410426468969,-7.267541607828633,35.01868597875488,-10.796495545996832,3.301624016,1.666240158,,,,"102.4",2427,"6.7",824047,666023,664034,630105,592518,593428,657656,701538,665487,"53.82",,,,,,,,70,3,"4-Seam Fastball",1,2,1,2,2,1,1,2,"Standard","Strategic",206,"0.007","0.018",,,,,"-0.018",,-1,-1,0.088,0.088,27,25,28,25,1,0,1,1,4,2,"0.89","0.33","0.33","42.0",,,,,
"SL","2026-04-19","87.2","-1.57","6.33","Grissom, Vaughn",687093,695243,,"called_strike",,,,,6,,"R","R","R","LAA","SD","S",,,0,1,2026,"1.02","-0.07",0.5563616992117612,2.2845002926188736,,,,1,9,"Bot",,,,,,,2.935343110337585,-126.91240787224933,-3.1521270414578137,10.285624393496645,28.002979866445532,-32.47760939206973,3.301624016,1.666240158,,,,"87.5",2356,"6.6",824047,666023,664034,630105,592518,593428,657656,701538,665487,"53.88",,,,,,,,70,2,"Slider",1,2,1,2,2,1,1,2,"Standard","Strategic",47,"-0.017","-0.057",,,,,"0.057",,-1,-1,0.105,0.105,27,25,28,25,1,0,1,1,4,2,"3.09","-1.02","-1.02","41.4",,,,,
"SL","2026-04-19","86.3","-1.6","6.36","Grissom, Vaughn",687093,695243,,"called_strike",,,,,1,,"R","R","R","LAA","SD","S",,,0,0,2026,"0.91","-0.21",-0.599646463849661,3.3887992551663624,,,,1,9,"Bot",,,,,,,0.4708651108484834,-125.65607162525626,-0.16516024557366582,9.496551184960019,27.05296581304971,-34.55714450202734,3.301624016,1.666240158,,,,"86.9",2331,"6.8",824047,666023,664034,630105,592518,593428,657656,701538,665487,"53.7",,,,,,,,70,1,"Slider",1,2,1,2,2,1,1,2,"Standard","Strategic",41,"-0.01","-0.042",,,,,"0.042",,-1,-1,0.115,0.115,27,25,28,25,1,0,1,1,4,2,"3.28","-0.91","-0.91","41.5",,,,,
"CH","2026-04-18","93","2.55","6","Grissom, Vaughn",687093,670970,"force_out","hit_into_play",,,,,9,"Vaughn Grissom grounds into a force out, shortstop Xander Bogaerts to second baseman Jake Cronenworth. Jo Adell out at 2nd.","R","R","L","LAA","SD","X",6,"ground_ball",2,2,2026,"1.12","0.56",0.6241940406205888,1.5484990307022803,,,666176,2,7,"Bot",104.28,153.55,,,,,-7.3565579589154195,-135.06841177290764,-6.611421115048886,15.31338997691132,29.833125567176364,-24.010494066793814,3.301624016,1.666240158,16,"81.1",-4,"92.9",1522,"6.3",824049,666023,657757,630105,592518,593428,657656,701538,665487,"54.16",0.136,0.128,"0",1,0,0,2,50,5,"Changeup",0,0,0,0,0,0,0,0,"Standard","Standard",125,"-0.035","-0.249","71.1","8.2",,0.149,"0.249","88.0",0,0,0.535,0.535,27,25,27,25,1,0,2,2,3,1,"2.09","1.12","-1.12","45.1",14.8247250077437,-0.6444040312578369,42.13744306325176,43.60286210429874,28.428257015913836
"FF","2026-04-18","99.2","2.38","5.99","Grissom, Vaughn",687093,670970,,"swinging_strike",,,,,11,,"R","R","L","LAA","SD","S",,,2,1,2026,"0.15","1.14",-1.0724061288626054,2.9139718395262366,,,666176,2,7,"Bot",,,,,,,-9.659474699627843,-144.05312557776693,-5.457648570862631,4.334246168948545,33.86677001632025,-15.245854477382853,3.301624016,1.666240158,,,,"99",2452,"6.3",824049,666023,657757,630105,592518,593428,657656,701538,665487,"54.18",,,,,,,,50,4,"4-Seam Fastball",0,0,0,0,0,0,0,0,"Standard","Standard",152,"-0.01","-0.068","40.0","5.0","2.570846124",,"0.068",,0,0,0.545,0.545,27,25,27,25,1,0,2,2,3,1,"1.19","0.15","-0.15","45.9",-14.748639724409555,43.26360244942949,37.06410587115476,22.261058887875723,8.23713216138596
"SI","2026-04-18","100.4","2.38","5.97","Grissom, Vaughn",687093,670970,,"ball",,,,,12,,"R","R","L","LAA","SD","B",,,1,1,2026,"1.32","0.67",0.22420613482836815,3.61426409450885,,,666176,2,7,"Bot",,,,,,,-9.049502095849045,-145.83912926713234,-2.5320088337729336,21.0071768194409,37.43394615253858,-22.205930833178567,3.301624016,1.666240158,,,,"99.9",2483,"6.3",824049,666023,657757,630105,592518,593428,657656,701538,665487,"54.19",,,,,,,,50,3,"Sinker",0,0,0,0,0,0,0,0,"Standard","Standard",149,"0.006","0.052",,,,,"-0.052",,0,0,0.539,0.539,27,25,27,25,1,0,2,2,3,1,"1.61","1.32","-1.32","43.3",,,,,
"CH","2026-04-18","92.6","2.5","5.98","Grissom, Vaughn",687093,670970,,"called_strike",,,,,6,,"R","R","L","LAA","SD","S",,,1,0,2026,"1.43","0.2",0.6664982776986599,2.176770658986563,,,666176,2,7,"Bot",,,,,,,-7.788483445785086,-134.58184286231,-4.047829801877137,19.099655966739977,32.19411772130273,-29.05041568782993,3.301624016,1.666240158,,,,"92.3",1450,"6.4",824049,666023,657757,630105,592518,593428,657656,701538,665487,"54.12",,,,,,,,50,2,"Changeup",0,0,0,0,0,0,0,0,"Standard","Standard",114,"-0.006","-0.053",,,,,"0.053",,0,0,0.545,0.545,27,25,27,25,1,0,2,2,3,1,"2.49","1.43","-1.43","47.4",,,,,
"CH","2026-04-18","92.7","2.73","6.01","Grissom, Vaughn",687093,670970,,"ball",,,,,14,,"R","R","L","LAA","SD","B",,,0,0,2026,"1.33","0",1.1745615547169135,1.7742343315110465,,,666176,2,7,"Bot",,,,,,,-6.880173746452581,-134.70451663422224,-4.711443622500772,17.720945675921186,31.448828354676937,-31.29529254271196,3.301624016,1.666240158,,,,"92.3",1179,"6.3",824049,666023,657757,630105,592518,593428,657656,701538,665487,"54.2",,,,,,,,50,1,"Changeup",0,0,0,0,0,0,0,0,"Standard","Standard",109,"0.004","0.041",,,,,"-0.041",,0,0,0.541,0.541,27,25,27,25,1,0,2,2,3,1,"2.68","1.33","-1.33","43.9",,,,,
"FF","2026-04-18","100.9","-1.69","6.35","Grissom, Vaughn",687093,695243,"walk","ball",,,,,12,"Vaughn Grissom walks. Yoán Moncada to 2nd.","R","R","R","LAA","SD","B",,,3,0,2026,"-0.52","1.26",0.12963224204418777,3.902612600347827,,,660162,1,9,"Bot",,,,,,,6.344213857946103,-146.7307971683072,-4.370153937772972,-9.09886648171615,35.95408897335817,-13.109491252661277,3.301624016,1.666240158,,,,"101.8",2490,"6.9",824049,666023,657757,630105,592518,593428,657656,701538,665487,"53.59",,0.698079,"0.7",1,0,0,,73,4,"4-Seam Fastball",1,4,1,4,4,1,1,4,"Standard","Strategic",202,"0.027","0.117",,,,,"-0.117",,-3,-3,0.086,0.086,27,25,28,25,1,1,2,2,1,1,"0.99","0.52","0.52","43.8",,,,,
"FF","2026-04-18","100","-1.61","6.5","Grissom, Vaughn",687093,695243,,"ball",,,,,11,,"R","R","R","LAA","SD","B",,,2,0,2026,"-0.52","1.2",-1.0185099009662153,3.648753797423228,,,660162,1,9,"Bot",,,,,,,2.86693019405819,-145.5922325052423,-5.223861435898974,-8.010598518106947,34.377637961599106,-14.018726771791332,3.301624016,1.666240158,,,,"100.9",2395,"6.8",824049,666023,657757,630105,592518,593428,657656,701538,665487,"53.73",,,,,,,,73,3,"4-Seam Fastball",1,4,1,4,4,1,1,4,"Standard","Strategic",203,"0.02","0.1",,,,,"-0.1",,-3,-3,0.066,0.066,27,25,28,25,1,1,2,2,1,1,"1.07","0.52","0.52","45.0",,,,,
"FF","2026-04-18","100.8","-1.51","6.38","Grissom, Vaughn",687093,695243,,"ball",,,,,11,,"R","R","R","LAA","SD","B",,,1,0,2026,"-0.56","1.07",-0.37332911945479286,4.127374964520789,,,660162,1,9,"Bot",,,,,,,4.519964379225138,-146.80029587353022,-3.3608977889914278,-9.205527090693886,34.97680459039586,-16.154423407939376,3.301624016,1.666240158,,,,"101.7",2384,"6.7",824049,666023,657757,630105,592518,593428,657656,701538,665487,"53.78",,,,,,,,73,2,"4-Seam Fastball",1,4,1,4,4,1,1,4,"Standard","Strategic",206,"0.013","0.07",,,,,"-0.07",,-3,-3,0.053,0.053,27,25,28,25,1,1,2,2,1,1,"1.17","0.56","0.56","44.1",,,,,
"SL","2026-04-18","87.4","-1.85","6.24","Grissom, Vaughn",687093,695243,,"ball",,,,,11,,"R","R","R","LAA","SD","B",,,0,0,2026,"0.96","-0.55",-1.1308735762615523,3.0591405631805673,,,660162,1,9,"Bot",,,,,,,-0.3095744636688695,-127.2455560123586,-0.12453555471275601,10.457711845376085,27.532714367633826,-38.28020704715358,3.301624016,1.666240158,,,,"88.2",2472,"6.9",824049,666023,657757,630105,592518,593428,657656,701538,665487,"53.64",,,,,,,,73,1,"Slider",1,4,1,4,4,1,1,4,"Standard","Strategic",41,"0.007","0.033",,,,,"-0.033",,-3,-3,0.046,0.046,27,25,28,25,1,1,2,2,1,1,"3.54","-0.96","-0.96","40.5",,,,,
"CH","2026-04-16","84.5","1.61","5.56","Grissom, Vaughn",687093,608331,"field_out","hit_into_play",,,,,3,"Vaughn Grissom grounds out softly, pitcher Max Fried to first baseman Ben Rice.","R","R","L","NYY","LAA","X",1,"ground_ball",2,2,2026,"1.25","0.18",0.746354414865471,2.8088600279620746,,,,1,4,"Top",119.42,193.17,,,,,-4.5807483009854515,-122.93956264350669,-0.1944709124473546,13.595474759880776,24.99311930789115,-30.509594407020412,3.301624016,1.666240158,2,"57.6",-59,"85.4",1611,"6.9",823560,641555,700250,665862,642708,676609,641355,663757,592450,"53.57",0.196,0.176,"0",1,0,0,1,28,5,"Changeup",3,2,2,3,2,3,2,3,"Standard","Standard",118,"0.017","-0.238","65.3","7.0",,0.196,"0.238","88.0",1,-1,0.655,0.345,32,25,32,25,2,1,5,2,6,2,"3.02","1.25","-1.25","37.1",13.4626360162103,11.258402049259585,26.812867273506107,44.44638262103586,23.518989360407012
"FC","2026-04-16","93.6","1.11","6.03","Grissom, Vaughn",687093,608331,,"ball",,,,,11,,"R","R","L","NYY","LAA","B",,,1,2,2026,"-0.13","0.75",-0.2959088932637599,4.4020050710357985,,,,1,4,"Top",,,,,,,-3.302877965214578,-136.38588038211523,-0.05291637216186773,-0.9340833095388039,28.216792123267936,-22.93320035866022,3.301624016,1.666240158,,,,"94",2403,"6.3",823560,641555,700250,665862,642708,676609,641355,663757,592450,"54.2",,,,,,,,28,4,"Cutter",3,2,2,3,2,3,2,3,"Standard","Standard",182,"-0.003","0.055",,,,,"-0.055",,1,-1,0.658,0.34199999999999997,32,25,32,25,2,1,5,2,6,2,"1.83","-0.13","0.13","46.9",,,,,
"FF","2026-04-16","95.5","0.99","6.14","Grissom, Vaughn",687093,608331,,"ball",,,,,12,,"R","R","L","NYY","LAA","B",,,0,2,2026,"0.42","1.44",0.5110324569259954,4.259616833343445,,,,1,4,"Top",,,,,,,-2.2213352256689736,-138.97878349751872,-2.397564927130445,5.980049533388518,35.31080496730985,-13.365920112834905,3.301624016,1.666240158,,,,"95.3",2187,"6.5",823560,641555,700250,665862,642708,676609,641355,663757,592450,"54.05",,,,,,,,28,3,"4-Seam Fastball",3,2,2,3,2,3,2,3,"Standard","Standard",149,"-0.002","0.018",,,,,"-0.018",,1,-1,0.66,0.33999999999999997,32,25,32,25,2,1,5,2,6,2,"1.09","0.42","-0.42","50.1",,,,,
"FC","2026-04-16","92.1","1.33","5.92","Grissom, Vaughn",687093,608331,,"swinging_strike",,,,,12,,"R","R","L","NYY","LAA","S",,,0,1,2026,"-0.32","0.36",0.12316410674459857,3.5698405780907456,,,,1,4,"Top",,,,,,,-2.3155794090541995,-134.19633261067366,-0.7589802564843532,-3.341758381005188,29.732996172012484,-27.839828043739807,3.301624016,1.666240158,,,,"92.2",2230,"6.3",823560,641555,700250,665862,642708,676609,641355,663757,592450,"54.16",,,,,,,,28,2,"Cutter",3,2,2,3,2,3,2,3,"Standard","Standard",183,"0.005","-0.057","70.5","6.1","0.878136672",,"0.057",,1,-1,0.655,0.345,32,25,32,25,2,1,5,2,6,2,"2.32","-0.32","0.32","43.7",0.2994975063268064,27.341748945552652,27.104772066127385,37.474691321553074,11.244973940103536
"CH","2026-04-16","83.5","1.77","5.46","Grissom, Vaughn",687093,608331,,"called_strike",,,,,8,,"R","R","L","NYY","LAA","S",,,0,0,2026,"1.14","0.33",-0.198497134343685,1.9575345951967695,,,,1,4,"Top",,,,,,,-6.8500385470794924,-121.3350756280534,-2.0384186858743245,12.625941656634712,24.79134579950601,-28.707082713152847,3.301624016,1.666240158,,,,"84.4",1733,"7.1",823560,641555,700250,665862,642708,676609,641355,663757,592450,"53.43",,,,,,,,28,1,"Changeup",3,2,2,3,2,3,2,3,"Standard","Standard",120,"0.003","-0.042",,,,,"0.042",,1,-1,0.652,0.348,32,25,32,25,2,1,5,2,6,2,"2.96","1.14","-1.14","35.3",,,,,
"FC","2026-04-16","84.8","3.07","5.06","Grissom, Vaughn",687093,642232,"field_out","hit_into_play",,,,,2,"Vaughn Grissom grounds out, second baseman Jazz Chisholm Jr. to first baseman Ben Rice.","R","R","L","NYY","LAA","X",4,"ground_ball",3,1,2026,"-0.01","0.81",0.023170314466755867,2.999695862163663,,,,0,9,"Top",125.46,141.55,,,,,-7.112688438696811,-123.40668222381763,0.03727983849955063,1.2934747044790842,23.872768254219615,-24.134957906541384,3.301624016,1.666240158,31,"103.1",-4,"86",2123,"7",823560,641555,700250,665862,642708,676609,641355,663757,592450,"53.5",0.359,0.323,"0",1,0,0,2,74,5,"Cutter",4,11,11,4,11,4,11,4,"Standard","Standard",151,"0","-0.458","70.4","6.4",,0.398,"0.458","103.1",-7,7,0.001,0.999,34,25,35,25,1,4,4,2,8,2,"2.36","-0.01","0.01","15.5",7.912825991134536,14.356155771725085,26.477410585198502,34.87008805637395,20.83551965083996
"CH","2026-04-16","77.8","2.89","5.27","Grissom, Vaughn",687093,642232,,"ball",,,,,13,,"R","R","L","NYY","LAA","B",,,2,1,2026,"1.55","-0.13",-0.8470525197273095,0.9012598008602173,,,,0,9,"Top",,,,,,,-10.707845658014136,-112.79032876156928,-1.904748663925834,15.193303775957,20.987555389594927,-33.12918050174453,3.301624016,1.666240158,,,,"77.2",2002,"6.1",823560,641555,700250,665862,642708,676609,641355,663757,592450,"54.41",,,,,,,,74,4,"Changeup",4,11,11,4,11,4,11,4,"Strategic","Standard",93,"0","0.144",,,,,"-0.144",,-7,7,0.001,0.999,34,25,35,25,1,4,4,2,8,2,"3.93","1.55","-1.55","18.9",,,,,
"CH","2026-04-16","90.4","-2.67","5.61","Grissom, Vaughn",687093,683409,"walk","blocked_ball",,,,,14,"Vaughn Grissom walks.","R","R","R","NYY","LAA","B",,,3,1,2026,"-1","0.55",0.12602183117316867,0.25974841024305273,,672724,,2,7,"Top",,,,,,,8.975718578559919,-131.06331185195438,-8.18807966864221,-13.457274025173245,29.6958779675738,-24.11753811583163,3.301624016,1.666240158,,,,"89.6",1785,"6.2",823560,641555,700250,665862,642708,676609,641355,663757,592450,"54.32",,0.698079,"0.7",1,0,0,,59,5,"Changeup",4,7,7,4,7,4,7,4,"Standard","Standard",252,"-0.002","0.09",,,,,"-0.09",,-3,3,0.111,0.889,23,25,24,25,1,3,,2,3,2,"2.27","1","1","32.4",,,,,
"CH","2026-04-16","88.8","-2.47","5.62","Grissom, Vaughn",687093,683409,,"ball",,,,,14,,"R","R","R","NYY","LAA","B",,,2,1,2026,"-0.78","0.87",0.7520038558585174,0.9290472736156845,,,672724,2,7,"Top",,,,,,,9.415969485615582,-128.76629674052504,-6.930263493501191,-10.746508259392014,28.982750693554898,-21.189055494746622,3.301624016,1.666240158,,,,"88.2",1858,"6.3",823560,641555,700250,665862,642708,676609,641355,663757,592450,"54.2",,,,,,,,59,4,"Changeup",4,7,7,4,7,4,7,4,"Strategic","Standard",251,"-0.006","0.107",,,,,"-0.107",,-3,3,0.117,0.883,23,25,24,25,1,3,,2,3,2,"2.06","0.78","0.78","33.6",,,,,
"FC","2026-04-16","84.6","3.16","4.99","Grissom, Vaughn",687093,642232,,"called_strike",,,,,5,,"R","R","L","NYY","LAA","S",,,2,0,2026,"0.33","0.84",-0.0752426705853178,2.379066511660907,,,,0,9,"Top",,,,,,,-8.09088972328801,-123.03618733738875,-1.2505365239567476,4.902407147780005,23.95431016777583,-23.62034945292126,3.301624016,1.666240158,,,,"84.6",2001,"6.3",823560,641555,700250,665862,642708,676609,641355,663757,592450,"54.25",,,,,,,,74,3,"Cutter",4,11,11,4,11,4,11,4,"Standard","Standard",135,"0","-0.077",,,,,"0.077",,-7,7,0.001,0.999,34,25,35,25,1,4,4,2,8,2,"2.35","0.33","-0.33","13.2",,,,,
"FF","2026-04-16","97","-2.48","5.61","Grissom, Vaughn",687093,683409,,"ball",,,,,14,,"R","R","R","NYY","LAA","B",,,1,1,2026,"-1.12","0.88",0.5325829895735057,1.1806111698348323,,,672724,2,7,"Top",,,,,,,10.53957541111749,-140.60010521611838,-8.016993843202288,-17.326275575698766,34.7271503213932,-18.779368638454326,3.301624016,1.666240158,,,,"96.6",2350,"6.5",823560,641555,700250,665862,642708,676609,641355,663757,592450,"54.03",,,,,,,,59,3,"4-Seam Fastball",4,7,7,4,7,4,7,4,"Strategic","Standard",240,"-0.001","0.052",,,,,"-0.052",,-3,3,0.118,0.882,23,25,24,25,1,3,,2,3,2,"1.58","1.12","1.12","33.8",,,,,
"FC","2026-04-16","84.5","2.96","5.17","Grissom, Vaughn",687093,642232,,"ball",,,,,11,,"R","R","L","NYY","LAA","B",,,1,0,2026,"0.19","0.92",-1.3016157846663248,2.55496891302087,,,,0,9,"Top",,,,,,,-10.091208395943555,-122.7280728797745,-1.3807776194729837,3.8848404793358644,23.872091519033372,-22.786045151773887,3.301624016,1.666240158,,,,"83.8",2099,"5.9",823560,641555,700250,665862,642708,676609,641355,663757,592450,"54.6",,,,,,,,74,2,"Cutter",4,11,11,4,11,4,11,4,"Standard","Standard",146,"0","0.084",,,,,"-0.084",,-7,7,0.001,0.999,34,25,35,25,1,4,4,2,8,2,"2.28","0.19","-0.19","17.1",,,,,
"FC","2026-04-16","83","3.21","5.15","Grissom, Vaughn",687093,642232,,"ball",,,,,12,,"R","R","L","NYY","LAA","B",,,0,0,2026,"0.1","0.86",1.6690527330028178,3.885221214744373,,,,0,9,"Top",,,,,,,-3.658176553073741,-120.93063834341275,1.9253519550946394,1.6801135560066434,21.902301396478425,-24.216233793567362,3.301624016,1.666240158,,,,"82.7",2110,"5.8",823560,641555,700250,665862,642708,676609,641355,663757,592450,"54.66",,,,,,,,74,1,"Cutter",4,11,11,4,11,4,11,4,"Standard","Standard",158,"0","0.044",,,,,"-0.044",,-7,7,0.001,0.999,34,25,35,25,1,4,4,2,8,2,"2.42","0.1","-0.1","15.8",,,,,
"SL","2026-04-16","91.9","-2.63","5.54","Grissom, Vaughn",687093,683409,,"swinging_strike",,,,,14,,"R","R","R","NYY","LAA","S",,,1,0,2026,"0.26","0.74",1.2672533140157876,1.349186447541258,,,672724,2,7,"Top",,,,,,,9.174541234366169,-133.60070192663918,-6.192541811516672,1.2951197553087588,26.94633470356542,-22.12020464909765,3.301624016,1.666240158,,,,"92.2",2070,"6.4",823560,641555,700250,665862,642708,676609,641355,663757,592450,"54.13",,,,,,,,59,2,"Slider",4,7,7,4,7,4,7,4,"Strategic","Standard",232,"0.001","-0.053","33.3","6.4","8.296816632",,"0.053",,-3,3,0.117,0.883,23,25,24,25,1,3,,2,3,2,"1.95","-0.26","-0.26","31.7",-10.213017945835253,18.52202870425665,34.61281612765699,52.476952601487135,12.56289151117152
"SL","2026-04-16","92","-2.7","5.53","Grissom, Vaughn",687093,683409,,"ball",,,,,13,,"R","R","R","NYY","LAA","B",,,0,0,2026,"0.17","0.45",-0.4175973249442325,0.6740784060992131,,,672724,2,7,"Top",,,,,,,5.34552869519265,-133.79113033624608,-7.274475108955413,1.0467399923239002,26.216703316988536,-25.42975560034197,3.301624016,1.666240158,,,,"92.5",2026,"6.4",823560,641555,700250,665862,642708,676609,641355,663757,592450,"54.09",,,,,,,,59,1,"Slider",4,7,7,4,7,4,7,4,"Strategic","Standard",228,"-0.001","0.041",,,,,"-0.041",,-3,3,0.118,0.882,23,25,24,25,1,3,,2,3,2,"2.22","-0.17","-0.17","33.0",,,,,
"CU","2026-04-16","72.5","1.2","6.24","Grissom, Vaughn",687093,608331,"field_out","hit_into_play",,,,,6,"Vaughn Grissom grounds out softly, pitcher Max Fried to first baseman Ben Rice.","R","R","L","NYY","LAA","X",1,"ground_ball",0,1,2026,"-0.83","-1.3",0.7781333861182058,2.4606427518840492,,,,2,1,"Top",118.69,180.94,,,,,0.6185744750846481,-105.45963914093389,2.490114074176627,-6.236590191337116,20.806864223950374,-42.47518137080162,3.301624016,1.666240158,4,"57.2",-34,"72.2",2839,"6.5",823560,641555,700250,665862,642708,676609,641355,663757,592450,"54.04",0.104,0.094,"0",1,0,0,1,5,2,"Curveball",0,2,2,0,2,0,2,0,"Standard","Standard",329,"0.007","-0.215","42.1","7.0",,0.109,"0.215","88.0",-2,2,0.345,0.655,32,25,32,25,1,0,5,2,6,2,"5.69","-0.83","0.83","50.9",14.10572438389257,4.8224298015010945,29.1096654686934,46.61866342907848,24.14492692360796
"SI","2026-04-16","94.8","1.28","5.87","Grissom, Vaughn",687093,608331,,"called_strike",,,,,7,,"R","R","L","NYY","LAA","S",,,0,0,2026,"1.24","0.32",-0.7161865387069357,1.7966942044580088,,,,2,1,"Top",,,,,,,-7.992593930933228,-137.90881947087038,-5.526855463094744,17.536566467054683,28.54252727759884,-27.101582759037345,3.301624016,1.666240158,,,,"95.5",2162,"6.6",823560,641555,700250,665862,642708,676609,641355,663757,592450,"53.95",,,,,,,,5,1,"Sinker",0,2,2,0,2,0,2,0,"Standard","Standard",148,"0.001","-0.044",,,,,"0.044",,-2,2,0.344,0.656,32,25,32,25,1,0,5,2,6,2,"2.21","1.24","-1.24","44.0",,,,,
"FF","2026-04-16","93.3","-2.38","5.94","Grissom, Vaughn",687093,518585,"single","hit_into_play",,,,,6,"Vaughn Grissom singles on a ground ball to left fielder Cody Bellinger, deflected by third baseman Amed Rosario. Jo Adell scores. Oswald Peraza to 3rd.","R","R","R","NYY","LAA","X",5,"ground_ball",1,0,2026,"-0.28","1.38",0.40541137889970424,2.6288623473275776,666176,672724,,1,6,"Top",89,124,,,,,7.77383551893309,-135.5478945726831,-5.677267978627981,-5.1914824825020665,29.863247941133373,-14.043963893056274,3.301624016,1.666240158,68,"78.3",4,"94.1",2280,"6.8",823560,641555,700250,665862,642708,676609,641355,663757,592450,"53.66",0.252,0.247,"0.9",1,1,0,2,45,2,"4-Seam Fastball",3,3,3,3,4,3,4,3,"Strategic","Standard",206,"-0.104","0.47","80.3","7.5",,0.279,"-0.47","88.0",0,0,0.37,0.63,36,25,36,25,1,2,1,2,8,2,"1.24","0.28","0.28","45.3",15.52492348089689,-9.057814281525626,29.192003105743556,39.13308185976782,40.16220302203862
"FS","2026-04-16","78.6","-2.27","6.07","Grissom, Vaughn",687093,518585,,"ball",,,,,11,,"R","R","R","NYY","LAA","B",,,0,0,2026,"-0.26","-0.08",-1.3501340777502553,3.6075357175713094,666176,672724,,1,6,"Top",,,,,,,2.4692657549940678,-114.60093482598133,1.706379090197098,-2.6602779401385916,17.42077318038158,-33.296599372201946,3.301624016,1.666240158,,,,"80",518,"6.8",823560,641555,700250,665862,642708,676609,641355,663757,592450,"53.75",,,,,,,,45,1,"Split-Finger",3,3,3,3,3,3,3,3,"Strategic","Standard",199,"-0.001","0.031",,,,,"-0.031",,0,0,0.371,0.629,36,25,36,25,1,2,1,2,8,2,"3.7","0.26","0.26","49.8",,,,,
"FF","2026-04-14","96.3","2.65","5.48","Grissom, Vaughn",687093,677960,"strikeout","called_strike",,,,,8,"Vaughn Grissom called out on strikes.","R","R","L","NYY","LAA","S",2,,0,2,2026,"0.75","1.23",0.1500092080874702,1.6578642481748134,,,,2,3,"Top",,,,,,,-8.161525139530028,-139.93151072772952,-7.065233978842281,11.72360263089557,32.67791547074578,-14.583158027035852,3.301624016,1.666240158,,,,"94.9",2431,"5.7",823562,669224,502671,642708,641857,676609,545341,663757,592450,"54.85",,0,"0",1,0,0,,20,3,"4-Seam Fastball",0,3,3,0,3,0,3,0,"Standard","Standard",133,"0.004","-0.152",,,,,"0.152",,-3,3,0.232,0.768,26,25,27,25,2,1,5,2,5,2,"1.24","0.75","-0.75","34.6",,,,,
"ST","2026-04-14","79.4","3.08","5.14","Grissom, Vaughn",687093,677960,,"foul",,,,,13,,"R","R","L","NYY","LAA","S",,,0,1,2026,"-1.06","-0.07",-0.22829803134237248,1.3342212496692119,,,,2,3,"Top",,,,,,,-5.051141109543621,-115.3867666891947,-1.0525353506163717,-8.249577605415222,25.46009996251025,-32.79871436199908,3.301624016,1.666240158,1,"48.7",-52,"77.8",2528,"5.6",823562,669224,502671,642708,641857,676609,545341,663757,592450,"54.87",,,,,,,,20,2,"Sweeper",0,3,3,0,3,0,3,0,"Strategic","Standard",290,"0.002","-0.063","71.2","8.0",,,"0.063","88.0",-3,3,0.23,0.77,26,25,27,25,2,1,5,2,5,2,"3.75","-1.06","1.06","22.9",22.79676654832537,-20.882795273660587,38.92847807250537,34.48666251043717,49.6999376276401
"FF","2026-04-14","95.7","2.68","5.52","Grissom, Vaughn",687093,677960,,"foul",,,,,6,,"R","R","L","NYY","LAA","S",,,0,0,2026,"1.08","1.3",0.5000733268106261,2.5302647458424206,,,,2,3,"Top",,,,,,,-8.044326882622766,-139.06809179160376,-4.975202820704328,15.844961345202483,31.73961763218066,-14.345321769686903,3.301624016,1.666240158,336,"97.4",41,"94.5",2481,"5.7",823562,669224,502671,642708,641857,676609,545341,663757,592450,"54.82",,,,,,,,20,1,"4-Seam Fastball",0,3,3,0,3,0,3,0,"Strategic","Standard",136,"0.001","-0.044","73.3","7.1",,,"0.044","97.4",-3,3,0.229,0.771,26,25,27,25,2,1,5,2,5,2,"1.2","1.08","-1.08","34.0",8.57353790919103,10.840109168046602,35.58992895832041,40.09258208710702,23.00030722417333
"FF","2026-04-14","96.3","2.66","5.47","Grissom, Vaughn",687093,677960,"walk","ball",,,,,13,"Vaughn Grissom walks.","R","R","L","NYY","LAA","B",,,3,2,2026,"0.73","1.31",-1.3396552460083704,2.368383686094627,,,,1,1,"Top",,,,,,,-12.02300422735467,-139.6376143713491,-5.414414396734324,12.172834316589123,30.514383560491048,-13.881638247356879,3.301624016,1.666240158,,,,"95.3",2344,"5.8",823562,669224,502671,642708,641857,676609,545341,663757,592450,"54.65",,0.698079,"0.7",1,0,0,,5,6,"4-Seam Fastball",0,3,3,0,3,0,3,0,"Strategic","Standard",135,"-0.013","0.339",,,,,"-0.339",,-3,3,0.248,0.752,26,25,27,25,1,0,5,2,5,2,"1.16","0.73","-0.73","35.2",,,,,
"FF","2026-04-14","95.9","2.73","5.45","Grissom, Vaughn",687093,677960,,"foul_tip",,,,,9,,"R","R","L","NYY","LAA","S",,,3,1,2026,"1.04","1.22",0.7836930919020608,1.9094234723433585,,,,1,1,"Top",,,,,,,-7.375057766117899,-139.37656292018482,-6.237805846485673,15.267587790861224,33.83059364599667,-14.98416623122173,3.301624016,1.666240158,,,,"94.6",2328,"5.8",823562,669224,502671,642708,641857,676609,545341,663757,592450,"54.74",,,,,,,,5,5,"4-Seam Fastball",0,3,3,0,3,0,3,0,"Strategic","Standard",130,"0.004","-0.092","72.0","7.2",,,"0.092",,-3,3,0.244,0.756,26,25,27,25,1,0,5,2,5,2,"1.28","1.04","-1.04","31.7",0.4583899336928963,17.64478191396729,39.85813715972241,42.97487644808608,17.388520413095105
"SL","2026-04-14","83.2","3.05","5.19","Grissom, Vaughn",687093,677960,,"ball",,,,,13,,"R","R","L","NYY","LAA","B",,,2,1,2026,"-0.35","0.09",-1.5809454430365848,-0.21202838686005832,,,,1,1,"Top",,,,,,,-9.653845189226683,-120.59282594618128,-5.555620506234842,-1.0443910820748785,29.182590704658327,-30.208592562403727,3.301624016,1.666240158,,,,"81.3",2768,"5.8",823562,669224,502671,642708,641857,676609,545341,663757,592450,"54.69",,,,,,,,5,4,"Slider",0,3,3,0,3,0,3,0,"Strategic","Standard",318,"-0.004","0.127",,,,,"-0.127",,-3,3,0.248,0.752,26,25,27,25,1,0,5,2,5,2,"3.3","-0.35","0.35","27.3",,,,,
"CH","2026-04-14","84.7","2.83","5.44","Grissom, Vaughn",687093,677960,,"ball",,,,,14,,"R","R","L","NYY","LAA","B",,,1,1,2026,"1.55","-0.03",1.0617974643316814,2.0487089799832296,,,,1,1,"Top",,,,,,,-7.151117697256156,-122.98642349793226,-1.136529566453653,17.225258597355392,29.358807931580998,-32.438835120166054,3.301624016,1.666240158,,,,"83.1",1967,"5.8",823562,669224,502671,642708,641857,676609,545341,663757,592450,"54.66",,,,,,,,5,3,"Changeup",0,3,3,0,3,0,3,0,"Strategic","Standard",122,"-0.003","0.058",,,,,"-0.058",,-3,3,0.251,0.749,26,25,27,25,1,0,5,2,5,2,"3.27","1.55","-1.55","32.4",,,,,
"ST","2026-04-14","81.9","2.97","5.33","Grissom, Vaughn",687093,677960,,"ball",,,,,13,,"R","R","L","NYY","LAA","B",,,0,1,2026,"-1.06","-0.19",-1.3625949506168746,0.29406938084315026,,,,1,1,"Top",,,,,,,-7.469962331283451,-118.96903516056844,-4.007757461826547,-8.328979870373242,26.463417502281107,-33.29126750803445,3.301624016,1.666240158,,,,,2741,,823562,669224,502671,642708,641857,676609,545341,663757,592450,"54.7",,,,,,,,5,2,"Sweeper",0,3,3,0,3,0,3,0,"Strategic","Standard",312,"-0.001","0.035",,,,,"-0.035",,-3,3,0.252,0.748,26,25,27,25,1,0,5,2,5,2,"3.64","-1.06","1.06",,,,,,
"FF","2026-04-14","95.5","2.75","5.58","Grissom, Vaughn",687093,677960,,"called_strike",,,,,4,,"R","R","L","NYY","LAA","S",,,0,0,2026,"0.92","1.14",-0.42316599546569444,2.171845567247555,,,,1,1,"Top",,,,,,,-10.195285110500256,-138.50006657098456,-5.602369056899949,14.217973431927879,33.88290873551638,-16.369753674315497,3.301624016,1.666240158,,,,,2319,,823562,669224,502671,642708,641857,676609,545341,663757,592450,"54.8",,,,,,,,5,1,"4-Seam Fastball",0,3,3,0,3,0,3,0,"Strategic","Standard",131,"0.002","-0.042",,,,,"0.042",,-3,3,0.25,0.75,26,25,27,25,1,0,5,2,5,2,"1.39","0.92","-0.92",,,,,,
"SI","2026-04-14","96.8","-2.54","5.7","Grissom, Vaughn",687093,660787,"walk","ball",,,,,14,"Vaughn Grissom walks.","R","R","R","NYY","LAA","B",,,3,2,2026,"-1.39","0.73",1.6174035313453108,1.9623806741532401,,,,2,7,"Top",,,,,,,14.194647652076249,-140.1853278263296,-5.894005055125618,-21.523714036424067,31.240663294376372,-21.254290152594354,3.301624016,1.666240158,,,,"97.1",2204,"6.7",823562,669224,502671,642708,641857,676609,545341,663757,592450,"53.84",,0.698079,"0.7",1,0,0,,52,8,"Sinker",0,6,6,0,6,0,6,0,"Strategic","Standard",234,"-0.001","0.296",,,,,"-0.296",,-6,6,0.02,0.98,28,25,29,25,1,3,,2,22,2,"1.72","1.39","1.39","24.7",,,,,
"SI","2026-04-14","96.3","-2.59","5.71","Grissom, Vaughn",687093,660787,,"foul",,,,,4,,"R","R","R","NYY","LAA","S",,,3,2,2026,"-1.51","0.38",-0.5621210997748485,2.611832304116067,,,,2,7,"Top",,,,,,,8.878332451505827,-140.04908399843288,-3.3438692759968522,-21.920501593378052,31.23066855704817,-26.575498925395504,3.301624016,1.666240158,5,"75.5",-29,"97",1977,"6.7",823562,669224,502671,642708,641857,676609,545341,663757,592450,"53.82",,,,,,,,52,7,"Sinker",0,6,6,0,6,0,6,0,"Strategic","Standard",236,"0","0","76.4","6.8",,,"0","88.0",-6,6,0.02,0.98,28,25,29,25,1,3,,2,22,2,"2.08","1.51","1.51","23.9",6.736876266433905,3.100047865270906,35.001726594248545,28.515761996691786,28.99031802283031
"CH","2026-04-14","89.3","-2.58","5.82","Grissom, Vaughn",687093,660787,,"ball",,,,,14,,"R","R","R","NYY","LAA","B",,,2,2,2026,"-1.21","-0.15",1.5323051832609402,0.9814541772675853,,,,2,7,"Top",,,,,,,12.587118128147761,-129.39170876011136,-5.272660871480637,-16.200089208822757,26.850924404387676,-32.89831803159639,3.301624016,1.666240158,,,,"89.4",1364,"6.6",823562,669224,502671,642708,641857,676609,545341,663757,592450,"53.9",,,,,,,,52,6,"Changeup",0,6,6,0,6,0,6,0,"Strategic","Standard",256,"0","0.086",,,,,"-0.086",,-6,6,0.02,0.98,28,25,29,25,1,3,,2,22,2,"3.03","1.21","1.21","25.9",,,,,
"SI","2026-04-14","96","-2.54","5.75","Grissom, Vaughn",687093,660787,,"foul",,,,,6,,"R","R","R","NYY","LAA","S",,,2,2,2026,"-1.62","0.47",0.3963280644558218,2.735245120532375,,,,2,7,"Top",,,,,,,11.46256652611076,-139.3479494185788,-3.2826369586111395,-23.63037852179282,30.88165825714222,-25.42041181988909,3.301624016,1.666240158,297,"91.3",29,"96.6",2099,"6.7",823562,669224,502671,642708,641857,676609,545341,663757,592450,"53.78",,,,,,,,52,5,"Sinker",0,6,6,0,6,0,6,0,"Strategic","Standard",238,"0","0","63.3","6.0",,,"0","91.3",-6,6,0.02,0.98,28,25,29,25,1,3,,2,22,2,"2.01","1.62","1.62","24.0",-9.291435226711934,27.294458643548126,37.47631374230878,40.49006656560389,14.292605141387568
"SL","2026-04-14","84.5","1.89","6.19","Grissom, Vaughn",687093,687396,"single","hit_into_play",,,,,14,"Vaughn Grissom singles on a sharp line drive to left fielder Randal Grichuk. Jorge Soler to 2nd.","R","R","L","NYY","LAA","X",7,"line_drive",0,2,2026,"-0.25","0.3",0.08586117373801896,1.5304561340659957,,,624585,1,9,"Top",63,95.77,,,,,-3.6566141874723592,-122.99277336463649,-4.820650608599115,-1.757375772620064,26.725883328518417,-28.33327159486242,3.301624016,1.666240158,213,"102.8",13,"84.8",2053,"6.7",823562,669224,700250,665862,642708,676609,545341,663757,592450,"53.79",0.906,0.904,"0.9",1,1,0,4,69,3,"Slider",1,7,7,1,7,1,7,1,"Standard","Standard",187,"-0.001","0.503","74.9","7.8",,1.194,"-0.503","102.8",-6,6,0.003,0.997,28,25,29,25,1,4,2,2,1,2,"2.92","-0.25","0.25","37.8",16.21071469629449,-1.9926844254484222,40.01659674685093,35.86327411063361,34.57047083164689
"FF","2026-04-14","94.1","1.56","6.36","Grissom, Vaughn",687093,687396,,"foul",,,,,5,,"R","R","L","NYY","LAA","S",,,0,1,2026,"0.46","1.63",0.08360565047640961,2.6177449489043436,,,624585,1,9,"Top",,,,,,,-4.854884407394441,-136.73739047928254,-7.422711921144806,6.932310264741729,33.34221241874931,-10.298941299055217,3.301624016,1.666240158,203,"82.9",59,"94.3",2402,"6.7",823562,669224,700250,665862,642708,676609,545341,663757,592450,"53.76",,,,,,,,69,2,"4-Seam Fastball",1,7,7,1,7,1,7,1,"Standard","Standard",148,"0","-0.054","74.3","6.7",,,"0.054","88.0",-6,6,0.003,0.997,28,25,29,25,1,4,2,2,1,2,"0.97","0.46","-0.46","42.3",4.546384601864452,7.97956336282888,35.219842597020126,34.48151128346807,27.442504324116193
"SI","2026-04-14","96","-2.6","5.68","Grissom, Vaughn",687093,660787,,"called_strike",,,,,14,,"R","R","R","NYY","LAA","S",,,2,1,2026,"-1.57","0.58",1.0602456996030725,2.1619384519518974,,,,2,7,"Top",,,,,,,13.181217020108402,-139.1019447792754,-4.799472925365331,-23.23008998530236,30.050789863948424,-23.75702526651451,3.301624016,1.666240158,,,,"96.3",2093,"6.6",823562,669224,502671,642708,641857,676609,545341,663757,592450,"53.89",,,,,,,,52,4,"Sinker",0,6,6,0,6,0,6,0,"Strategic","Standard",236,"0","-0.082",,,,,"0.082",,-6,6,0.02,0.98,28,25,29,25,1,3,,2,22,2,"1.91","1.57","1.57","22.7",,,,,
"FF","2026-04-14","93.7","1.89","6.29","Grissom, Vaughn",687093,687396,,"called_strike",,,,,5,,"R","R","L","NYY","LAA","S",,,0,0,2026,"0.63","1.32",-0.25434767165888406,2.6265383343968103,,,624585,1,9,"Top",,,,,,,-6.965567875081224,-136.1779726243065,-6.488041908375356,9.397077621466627,32.560938717289055,-14.465039256518258,3.301624016,1.666240158,,,,"94.5",2454,"7",823562,669224,700250,665862,642708,676609,545341,663757,592450,"53.49",,,,,,,,69,1,"4-Seam Fastball",1,7,7,1,7,1,7,1,"Standard","Standard",144,"0","-0.041",,,,,"0.041",,-6,6,0.003,0.997,28,25,29,25,1,4,2,2,1,2,"1.3","0.63","-0.63","42.2",,,,,
"SL","2026-04-14","86.2","-2.53","5.8","Grissom, Vaughn",687093,660787,,"ball",,,,,14,,"R","R","R","NYY","LAA","B",,,1,1,2026,"0.18","0.13",1.4088393862992798,2.3196684918117345,,,,2,7,"Top",,,,,,,8.909696840240699,-125.1992944244403,-1.9594117172560142,-0.2556751500240616,29.43175122470846,-30.63871669504669,3.301624016,1.666240158,,,,"86.1",2056,"6.7",823562,669224,502671,642708,641857,676609,545341,663757,592450,"53.81",,,,,,,,52,3,"Slider",0,6,6,0,6,0,6,0,"Strategic","Standard",124,"0","0.057",,,,,"-0.057",,-6,6,0.02,0.98,28,25,29,25,1,3,,2,22,2,"2.99","-0.18","-0.18","28.9",,,,,
"SI","2026-04-14","95.8","-2.76","5.64","Grissom, Vaughn",687093,660787,,"called_strike",,,,,1,,"R","R","R","NYY","LAA","S",,,1,0,2026,"-1.57","0.43",-0.8086424339803533,3.1933575221306976,,,,2,7,"Top",,,,,,,8.754488983983737,-139.20499614907445,-1.6225398114476142,-22.447083252667525,31.936292407617596,-26.43646259114689,3.301624016,1.666240158,,,,"96.1",2068,"6.6",823562,669224,502671,642708,641857,676609,545341,663757,592450,"53.89",,,,,,,,52,2,"Sinker",0,6,6,0,6,0,6,0,"Strategic","Standard",239,"0","-0.054",,,,,"0.054",,-6,6,0.02,0.98,28,25,29,25,1,3,,2,22,2,"2.07","1.57","1.57","23.1",,,,,
"SI","2026-04-14","96.6","-2.66","5.64","Grissom, Vaughn",687093,660787,,"ball",,,,,14,,"R","R","R","NYY","LAA","B",,,0,0,2026,"-1.61","0.26",1.4597538428695838,1.4145816576529333,,,,2,7,"Top",,,,,,,14.558574320989663,-139.87016848759632,-6.000481097110863,-24.498784529636424,31.830786103089302,-27.50625157132687,3.301624016,1.666240158,,,,"96.6",2116,"6.6",823562,669224,502671,642708,641857,676609,545341,663757,592450,"53.93",,,,,,,,52,1,"Sinker",0,6,6,0,6,0,6,0,"Strategic","Standard",237,"0","0.041",,,,,"-0.041",,-6,6,0.02,0.98,28,25,29,25,1,3,,2,22,2,"2.21","1.61","1.61","20.8",,,,,
"SI","2026-04-14","93.2","-2.25","6.05","Grissom, Vaughn",687093,621112,"single","hit_into_play",,,,,1,"Vaughn Grissom singles on a ground ball to left fielder Randal Grichuk. Jorge Soler to 2nd.","R","R","R","NYY","LAA","X",7,"ground_ball",0,0,2026,"-1.2","1.09",-0.49520865863333063,2.9421468042637953,,,624585,0,6,"Top",74.79,115.2,,,,,7.074466444569956,-135.54487965516208,-4.428919080919678,-16.281289726940162,29.509848712516686,-18.006069132140233,3.301624016,1.666240158,56,"96.4",1,"92.7",2003,"6",823562,669224,502671,642708,641857,676609,545341,663757,592450,"54.51",0.449,0.443,"0.9",1,1,0,4,40,1,"Sinker",0,4,4,0,4,0,4,0,"Standard","Standard",213,"-0.015","0.468","77.5","6.7",,0.547,"-0.468","96.4",-4,4,0.072,0.928,32,25,33,25,1,2,1,2,4,2,"1.54","1.2","1.2","44.9",12.361231079712766,3.4584675888744183,28.3066740696365,29.50126012023145,34.35656406352885
"CH","2026-04-12","86.3","2.52","5.96","Grissom, Vaughn",687093,671096,"field_out","hit_into_play",,,,,14,"Vaughn Grissom grounds out, shortstop Elly De La Cruz to first baseman Sal Stewart.","R","R","L","CIN","LAA","X",6,"ground_ball",1,2,2026,"1.23","0.79",0.9473784816661048,2.059057474926316,,,,0,3,"Top",111.85,155.45,,,,,-6.2857203365953245,-125.5956127573869,-4.548830542212987,14.274013549851862,23.256796427186103,-23.11015857038298,3.301624016,1.666240158,26,"93.4",-3,"87.2",2025,"6.7",824533,664731,701398,680574,553993,682829,668715,670770,682622,"53.84",0.26,0.247,"0",1,0,0,2,21,4,"Changeup",0,5,5,0,5,0,5,0,"Standard","Standard",146,"0.005","-0.188","73.4","7.7",,0.302,"0.188","93.4",-5,5,0.096,0.904,27,25,27,25,2,1,5,1,6,2,"2.25","1.23","-1.23","48.8",10.067402632511827,-2.1489683121826815,34.29722902426614,46.73134728190304,29.294458154005135
"ST","2026-04-12","81.3","2.43","5.93","Grissom, Vaughn",687093,671096,,"ball",,,,,13,,"R","R","L","CIN","LAA","B",,,0,2,2026,"-1.44","-0.47",-0.0877042588018031,-0.187774312372182,,,,0,3,"Top",,,,,,,-2.7618542415273764,-118.12330487514255,-5.758271093301484,-12.624192928964536,27.761046219467342,-35.383161791360706,3.301624016,1.666240158,,,,"81.1",2803,"6.8",824533,664731,701398,680574,553993,682829,668715,670770,682622,"53.7",,,,,,,,21,3,"Sweeper",0,5,5,0,5,0,5,0,"Standard","Standard",321,"-0.001","0.023",,,,,"-0.023",,-5,5,0.097,0.903,27,25,27,25,2,1,5,1,6,2,"3.99","-1.44","1.44","49.8",,,,,
"FF","2026-04-12","91.8","2.5","5.99","Grissom, Vaughn",687093,671096,,"called_strike",,,,,7,,"R","R","L","CIN","LAA","S",,,0,1,2026,"0.53","1.47",-0.4444520043932271,1.5799952876345458,,,,0,3,"Top",,,,,,,-8.565731631538625,-133.1932705164031,-8.253789202613152,8.289238971731912,30.841152545708205,-13.005834200848637,3.301624016,1.666240158,,,,"91.8",2358,"6.6",824533,664731,701398,680574,553993,682829,668715,670770,682622,"53.88",,,,,,,,21,2,"4-Seam Fastball",0,5,5,0,5,0,5,0,"Standard","Standard",158,"0.002","-0.056",,,,,"0.056",,-5,5,0.095,0.905,27,25,27,25,2,1,5,1,6,2,"1.27","0.53","-0.53","52.7",,,,,
"FC","2026-04-12","86","2.4","6.07","Grissom, Vaughn",687093,671096,,"foul",,,,,4,,"R","R","L","CIN","LAA","S",,,0,0,2026,"-0.36","0.49",-0.3278855380736261,2.316807264012173,,,,0,3,"Top",,,,,,,-5.6650443483522475,-125.32520411221506,-3.554708337514359,-2.893467175723794,21.575818919516028,-26.53179069456643,3.301624016,1.666240158,80,"84",87,"87.1",2578,"6.6",824533,664731,701398,680574,553993,682829,668715,670770,682622,"53.9",,,,,,,,21,1,"Cutter",0,5,5,0,5,0,5,0,"Standard","Standard",177,"0.001","-0.043","78.8","8.0",,,"0.043","88.0",-5,5,0.094,0.906,27,25,27,25,2,1,5,1,6,2,"2.55","-0.36","0.36","54.7",19.64896614723106,-22.637014174884893,35.912885150150906,31.971768706184058,42.40874636518595
"FF","2026-04-12","94.6","-0.93","5.73","Grissom, Vaughn",687093,693312,"field_out","hit_into_play",,,,,1,"Vaughn Grissom flies out to center fielder TJ Friedl.","R","R","R","CIN","LAA","X",8,"fly_ball",2,1,2026,"-0.62","1.47",-0.2954451180486961,3.180780822460588,545361,666176,,2,4,"Top",129.87,89.68,,,,,3.0859931186696503,-137.74850030071454,-4.199033935071097,-8.584892097404973,29.722576343382503,-12.718560893553118,3.301624016,1.666240158,274,"82.7",43,"96.3",2325,"7.2",824533,664731,701398,680574,553993,682829,668715,670770,682622,"53.34",0.014,0.017,"0",1,0,0,3,33,4,"4-Seam Fastball",0,7,7,0,7,0,7,0,"Infield shade","Standard",206,"0.007","-0.251","73.6","6.8",,0.026,"0.251","88.0",-7,7,0.029,0.971,27,25,27,25,1,2,2,1,4,2,"1.07","0.62","0.62","47.5",9.98631743200655,-3.3238324931557193,26.72432862527304,32.807025294639686,26.94295656582561
"FF","2026-04-12","94.9","-0.97","5.76","Grissom, Vaughn",687093,693312,,"called_strike",,,,,11,,"R","R","R","CIN","LAA","S",,,2,0,2026,"-0.41","1.48",-0.1326765095904746,3.501198686390304,545361,666176,,2,4,"Top",,,,,,,3.148823253727114,-138.1373562986573,-3.464299126679121,-5.957411547942878,31.757593652026255,-12.738280094245564,3.301624016,1.666240158,,,,"96.3",2302,"7.2",824533,664731,701398,680574,553993,682829,668715,670770,682622,"53.33",,,,,,,,33,3,"4-Seam Fastball",0,7,7,0,7,0,7,0,"Infield shade","Standard",210,"0","-0.042",,,,,"0.042",,-7,7,0.029,0.971,27,25,27,25,1,2,2,1,4,2,"1.06","0.41","0.41","47.4",,,,,
"CH","2026-04-12","84.6","2.14","4.79","Grissom, Vaughn",687093,594580,"catcher_interf","hit_into_play",,,,,8,"Vaughn Grissom reaches on catcher interference by P.J. Higgins. Mike Trout to 3rd. Jorge Soler to 2nd. Vaughn Grissom to 1st.","R","R","L","CIN","LAA","S",2,"ground_ball",0,1,2026,"1.08","-0.6",-0.17579170674565403,2.131909396327964,,545361,624585,2,8,"Top",,,,,,,-7.287644714439364,-122.99052311155296,1.4692739016101735,12.349866157343437,23.887880223619685,-38.74913992093236,3.301624016,1.666240158,12,"86.7",-9,"82.4",1853,"4.8",824533,664731,668715,680574,701398,682829,666181,670770,682622,"55.71",,,"0.7",1,0,0,,67,2,"Changeup",0,8,8,0,8,0,8,0,"Standard","Standard",79,"0","0.398","67.5","6.6",,,"-0.398","88.0",-8,8,0.002,0.998,34,25,34,25,1,4,2,1,4,2,"3.78","1.08","-1.08","13.4",-9.171905937691886,17.541591835928976,44.012497362194416,33.43707970569428,16.294643248476664
"ST","2026-04-12","80.5","2.2","4.69","Grissom, Vaughn",687093,594580,,"called_strike",,,,,8,,"R","R","L","CIN","LAA","S",,,0,0,2026,"-1.03","-0.3",0.1861648041454782,1.8903036228589492,,545361,624585,2,8,"Top",,,,,,,-2.349435650099461,-117.28314155096072,1.1391299473511374,-9.093319883087785,22.248207221768514,-35.3439843106424,3.301624016,1.666240158,,,,"78",2797,"4.5",824533,664731,668715,680574,701398,682829,666181,670770,682622,"56.01",,,,,,,,67,1,"Sweeper",0,8,8,0,8,0,8,0,"Standard","Standard",319,"0","-0.033",,,,,"0.033",,-8,8,0.002,0.998,34,25,34,25,1,4,2,1,4,2,"3.81","-1.03","1.03","12.4",,,,,
"FF","2026-04-12","94","-0.86","5.9","Grissom, Vaughn",687093,693312,,"ball",,,,,11,,"R","R","R","CIN","LAA","B",,,1,0,2026,"-0.5","1.39",-1.8139323426594571,6.14198884999928,,545361,666176,2,4,"Top",,,,,,,-1.3331244544568581,-136.84302707603285,3.3507558545085683,-5.937698801670539,30.271495764731107,-15.69709810190683,3.301624016,1.666240158,,,,"95.3",2306,"7",824533,664731,701398,680574,553993,682829,668715,670770,682622,"53.5",,,,,,,,33,2,"4-Seam Fastball",0,7,7,0,7,0,7,0,"Standard","Standard",198,"-0.002","0.028",,,,,"-0.028",,-7,7,0.031,0.969,27,25,27,25,1,2,2,1,4,2,"1.19","0.5","0.5","52.3",,,,,
"SL","2026-04-12","90.4","-1.15","5.78","Grissom, Vaughn",687093,693312,,"ball",,,,,11,,"R","R","R","CIN","LAA","B",,,0,0,2026,"0.47","0.03",-0.20345182443150533,3.4816888143391895,,545361,666176,2,4,"Top",,,,,,,1.330135757441849,-131.78669679769905,0.3098020276655977,5.168779563371305,27.15843017697027,-32.12261623062165,3.301624016,1.666240158,,,,"91.8",2497,"7",824533,664731,701398,680574,553993,682829,668715,670770,682622,"53.55",,,,,,,,33,1,"Slider",0,7,7,0,7,0,7,0,"Infield shade","Standard",117,"0","0.028",,,,,"-0.028",,-7,7,0.031,0.969,27,25,27,25,1,2,2,1,4,2,"2.74","-0.47","-0.47","44.7",,,,,
"CH","2026-04-12","86.1","2.62","5.93","Grissom, Vaughn",687093,671096,"single","hit_into_play",,,,,14,"Vaughn Grissom singles on a ground ball to shortstop Elly De La Cruz. Mike Trout to 3rd. Jo Adell to 2nd.","R","R","L","CIN","LAA","X",6,"ground_ball",2,2,2026,"1.4","0.53",0.9191355598142079,2.2634312331498907,,545361,666176,2,1,"Top",102.34,152.59,,,,,-6.862574507050619,-125.18422674833647,-3.351177004190077,16.077468963131462,24.411683890036695,-26.159803830596925,3.301624016,1.666240158,97,"84.4",7,"86.3",1842,"6.4",824533,664731,701398,680574,553993,682829,668715,670770,682622,"54.12",0.371,0.334,"0.9",1,1,0,4,5,6,"Changeup",0,0,0,0,0,0,0,0,"Standard","Standard",128,"-0.036","0.618","71.2","7.8",,0.39,"-0.618","88.0",0,0,0.511,0.489,27,25,27,25,1,0,5,1,6,2,"2.54","1.4","-1.4","52.1",15.955851913316627,-1.977019842091798,32.19487008913053,45.69900523758146,33.81508664394566
"FF","2026-04-12","93.3","2.45","6.03","Grissom, Vaughn",687093,671096,,"ball",,,,,12,,"R","R","L","CIN","LAA","B",,,1,2,2026,"0.57","1.5",0.19815350685520128,5.011244357380909,,545361,666176,2,1,"Top",,,,,,,-7.017291473717873,-135.6969744767175,-0.06259845922059692,8.549190016726804,30.06107467036986,-13.909470565470581,3.301624016,1.666240158,,,,"93.6",2367,"6.5",824533,664731,701398,680574,553993,682829,668715,670770,682622,"54",,,,,,,,5,5,"4-Seam Fastball",0,0,0,0,0,0,0,0,"Standard","Standard",153,"-0.007","0.006",,,,,"-0.006",,0,0,0.518,0.482,27,25,27,25,1,0,5,1,6,2,"1.13","0.57","-0.57","50.2",,,,,
"FF","2026-04-12","92.8","2.44","6.07","Grissom, Vaughn",687093,671096,,"foul",,,,,8,,"R","R","L","CIN","LAA","S",,,1,2,2026,"0.57","1.22",0.2214270436826521,2.115759697345923,,545361,666176,2,1,"Top",,,,,,,-6.889147065069247,-135.00466569749412,-6.932926733132778,8.336868772399333,25.16801188183616,-15.88522232626187,3.301624016,1.666240158,223,"76.1",48,"93.7",2240,"6.5",824533,664731,701398,680574,553993,682829,668715,670770,682622,"53.97",,,,,,,,5,4,"4-Seam Fastball",0,0,0,0,0,0,0,0,"Standard","Standard",153,"0","0","67.4","6.8",,,"0","88.0",0,0,0.518,0.482,27,25,27,25,1,0,5,1,6,2,"1.39","0.57","-0.57","54.1",-2.0941113151903727,6.819418074404712,41.59352043741533,36.86624350417443,20.24012427551618
"CH","2026-04-12","87.3","1.95","6.21","Grissom, Vaughn",687093,656271,"field_out","hit_into_play",,,,,12,"Vaughn Grissom grounds out, second baseman Matt McLain to first baseman Sal Stewart.","R","R","L","CIN","LAA","X",4,"ground_ball",1,1,2026,"1.05","0.68",1.2364355367670257,2.910784568116581,,,,0,7,"Top",139.93,148.86,,,,,-3.910628433915994,-127.17337845284894,-3.067284603672883,12.204362063859339,24.8529689209808,-24.35805520876984,3.301624016,1.666240158,55,"100",0,"88",2103,"6.6",824533,664731,701398,680574,553993,682829,668715,670770,682622,"53.94",0.423,0.397,"0",1,0,0,4,54,3,"Changeup",0,7,7,0,7,0,7,0,"Standard","Standard",132,"0","-0.25","69.9","7.5",,0.48,"0.25","100.0",-7,7,0.009,0.991,29,25,30,25,1,3,3,1,3,2,"2.29","1.05","-1.05","36.2",12.369653493651064,9.764978565407583,22.2368533290487,51.094644170675444,23.89017077499485
"CH","2026-04-12","87.2","2.52","5.94","Grissom, Vaughn",687093,671096,,"blocked_ball",,,,,13,,"R","R","L","CIN","LAA","B",,,0,2,2026,"1.17","0.79",-0.16990675460223792,0.20812392700530435,,545361,666176,2,1,"Top",,,,,,,-8.842542652584973,-126.49084452788416,-8.986303669525297,14.379887288486051,25.07246776010333,-21.979581644371574,3.301624016,1.666240158,,,,"87.4",1907,"6.5",824533,664731,701398,680574,553993,682829,668715,670770,682622,"53.95",,,,,,,,5,3,"Changeup",0,0,0,0,0,0,0,0,"Standard","Standard",136,"-0.004","0.017",,,,,"-0.017",,0,0,0.522,0.478,27,25,27,25,1,0,5,1,6,2,"2.22","1.17","-1.17","46.6",,,,,
"CH","2026-04-12","87.9","1.83","6.22","Grissom, Vaughn",687093,656271,,"called_strike",,,,,3,,"R","R","L","CIN","LAA","S",,,1,0,2026,"1.32","1.14",0.4043756769492801,3.116555176781786,,,,0,7,"Top",,,,,,,-6.249059690547537,-127.89279464801058,-3.620563833510855,15.780318667885755,27.137182392003563,-19.137344060165674,3.301624016,1.666240158,,,,"88.6",2193,"6.8",824533,664731,701398,680574,553993,682829,668715,670770,682622,"53.73",,,,,,,,54,2,"Changeup",0,7,7,0,7,0,7,0,"Standard","Standard",134,"0","-0.058",,,,,"0.058",,-7,7,0.009,0.991,29,25,30,25,1,3,3,1,3,2,"1.82","1.32","-1.32","37.2",,,,,
"SL","2026-04-12","84.8","1.83","6.42","Grissom, Vaughn",687093,656271,,"ball",,,,,12,,"R","R","L","CIN","LAA","B",,,0,0,2026,"0.08","0.45",0.9587754120404482,4.193212913285564,,,,0,7,"Top",,,,,,,-2.1923695536096295,-123.67868640304638,0.27910979997425667,1.2047500827687634,20.598027641507997,-27.774233691968075,3.301624016,1.666240158,,,,"86.1",2365,"6.6",824533,664731,701398,680574,553993,682829,668715,670770,682622,"53.9",,,,,,,,54,1,"Slider",0,7,7,0,7,0,7,0,"Standard","Standard",172,"0","0.044",,,,,"-0.044",,-7,7,0.009,0.991,29,25,30,25,1,3,3,1,3,2,"2.67","0.08","-0.08","45.6",,,,,
"CH","2026-04-12","86.1","2.54","5.98","Grissom, Vaughn",687093,671096,,"swinging_strike",,,,,14,,"R","R","L","CIN","LAA","S",,,0,1,2026,"1.28","0.82",0.9389423490644215,0.9977087171750623,,545361,666176,2,1,"Top",,,,,,,-6.407434572071757,-125.08242096777657,-7.065329019110047,14.689807522726394,23.759262567264905,-22.306258195741663,3.301624016,1.666240158,,,,"86.6",1677,"6.6",824533,664731,701398,680574,553993,682829,668715,670770,682622,"53.93",,,,,,,,5,2,"Changeup",0,0,0,0,0,0,0,0,"Standard","Standard",142,"0.011","-0.054","73.2","8.5","6.228527028",,"0.054",,0,0,0.511,0.489,27,25,27,25,1,0,5,1,6,2,"2.25","1.28","-1.28","49.2",24.32650554514263,-9.63981392914179,42.73697763458405,46.453208220808804,39.075781159908416
"FF","2026-04-12","92.8","2.48","6.05","Grissom, Vaughn",687093,671096,,"called_strike",,,,,1,,"R","R","L","CIN","LAA","S",,,0,0,2026,"0.77","1.26",-0.315246515340763,2.8003848295225557,,545361,666176,2,1,"Top",,,,,,,-8.805092953570808,-134.80216391233537,-5.146080812794177,11.282237808808988,27.961259873390368,-15.89965550734795,3.301624016,1.666240158,,,,"93.4",2193,"6.6",824533,664731,701398,680574,553993,682829,668715,670770,682622,"53.87",,,,,,,,5,1,"4-Seam Fastball",0,0,0,0,0,0,0,0,"Standard","Standard",152,"0.006","-0.033",,,,,"0.033",,0,0,0.505,0.495,27,25,27,25,1,0,5,1,6,2,"1.39","0.77","-0.77","54.8",,,,,
"FF","2026-04-11","91.9","1","6.5","Grissom, Vaughn",687093,682227,"field_out","hit_into_play",,,,,12,"Vaughn Grissom flies out to left fielder Spencer Steer.","R","R","L","CIN","LAA","X",7,"fly_ball",2,0,2026,"0.89","1.6",0.5671514187436688,3.689777631758231,545361,666176,,2,3,"Top",83.03,83.61,,,,,-3.053238214088856,-133.62862465862008,-4.453756978863403,11.314125896969614,35.114563360680975,-12.452486454428044,3.301624016,1.666240158,306,"90.6",42,"90.7",2301,"6.1",824535,663886,663993,701398,663647,682829,668715,670770,682622,"54.37",0.011,0.018,"0",1,0,0,3,30,3,"4-Seam Fastball",5,1,1,5,1,5,1,5,"Infield shade","Standard",144,"0.047","-0.294","74.3","7.3",,0.03,"0.294","90.6",4,-4,0.847,0.15300000000000002,28,25,28,25,2,1,5,,6,1,"1.16","0.89","-0.89","47.5",15.26744748100014,-6.970404969795206,19.392395805459508,43.068371329202094,32.308760826507324
"FC","2026-04-11","88.2","1.16","6.3","Grissom, Vaughn",687093,682227,,"ball",,,,,13,,"R","R","L","CIN","LAA","B",,,1,0,2026,"-0.2","0.59",-0.9501556263919576,1.155336991399643,545361,666176,,2,3,"Top",,,,,,,-4.6357982356661385,-128.34196268375803,-7.394711207881862,-1.223267970925454,25.922507279654702,-24.334627339516402,3.301624016,1.666240158,,,,"88",2482,"6.1",824535,663886,663993,701398,663647,682829,668715,670770,682622,"54.38",,,,,,,,30,2,"Cutter",5,1,1,5,1,5,1,5,"Infield shade","Standard",172,"-0.003","0.004",,,,,"-0.004",,4,-4,0.85,0.15000000000000002,28,25,28,25,2,1,5,,6,1,"2.33","-0.2","0.2","39.3",,,,,
"FF","2026-04-11","93.4","0.97","6.41","Grissom, Vaughn",687093,682227,,"ball",,,,,13,,"R","R","L","CIN","LAA","B",,,0,0,2026,"0.94","1.48",-0.48508891863342596,0.9199491778158865,545361,666176,,2,3,"Top",,,,,,,-5.778532166608149,-135.33694806363025,-11.213215370333964,12.84963219465689,33.71432539992969,-11.633637536380446,3.301624016,1.666240158,,,,"92.3",2191,"6.2",824535,663886,663993,701398,663647,682829,668715,670770,682622,"54.29",,,,,,,,30,1,"4-Seam Fastball",5,1,1,5,1,5,1,5,"Infield shade","Standard",140,"-0.002","0.033",,,,,"-0.033",,4,-4,0.852,0.14800000000000002,28,25,28,25,2,1,5,,6,1,"1.19","0.94","-0.94","40.0",,,,,
"FC","2026-04-11","87","1.29","6.56","Grissom, Vaughn",687093,682227,"walk","ball",,,,,11,"Vaughn Grissom walks.","R","R","L","CIN","LAA","B",,,3,1,2026,"-0.61","0.76",-0.12246020780295275,3.765567148676559,,,,0,2,"Top",,,,,,,-2.052994575882297,-126.65621393144008,-1.8497058023368047,-6.009853771791727,28.9327858084232,-23.91054794622446,3.301624016,1.666240158,,,,"86",2379,"5.9",824535,663886,663993,701398,663647,682829,668715,670770,682622,"54.64",,0.698079,"0.7",1,0,0,,15,5,"Cutter",4,0,0,4,0,4,0,4,"Infield shade","Standard",184,"-0.017","0.264",,,,,"-0.264",,4,-4,0.83,0.17000000000000004,28,25,28,25,1,0,5,,6,1,"2.28","-0.61","0.61","42.8",,,,,
"CH","2026-04-11","83.5","1.35","6.45","Grissom, Vaughn",687093,682227,,"ball",,,,,13,,"R","R","L","CIN","LAA","B",,,2,1,2026,"1.37","0.5",-0.27507365460988975,0.5373240836282358,,,,0,2,"Top",,,,,,,-6.381669519304337,-121.18261462711408,-7.72066532612942,14.785548459951615,26.50312230490463,-25.800900372818695,3.301624016,1.666240158,,,,"82.3",1810,"5.9",824535,663886,663993,701398,663647,682829,668715,670770,682622,"54.57",,,,,,,,15,4,"Changeup",4,0,0,4,0,4,0,4,"Infield shade","Standard",117,"-0.009","0.144",,,,,"-0.144",,4,-4,0.839,0.16100000000000003,28,25,28,25,1,0,5,,6,1,"2.82","1.37","-1.37","40.9",,,,,
"FF","2026-04-11","91.6","1","6.68","Grissom, Vaughn",687093,682227,,"called_strike",,,,,4,,"R","R","L","CIN","LAA","S",,,2,0,2026,"0.44","1.77",-0.40402836096487993,2.377612745660366,,,,0,2,"Top",,,,,,,-4.414785193301682,-132.97871572788858,-8.450225910326825,6.217208766267276,32.288931466219275,-9.554532500345596,3.301624016,1.666240158,,,,"90.2",2260,"5.9",824535,663886,663993,701398,663647,682829,668715,670770,682622,"54.62",,,,,,,,15,3,"4-Seam Fastball",4,0,0,4,0,4,0,4,"Infield shade","Standard",146,"0.006","-0.077",,,,,"0.077",,4,-4,0.833,0.16700000000000004,28,25,28,25,1,0,5,,6,1,"0.99","0.44","-0.44","49.2",,,,,
"FC","2026-04-11","86.3","1.16","6.54","Grissom, Vaughn",687093,682227,,"ball",,,,,12,,"R","R","L","CIN","LAA","B",,,1,0,2026,"-0.54","0.65",0.42111006304272014,3.819643899904089,,,,0,2,"Top",,,,,,,-0.6021693730309743,-125.65122058648278,-1.3161582026034526,-5.525924183731594,28.393850892420563,-25.331624598757998,3.301624016,1.666240158,,,,"85",2537,"5.7",824535,663886,663993,701398,663647,682829,668715,670770,682622,"54.83",,,,,,,,15,2,"Cutter",4,0,0,4,0,4,0,4,"Infield shade","Standard",170,"-0.006","0.084",,,,,"-0.084",,4,-4,0.839,0.16100000000000003,28,25,28,25,1,0,5,,6,1,"2.44","-0.54","0.54","38.5",,,,,
"FC","2026-04-11","87.9","1.24","6.56","Grissom, Vaughn",687093,682227,,"ball",,,,,14,,"R","R","L","CIN","LAA","B",,,0,0,2026,"-0.22","1.07",1.2480421424972263,2.11075633991722,,,,0,2,"Top",,,,,,,0.4745072670927247,-127.89637689688323,-6.571762583318852,-2.533439789450633,29.10897015694055,-19.21177392153246,3.301624016,1.666240158,,,,"86.6",2400,"5.7",824535,663886,663993,701398,663647,682829,668715,670770,682622,"54.79",,,,,,,,15,1,"Cutter",4,0,0,4,0,4,0,4,"Infield shade","Standard",161,"-0.003","0.044",,,,,"-0.044",,4,-4,0.842,0.15800000000000003,28,25,28,25,1,0,5,,6,1,"1.9","-0.22","0.22","38.8",,,,,
"ST","2026-04-11","85.4","-1.72","5.59","Grissom, Vaughn",687093,683175,"field_out","hit_into_play",,,,,6,"Vaughn Grissom flies out to left fielder Spencer Steer.","R","R","R","CIN","LAA","X",7,"fly_ball",2,1,2026,"1.44","0.4",0.44509217660174105,2.4759549291052054,,,694384,1,5,"Top",96.19,91.06,,,,,2.0645743297063257,-124.26156699002433,-1.5770012722417448,14.26870089995136,28.333649784010262,-27.94145477923316,3.301624016,1.666240158,279,"76",33,"84.5",2449,"6",824535,663886,663993,701398,663647,682829,668715,670770,682622,"54.48",0.186,0.192,"0",1,0,0,3,47,4,"Sweeper",5,3,3,5,3,5,3,5,"Standard","Standard",49,"0.042","-0.312","72.6","7.8",,0.249,"0.312","88.0",2,-2,0.742,0.258,25,25,25,25,1,2,1,,1,1,"2.76","-1.44","-1.44","35.9",22.996417138171374,-9.869765153977143,32.809452709727914,40.83492550451158,38.58624839378953
"FF","2026-04-11","99","-1.46","5.7","Grissom, Vaughn",687093,683175,,"ball",,,,,14,,"R","R","R","CIN","LAA","B",,,1,1,2026,"-0.96","1.52",0.8301310127906373,1.3754042595089633,,,694384,1,5,"Top",,,,,,,8.442789826951207,-143.58750466860366,-9.637063987159564,-15.375187450324344,37.408190126425936,-8.944817607145245,3.301624016,1.666240158,,,,"98.4",2539,"6.4",824535,663886,663993,701398,663647,682829,668715,670770,682622,"54.07",,,,,,,,47,3,"4-Seam Fastball",5,3,3,5,3,5,3,5,"Standard","Standard",216,"-0.007","0.063",,,,,"-0.063",,2,-2,0.749,0.251,25,25,25,25,1,2,1,,1,1,"0.84","0.96","0.96","40.7",,,,,
"SL","2026-04-11","91.8","0.07","6.37","Grissom, Vaughn",687093,668933,"grounded_into_double_play","hit_into_play",,,,,8,"Vaughn Grissom grounds into a double play, third baseman Ke'Bryan Hayes to second baseman Sal Stewart to first baseman Nathaniel Lowe. Nolan Schanuel out at 2nd. Vaughn Grissom out at 1st.","R","R","R","CIN","LAA","X",5,"ground_ball",1,1,2026,"0.31","0.09",0.06993441850852167,1.7823332294612966,,,694384,1,7,"Top",110.26,179.05,,,,,-0.6777923801863696,-133.62822628350258,-5.599507760977883,3.8405972825752968,31.985058449425114,-29.96529929422645,3.301624016,1.666240158,30,"92.5",-2,"90.5",3004,"5.7",824535,663886,663993,701398,663647,682829,668715,670770,682622,"54.8",0.268,0.277,"0",1,0,0,2,63,3,"Slider",5,3,3,5,3,5,3,5,"Infield shade","Standard",10,"0.076","-0.309","71.6","7.7",,0.323,"0.309","92.5",2,-2,0.811,0.18899999999999995,28,25,28,25,1,3,4,,3,1,"2.63","-0.31","-0.31","57.8",11.53149446162826,-7.022395147060684,37.928579181168075,36.95414557947036,33.47756791231504
"FF","2026-04-11","97.9","-1.47","5.7","Grissom, Vaughn",687093,683175,,"foul",,,,,2,,"R","R","R","CIN","LAA","S",,,1,0,2026,"-0.8","1.47",-0.23206161023412541,2.976960477151372,,,694384,1,5,"Top",,,,,,,5.189860829714836,-142.32698707847075,-5.09849674863396,-12.14118341665508,34.91707323512771,-11.217080463488893,3.301624016,1.666240158,130,"76.3",30,"97.9",2605,"6.5",824535,663886,663993,701398,663647,682829,668715,670770,682622,"54.03",,,,,,,,47,2,"4-Seam Fastball",5,3,3,5,3,5,3,5,"Standard","Standard",221,"0.007","-0.045","70.0","6.2",,,"0.045","88.0",2,-2,0.742,0.258,25,25,25,25,1,2,1,,1,1,"0.92","0.8","0.8","37.9",-2.0765472783796666,13.893276476734265,30.678625024996464,35.079392034544064,19.661927155426035
"ST","2026-04-11","86.7","-1.71","5.52","Grissom, Vaughn",687093,683175,,"ball",,,,,14,,"R","R","R","CIN","LAA","B",,,0,0,2026,"1.23","0.53",1.9447204557638105,1.093989159418729,,,694384,1,5,"Top",,,,,,,6.031048518052731,-126.09238466721384,-5.1493761041198844,11.65498147352147,28.501781369291272,-25.646390693789513,3.301624016,1.666240158,,,,"86",2594,"6.1",824535,663886,663993,701398,663647,682829,668715,670770,682622,"54.38",,,,,,,,47,1,"Sweeper",5,3,3,5,3,5,3,5,"Standard","Standard",63,"-0.005","0.033",,,,,"-0.033",,2,-2,0.747,0.253,25,25,25,25,1,2,1,,1,1,"2.54","-1.23","-1.23","35.0",,,,,
"SL","2026-04-11","90.1","-0.03","6.34","Grissom, Vaughn",687093,668933,,"called_strike",,,,,7,,"R","R","R","CIN","LAA","S",,,1,0,2026,"0.56","0",-0.46062753947707025,1.6635122453935374,,,694384,1,7,"Top",,,,,,,-2.241077801514484,-131.14967090447942,-5.315254450619529,6.9467451470023125,30.711018854819326,-31.127338384161998,3.301624016,1.666240158,,,,"88.9",2941,"5.8",824535,663886,663993,701398,663647,682829,668715,670770,682622,"54.71",,,,,,,,63,2,"Slider",5,3,3,5,3,5,3,5,"Infield shade","Standard",57,"0.008","-0.045",,,,,"0.045",,2,-2,0.803,0.19699999999999995,28,25,28,25,1,3,4,,3,1,"2.83","-0.56","-0.56","55.1",,,,,
"SL","2026-04-11","91.8","-0.14","6.38","Grissom, Vaughn",687093,668933,,"ball",,,,,11,,"R","R","R","CIN","LAA","B",,,0,0,2026,"0.47","0.07",-0.3349528993507637,3.8052086821876907,,,694384,1,7,"Top",,,,,,,-1.5227865242374168,-133.72535231293534,-0.6221132540695551,6.015886405347358,30.100663271371264,-31.445558347102853,3.301624016,1.666240158,,,,"90.7",2979,"5.7",824535,663886,663993,701398,663647,682829,668715,670770,682622,"54.85",,,,,,,,63,1,"Slider",5,3,3,5,3,5,3,5,"Infield shade","Standard",51,"-0.006","0.033",,,,,"-0.033",,2,-2,0.809,0.19099999999999995,28,25,28,25,1,3,4,,3,1,"2.64","-0.47","-0.47","55.0",,,,,
"FF","2024-09-29","95.7","-0.54","5.97","Grissom, Vaughn",687093,686752,"double","hit_into_play",,,,,1,"Vaughn Grissom doubles (3) on a sharp line drive to center fielder Jonny DeLuca. Jarren Duran scores. Vaughn Grissom to 3rd. Vaughn Grissom advances to 3rd, on a throwing error by shortstop José Caballero.","R","R","R","BOS","TB","X",8,"line_drive",1,2,2024,"-0.81","1.53",-0.32498006531886114,3.4708365479977945,,,680776,1,3,"Bot",96.45,55.06,,,,,2.413685239637626,-139.30888753973733,-4.4591079435026,-11.063630573622929,33.23491752695963,-11.494900550690732,3.37,1.58,376,"100.6",23,"96.5",2353,"6.9",746901,686482,666018,680700,691406,676609,666624,676356,666139,"53.61",0.493,0.8460769230769233,"1.25",1,1,1,6,23,4,"4-Seam Fastball",0,0,0,0,0,1,1,0,"Standard","Standard",207,"0.168","0.881","64.4","6.5",,1.57,"-0.881","100.6",0,0,0.548,0.548,26,23,27,23,2,1,5,1,,,"0.97","0.81","0.81","45.6",11.705388438719485,-4.90708703799061,25.278001330222974,32.1424971835978,28.458854321377352
"CH","2024-09-29","86.3","-0.83","6.09","Grissom, Vaughn",687093,686752,,"blocked_ball",,,,,13,,"R","R","R","BOS","TB","B",,,0,2,2024,"-1.4","0.03",-0.46617262689938244,0.4019595633688442,,,680776,1,3,"Bot",,,,,,,3.7422521194588887,-125.48813956005716,-7.3816928467478125,-15.581951437122838,26.118487630754746,-30.54461621017495,3.25775711723853,1.43575999818124,,,,"86.7",2581,"6.6",746901,686482,666018,680700,691406,676609,666624,676356,666139,"53.85",,,,,,,,23,3,"Changeup",0,0,0,0,0,0,0,0,"Standard","Standard",258,"0.003","0.022",,,,,"-0.022",,0,0,0.545,0.545,26,23,27,23,2,1,5,1,,,"3.04","1.4","1.4","42.1",,,,,
"FF","2024-09-29","95.7","-0.94","5.97","Grissom, Vaughn",687093,686752,,"called_strike",,,,,7,,"R","R","R","BOS","TB","S",,,0,1,2024,"-0.65","1.74",-0.4795498470529076,1.9393294101897443,,,680776,1,3,"Bot",,,,,,,2.7123184595084124,-139.0391948645717,-8.954506452479208,-9.013172509418874,32.877467303588006,-7.834803584215345,3.34330414699295,1.48311355535807,,,,"96.3",2400,"6.8",746901,686482,666018,680700,691406,676609,666624,676356,666139,"53.67",,,,,,,,23,2,"4-Seam Fastball",0,0,0,0,0,0,0,0,"Standard","Standard",204,"-0.008","-0.052",,,,,"0.052",,0,0,0.553,0.553,26,23,27,23,2,1,5,1,,,"0.77","0.65","0.65","43.6",,,,,
"CH","2024-09-29","85.5","-1.01","6.15","Grissom, Vaughn",687093,686752,,"swinging_strike",,,,,13,,"R","R","R","BOS","TB","S",,,0,0,2024,"-1.24","-0.04",-0.463115135326431,1.316847694777342,,,680776,1,3,"Bot",,,,,,,3.81140410862741,-124.47817867095856,-5.037560267099723,-13.600131974195255,25.87151253483242,-31.777617282682936,3.37,1.58,,,,"86",2567,"6.7",746901,686482,666018,680700,691406,676609,666624,676356,666139,"53.82",,,,,,,,23,1,"Changeup",0,0,0,0,0,0,0,0,"Infield shade","Standard",257,"-0.005","-0.04","64.1","8.1","3.61789494",,"0.04",,0,0,0.558,0.558,26,23,27,23,2,1,5,1,,,"3.17","1.24","1.24","42.4",23.10859299584693,-29.545038024162334,37.93859169390411,32.72884193150384,47.8854644784959
"SL","2024-09-29","88.8","1.68","5.62","Grissom, Vaughn",687093,682254,"walk","ball",,,,,12,"Vaughn Grissom walks.","R","R","L","BOS","TB","B",,,3,2,2024,"-0.28","0.24",0.8840863890179651,3.9812876843879472,,,,1,5,"Bot",,,,,,,-1.3901378323530291,-129.48774684157124,1.4900774736761462,-2.9013698163613166,24.674628139531045,-29.932075876749124,3.34521699213913,1.55586566931335,,,,"90.1",2493,"6.8",746901,686482,666018,680700,691406,676609,666624,676356,666139,"53.72",,0.689131,"0.7",1,0,0,,40,7,"Slider",2,1,2,1,1,2,2,1,"Infield shade","Standard",225,"0.02","0.348",,,,,"-0.348",,1,1,0.69,0.69,24,23,24,23,1,2,5,1,,,"2.62","-0.28","0.28","50.4",,,,,
"FF","2024-09-29","99.6","1.39","5.69","Grissom, Vaughn",687093,682254,,"foul",,,,,12,,"R","R","L","BOS","TB","S",,,3,2,2024,"0.74","1.67",0.21209042588411886,3.5899063734099443,,,,1,5,"Bot",,,,,,,-5.032320835010707,-144.89080183123667,-4.297527550998341,11.642308915395818,36.59813890160999,-7.958659417580896,3.37,1.58,236,"80.2",51,"100.3",2384,"6.9",746901,686482,666018,680700,691406,676609,666624,676356,666139,"53.6",,,,,,,,40,6,"4-Seam Fastball",2,1,2,1,1,2,2,1,"Infield shade","Standard",157,"0","0","56.9","5.5",,,"0","88.0",1,1,0.69,0.69,24,23,24,23,1,2,5,1,,,"0.65","0.74","-0.74","54.7",-13.01839318004284,17.85018845895654,27.529400942379812,38.424178346153404,16.4195219296088
"SL","2024-09-29","88.3","2.41","4.96","Grissom, Vaughn",687093,663992,"field_out","hit_into_play",,,,,8,"Vaughn Grissom grounds out sharply, second baseman Richie Palacios to first baseman Jonathan Aranda.","R","R","L","BOS","TB","X",4,"ground_ball",0,1,2024,"-0.06","0.11",0.10432723380440223,2.0256680581257256,,,,2,7,"Bot",138.96,146.65,,,,,-5.609521924121976,-128.57499259793784,-1.3528266726491662,0.43109420856933656,24.84466217779768,-30.881261517365463,3.37,1.58,10,"102.2",-11,"90.5",2201,"7.5",746901,686482,666018,680700,691406,676609,666624,676356,666139,"53.04",0.205,0.277,"0",1,0,0,2,57,2,"Slider",3,1,3,1,1,3,3,1,"Standard","Standard",156,"-0.005","-0.215",,,,0.205,"0.215","102.2",2,2,0.867,0.867,28,23,29,23,1,3,4,1,,,"2.79","-0.06","0.06","13.6",,,,,
"SL","2024-09-29","87.6","2.37","5","Grissom, Vaughn",687093,663992,,"called_strike",,,,,5,,"R","R","L","BOS","TB","S",,,0,0,2024,"-0.22","0.54",-0.25982665530679894,2.4583432686017406,,,,2,7,"Bot",,,,,,,-6.033364105867413,-127.41179600870423,-1.1024008535949528,-1.0671427260990778,27.171999978504054,-26.274512538418538,3.33441273354855,1.60967244150886,,,,"89.4",2237,"7.5",746901,686482,666018,680700,691406,676609,666624,676356,666139,"52.97",,,,,,,,57,1,"Slider",3,1,3,1,1,3,3,1,"Standard","Standard",158,"-0.001","-0.041",,,,,"0.041",,2,2,0.868,0.868,28,23,29,23,1,3,4,1,,,"2.44","-0.22","0.22","15.7",,,,,
"FF","2024-09-29","97.2","1.54","5.71","Grissom, Vaughn",687093,682254,,"foul",,,,,1,,"R","R","L","BOS","TB","S",,,3,1,2024,"0.69","1.75",-0.3017802740589195,2.998544631878596,,,,1,5,"Bot",,,,,,,-6.586093225005726,-141.2977894528925,-5.786808125938339,10.76363953798924,33.3534231031502,-7.552387363574634,3.37,1.58,191,"69.6",45,"98",2288,"6.9",746901,686482,666018,680700,691406,676609,666624,676356,666139,"53.62",,,,,,,,40,5,"4-Seam Fastball",2,1,2,1,1,2,2,1,"Infield shade","Standard",159,"-0.006","-0.092","65.0","6.1",,,"0.092","88.0",1,1,0.696,0.696,24,23,24,23,1,2,5,1,,,"0.67","0.69","-0.69","51.1",-7.936609713769471,10.198821606777358,38.15898462189203,32.39583894248227,22.253189563080653
"FF","2024-09-29","97.8","1.48","5.63","Grissom, Vaughn",687093,682254,,"ball",,,,,13,,"R","R","L","BOS","TB","B",,,2,1,2024,"0.54","1.83",-0.8459632751549991,1.9824289678554579,,,,1,5,"Bot",,,,,,,-7.604126559080406,-141.93016792426062,-8.5963082829574,9.186329481322133,35.06627795300046,-5.610423700642321,3.32187388638805,1.53223893614179,,,,"98.5",2395,"7",746901,686482,666018,680700,691406,676609,666624,676356,666139,"53.5",,,,,,,,40,4,"4-Seam Fastball",2,1,2,1,1,2,2,1,"Infield shade","Standard",158,"0.007","0.122",,,,,"-0.122",,1,1,0.689,0.689,24,23,24,23,1,2,5,1,,,"0.58","0.54","-0.54","55.3",,,,,
"FC","2024-09-29","92.7","-0.85","6.01","Grissom, Vaughn",687093,686752,"strikeout","swinging_strike",,,,,14,"Vaughn Grissom strikes out swinging.","R","R","R","BOS","TB","S",2,,1,2,2024,"0.23","1.3",1.108610016023692,2.3508642734391687,,,,1,1,"Bot",,,,,,,4.536131865390137,-134.94631258497796,-6.4391582721400695,1.8319972154373771,28.283859588464956,-15.120338479969181,3.37,1.58,,,,"93.2",2395,"6.5",746901,686482,666018,680700,691406,676609,666624,676356,666139,"54.03",,0,"0",1,0,0,,6,4,"Cutter",0,0,0,0,0,0,0,0,"Infield shade","Standard",184,"-0.011","-0.182","68.3","7.9","3.071624628",,"0.182",,0,0,0.521,0.521,26,23,27,23,1,0,5,1,,,"1.35","-0.23","-0.23","39.8",18.05677265825487,-16.979999378573982,31.744877767968298,48.059340593323334,38.722016031150154
"FF","2024-09-29","98.1","1.51","5.63","Grissom, Vaughn",687093,682254,,"swinging_strike",,,,,2,,"R","R","L","BOS","TB","S",,,2,0,2024,"0.64","1.72",0.1921926234850977,3.299911612361499,,,,1,5,"Bot",,,,,,,-5.100774963414356,-142.77753799405704,-4.833108933033886,9.964336776089862,34.457490933907984,-7.822904512276426,3.37,1.58,,,,"99.1",2397,"6.9",746901,686482,666018,680700,691406,676609,666624,676356,666139,"53.57",,,,,,,,40,3,"4-Seam Fastball",2,1,2,1,1,2,2,1,"Infield shade","Standard",152,"-0.005","-0.065","68.1","6.3","0.854269872",,"0.065",,1,1,0.694,0.694,24,23,24,23,1,2,5,1,,,"0.66","0.64","-0.64","49.2",-0.20935810447060202,15.627298929977817,30.979464501277565,38.699554007457905,20.88393580678251
"CH","2024-09-29","86.8","-0.9","6.08","Grissom, Vaughn",687093,686752,,"ball",,,,,14,,"R","R","R","BOS","TB","B",,,0,2,2024,"-1.23","0.25",0.4980682742693874,0.7015324412724935,,,,1,1,"Bot",,,,,,,5.89154945163253,-126.21239166614211,-7.214864503570313,-14.336685994080073,24.581939704246576,-28.293657091283876,3.31016815136644,1.51419291588041,,,,"87.2",2439,"6.5",746901,686482,666018,680700,691406,676609,666624,676356,666139,"53.99",,,,,,,,6,3,"Changeup",0,0,0,0,0,0,0,0,"Infield shade","Standard",254,"0.001","0.02",,,,,"-0.02",,0,0,0.52,0.52,26,23,27,23,1,0,5,1,,,"2.77","1.23","1.23","40.1",,,,,
"SL","2024-09-29","88","1.64","5.59","Grissom, Vaughn",687093,682254,,"ball",,,,,14,,"R","R","L","BOS","TB","B",,,1,0,2024,"-0.2","0.28",0.10277919292838976,0.5463848237123798,,,,1,5,"Bot",,,,,,,-3.344204841955084,-128.0769706051594,-6.7756519743666255,-1.504308636571435,25.08850658659828,-27.991517470829628,3.32859973222327,1.69199740641148,,,,"88.9",2365,"6.7",746901,686482,666018,680700,691406,676609,666624,676356,666139,"53.76",,,,,,,,40,2,"Slider",2,1,2,1,1,2,2,1,"Infield shade","Standard",192,"0.005","0.072",,,,,"-0.072",,1,1,0.689,0.689,24,23,24,23,1,2,5,1,,,"2.65","-0.2","0.2","52.3",,,,,
"FF","2024-09-29","95.8","-0.64","6.04","Grissom, Vaughn",687093,686752,,"foul",,,,,3,,"R","R","R","BOS","TB","S",,,0,1,2024,"-0.61","1.72",0.7717966348086802,2.8366425164793454,,,,1,1,"Bot",,,,,,,5.174984796136247,-139.27711266668842,-6.7828084875312395,-9.158615618399141,32.07870496006067,-8.495745898414503,3.37,1.58,257,"76",41,"96.6",2413,"6.9",746901,686482,666018,680700,691406,676609,666624,676356,666139,"53.63",,,,,,,,6,2,"4-Seam Fastball",0,0,0,0,0,0,0,0,"Infield shade","Standard",201,"-0.004","-0.057","64.7","7.6",,,"0.057","88.0",0,0,0.524,0.524,26,23,27,23,1,0,5,1,,,"0.78","0.61","0.61","47.6",9.442734221768495,-4.297985481507509,32.483970904082305,44.54393634468741,29.458490457263505
"FF","2024-09-29","97.2","1.58","5.65","Grissom, Vaughn",687093,682254,,"ball",,,,,13,,"R","R","L","BOS","TB","B",,,0,0,2024,"0.76","1.41",-1.2606224093800067,1.9270127152891268,,,,1,5,"Bot",,,,,,,-9.445586601905958,-141.06409082275653,-7.7481846703038455,12.29871670972978,31.236796789817088,-11.762115427600854,3.37223134805507,1.54469548222735,,,,"98.3",2206,"7",746901,686482,666018,680700,691406,676609,666624,676356,666139,"53.52",,,,,,,,40,1,"4-Seam Fastball",2,1,2,1,1,2,2,1,"Infield shade","Standard",149,"0.002","0.039",,,,,"-0.039",,1,1,0.687,0.687,24,23,24,23,1,2,5,1,,,"1.01","0.76","-0.76","51.5",,,,,
"FF","2024-09-29","95.4","-0.75","6.21","Grissom, Vaughn",687093,686752,,"foul",,,,,11,,"R","R","R","BOS","TB","S",,,0,0,2024,"-0.69","1.65",-1.2640474193892794,3.297036824574351,,,,1,1,"Bot",,,,,,,0.2086967947930647,-138.86504536989125,-5.776958582560483,-8.98311181872703,31.411888786145457,-9.773474207919232,3.37,1.58,92,"88.5",82,"96.1",2307,"6.7",746901,686482,666018,680700,691406,676609,666624,676356,666139,"53.79",,,,,,,,6,1,"4-Seam Fastball",0,0,0,0,0,0,0,0,"Standard","Standard",204,"-0.002","-0.037","71.4","7.6",,,"0.037","88.5",0,0,0.526,0.526,26,23,27,23,1,0,5,1,,,"0.86","0.69","0.69","47.0",24.68196287892378,-27.966423515144076,33.2113399080651,22.634775934068855,38.09647665498302
"FF","2024-09-28","98.8","-1.19","5.62","Grissom, Vaughn",687093,669358,"strikeout","called_strike",,,,,14,"Vaughn Grissom called out on strikes.","R","R","R","BOS","TB","S",2,,1,2,2024,"-0.42","1.55",0.8828100722939136,2.4893088122147584,,,,2,5,"Bot",,,,,,,6.67295295155542,-143.5736698605875,-6.695640448869737,-7.427230260879917,35.90092977201438,-9.413092989616437,3.43817353900548,1.64058122423922,,,,"99.1",2477,"6.7",746902,666163,666018,664040,691406,670764,666624,642350,666139,"53.78",,0,"0",1,0,0,,43,4,"4-Seam Fastball",1,6,1,6,6,1,1,6,"Standard","Standard",208,"-0.003","-0.18",,,,,"0.18",,-5,-5,0.051,0.051,25,23,25,23,2,1,6,1,,1,"0.81","0.42","0.42","46.8",,,,,
"KC","2024-09-28","83.9","-1.43","5.64","Grissom, Vaughn",687093,669358,,"swinging_strike",,,,,14,,"R","R","R","BOS","TB","S",,,1,1,2024,"0.58","-1.03",0.5283118882034366,0.3756536177064116,,,,2,5,"Bot",,,,,,,3.392832222323573,-122.11837570132266,-3.7344253490624593,5.070589043842559,24.76632143898656,-41.941911902878466,3.37,1.58,,,,"84.2",2759,"6.5",746902,666163,666018,664040,691406,670764,666624,642350,666139,"53.97",,,,,,,,43,3,"Knuckle Curve",1,6,1,6,6,1,1,6,"Standard","Standard",39,"-0.001","-0.064","33.1","7.1","8.544338376",,"0.064",,-5,-5,0.052,0.052,25,23,25,23,2,1,6,1,,1,"4.28","-0.58","-0.58","47.9",-0.9019759011213117,-2.656268038575958,42.923139006568235,43.47332504501774,26.568656587307867
"SL","2024-09-28","87.2","-1.43","5.62","Grissom, Vaughn",687093,669358,,"called_strike",,,,,4,,"R","R","R","BOS","TB","S",,,1,0,2024,"0.29","0.3",-0.5048222860623923,2.39515170186782,,,,2,5,"Bot",,,,,,,1.6373119866647525,-127.16649605998724,-2.2937021611743442,2.8588501607144527,23.799719934129516,-28.71032461038579,3.32873170629857,1.58517266571306,,,,"88",2296,"6.5",746902,666163,666018,664040,691406,670764,666624,642350,666139,"54.03",,,,,,,,43,2,"Slider",1,6,1,6,6,1,1,6,"Standard","Standard",131,"-0.001","-0.051",,,,,"0.051",,-5,-5,0.053,0.053,25,23,25,23,2,1,6,1,,1,"2.67","-0.29","-0.29","37.1",,,,,
"FF","2024-09-28","96.7","-1.39","5.67","Grissom, Vaughn",687093,669358,,"ball",,,,,12,,"R","R","R","BOS","TB","B",,,0,0,2024,"-0.61","1.76",1.1944989729764277,2.7838106519744166,,,,2,5,"Bot",,,,,,,8.305035203237795,-140.54950403278812,-6.155684534954633,-9.940221210279065,32.5371882241822,-7.62552728589792,3.38061933668993,1.63686390044129,,,,"97.1",2461,"6.6",746902,666163,666018,664040,691406,670764,666624,642350,666139,"53.87",,,,,,,,43,1,"4-Seam Fastball",1,6,1,6,6,1,1,6,"Standard","Standard",212,"0.001","0.04",,,,,"-0.04",,-5,-5,0.052,0.052,25,23,25,23,2,1,6,1,,1,"0.69","0.61","0.61","39.0",,,,,
"KC","2024-09-28","83.5","-1.42","5.83","Grissom, Vaughn",687093,669358,"strikeout","called_strike",,,,,1,"Vaughn Grissom called out on strikes.","R","R","R","BOS","TB","S",2,,2,2,2024,"0.76","-1.02",-0.4943613330029272,3.1532477893181783,,,,0,3,"Bot",,,,,,,0.646929577658379,-121.60543886834034,2.253319741642478,7.386155341347524,23.683435648443506,-42.978298792785104,3.29285273515671,1.61533633629099,,,,"83.4",2661,"6.2",746902,666163,666018,664040,691406,670764,666624,642350,666139,"54.33",,0,"0",1,0,0,,23,5,"Knuckle Curve",1,2,1,2,2,1,1,2,"Standard","Standard",40,"-0.024","-0.227",,,,,"0.227",,-1,-1,0.433,0.433,25,23,25,23,1,0,6,1,,1,"4.28","-0.76","-0.76","44.7",,,,,
"FF","2024-09-28","97.8","-1.31","5.68","Grissom, Vaughn",687093,669358,,"ball",,,,,14,,"R","R","R","BOS","TB","B",,,1,2,2024,"-0.6","1.42",1.2365789859117444,2.048069268885332,,,,0,3,"Bot",,,,,,,8.273317603828842,-142.09485264412226,-7.5997214335593295,-10.035929043748972,33.17154214395346,-11.29573943453357,3.3977628667574,1.64787089618786,,,,"98.1",2511,"6.6",746902,666163,666018,664040,691406,670764,666624,642350,666139,"53.93",,,,,,,,23,4,"4-Seam Fastball",1,2,1,2,2,1,1,2,"Standard","Standard",216,"0.004","0.04",,,,,"-0.04",,-1,-1,0.429,0.429,25,23,25,23,1,0,6,1,,1,"0.97","0.6","0.6","42.5",,,,,
"KC","2024-09-28","82.8","-1.53","5.8","Grissom, Vaughn",687093,669358,,"called_strike",,,,,4,,"R","R","R","BOS","TB","S",,,1,1,2024,"0.58","-0.9",-0.7562125886300953,2.6922700667118296,,,,0,3,"Bot",,,,,,,0.6274675987895001,-120.59244008765077,1.1193904296143282,5.560581445311706,22.763556639754956,-41.34801348244311,3.2400106672898,1.58000133900854,,,,"82.9",2637,"6.3",746902,666163,666018,664040,691406,670764,666624,642350,666139,"54.24",,,,,,,,23,3,"Knuckle Curve",1,2,1,2,2,1,1,2,"Standard","Standard",42,"-0.007","-0.056",,,,,"0.056",,-1,-1,0.436,0.436,25,23,25,23,1,0,6,1,,1,"4.21","-0.58","-0.58","40.1",,,,,
"KC","2024-09-28","81.5","-1.38","5.89","Grissom, Vaughn",687093,669358,,"called_strike",,,,,9,,"R","R","R","BOS","TB","S",,,1,0,2024,"0.83","-1.12",0.5273625399561447,2.1205672093883203,,,,0,3,"Bot",,,,,,,2.6891197983734596,-118.67762210135085,0.3181156563929979,7.210665890371937,24.422843734804868,-43.01068658490068,3.33983652863271,1.58957761339744,,,,"81.2",2675,"6.2",746902,666163,666018,664040,691406,670764,666624,642350,666139,"54.28",,,,,,,,23,2,"Knuckle Curve",1,2,1,2,2,1,1,2,"Standard","Standard",44,"-0.005","-0.049",,,,,"0.049",,-1,-1,0.441,0.441,25,23,25,23,1,0,6,1,,1,"4.57","-0.83","-0.83","41.5",,,,,
"FF","2024-09-28","94.1","-1.46","5.86","Grissom, Vaughn",687093,669358,,"ball",,,,,11,,"R","R","R","BOS","TB","B",,,0,0,2024,"-0.74","1.51",-0.7642362530727583,3.6234585910915027,,,,0,3,"Bot",,,,,,,3.462792633226446,-136.90305347666452,-3.358961521454958,-10.094706792307854,34.9075858769889,-12.790809592509879,3.50559976545195,1.68321598153441,,,,"93.6",2313,"6.3",746902,666163,666018,664040,691406,670764,666624,642350,666139,"54.16",,,,,,,,23,1,"4-Seam Fastball",1,2,1,2,2,1,1,2,"Standard","Standard",215,"0.004","0.038",,,,,"-0.038",,-1,-1,0.437,0.437,25,23,25,23,1,0,6,1,,1,"1.1","0.74","0.74","37.5",,,,,
"FC","2024-09-28","87.6","-2.27","5.84","Grissom, Vaughn",687093,656876,"field_out","hit_into_play",,,,,9,"Vaughn Grissom grounds out softly, catcher Ben Rortvedt to first baseman Jonathan Aranda.","R","R","R","BOS","TB","X",2,"ground_ball",1,0,2024,"0.38","-0.16",0.3181255848855247,1.837432553617751,,,,0,8,"Bot",126.62,197.91,,,,,5.494962151273696,-127.57387023296458,-3.3141819456291755,3.2023930541020045,22.53919838630098,-33.55098340523309,3.37,1.58,1,"54.6",-69,"88.5",2842,"6.5",746902,666163,666018,664040,691406,670764,666624,642350,666139,"54.01",0.167,0.235,"0",1,0,0,1,66,2,"Cutter",2,7,2,7,7,2,2,7,"Infield shade","Standard",85,"-0.011","-0.292","64.6","7.6",,0.167,"0.292","88.0",-5,-5,0.024,0.024,28,23,29,23,1,2,3,1,,1,"3.09","-0.38","-0.38","48.8",16.502599065969548,-9.30168986458016,36.61654152480969,41.14343699884606,38.28931612692494
"SI","2024-09-28","94.4","-2.01","5.78","Grissom, Vaughn",687093,656876,,"ball",,,,,14,,"R","R","R","BOS","TB","B",,,0,0,2024,"-1.22","1.04",0.08534225691811281,1.0690932240305084,,,,0,8,"Bot",,,,,,,8.205584387236698,-137.00373267497224,-8.909396048873283,-17.17158555653781,31.108792577639495,-17.18368338554769,3.32947621664255,1.5468878938183,,,,"94.8",2399,"6.8",746902,666163,666018,664040,691406,670764,666624,642350,666139,"53.75",,,,,,,,66,1,"Sinker",2,7,2,7,7,2,2,7,"Standard","Standard",213,"0.002","0.038",,,,,"-0.038",,-5,-5,0.022,0.022,28,23,29,23,1,2,3,1,,1,"1.53","1.22","1.22","53.0",,,,,
"FF","2024-09-27","94.9","-1.6","6.09","Grissom, Vaughn",687093,671737,"single","hit_into_play",,,,,1,"Vaughn Grissom singles on a line drive to right fielder Josh Lowe.","R","R","R","BOS","TB","X",9,"line_drive",0,0,2024,"-0.67","1.57",-0.5230176755053144,2.851060520956909,,,,0,5,"Bot",192.64,130.05,,,,,4.316297191329371,-138.09137500256398,-6.30479312943466,-9.499402284994861,32.294193192594406,-10.83883653498108,3.4,1.6,238,"77.9",27,"94.8",2264,"6.4",746904,686482,650490,666018,691406,676609,680700,676356,666139,"54.15",0.324,0.295,"0.9",1,1,0,3,32,1,"4-Seam Fastball",0,0,0,0,0,0,0,0,"Infield shade","Standard",209,"0.046","0.448","69.7","6.0",,0.379,"-0.448","88.0",0,0,0.567,0.567,23,23,23,23,2,1,6,2,,1,"0.97","0.67","0.67","50.1",-4.84828426295157,12.409012618174243,35.294005049454626,29.7412605518736,26.737672455467543
"FF","2024-09-27","97.3","-1.47","6.05","Grissom, Vaughn",687093,671737,"field_out","hit_into_play",,,,,8,"Vaughn Grissom grounds out sharply, shortstop José Caballero to first baseman Yandy Díaz. Masataka Yoshida to 2nd.","R","R","R","BOS","TB","X",6,"ground_ball",3,2,2024,"-0.37","1.53",-0.19436076374242656,2.0779264386795457,,,807799,1,2,"Bot",100.31,154.62,,,,,4.282561974301772,-141.33184228291933,-8.58191975642562,-6.033478133650494,35.8201363413739,-9.883412313110409,3.4,1.6,38,"104.9",-1,"97.1",2345,"6.5",746904,686482,650490,666018,691406,676609,680700,676356,666139,"53.99",0.479,0.441,"0",1,0,0,4,13,8,"4-Seam Fastball",0,0,0,0,0,0,0,0,"Infield shade","Standard",204,"-0.025","-0.368","72.1","7.2",,0.518,"0.368","104.9",0,0,0.56,0.56,23,23,23,23,1,0,6,2,,1,"0.91","0.37","0.37","55.3",6.304147802251494,-1.172443022934524,40.93708663452846,33.87123174853065,30.709457420154436
"FF","2024-09-27","98.9","-1.4","6.1","Grissom, Vaughn",687093,671737,,"foul",,,,,6,,"R","R","R","BOS","TB","S",,,3,2,2024,"-0.4","1.62",0.7312976020963229,2.596785577960827,,,807799,1,2,"Bot",,,,,,,6.788954192888365,-143.70904391261965,-7.9077132071262835,-7.176986780364536,33.6559839713171,-8.08940353076291,3.4,1.6,255,"82.7",46,"99.3",2330,"6.6",746904,686482,650490,666018,691406,676609,680700,676356,666139,"53.9",,,,,,,,13,7,"4-Seam Fastball",0,0,0,0,0,0,0,0,"Infield shade","Standard",203,"0","0","63.9","6.9",,,"0","88.0",0,0,0.56,0.56,23,23,23,23,1,0,6,2,,1,"0.72","0.4","0.4","55.1",-3.0332567674030244,14.38871576605327,33.47358370669803,45.78321285254758,18.4021870864072
"FF","2024-09-27","97.3","-1.49","6.14","Grissom, Vaughn",687093,671737,,"foul",,,,,11,,"R","R","R","BOS","TB","S",,,3,2,2024,"-0.38","1.39",-0.8945882509781251,3.7778828888891796,,,807799,1,2,"Bot",,,,,,,2.4824273073952634,-141.61619924331433,-4.014263515202096,-5.74239508536768,32.532613016932416,-12.781002409385405,3.4,1.6,144,"66.7",68,"97.5",2242,"6.4",746904,686482,650490,666018,691406,676609,680700,676356,666139,"54.08",,,,,,,,13,6,"4-Seam Fastball",0,0,0,0,0,0,0,0,"Infield shade","Standard",202,"0","0","60.4","5.7",,,"0","88.0",0,0,0.56,0.56,23,23,23,23,1,0,6,2,,1,"1.02","0.38","0.38","52.8",1.8467368498468195,4.877114924974514,28.92740537215044,26.19993608683446,22.36063804791044
"FF","2024-09-27","97.5","-1.54","6.04","Grissom, Vaughn",687093,671737,,"foul",,,,,4,,"R","R","R","BOS","TB","S",,,3,1,2024,"-0.63","1.56",-0.43868501119506087,2.815194663841681,,,807799,1,2,"Bot",,,,,,,4.41822946829247,-141.8337319860574,-6.750062693744863,-9.54841903554971,34.796989530317184,-9.763265543799891,3.4,1.6,201,"70.5",48,"97.6",2302,"6.5",746904,686482,650490,666018,691406,676609,680700,676356,666139,"53.96",,,,,,,,13,5,"4-Seam Fastball",0,0,0,0,0,0,0,0,"Infield shade","Standard",204,"-0.01","-0.092","66.0","6.5",,,"0.092","88.0",0,0,0.57,0.57,23,23,23,23,1,0,6,2,,1,"0.85","0.63","0.63","57.9",-3.6749901561508818,4.05150102243755,38.219952157949194,31.428451162908566,21.713711129193694
"FF","2024-09-27","96.6","-1.48","6.05","Grissom, Vaughn",687093,671737,,"called_strike",,,,,3,,"R","R","R","BOS","TB","S",,,3,0,2024,"-0.62","1.55",0.45935833110596813,2.776290310847748,,,807799,1,2,"Bot",,,,,,,6.611638467900012,-140.40575285698853,-6.6667309593127975,-9.82346325110066,35.02712239023045,-10.296291868483076,3.24283764120426,1.39718566488779,,,,"96.6",2256,"6.6",746904,686482,650490,666018,691406,676609,680700,676356,666139,"53.9",,,,,,,,13,4,"4-Seam Fastball",0,0,0,0,0,0,0,0,"Standard","Standard",204,"-0.007","-0.047",,,,,"0.047",,0,0,0.577,0.577,23,23,23,23,1,0,6,2,,1,"0.91","0.62","0.62","53.3",,,,,
"FF","2024-09-27","95.9","-1.49","6.16","Grissom, Vaughn",687093,671737,,"ball",,,,,11,,"R","R","R","BOS","TB","B",,,2,0,2024,"-0.47","1.49",-0.0012250425010754684,4.687111943116968,,,807799,1,2,"Bot",,,,,,,5.026084889920732,-139.56877670982138,-1.6062782144026628,-7.407560723766832,35.64321911290394,-12.696009694854563,3.3408227745835,1.64240867619012,,,,"95.8",2237,"6.5",746904,686482,650490,666018,691406,676609,680700,676356,666139,"53.99",,,,,,,,13,3,"4-Seam Fastball",0,0,0,0,0,0,0,0,"Infield shade","Standard",200,"0.011","0.102",,,,,"-0.102",,0,0,0.566,0.566,23,23,23,23,1,0,6,2,,1,"1.01","0.47","0.47","54.6",,,,,
"FC","2024-09-27","90.7","-1.7","5.94","Grissom, Vaughn",687093,671737,,"blocked_ball",,,,,14,,"R","R","R","BOS","TB","B",,,1,0,2024,"0.01","0.65",0.3548859274460971,0.6975508766194312,,,807799,1,2,"Bot",,,,,,,5.139718630775702,-131.7210876639568,-8.567640137777188,-1.0350955711007763,28.98141340260059,-22.92603475509917,3.35790270121365,1.54899147300068,,,,"90.9",2128,"6.6",746904,686482,650490,666018,691406,676609,680700,676356,666139,"53.93",,,,,,,,13,2,"Cutter",0,0,0,0,0,0,0,0,"Infield shade","Standard",188,"0.008","0.056",,,,,"-0.056",,0,0,0.558,0.558,23,23,23,23,1,0,6,2,,1,"2.14","-0.01","-0.01","51.7",,,,,
"FC","2024-09-27","90","-1.52","6.03","Grissom, Vaughn",687093,671737,,"ball",,,,,12,,"R","R","R","BOS","TB","B",,,0,0,2024,"0.33","0.46",1.379727425645429,2.7307451137110643,,,807799,1,2,"Bot",,,,,,,6.538800846373265,-131.00559514900064,-3.243017134538854,2.4764319822333283,27.171791200163696,-26.335965896910263,3.38235472987497,1.4998190011715,,,,"90.6",2184,"6.6",746904,686482,650490,666018,691406,676609,680700,676356,666139,"53.91",,,,,,,,13,1,"Cutter",0,0,0,0,0,0,0,0,"Infield shade","Standard",160,"0.004","0.036",,,,,"-0.036",,0,0,0.554,0.554,23,23,23,23,1,0,6,2,,1,"2.34","-0.33","-0.33","55.7",,,,,
"FC","2024-09-27","89.9","-1.68","4.87","Grissom, Vaughn",687093,670955,"single","hit_into_play",,,,,4,"Vaughn Grissom singles on a line drive to center fielder Jonny DeLuca.","R","R","R","BOS","TB","X",8,"line_drive",1,1,2024,"0.1","0.76",-0.3036735315766237,2.5191884627902117,,,,1,9,"Bot",106.94,102.51,,,,,3.2001025931932774,-130.90735341163162,-1.471904334091188,0.4604525318537672,26.8669400474634,-23.33059372434118,3.4,1.6,192,"92",12,"89.6",2472,"6",746904,666163,650490,676609,691406,670764,680700,676356,666139,"54.47",0.863,0.814,"0.9",1,1,0,4,68,3,"Cutter",1,2,1,2,2,1,1,2,"Standard","Standard",205,"0.102","0.434","67.7","6.8",,0.992,"-0.434","92.0",-1,-1,0.112,0.112,26,23,26,23,1,3,5,2,,1,"2.05","-0.1","-0.1","22.6",4.919274011562326,2.0668459668042427,41.91280921323729,34.33393574413227,30.81529119217879
"FF","2024-09-27","92","1.27","6.23","Grissom, Vaughn",687093,621363,"single","hit_into_play",,,,,5,"Vaughn Grissom singles on a sharp line drive to left fielder Richie Palacios.","R","R","L","BOS","TB","X",7,"line_drive",2,2,2024,"-0.15","1.4",-0.27573542063917716,2.758387434555382,,,,1,7,"Bot",88.67,76.53,,,,,-3.6820119631662664,-133.86644181747317,-6.125943072073197,-0.9733363969925027,28.545977215788366,-14.164444352246477,3.4,1.6,273,"105.1",13,"93.7",2241,"7.3",746904,666163,650490,666018,691406,676609,680700,676356,666139,"53.23",0.858,0.869,"0.9",1,1,0,4,52,5,"4-Seam Fastball",0,2,0,2,2,0,0,2,"Infield shade","Standard",184,"0.051","0.453","71.4","6.7",,1.162,"-0.453","105.1",-2,-2,0.177,0.177,30,23,30,23,1,2,3,2,,1,"1.29","-0.15","0.15","63.1",6.503264730323146,2.253362389654911,32.04560373785806,33.89474977578929,32.48040792198868
"SL","2024-09-27","82.3","1.28","6.26","Grissom, Vaughn",687093,621363,,"called_strike",,,,,12,,"R","R","L","BOS","TB","S",,,2,1,2024,"-0.64","0.04",0.20591286922015595,3.575176123929681,,,,1,7,"Bot",,,,,,,-1.2067409542422407,-119.91951816511322,0.3687532170667942,-5.973543769822595,22.723601031227577,-32.109090840113794,3.20496803497625,1.39495014030442,,,,"83.8",2384,"7.2",746904,666163,650490,666018,691406,676609,680700,676356,666139,"53.34",,,,,,,,52,4,"Slider",0,2,0,2,2,0,0,2,"Infield shade","Standard",268,"-0.009","-0.078",,,,,"0.078",,-2,-2,0.186,0.186,30,23,30,23,1,2,3,2,,1,"3.31","-0.64","0.64","68.3",,,,,
"FC","2024-09-27","89.4","-1.86","4.82","Grissom, Vaughn",687093,670955,,"swinging_strike",,,,,8,,"R","R","R","BOS","TB","S",,,1,0,2024,"0.02","0.71",0.19232550348581234,2.040981000386711,,,,1,9,"Bot",,,,,,,4.977012576912193,-130.2414888063226,-2.3870960490973383,-0.7136013829716582,25.404202609338324,-23.750908762430544,3.4,1.6,,,,"89.2",2505,"6",746904,666163,650490,676609,691406,670764,680700,676356,666139,"54.54",,,,,,,,68,2,"Cutter",1,2,1,2,2,1,1,2,"Standard","Standard",202,"-0.013","-0.051","69.0","8.4","3.762485964",,"0.051",,-1,-1,0.125,0.125,26,23,26,23,1,3,5,2,,1,"2.12","-0.02","-0.02","20.8",27.387625590881367,-35.12295770930506,34.21456197306009,39.51552568781335,53.95600393292017
"FF","2024-09-27","94.7","-1.64","4.61","Grissom, Vaughn",687093,670955,,"ball",,,,,11,,"R","R","R","BOS","TB","B",,,0,0,2024,"-0.9","1.21",-2.0720012649824153,3.5100764264073216,,,,1,9,"Bot",,,,,,,0.8738572339520351,-137.93358452817733,0.10189723302561338,-11.619287957860422,32.326108334256936,-17.02068536063765,3.17139055207988,1.34547996586425,,,,"94.3",2244,"6.1",746904,666163,650490,676609,691406,670764,680700,676356,666139,"54.37",,,,,,,,68,1,"4-Seam Fastball",1,2,1,2,2,1,1,2,"Standard","Standard",239,"0.01","0.039",,,,,"-0.039",,-1,-1,0.115,0.115,26,23,26,23,1,3,5,2,,1,"1.34","0.9","0.9","14.5",,,,,
"FF","2024-09-27","91.8","1.28","6.3","Grissom, Vaughn",687093,621363,,"ball",,,,,11,,"R","R","L","BOS","TB","B",,,1,1,2024,"-0.21","1.51",-0.8145188006534982,5.238917957981609,,,,1,7,"Bot",,,,,,,-4.914861518906021,-133.62937631011573,-0.11371046569172943,-1.4740986102679665,28.467091051411554,-14.20669933003183,3.28036928250588,1.47062414172613,,,,"93.2",2341,"7.1",746904,666163,650490,666018,691406,676609,680700,676356,666139,"53.4",,,,,,,,52,3,"4-Seam Fastball",0,2,0,2,2,0,0,2,"Infield shade","Standard",186,"0.006","0.059",,,,,"-0.059",,-2,-2,0.18,0.18,30,23,30,23,1,2,3,2,,1,"1.19","-0.21","0.21","61.9",,,,,
"FF","2024-09-27","91.2","1.14","6.21","Grissom, Vaughn",687093,621363,,"called_strike",,,,,8,,"R","R","L","BOS","TB","S",,,1,0,2024,"-0.29","1.52",0.1249573598749725,1.6340452689839933,,,,1,7,"Bot",,,,,,,-1.9578245073517628,-132.58336863654412,-9.07463662745928,-3.0632948107705267,25.995030573552427,-12.525077644540415,3.22094279488055,1.60000086298775,,,,"93.1",2240,"7.3",746904,666163,650490,666018,691406,676609,680700,676356,666139,"53.22",,,,,,,,52,2,"4-Seam Fastball",0,2,0,2,2,0,0,2,"Infield shade","Standard",180,"-0.006","-0.051",,,,,"0.051",,-2,-2,0.186,0.186,30,23,30,23,1,2,3,2,,1,"1.21","-0.29","0.29","63.4",,,,,
"FF","2024-09-27","91.3","1.26","6.22","Grissom, Vaughn",687093,621363,,"ball",,,,,11,,"R","R","L","BOS","TB","B",,,0,0,2024,"-0.18","1.51",-1.0692882562532493,3.484729993169453,,,,1,7,"Bot",,,,,,,-5.567632779033513,-132.90910869758403,-4.369038992642961,-1.0235824513495655,26.895958167364196,-13.454962150260679,3.1140621910985,1.45165481175071,,,,"93.2",2284,"7.3",746904,666163,650490,666018,691406,676609,680700,676356,666139,"53.21",,,,,,,,52,1,"4-Seam Fastball",0,2,0,2,2,0,0,2,"Infield shade","Standard",186,"0.005","0.039",,,,,"-0.039",,-2,-2,0.181,0.181,30,23,30,23,1,2,3,2,,1,"1.21","-0.18","0.18","62.4",,,,,
"FF","2024-09-25","95.3","-1.44","6.06","Grissom, Vaughn",687093,643338,"strikeout","called_strike",,,,,9,"Vaughn Grissom called out on strikes.","R","R","R","TOR","BOS","S",2,,2,2,2024,"-0.9","1.49",0.38674093017875844,1.6550226282529743,,686765,,2,9,"Top",,,,,,,6.8241660274273706,-138.41334100201883,-9.291889803174309,-13.106581066722976,31.152377352386114,-11.044974911355366,3.40235569063902,1.63417795368221,,,,"95.4",2424,"6.5",744877,623168,665489,677870,680718,676391,694388,682729,664770,"54.02",,0,"0",1,0,0,,71,6,"4-Seam Fastball",6,1,1,6,1,6,1,6,"Standard","Standard",214,"0.001","-0.25",,,,,"0.25",,5,-5,0.999,0.0010000000000000009,33,23,33,23,1,1,1,1,,2,"1.03","0.9","0.9","45.9",,,,,
"FF","2024-09-25","95.7","-1.39","6.17","Grissom, Vaughn",687093,643338,,"foul",,,,,2,,"R","R","R","TOR","BOS","S",,,2,2,2024,"-0.66","1.46",-0.12829719134697082,3.2476751712152856,,686765,,2,9,"Top",,,,,,,4.831957435976362,-139.2181881598169,-5.398575618014252,-9.661924440904537,31.592440442100607,-12.22761411918152,3.43,1.6,206,"77.4",21,"96",2423,"6.5",744877,623168,665489,677870,680718,676391,694388,682729,664770,"54",,,,,,,,71,5,"4-Seam Fastball",6,1,1,6,1,6,1,6,"Standard","Standard",211,"0","0","70.9","6.5",,,"0","88.0",5,-5,0.999,0.0010000000000000009,33,23,33,23,1,1,1,1,,2,"1.04","0.66","0.66","44.3",4.44651828311808,1.6925254506859688,31.52636903859708,33.27408419625195,20.058182434641658
"SL","2024-09-25","88.1","-1.45","6","Grissom, Vaughn",687093,643338,,"ball",,,,,14,,"R","R","R","TOR","BOS","B",,,1,2,2024,"0.4","0.16",1.9261229537840494,0.7719192867793447,,,686765,2,9,"Top",,,,,,,7.402359876249246,-128.04497052527424,-6.95544497146704,2.918554915466833,26.40553485113756,-29.178473754361494,3.42879010480069,1.60008449746129,,,,"88.5",2366,"6.6",744877,623168,665489,677870,680718,676391,694388,682729,664770,"53.92",,,,,,,,71,4,"Slider",6,1,1,6,1,6,1,6,"Standard","Standard",128,"0","0.038",,,,,"-0.038",,5,-5,0.999,0.0010000000000000009,33,23,33,23,1,1,1,1,,2,"2.79","-0.4","-0.4","45.0",,,,,
"SL","2024-09-25","87.2","-1.49","6.05","Grissom, Vaughn",687093,643338,,"foul",,,,,14,,"R","R","R","TOR","BOS","S",,,1,1,2024,"0.02","0.19",0.8313349489244064,1.4371914612941112,,,686765,2,9,"Top",,,,,,,5.551080911168574,-126.87775763253542,-5.3315503011276375,-0.8754879048155386,25.879008724759483,-29.241941414857035,3.43,1.6,5,"58.2",-18,"87.4",2385,"6.4",744877,623168,665489,677870,680718,676391,694388,682729,664770,"54.11",,,,,,,,71,3,"Slider",6,1,1,6,1,6,1,6,"Standard","Standard",149,"0","-0.06","64.8","7.7",,,"0.06","88.0",5,-5,0.999,0.0010000000000000009,33,23,33,23,1,1,1,1,,2,"2.81","-0.02","-0.02","48.7",3.978443889078796,-5.1550782828580335,38.57186843379429,45.291632270714764,30.739681954200655
"SL","2024-09-25","89","-1.53","6.01","Grissom, Vaughn",687093,643338,,"called_strike",,,,,9,,"R","R","R","TOR","BOS","S",,,1,0,2024,"-0.07","0.3",0.7610573252305071,1.7654820630170889,,,686765,2,9,"Top",,,,,,,5.802407223073727,-129.5623761811723,-5.077173837843827,-1.9382282637644999,25.127532062141874,-27.93147544951376,3.45521036097077,1.63417795368221,,,,"89.6",2352,"6.5",744877,623168,665489,677870,680718,676391,694388,682729,664770,"54.03",,,,,,,,71,2,"Slider",6,1,1,6,1,6,1,6,"Standard","Standard",181,"0","-0.048",,,,,"0.048",,5,-5,0.999,0.0010000000000000009,33,23,33,23,1,1,1,1,,2,"2.55","0.07","0.07","44.1",,,,,
"SL","2024-09-25","88.6","-1.45","6.05","Grissom, Vaughn",687093,643338,,"ball",,,,,14,,"R","R","R","TOR","BOS","B",,,0,0,2024,"-0.1","0.31",1.5012075546810135,1.3741595301238858,,,686765,2,9,"Top",,,,,,,7.422177705651421,-128.78645967722903,-6.041060474851482,-2.553835062416593,25.531699469343938,-27.659260258589953,3.45521036097077,1.66129316744241,,,,"89",2334,"6.5",744877,623168,665489,677870,680718,676391,694388,682729,664770,"54.01",,,,,,,,71,1,"Slider",6,1,1,6,1,6,1,6,"Standard","Standard",187,"0","0.034",,,,,"-0.034",,5,-5,0.999,0.0010000000000000009,33,23,33,23,1,1,1,1,,2,"2.59","0.1","0.1","46.4",,,,,
"SI","2024-09-25","94.9","1.77","5.8","Grissom, Vaughn",687093,663893,"grounded_into_double_play","hit_into_play",,,,,9,"Vaughn Grissom grounds into a double play, pitcher Brendon Little to second baseman Leo Jiménez to first baseman Vladimir Guerrero Jr. Connor Wong out at 2nd. Vaughn Grissom out at 1st.","R","R","L","TOR","BOS","X",1,"ground_ball",0,0,2024,"1.39","-0.22",0.7797926233790238,2.0460009180869707,,,657136,0,7,"Top",125.63,167.63,,,,,-5.640011733957692,-137.91669710062484,-3.5396529742094547,18.936120662462322,35.267925391878734,-34.30065815455065,3.43,1.6,6,"83.4",-19,"93.4",2118,"5.8",744877,623168,665489,677870,680718,676391,694388,682729,664770,"54.71",0.07,0.065,"0",1,0,0,2,52,1,"Sinker",4,1,1,4,1,4,1,4,"Standard","Standard",116,"0.084","-0.353","65.4","6.6",,0.07,"0.353","88.0",3,-3,0.849,0.15100000000000002,27,23,28,23,1,0,2,1,3,2,"2.79","1.39","-1.39","33.2",0.44336197169260594,19.059635971389785,32.823536721952735,45.168023370204835,23.232436654834487
"FF","2024-09-24","89.9","-2.09","5.95","Grissom, Vaughn",687093,670102,"double","hit_into_play",,,,,5,"Vaughn Grissom doubles (2) on a sharp line drive to left fielder Nathan Lukes.","R","R","R","TOR","BOS","X",7,"line_drive",2,0,2024,"-0.39","1.4",-0.2484287412862899,2.1851019851232714,,,,0,5,"Top",55.87,67.71,,,,,5.405238596451845,-130.73013111934506,-6.357253672232458,-5.558547679998401,27.549661879839313,-14.947308935685,3.43,1.6,365,"102.6",21,"90.5",2227,"6.7",744876,672386,687462,676914,680718,676391,664770,694388,543807,"53.83",0.546,0.9185384615384616,"1.25",1,1,1,6,31,3,"4-Seam Fastball",2,0,0,2,0,2,0,2,"Standard","Standard",207,"-0.061","0.586","73.2","7.6",,1.689,"-0.586","102.6",2,-2,0.736,0.264,28,23,28,23,2,1,6,1,,1,"1.42","0.39","0.39","45.4",6.088194936552086,-16.994700450294832,40.48357876093822,32.437982504732126,38.550867951840985
"CU","2024-09-24","72.8","-2.22","5.97","Grissom, Vaughn",687093,670102,,"ball",,,,,14,,"R","R","R","TOR","BOS","B",,,1,0,2024,"1.31","-0.8",0.18154344197277839,0.4448831285259489,,,,0,5,"Top",,,,,,,2.573146398868255,-105.97524060211533,-2.238360439711442,9.273742801321411,20.823542962056184,-37.93618894031047,3.29647702275033,1.53182201231553,,,,"72.5",2285,"6.4",744876,672386,687462,676914,680718,676391,664770,694388,543807,"54.11",,,,,,,,31,2,"Curveball",2,0,0,2,0,2,0,2,"Standard","Standard",45,"-0.01","0.069",,,,,"-0.069",,2,-2,0.746,0.254,28,23,28,23,2,1,6,1,,1,"5.15","-1.31","-1.31","40.7",,,,,
"SI","2024-09-24","88.3","-2.07","6.01","Grissom, Vaughn",687093,670102,,"ball",,,,,13,,"R","R","R","TOR","BOS","B",,,0,0,2024,"-0.92","1",-0.9732975446714992,1.6439335099786883,,,,0,5,"Top",,,,,,,4.616278141865565,-128.35250372294178,-6.632148236295256,-11.080013048570402,27.466263233024176,-19.891962288721125,3.42879010480069,1.63417795368221,,,,"88.8",2009,"6.7",744876,672386,687462,676914,680718,676391,664770,694388,543807,"53.79",,,,,,,,31,1,"Sinker",2,0,0,2,0,2,0,2,"Standard","Standard",212,"-0.005","0.038",,,,,"-0.038",,2,-2,0.751,0.249,28,23,28,23,2,1,6,1,,1,"1.93","0.92","0.92","40.7",,,,,
"FF","2024-09-24","94.4","2.09","5.93","Grissom, Vaughn",687093,687922,"walk","ball",,,,,13,"Vaughn Grissom walks.","R","R","L","TOR","BOS","B",,,3,2,2024,"0.37","1.7",-1.2269121999226151,1.9881500709364552,,,,2,7,"Top",,,,,,,-9.487378426483502,-136.84999912692174,-8.312533885397544,6.819946715967669,32.47798065320679,-9.03888286026888,3.29647702275033,1.49842791650225,,,,"94.5",2242,"6.7",744876,672386,687462,676914,680718,676391,664770,694388,543807,"53.8",,0.689131,"0.7",1,0,0,,50,8,"4-Seam Fastball",3,0,0,3,0,3,0,3,"Standard","Standard",153,"-0.01","0.267",,,,,"-0.267",,3,-3,0.931,0.06899999999999995,27,23,28,23,1,2,58,1,3,1,"0.89","0.37","-0.37","48.8",,,,,
"CH","2024-09-24","89.7","2.39","5.64","Grissom, Vaughn",687093,687922,,"ball",,,,,13,,"R","R","L","TOR","BOS","B",,,2,2,2024,"1.09","0.9",-0.04206967013872931,0.552910969033207,,,,2,7,"Top",,,,,,,-8.36206541158138,-130.15607423065146,-8.460514516982178,14.19508855703511,29.694509900630795,-20.242032948322063,3.34944450062054,1.57991253391751,,,,"89.8",1393,"6.7",744876,672386,687462,676914,680718,676391,664770,694388,543807,"53.79",,,,,,,,50,7,"Changeup",3,0,0,3,0,3,0,3,"Standard","Standard",119,"-0.003","0.106",,,,,"-0.106",,3,-3,0.934,0.06599999999999995,27,23,28,23,1,2,58,1,3,1,"1.97","1.09","-1.09","38.8",,,,,
"ST","2024-09-24","82.3","2.23","5.87","Grissom, Vaughn",687093,687922,,"foul",,,,,5,,"R","R","L","TOR","BOS","S",,,2,2,2024,"-1.15","-0.01",-0.25178761177939923,2.365571262571143,,,,2,7,"Top",,,,,,,-3.395333483260355,-119.72725543755581,-1.3004604424045514,-10.2053166359418,26.782293826708962,-32.234643972751684,3.43,1.6,167,"89",67,"82",2285,"6.5",744876,672386,687462,676914,680718,676391,664770,694388,543807,"54.01",,,,,,,,50,6,"Sweeper",3,0,0,3,0,3,0,3,"Standard","Standard",303,"0","0","72.6","7.4",,,"0","89.0",3,-3,0.934,0.06599999999999995,27,23,28,23,1,2,58,1,3,1,"3.42","-1.15","1.15","46.7",12.323930511008296,-6.94480217549407,38.53421909451985,37.15019170497875,39.30868084548091
"FF","2024-09-24","94.7","2.26","5.86","Grissom, Vaughn",687093,687922,,"ball",,,,,12,,"R","R","L","TOR","BOS","B",,,1,2,2024,"0.56","1.34",0.4537645266598813,3.610358194141138,,,,2,7,"Top",,,,,,,-5.981557597821085,-137.77416507376554,-3.2160713064442765,8.397806805325036,29.825558948248933,-14.515465852449442,3.3499128468342,1.5802557834239,,,,"95.1",2292,"6.5",744876,672386,687462,676914,680718,676391,664770,694388,543807,"54.01",,,,,,,,50,5,"4-Seam Fastball",3,0,0,3,0,3,0,3,"Standard","Standard",146,"-0.001","0.039",,,,,"-0.039",,3,-3,0.935,0.06499999999999995,27,23,28,23,1,2,58,1,3,1,"1.19","0.56","-0.56","45.8",,,,,
"FC","2024-09-24","90.2","1.89","5.9","Grissom, Vaughn",687093,650893,"single","hit_into_play",,,,,8,"Vaughn Grissom singles on a line drive to left fielder Nathan Lukes. Connor Wong to 2nd.","R","R","L","TOR","BOS","X",7,"line_drive",1,2,2024,"0.27","0.36",0.18592969644099316,2.046051196128098,,,657136,2,8,"Top",99.33,112.5,,,,,-4.7940494407002765,-131.26545905225348,-4.381455990489082,4.180198564135695,27.721928642655904,-27.27899262278019,3.43,1.6,201,"102",11,"89.8",1851,"6.1",744876,672386,687462,676914,680718,676391,664770,694388,543807,"54.45",0.903,0.875,"0.9",1,1,0,4,62,5,"Cutter",3,3,3,3,3,3,3,3,"Standard","Standard",166,"-0.057","0.431","69.9","7.5",,1.108,"-0.431","102.0",0,0,0.572,0.42800000000000005,27,23,28,23,1,3,2,1,4,1,"2.44","0.27","-0.27","46.5",7.587083664462131,-4.5445890022263375,37.49668963528785,37.894306762278944,32.9837727475806
"FC","2024-09-24","90.7","1.78","5.83","Grissom, Vaughn",687093,650893,,"foul",,,,,8,,"R","R","L","TOR","BOS","S",,,1,2,2024,"0.24","0.28",-0.04443219513655855,2.1023712294784835,,,657136,2,8,"Top",,,,,,,-5.068247293384529,-132.05030553103722,-4.03172196414888,3.875491839934058,26.973802696313058,-28.21233560747183,3.43,1.6,227,"81.2",50,"90.7",2047,"6.2",744876,672386,687462,676914,680718,676391,664770,694388,543807,"54.33",,,,,,,,62,4,"Cutter",3,3,3,3,3,3,3,3,"Standard","Standard",167,"0","0","74.1","7.1",,,"0","88.0",0,0,0.572,0.42800000000000005,27,23,28,23,1,3,2,1,4,1,"2.47","0.24","-0.24","46.0",0.737638404472437,0.859030831364039,41.76340644282679,36.10856362014312,25.212390041603037
"FF","2024-09-24","95.2","2.12","5.89","Grissom, Vaughn",687093,687922,,"foul",,,,,1,,"R","R","L","TOR","BOS","S",,,1,2,2024,"0.58","1.64",-0.7149660377404184,2.978410075421296,,,,2,7,"Top",,,,,,,-8.757112961306124,-138.22808863677173,-5.661636674745125,9.40193822390928,31.72348706725841,-10.04804106783412,3.43,1.6,200,"68",29,"95.4",2285,"6.6",744876,672386,687462,676914,680718,676391,664770,694388,543807,"53.9",,,,,,,,50,4,"4-Seam Fastball",3,0,0,3,0,3,0,3,"Standard","Standard",148,"0","0","67.0","6.2",,,"0","88.0",3,-3,0.935,0.06499999999999995,27,23,28,23,1,2,58,1,3,1,"0.89","0.58","-0.58","45.1",-4.459084837281659,6.019139611073833,40.47161335241633,28.944575923901027,22.623874234330316
"ST","2024-09-24","83.1","2.15","5.91","Grissom, Vaughn",687093,687922,,"foul",,,,,13,,"R","R","L","TOR","BOS","S",,,1,1,2024,"-1.3","0.15",-1.4179786896513658,2.2690065452297445,,,,2,7,"Top",,,,,,,-5.620799737703415,-120.7252657594871,-1.9975415597000539,-11.176383221951447,28.422233865490163,-30.558181659506026,3.43,1.6,11,"91.4",-12,"82.5",2255,"6.5",744876,672386,687462,676914,680718,676391,664770,694388,543807,"54.02",,,,,,,,50,3,"Sweeper",3,0,0,3,0,3,0,3,"Standard","Standard",285,"0.002","-0.064","76.2","7.8",,,"0.064","91.4",3,-3,0.933,0.06699999999999995,27,23,28,23,1,2,58,1,3,1,"3.22","-1.3","1.3","44.7",22.615623992304478,-24.050660687637052,38.82095209118882,24.052832032719895,46.287279032949456
"SI","2024-09-24","97.6","1.49","5.89","Grissom, Vaughn",687093,650893,,"foul",,,,,6,,"R","R","L","TOR","BOS","S",,,1,1,2024,"1.44","0.92",0.6835290547823041,2.5680901026601184,,,657136,2,8,"Top",,,,,,,-5.443834818113624,-141.96449878546116,-5.504962873812277,20.687513652092964,34.037962169558966,-18.63075252156101,3.43,1.6,277,"83",30,"96.9",2156,"6",744876,672386,687462,676914,680718,676391,664770,694388,543807,"54.51",,,,,,,,62,3,"Sinker",3,3,3,3,3,3,3,3,"Standard","Standard",137,"0.012","-0.06","64.3","6.6",,,"0.06","88.0",0,0,0.56,0.43999999999999995,27,23,28,23,1,3,2,1,4,1,"1.48","1.44","-1.44","43.2",-9.365695776419084,13.790702202052435,34.513765781526025,45.54136308894134,16.189022915627945
"SI","2024-09-24","97.6","1.63","5.87","Grissom, Vaughn",687093,650893,,"swinging_strike",,,,,12,,"R","R","L","TOR","BOS","S",,,1,0,2024,"1.45","0.92",1.4423394375265342,2.7482442021878732,,,807799,2,8,"Top",,,,,,,-3.8128871933557367,-142.07433031015927,-4.944419035746865,20.468919627768457,34.32703716231021,-18.84593087328216,3.43,1.6,,,,"96.8",2159,"5.9",744876,672386,687462,676914,680718,676391,664770,694388,543807,"54.57",,,,,,,,62,2,"Sinker",3,3,3,3,3,3,3,3,"Standard","Standard",138,"0.007","-0.048","40.7","5.8","6.27419076",,"0.048",,0,0,0.553,0.44699999999999995,27,23,28,23,1,3,2,1,4,1,"1.49","1.45","-1.45","43.0",-1.6882216329982729,37.57491500405892,22.132203754593213,54.50723259091618,7.9893669941151035
"FC","2024-09-24","89.9","2.26","5.88","Grissom, Vaughn",687093,687922,,"foul",,,,,4,,"R","R","L","TOR","BOS","S",,,1,0,2024,"-0.11","0.91",-0.7742594192785746,2.369954593326062,,,,2,7,"Top",,,,,,,-7.310315483784561,-130.7061980912387,-4.681491742528426,0.25029673003603664,26.341784117696257,-20.951535570343026,3.43,1.6,,,,"90.3",2194,"6.5",744876,672386,687462,676914,680718,676391,664770,694388,543807,"54.04",,,,,,,,50,2,"Cutter",3,0,0,3,0,3,0,3,"Standard","Standard",158,"0.001","-0.051","71.6","6.6",,,"0.051",,3,-3,0.932,0.06799999999999995,27,23,28,23,1,2,58,1,3,1,"1.91","-0.11","0.11","45.8",6.97058054294097,9.284717354632768,37.76239548160964,29.21479927129215,30.870899649180387
"FF","2024-09-24","92.9","-2.08","5.87","Grissom, Vaughn",687093,670102,"field_out","hit_into_play",,,,,1,"Vaughn Grissom pops out to second baseman Davis Schneider.","R","R","R","TOR","BOS","X",4,"popup",2,2,2024,"-0.48","1.31",-0.4982460022476363,3.3386044150538146,596115,,,1,2,"Top",128.79,147.62,,,,,5.144657890548031,-135.23951987120995,-3.5803409098573282,-7.060911769128568,30.74055525971898,-15.508272549316743,3.43,1.6,141,"86.7",66,"93.5",2342,"6.7",744876,672386,687462,676914,680718,676391,664770,694388,543807,"53.76",0.013,0.019,"0",1,0,0,3,9,6,"4-Seam Fastball",0,0,0,0,0,0,0,0,"Strategic","Standard",209,"0.053","0","68.8","7.0",,0.029,"0","88.0",0,0,0.459,0.5409999999999999,28,23,28,23,1,0,6,1,,1,"1.33","0.48","0.48","37.7",5.300063656172528,-13.510948437922016,31.906741195910104,28.971853363688545,32.09538632288556
"FC","2024-09-24","90.1","2.24","5.97","Grissom, Vaughn",687093,687922,,"ball",,,,,13,,"R","R","L","TOR","BOS","B",,,0,0,2024,"0.03","0.83",-0.985609678531282,1.9427742112793767,,,,2,7,"Top",,,,,,,-8.103739725433206,-131.05159483910543,-5.859737291455237,1.9586059153190003,25.82016211836996,-21.5967349769126,3.34849378669177,1.60634829130755,,,,"90.7",2135,"6.5",744876,672386,687462,676914,680718,676391,664770,694388,543807,"54",,,,,,,,50,1,"Cutter",3,0,0,3,0,3,0,3,"Standard","Standard",168,"-0.001","0.04",,,,,"-0.04",,3,-3,0.933,0.06699999999999995,27,23,28,23,1,2,58,1,3,1,"1.97","0.03","-0.03","46.8",,,,,
"SI","2024-09-24","98.3","1.62","5.87","Grissom, Vaughn",687093,650893,,"ball",,,,,12,,"R","R","L","TOR","BOS","B",,,0,0,2024,"1.36","0.97",0.40612499608367125,3.789771820652063,,,807799,2,8,"Top",,,,,,,-6.414326593387562,-143.0522093876568,-2.3910516056695172,20.199087870946137,34.41708787901532,-18.536548377321388,3.32296778272246,1.6585472597117,,,,"97.6",2095,"6",744876,672386,687462,676914,680718,676391,664770,694388,543807,"54.53",,,,,,,,62,1,"Sinker",3,3,3,3,3,3,3,3,"Standard","Standard",138,"-0.004","0.034",,,,,"-0.034",,0,0,0.557,0.44299999999999995,27,23,28,23,1,3,2,1,4,1,"1.4","1.36","-1.36","41.3",,,,,
"CU","2024-09-24","75","-2.18","5.94","Grissom, Vaughn",687093,670102,,"ball",,,,,8,,"R","R","R","TOR","BOS","B",,,1,2,2024,"1.42","-0.6",-0.1589915925461982,1.6576650289502028,596115,,,1,2,"Top",,,,,,,1.664342089953027,-109.12589880356133,-0.5247490525768548,10.927524134429024,21.616328281277358,-37.064466630543485,3.37543203476149,1.60670147570498,,,,"75.1",2228,"6.6",744876,672386,687462,676914,680718,676391,664770,694388,543807,"53.88",,,,,,,,9,5,"Curveball",0,0,0,0,0,0,0,0,"Strategic","Standard",46,"-0.01","0.026",,,,,"-0.026",,0,0,0.469,0.531,28,23,28,23,1,0,6,1,,1,"4.7","-1.42","-1.42","41.7",,,,,
"FF","2024-09-24","94.1","-2.35","5.88","Grissom, Vaughn",687093,670102,,"foul",,,,,12,,"R","R","R","TOR","BOS","S",,,1,2,2024,"-0.33","1.56",0.8521545346280126,3.0934362477886745,596115,,,1,2,"Top",,,,,,,9.080061221050702,-136.65308569416936,-4.952316362365332,-6.21344083818138,30.91799357103493,-11.732263093029072,3.43,1.6,241,"74.1",35,"94.3",2470,"6.6",744876,672386,687462,676914,680718,676391,664770,694388,543807,"53.92",,,,,,,,9,4,"4-Seam Fastball",0,0,0,0,0,0,0,0,"Strategic","Standard",213,"0","0","64.1","7.1",,,"0","88.0",0,0,0.469,0.531,28,23,28,23,1,0,6,1,,1,"1.03","0.33","0.33","38.1",-2.0309553170765353,4.013154235306415,33.46126721593796,45.75757161078742,16.635213390311684
"FF","2024-09-24","92.3","-2.3","5.86","Grissom, Vaughn",687093,670102,,"swinging_strike",,,,,11,,"R","R","R","TOR","BOS","S",,,1,1,2024,"-0.24","1.49",-0.38404796544651354,4.230687881885141,596115,,,1,2,"Top",,,,,,,5.4300837635278025,-134.35749621320997,-1.5833766422350755,-4.092205186182805,28.744918571021014,-13.98132540752591,3.43,1.6,,,,"92.8",2427,"6.6",744876,672386,687462,676914,680718,676391,664770,694388,543807,"53.95",,,,,,,,9,3,"4-Seam Fastball",0,0,0,0,0,0,0,0,"Strategic","Standard",207,"0.016","-0.114","34.2","5.0","1.266335676",,"0.114",,0,0,0.453,0.5469999999999999,28,23,28,23,1,0,6,1,,1,"1.18","0.24","0.24","38.7",1.710539229993739,26.467261560412208,27.860368325871576,31.115943326336378,12.38239051456602
"FF","2024-09-24","90.4","-2.13","5.86","Grissom, Vaughn",687093,670102,,"foul",,,,,12,,"R","R","R","TOR","BOS","S",,,1,0,2024,"-0.28","1.6",0.9510492533326551,2.9620831329356174,596115,,,1,2,"Top",,,,,,,8.334599665322864,-131.34424755170426,-4.692250445059448,-5.0273690980769485,29.241490909776555,-12.900822662459259,3.43,1.6,231,"72",34,"91",2300,"6.9",744876,672386,687462,676914,680718,676391,664770,694388,543807,"53.65",,,,,,,,9,2,"4-Seam Fastball",0,0,0,0,0,0,0,0,"Strategic","Standard",211,"0.005","-0.062","65.2","7.3",,,"0.062","88.0",0,0,0.448,0.552,28,23,28,23,1,0,6,1,,1,"1.21","0.28","0.28","41.6",6.2635873538252875,3.728951249890492,27.858181546960825,48.14622587364948,28.473201176026308
"SL","2024-09-24","76.3","-2.31","6.11","Grissom, Vaughn",687093,670102,,"ball",,,,,12,,"R","R","R","TOR","BOS","B",,,0,0,2024,"0.63","-0.09",0.6109125138759695,3.6857804681620223,596115,,,1,2,"Top",,,,,,,5.027352618553452,-111.11725577614983,2.0710758944263334,4.393177834906522,18.834532814499077,-33.46458999540022,3.24298895443654,1.47090779297144,,,,"76.9",2293,"6.5",744876,672386,687462,676914,680718,676391,664770,694388,543807,"53.97",,,,,,,,9,1,"Slider",0,0,0,0,0,0,0,0,"Strategic","Standard",70,"-0.002","0.038",,,,,"-0.038",,0,0,0.45,0.55,28,23,28,23,1,0,6,1,,1,"3.98","-0.63","-0.63","45.2",,,,,
"SL","2024-09-24","87.2","-1.12","6.03","Grissom, Vaughn",687093,667297,"single","hit_into_play",,,,,6,"Vaughn Grissom singles on a line drive to left fielder Nathan Lukes. Trevor Story scores.","R","R","R","TOR","BOS","X",7,"line_drive",0,1,2024,"0.18","-0.32",0.6907788110116696,2.35154541832478,596115,,,2,10,"Top",74.76,102.97,,,,,3.9764803457290063,-126.97616303119467,-2.007050110204116,1.0941801036221082,26.768668796751367,-35.410161246412514,3.43,1.6,209,"75.9",19,"86.8",2672,"6.1",744876,672386,687462,676914,680718,676391,664770,694388,543807,"54.42",0.987,0.918,"0.9",1,1,0,4,77,2,"Slider",3,5,5,3,6,3,6,3,"Standard","Standard",47,"-0.073","0.772","66.6","7.7",,1.08,"-0.772","88.0",-2,2,0.165,0.835,33,23,33,23,1,4,1,1,,1,"3.32","-0.18","-0.18","38.9",23.17932171682244,-6.810193421849833,29.407167782841114,44.84727523917942,41.56845422603027
"SI","2024-09-24","94.3","-0.92","6.25","Grissom, Vaughn",687093,667297,,"called_strike",,,,,6,,"R","R","R","TOR","BOS","S",,,0,0,2024,"-1.15","0.45",0.3098237751540296,2.515063306601114,596115,,,2,10,"Top",,,,,,,5.741540609907332,-137.12494158704544,-4.911430620484683,-15.832681776673496,34.77752086119327,-25.537448825689435,3.37590714637267,1.63417795368221,,,,"93.6",2529,"6.3",744876,672386,687462,676914,680718,676391,664770,694388,543807,"54.25",,,,,,,,77,1,"Sinker",3,5,5,3,5,3,5,3,"Standard","Standard",208,"-0.012","-0.039",,,,,"0.039",,-2,2,0.177,0.823,33,23,33,23,1,4,1,1,,1,"2.15","1.15","1.15","44.5",,,,,
"SI","2024-09-23","91.9","-2.29","5.46","Grissom, Vaughn",687093,605135,"field_out","hit_into_play",,,,,9,"Vaughn Grissom lines out to first baseman Vladimir Guerrero Jr.","R","R","R","TOR","BOS","X",3,"line_drive",0,1,2024,"-1.43","0.32",0.32640624840873,2.1065797017664467,,686765,,0,4,"Top",152.79,165.27,,,,,9.736090907062197,-133.43388716346573,-3.295224965200209,-19.14841986137892,29.18641054987175,-27.862892357800405,3.44,1.61,162,"97.4",7,"91.9",2099,"6.5",744885,672386,665489,677870,680718,676391,664770,682729,543807,"54.05",0.589,0.559,"0",1,0,0,4,26,2,"Sinker",0,2,2,0,2,0,2,0,"Standard","Standard",224,"0.027","-0.23","70.1","6.7",,0.683,"0.23","97.4",-2,2,0.227,0.773,35,23,35,23,2,1,6,1,,1,"2.4","1.43","1.43","33.2",-2.429329380370127,17.385145315849627,36.974358590188245,41.371057151588886,20.753849049036447
"ST","2024-09-23","74.3","-2.69","5.24","Grissom, Vaughn",687093,605135,,"called_strike",,,,,14,,"R","R","R","TOR","BOS","S",,,0,0,2024,"1.45","0.17",0.869235349695586,1.9561277339050007,,686765,,0,4,"Top",,,,,,,4.741452043425461,-108.13258225945073,0.2721975434024262,10.388255530513067,20.877052278994295,-31.111529682270955,3.34515072264811,1.53712769544692,,,,"74",2374,"6.3",744885,672386,665489,677870,680718,676391,664770,682729,543807,"54.19",,,,,,,,26,1,"Sweeper",0,2,2,0,2,0,2,0,"Standard","Standard",76,"0.005","-0.035",,,,,"0.035",,-2,2,0.222,0.778,35,23,35,23,2,1,6,1,,1,"3.99","-1.45","-1.45","26.0",,,,,
"SI","2024-09-23","92.5","-2.36","5.42","Grissom, Vaughn",687093,605135,"sac_fly","hit_into_play",,,,,11,"Vaughn Grissom out on a sacrifice fly to left fielder Nathan Lukes. Wilyer Abreu scores.","R","R","R","TOR","BOS","X",7,"line_drive",0,0,2024,"-1.48","0.65",-1.1309467902668064,3.112540190180309,677800,,686765,1,2,"Top",75.37,93,,,,,6.384625371027556,-134.63312235994024,-1.4800795562004025,-19.350036412308917,29.953735148408928,-24.142522362636353,3.44,1.61,291,"80.1",29,"92.7",2126,"6.5",744885,672386,665489,677870,680718,676391,664770,682729,543807,"54.02",,0.114,"0",1,0,0,3,11,1,"Sinker",0,0,0,0,1,0,1,0,"Standard","Standard",230,"-0.008","-0.14","72.2","6.6",,,"0.14","88.0",0,0,0.43,0.5700000000000001,35,23,35,23,1,0,6,1,,1,"2.02","1.48","1.48","34.6",2.461303879750127,-5.167272274275448,31.66079553874783,25.295670451752958,31.671410988112722
"ST","2024-09-23","80.4","-2.07","5.21","Grissom, Vaughn",687093,622253,"force_out","hit_into_play",,,,,9,"Vaughn Grissom grounds into a force out, third baseman Ernie Clement to second baseman Davis Schneider. Connor Wong to 3rd. Nick Sogard out at 2nd. Vaughn Grissom to 1st.","R","R","R","TOR","BOS","X",5,"ground_ball",1,2,2024,"0.38","0.13",0.543125318935352,2.0975525234021473,,657136,686765,0,8,"Top",110.34,171.94,,,,,5.05628937206643,-116.96544101385875,-0.40605542940140293,2.483259498886246,23.723291325390623,-31.11018856725743,3.44,1.61,5,"73",-24,"80",2504,"6.2",744885,672386,665489,676914,676391,677870,664770,682729,543807,"54.28",0.033,0.069,"0",1,0,0,2,61,4,"Sweeper",0,3,3,0,3,0,3,0,"Standard","Standard",83,"0","-0.238","59.1","6.9",,0.033,"0.238","88.0",-3,3,0.051,0.949,30,23,30,23,1,3,2,1,6,1,"3.42","-0.38","-0.38","25.2",11.224464059109913,3.7225763098615174,32.94315727768448,43.531143108318844,36.24824227115302
"SI","2024-09-23","90.9","-1.65","5.58","Grissom, Vaughn",687093,622253,,"foul",,,,,13,,"R","R","R","TOR","BOS","S",,,1,1,2024,"-1.35","0.33",-1.1006277364777606,2.2565159581683267,,657136,686765,0,8,"Top",,,,,,,4.299337656925934,-132.33847714436695,-3.1160027153332006,-16.72520533398343,29.821806004078837,-27.839687389409274,3.44,1.61,,,,"91.2",1831,"6.6",744885,672386,665489,676914,676391,677870,664770,682729,543807,"53.92",,,,,,,,61,3,"Sinker",0,3,3,0,3,0,3,0,"Standard","Standard",238,"0.003","-0.069","64.0","6.6",,,"0.069",,-3,3,0.048,0.952,30,23,30,23,1,3,2,1,6,1,"2.44","1.35","1.35","32.3",4.130681496543078,0.2684041704099146,40.86493033080845,24.609344258182666,25.5876336441763
"ST","2024-09-23","80","-1.97","5.13","Grissom, Vaughn",687093,622253,,"blocked_ball",,,,,14,,"R","R","R","TOR","BOS","B",,,0,1,2024,"0.32","0.18",2.9257348195661423,0.14443673951621472,,657136,686765,0,8,"Top",,,,,,,10.108279168801452,-116.06171651904694,-4.527849413537036,0.936883594662648,22.81996213113986,-29.838045531425227,3.4400002387606,1.70412264445764,,,,"79.3",2464,"6.1",744885,672386,665489,676914,676391,677870,664770,682729,543807,"54.39",,,,,,,,61,2,"Sweeper",0,3,3,0,3,0,3,0,"Standard","Standard",31,"-0.001","0.034",,,,,"-0.034",,-3,3,0.049,0.951,30,23,30,23,1,3,2,1,6,1,"3.42","-0.32","-0.32","24.1",,,,,
"SI","2024-09-23","90.2","-1.58","5.57","Grissom, Vaughn",687093,622253,,"called_strike",,,,,6,,"R","R","R","TOR","BOS","S",,,0,0,2024,"-1.38","0.31",0.42507455703824903,2.5772445355430333,,657136,686765,0,8,"Top",,,,,,,7.962086509067186,-131.06395453254862,-2.103630087366639,-17.654155853572917,30.02586994293163,-28.30474191673993,3.43999995802518,1.68506433142199,,,,"90.1",1875,"6.5",744885,672386,665489,676914,676391,677870,664770,682729,543807,"53.99",,,,,,,,61,1,"Sinker",0,3,3,0,3,0,3,0,"Strategic","Standard",233,"0.002","-0.044",,,,,"0.044",,-3,3,0.047,0.953,30,23,30,23,1,3,2,1,6,1,"2.51","1.38","1.38","35.9",,,,,
"CU","2024-09-23","84.5","-0.82","6.39","Grissom, Vaughn",687093,667297,"field_out","hit_into_play",,,,,13,"Vaughn Grissom grounds out, third baseman Addison Barger to first baseman Vladimir Guerrero Jr.","R","R","R","TOR","BOS","X",5,"ground_ball",1,2,2024,"0.74","-1.43",-0.03989461871900635,0.942229947268522,,,,0,6,"Top",125.07,202,,,,,0.3299791595175734,-122.91385821150847,-3.342602950695812,7.3422682808827995,28.919669559155047,-45.95300314884664,3.44,1.61,5,"72",-9,"83.5",2807,"6.1",744885,672386,665489,677870,680718,676391,664770,682729,543807,"54.44",0.039,0.069,"0",1,0,0,2,44,4,"Curveball",0,3,3,0,3,0,3,0,"Standard","Standard",13,"0.008","-0.186","66.7","7.5",,0.039,"0.186","88.0",-3,3,0.14,0.86,33,23,33,23,1,2,2,1,1,1,"4.68","-0.74","-0.74","50.2",3.667498254162087,0.7426505042003851,44.795446198917354,37.62800149677896,25.120152687835215
"SL","2024-09-23","87.9","-1.12","6.04","Grissom, Vaughn",687093,667297,,"called_strike",,,,,5,,"R","R","R","TOR","BOS","S",,,1,1,2024,"0.12","-0.04",0.10271691365794729,2.7825162037684117,,,,0,6,"Top",,,,,,,2.7265040361688864,-127.92536271035887,-1.6587171992058407,0.6626917607110473,27.96774295123991,-32.52436349058847,3.53415443975166,1.6406792606626,,,,"87.6",2589,"6.2",744885,672386,665489,677870,680718,676391,664770,682729,543807,"54.3",,,,,,,,44,3,"Slider",0,3,3,0,3,0,3,0,"Standard","Standard",50,"0.002","-0.056",,,,,"0.056",,-3,3,0.138,0.862,33,23,33,23,1,2,2,1,1,1,"3.01","-0.12","-0.12","42.7",,,,,
"SL","2024-09-23","88.1","-1.19","6","Grissom, Vaughn",687093,667297,,"ball",,,,,14,,"R","R","R","TOR","BOS","B",,,0,1,2024,"0.05","-0.19",1.3406349066409344,1.6522790880780969,,,,0,6,"Top",,,,,,,6.0331882297160355,-128.2444126397685,-4.060821067396969,-0.6732303907161324,26.904141517398468,-33.63740779230252,3.60019724456055,1.80794027755492,,,,"88.1",2628,"6.3",744885,672386,665489,677870,680718,676391,664770,682729,543807,"54.22",,,,,,,,44,2,"Slider",0,3,3,0,3,0,3,0,"Standard","Standard",38,"-0.001","0.025",,,,,"-0.025",,-3,3,0.139,0.861,33,23,33,23,1,2,2,1,1,1,"3.13","-0.05","-0.05","36.8",,,,,
"SL","2024-09-23","87.2","-1.22","6.04","Grissom, Vaughn",687093,667297,,"called_strike",,,,,5,,"R","R","R","TOR","BOS","S",,,0,0,2024,"0.11","-0.16",-0.18260714284464605,2.4133945250945996,,,,0,6,"Top",,,,,,,2.271866417144951,-127.02571941662026,-2.2185025003622956,0.6977667195731561,27.114060558274407,-33.605035610496635,3.43999914876344,1.59203165885555,,,,"86.8",2633,"6.1",744885,672386,665489,677870,680718,676391,664770,682729,543807,"54.41",,,,,,,,44,1,"Slider",0,3,3,0,3,0,3,0,"Standard","Standard",42,"0.002","-0.037",,,,,"0.037",,-3,3,0.137,0.863,33,23,33,23,1,2,2,1,1,1,"3.16","-0.11","-0.11","38.5",,,,,
"FF","2024-09-22","95","-1.61","5.55","Grissom, Vaughn",687093,641154,"single","hit_into_play",,,,,3,"Vaughn Grissom singles on a sharp ground ball to center fielder Byron Buxton.","R","R","R","BOS","MIN","X",8,"ground_ball",0,0,2024,"-0.72","0.89",0.3539672851538075,2.9794347540522392,,,,1,3,"Bot",120.08,97.34,,,,,6.857841215441269,-138.36700059894744,-3.1907130244068034,-10.666687573956882,27.480626689278942,-20.133401436336428,3.44,1.61,21,"101.4",-7,"96.7",2142,"7",746903,680777,467793,571657,668904,621043,650489,621439,670242,"53.52",0.316,0.285,"0.9",1,1,0,2,29,1,"4-Seam Fastball",6,0,6,0,0,6,6,0,"Standard","Standard",222,"0.003","0.422","67.8","6.6",,0.376,"-0.422","101.4",6,6,0.955,0.955,28,23,28,23,2,1,6,2,5,1,"1.6","0.72","0.72","36.2",4.404395205389605,9.933577939403486,27.893086019102633,41.54304986100662,30.756473054410648
"FS","2024-09-22","81.7","1.81","5.86","Grissom, Vaughn",687093,687396,"field_out","hit_into_play",,,,,13,"Vaughn Grissom flies out to left fielder Manuel Margot.","R","R","L","BOS","MIN","X",7,"fly_ball",1,1,2024,"1.05","1.06",-0.883958785293288,1.0264098942773094,,,,0,7,"Bot",66.01,105.87,,,,,-8.158354370284293,-118.52710556785735,-6.321557684032814,11.518211916382336,24.199171131331298,-21.156516918807316,3.44,1.61,274,"78",30,"82.2",1423,"6.9",746903,680777,467793,571657,668904,686797,622534,650489,670242,"53.58",0.113,0.102,"0",1,0,0,3,62,3,"Split-Finger",8,1,8,1,1,8,8,1,"Standard","Standard",113,"-0.001","-0.243","69.3","7.9",,0.119,"0.243","88.0",7,7,0.997,0.997,26,23,27,23,2,3,,2,,1,"2.4","1.05","-1.05","32.0",17.36373012120171,-13.108047315375364,54.30045401865862,28.772203878212842,41.78406774739197
"FS","2024-09-22","81.8","1.82","5.98","Grissom, Vaughn",687093,687396,,"ball",,,,,13,,"R","R","L","BOS","MIN","B",,,0,1,2024,"1.01","1.08",-1.3205864069853106,0.935961016496413,,,,0,7,"Bot",,,,,,,-9.092014215809357,-118.65934698618638,-6.865304580215286,11.326701159787953,24.30452441337495,-20.792368720135247,3.26228736109569,1.43991126611833,,,,"82.2",1424,"6.9",746903,680777,467793,571657,668904,686797,622534,650489,670242,"53.62",,,,,,,,62,2,"Split-Finger",8,1,8,1,1,8,8,1,"Standard","Standard",110,"0","0.025",,,,,"-0.025",,7,7,0.997,0.997,26,23,27,23,2,3,,2,,1,"2.37","1.01","-1.01","34.4",,,,,
"FF","2024-09-22","90.3","1.69","6.06","Grissom, Vaughn",687093,687396,,"called_strike",,,,,4,,"R","R","L","BOS","MIN","S",,,0,0,2024,"0.83","1.36",-0.7063067800978262,2.3006864417877426,,,,0,7,"Bot",,,,,,,-7.781153438097759,-131.10547027081148,-6.312198089930168,11.249923488316659,28.42630423017669,-15.288516937354103,3.30273645379989,1.55278969053472,,,,"90.8",2345,"6.8",746903,680777,467793,571657,668904,686797,622534,650489,670242,"53.7",,,,,,,,62,1,"4-Seam Fastball",8,1,8,1,1,8,8,1,"Standard","Standard",142,"0","-0.037",,,,,"0.037",,7,7,0.997,0.997,26,23,27,23,2,3,,2,,1,"1.45","0.83","-0.83","34.9",,,,,
"FF","2024-09-22","92.9","-1.58","5.53","Grissom, Vaughn",687093,641154,"field_out","hit_into_play",,,,,5,"Vaughn Grissom grounds out, shortstop Carlos Correa to first baseman Carlos Santana.","R","R","R","BOS","MIN","X",6,"ground_ball",2,2,2024,"-0.4","1.04",-0.10955980364763912,2.807662969130871,,,,2,1,"Bot",108.92,148.03,,,,,4.702122311079051,-135.27372745232822,-3.5495729066969255,-5.915753154155675,27.22387760116401,-18.82230254514374,3.44,1.61,63,"97.8",1,"94.4",2182,"7",746903,680777,467793,571657,668904,621043,650489,621439,670242,"53.53",0.461,0.427,"0",1,0,0,4,12,6,"4-Seam Fastball",3,0,3,0,0,3,3,0,"Standard","Standard",211,"-0.005","-0.219","70.0","6.8",,0.514,"0.219","97.8",3,3,0.783,0.783,28,23,28,23,1,0,6,2,5,1,"1.58","0.4","0.4","36.2",9.57616464922388,-4.134184740905546,31.14189222425678,36.04917298396216,37.34541295313762
"FF","2024-09-22","93.5","-1.58","5.6","Grissom, Vaughn",687093,641154,,"foul",,,,,14,,"R","R","R","BOS","MIN","S",,,2,2,2024,"-0.06","0.91",0.9426685947377186,2.475966811594013,,,,2,1,"Bot",,,,,,,6.719917796871838,-136.1155805426915,-4.39051910637607,-2.1559700702871036,28.60483149778613,-20.046750370885352,3.44,1.61,,,,"94.8",2163,"6.9",746903,680777,467793,571657,668904,621043,650489,621439,670242,"53.58",,,,,,,,12,5,"4-Seam Fastball",3,0,3,0,0,3,3,0,"Standard","Standard",199,"0","0","64.9","6.2",,,"0",,3,3,0.783,0.783,28,23,28,23,1,0,6,2,5,1,"1.68","0.06","0.06","35.5",-10.73842178194001,27.348793269827343,28.056018601891203,49.63113085329687,12.438038879567573
"ST","2024-09-22","85.4","-1.7","5.44","Grissom, Vaughn",687093,641154,,"ball",,,,,14,,"R","R","R","BOS","MIN","B",,,1,2,2024,"0.83","0.3",2.161060097111248,1.349474973844293,,,,2,1,"Bot",,,,,,,7.516362991369651,-124.11480235915914,-3.9405697944109157,6.9177011138847755,26.261232170455635,-28.45885010664972,3.25521020202967,1.37160239447424,,,,"86.3",2524,"7",746903,680777,467793,571657,668904,621043,650489,621439,670242,"53.45",,,,,,,,12,4,"Sweeper",3,0,3,0,0,3,3,0,"Standard","Standard",37,"0.001","0.039",,,,,"-0.039",,3,3,0.782,0.782,28,23,28,23,1,0,6,2,5,1,"2.85","-0.83","-0.83","35.0",,,,,
"FF","2024-09-22","95.4","-1.62","5.55","Grissom, Vaughn",687093,641154,,"called_strike",,,,,7,,"R","R","R","BOS","MIN","S",,,1,1,2024,"-0.55","1.38",-0.4507168303792558,1.9800653875188776,,,,2,1,"Bot",,,,,,,4.358487599412231,-138.63226139232864,-6.85124095626519,-8.086635939927541,34.255688111763725,-13.104329645971111,3.45327535661768,1.64174184417733,,,,"95.9",2090,"6.9",746903,680777,467793,571657,668904,621043,650489,621439,670242,"53.62",,,,,,,,12,3,"4-Seam Fastball",3,0,3,0,0,3,3,0,"Standard","Standard",211,"-0.002","-0.064",,,,,"0.064",,3,3,0.784,0.784,28,23,28,23,1,0,6,2,5,1,"1.16","0.55","0.55","33.3",,,,,
"FF","2024-09-22","95","-1.76","5.6","Grissom, Vaughn",687093,641154,,"foul_tip",,,,,1,,"R","R","R","BOS","MIN","S",,,1,0,2024,"-0.42","1.32",-0.46546821285838613,2.959761940855919,,,,2,1,"Bot",,,,,,,4.3581010827329,-138.16812203263737,-4.212070396130643,-6.344996007665473,33.14321548708939,-14.574285648299773,3.44,1.61,,,,"95.7",2079,"6.9",746903,680777,467793,571657,668904,621043,650489,621439,670242,"53.62",,,,,,,,12,2,"4-Seam Fastball",3,0,3,0,0,3,3,0,"Standard","Standard",220,"-0.001","-0.051","73.7","6.9",,,"0.051",,3,3,0.785,0.785,28,23,28,23,1,0,6,2,5,1,"1.22","0.42","0.42","34.8",10.241318566193383,-6.2473126267832395,35.64372544276144,32.319667025823534,33.40173992666641
"ST","2024-09-22","85.3","-1.9","5.43","Grissom, Vaughn",687093,641154,,"ball",,,,,14,,"R","R","R","BOS","MIN","B",,,0,0,2024,"1.04","0.21",0.9727492120011023,2.197292117260075,,,,2,1,"Bot",,,,,,,4.749882017508885,-124.17747881062479,-1.6958083478347439,9.636235760578387,26.64571878840502,-29.85234658804581,3.36838293977476,1.41310398831809,,,,"86.4",2422,"7.1",746903,680777,467793,571657,668904,621043,650489,621439,670242,"53.36",,,,,,,,12,1,"Sweeper",3,0,3,0,0,3,3,0,"Standard","Standard",57,"0.001","0.04",,,,,"-0.04",,3,3,0.784,0.784,28,23,28,23,1,0,6,2,5,1,"2.94","-1.04","-1.04","34.7",,,,,
"SL","2024-09-22","82.7","1.72","6.11","Grissom, Vaughn",687093,687396,"strikeout","swinging_strike_blocked",,,,,13,"Vaughn Grissom strikes out swinging.","R","R","L","BOS","MIN","S",2,,2,2,2024,"0.22","0.35",-0.5722945777597671,0.8005790832524635,,,,0,5,"Bot",,,,,,,-5.706224802919041,-120.12377815054664,-6.263154870066734,3.351476979539444,25.292765986468964,-27.66190005526245,3.44,1.61,,,,"82.9",2215,"6.7",746903,680777,467793,571657,668904,621043,650489,621439,670242,"53.79",,0,"0",1,0,0,,47,5,"Slider",8,1,8,1,1,8,8,1,"Standard","Standard",190,"-0.001","-0.227","67.3","8.4","3.158704332",,"0.227",,7,7,0.988,0.988,26,23,27,23,1,2,,2,,1,"3.02","0.22","-0.22","36.6",26.812793263811468,-30.33462419586488,48.2239628120867,32.544044836139356,47.52983164550487
"FF","2024-09-22","92.8","1.58","6.13","Grissom, Vaughn",687093,687396,,"foul",,,,,5,,"R","R","L","BOS","MIN","S",,,2,1,2024,"1.17","1.41",0.18594606784725065,2.4620865701331827,,,,0,5,"Bot",,,,,,,-6.219760592092363,-134.83538327574215,-6.719173910203774,15.698391910647182,30.936403310397434,-13.696395885584842,3.44,1.61,183,"74.8",19,"93.7",2366,"7",746903,680777,467793,571657,668904,621043,650489,621439,670242,"53.48",,,,,,,,47,4,"4-Seam Fastball",8,1,8,1,1,8,8,1,"Standard","Standard",137,"0","-0.069","71.8","6.4",,,"0.069","88.0",7,7,0.988,0.988,26,23,27,23,1,2,,2,,1,"1.26","1.17","-1.17","37.1",-7.527243200126204,18.506475705839506,39.442432040837296,40.10843559694074,24.71340858400813
"FS","2024-09-22","83.8","1.71","5.93","Grissom, Vaughn",687093,687396,,"ball",,,,,13,,"R","R","L","BOS","MIN","B",,,1,1,2024,"1.28","0.88",-1.4549287132902047,-0.07912647538835182,,,,0,5,"Bot",,,,,,,-9.948551059795857,-121.31951614408361,-9.277229841101194,14.54453460792444,23.133242556261,-21.75812870013542,3.30054447833001,1.59171925182903,,,,"84.7",1294,"7.1",746903,680777,467793,571657,668904,621043,650489,621439,670242,"53.4",,,,,,,,47,3,"Split-Finger",8,1,8,1,1,8,8,1,"Standard","Standard",107,"0","0.053",,,,,"-0.053",,7,7,0.988,0.988,26,23,27,23,1,2,,2,,1,"2.39","1.28","-1.28","35.2",,,,,
"FS","2024-09-22","83.2","1.83","5.94","Grissom, Vaughn",687093,687396,,"ball",,,,,13,,"R","R","L","BOS","MIN","B",,,0,1,2024,"1.12","0.83",-0.830111169936629,0.9013780232100936,,,,0,5,"Bot",,,,,,,-8.398496692567381,-120.7536975714945,-6.798291708206081,12.539170828628249,22.27947955958197,-22.90858307070932,3.27766869287694,1.61000162833675,,,,"84.3",1299,"7",746903,680777,467793,571657,668904,621043,650489,621439,670242,"53.47",,,,,,,,47,2,"Split-Finger",8,1,8,1,1,8,8,1,"Standard","Standard",106,"0","0.025",,,,,"-0.025",,7,7,0.988,0.988,26,23,27,23,1,2,,2,,1,"2.47","1.12","-1.12","32.4",,,,,
"FF","2024-09-22","92.3","1.66","6.14","Grissom, Vaughn",687093,687396,,"called_strike",,,,,7,,"R","R","L","BOS","MIN","S",,,0,0,2024,"0.94","1.41",-0.6883514990570642,1.941839093632142,,,,0,5,"Bot",,,,,,,-8.089087122723699,-133.96611732455375,-7.996925731491774,12.989908811187997,28.030911986446323,-13.563094698307214,3.39852485657244,1.5789632222643,,,,"93.3",2359,"6.9",746903,680777,467793,571657,668904,621043,650489,621439,670242,"53.56",,,,,,,,47,1,"4-Seam Fastball",8,1,8,1,1,8,8,1,"Standard","Standard",146,"0","-0.037",,,,,"0.037",,7,7,0.988,0.988,26,23,27,23,1,2,,2,,1,"1.27","0.94","-0.94","36.6",,,,,
"SL","2024-09-20","85.1","-1.78","6.23","Grissom, Vaughn",687093,656240,"force_out","hit_into_play",,,,,14,"Vaughn Grissom grounds into a force out, second baseman Kyle Farmer to shortstop Carlos Correa. Ceddanne Rafaela to 3rd. Jarren Duran out at 2nd. Vaughn Grissom to 1st.","R","R","R","BOS","MIN","X",4,"ground_ball",2,2,2024,"0.02","0.15",1.2927245515582795,2.12237136978938,,678882,680776,0,11,"Bot",144.57,148.07,,,,,7.280874756972045,-123.68429344142574,-3.5405846421469356,-1.4616924988551316,28.755668533785872,-30.054396001541566,3.45,1.61,27,"75.1",-2,"85.8",2177,"7.2",746905,680777,467793,571657,650489,621043,663616,621439,670242,"53.29",0.099,0.089,"0",1,0,0,2,93,5,"Slider",1,1,1,1,1,1,1,1,"Standard","Strategic",112,"0.028","-0.264","66.3","7.3",,0.118,"0.264","88.0",0,0,0.796,0.796,28,23,28,23,1,0,6,111,2,2,"3.05","-0.02","-0.02","49.0",1.8457747463158523,7.8860888135810985,30.732765707083637,51.74106479510064,26.13179077818544
"FF","2024-09-20","94.1","-1.59","6.31","Grissom, Vaughn",687093,656240,,"foul",,,,,12,,"R","R","R","BOS","MIN","S",,,2,1,2024,"-0.51","1.56",0.8648656112841333,3.1705366440671066,,678882,680776,0,11,"Bot",,,,,,,7.597459870266034,-136.77612106076728,-5.963096590871381,-8.070747742871694,31.2746678263748,-11.446845280565071,3.45,1.61,211,"71.9",50,"95.3",2339,"7.2",746905,680777,467793,571657,650489,621043,663616,621439,670242,"53.34",,,,,,,,93,4,"4-Seam Fastball",1,1,1,1,1,1,1,1,"Standard","Standard",208,"-0.027","-0.095","68.4","6.9",,,"0.095","88.0",0,0,0.823,0.823,28,23,28,23,1,0,6,111,2,2,"1.03","0.51","0.51","53.3",-0.8489935022108859,8.764671703993562,25.914216122573734,47.13744165065903,24.04903092512332
"SL","2024-09-20","85.6","-1.7","6.19","Grissom, Vaughn",687093,656240,,"blocked_ball",,,,,14,,"R","R","R","BOS","MIN","B",,,1,1,2024,"-0.07","0.31",2.5091793637333133,0.5016293803025627,,678882,680776,0,11,"Bot",,,,,,,10.205284433509922,-123.97093519407001,-7.683051376051368,-3.1877091073865396,29.95699530617964,-27.36864984478771,3.45000051327733,1.61741118547961,,,,"85.8",2252,"7.2",746905,680777,467793,571657,650489,621043,663616,621439,670242,"53.31",,,,,,,,93,3,"Slider",1,1,1,1,1,1,1,1,"Standard","Standard",138,"0.017","0.053",,,,,"-0.053",,0,0,0.806,0.806,28,23,28,23,1,0,6,111,2,2,"2.89","0.07","0.07","49.0",,,,,
"FF","2024-09-20","94.6","-1.6","6.36","Grissom, Vaughn",687093,656240,,"ball",,,,,12,,"R","R","R","BOS","MIN","B",,,0,1,2024,"-0.53","1.66",0.11424434707702813,3.9841881474360856,,678882,680776,0,11,"Bot",,,,,,,5.745472153982838,-137.44364330817143,-4.115081400260694,-8.26117213164957,38.894286165796096,-10.640273055170006,3.45000029209778,1.67107328909078,,,,"94.7",2430,"7.1",746905,680777,467793,571657,650489,621043,663616,621439,670242,"53.45",,,,,,,,93,2,"4-Seam Fastball",1,1,1,1,1,1,1,1,"Strategic","Standard",201,"0.01","0.034",,,,,"-0.034",,0,0,0.796,0.796,28,23,28,23,1,0,6,111,2,2,"0.95","0.53","0.53","57.4",,,,,
"FF","2024-09-20","93.4","-1.65","6.3","Grissom, Vaughn",687093,656240,,"foul",,,,,3,,"R","R","R","BOS","MIN","S",,,0,0,2024,"-0.79","1.47",0.3750887027340948,2.984071169092066,,678882,680776,0,11,"Bot",,,,,,,7.1053299546968125,-135.73860349232905,-6.106111829926815,-11.321956235655906,30.522738980576772,-12.84782734218992,3.45,1.61,152,"86.7",67,"95.1",2305,"7.4",746905,680777,467793,571657,650489,621043,663616,621439,670242,"53.1",,,,,,,,93,1,"4-Seam Fastball",1,1,1,1,1,1,1,1,"Strategic","Strategic",209,"-0.015","-0.044","72.3","7.6",,,"0.044","88.0",0,0,0.811,0.811,28,23,28,23,1,0,6,111,2,2,"1.16","0.79","0.79","51.2",10.03626915604881,-5.48539753623729,27.288433671589296,42.62461036549398,33.76515800598588